<environmentvariabledefinition schemaname="hr365_MSFormIdGuestUserOBM">
  <defaultvalue>ixLKc7gcJkWI9UiyTeu12xJGcJoImYBJqk6ViHr2ihNURDk0SUtFSkFLSkNNMkxSM05YQlM4OVJDQy4u</defaultvalue>
  <displayname default="MSFormIdGuestUser(OBM)">
    <label description="MSFormIdGuestUser(OBM)" languagecode="1033" />
  </displayname>
  <introducedversion>13.23.0124.1512</introducedversion>
  <iscustomizable>1</iscustomizable>
  <isrequired>0</isrequired>
  <secretstore>0</secretstore>
  <type>100000000</type>
</environmentvariabledefinition>