{
  "properties": {
    "connectionReferences": {},
    "definition": {
      "$schema": "https://schema.management.azure.com/providers/Microsoft.Logic/schemas/2016-06-01/workflowdefinition.json#",
      "contentVersion": "1.0.0.0",
      "parameters": {
        "$authentication": {
          "defaultValue": {},
          "type": "SecureObject"
        }
      },
      "triggers": {
        "manual": {
          "metadata": {
            "operationMetadataId": "9c1d09bf-620d-4a6a-a3de-532b62624ec3"
          },
          "type": "Request",
          "kind": "Http",
          "inputs": {
            "method": "POST",
            "triggerAuthenticationType": "All"
          }
        }
      },
      "actions": {
        "Compose": {
          "runAfter": {},
          "metadata": {
            "operationMetadataId": "4eb4cce8-5a05-4793-9316-228c63a2b6ac"
          },
          "type": "Compose",
          "inputs": "@triggerBody()"
        },
        "Switch": {
          "runAfter": {
            "boundary": [
              "Succeeded"
            ]
          },
          "cases": {
            "Get_Access_Token": {
              "case": "GetAccessToken",
              "actions": {
                "HTTP_3": {
                  "runAfter": {},
                  "metadata": {
                    "operationMetadataId": "29e7ae24-565d-42eb-a602-314bd4d523e3"
                  },
                  "type": "Http",
                  "inputs": {
                    "method": "POST",
                    "uri": "@{triggerBody()?['Auth_URL']}",
                    "headers": {
                      "Content-Type": "application/x-www-form-urlencoded"
                    },
                    "queries": {
                      "grant_type": "authorization_code",
                      "code": "@{triggerBody()?['code']}",
                      "redirect_uri": "@{triggerBody()?['redirect_uri']}",
                      "client_id": "@{triggerBody()?['client_id']}",
                      "client_secret": "@{triggerBody()?['client_secret']}"
                    }
                  }
                },
                "Scope": {
                  "actions": {
                    "Response": {
                      "runAfter": {},
                      "metadata": {
                        "operationMetadataId": "27d5e735-2a53-4f4d-a0f6-3c81fc61326e"
                      },
                      "type": "Response",
                      "kind": "Http",
                      "inputs": {
                        "statusCode": "@outputs('HTTP_3')['statusCode']",
                        "body": "@body('HTTP_3')"
                      }
                    }
                  },
                  "runAfter": {
                    "HTTP_3": [
                      "Succeeded",
                      "Failed"
                    ]
                  },
                  "metadata": {
                    "operationMetadataId": "68d7e0a4-9da5-485f-acd6-45bb64130852"
                  },
                  "type": "Scope"
                }
              }
            },
            "Create_Zoho": {
              "case": "CreateZohoDraft",
              "actions": {
                "Scope_2": {
                  "actions": {
                    "Response_2": {
                      "runAfter": {},
                      "metadata": {
                        "operationMetadataId": "45e035d2-8f2a-45ea-b1d9-42f7433eac63"
                      },
                      "type": "Response",
                      "kind": "Http",
                      "inputs": {
                        "statusCode": "@outputs('HTTP')['statusCode']",
                        "body": "@body('HTTP')"
                      }
                    }
                  },
                  "runAfter": {
                    "HTTP": [
                      "Succeeded",
                      "Failed"
                    ]
                  },
                  "metadata": {
                    "operationMetadataId": "dde0a94a-9aac-48d6-8e15-85971fb51bc3"
                  },
                  "type": "Scope"
                },
                "HTTP": {
                  "runAfter": {},
                  "metadata": {
                    "operationMetadataId": "d3ec11c9-d5b1-4444-9751-e8d429abe9d4"
                  },
                  "type": "Http",
                  "inputs": {
                    "method": "POST",
                    "uri": "@{triggerBody()?['Auth_URL']}",
                    "headers": {
                      "Authorization": "Zoho-oauthtoken @{triggerBody()?['AccessToken']}",
                      "Content-Type": "multipart/form-data"
                    },
                    "body": {
                      "$content-type": "multipart/form-data",
                      "$multipart": [
                        {
                          "headers": {
                            "Content-Disposition": "form-data; name=\"file\"; filename=\"@{triggerBody()?['fileName']}\""
                          },
                          "body": {
                            "$content-type": "@{triggerBody()?['fileType']}",
                            "$content": "@{triggerBody()?['fileBase64']}"
                          }
                        },
                        {
                          "headers": {
                            "Content-Disposition": "form-data; name=\"data\""
                          },
                          "body": "@triggerBody()?['RequestData']"
                        }
                      ]
                    }
                  }
                }
              }
            },
            "Get_Esign_Url": {
              "case": "GetSendSignatureURL",
              "actions": {
                "HTTP_2": {
                  "runAfter": {},
                  "metadata": {
                    "operationMetadataId": "19447011-bbed-4064-9e12-73199824c2f4"
                  },
                  "type": "Http",
                  "inputs": {
                    "method": "POST",
                    "uri": "@{triggerBody()?['Auth_URL']}",
                    "headers": {
                      "Authorization": "Zoho-oauthtoken @{triggerBody()?['AccessToken']}"
                    }
                  }
                },
                "Scope_3": {
                  "actions": {
                    "Response_3": {
                      "runAfter": {},
                      "metadata": {
                        "operationMetadataId": "e7224778-d042-4b7c-9193-07d63711eeeb"
                      },
                      "type": "Response",
                      "kind": "Http",
                      "inputs": {
                        "statusCode": "@outputs('HTTP_2')['statusCode']",
                        "body": "@body('HTTP_2')"
                      }
                    }
                  },
                  "runAfter": {
                    "HTTP_2": [
                      "Succeeded",
                      "Failed"
                    ]
                  },
                  "metadata": {
                    "operationMetadataId": "c09b07f8-9ce5-4701-a9db-5a19e3ed8135"
                  },
                  "type": "Scope"
                }
              }
            },
            "Check_the_Status": {
              "case": "GetZohoSignDocument",
              "actions": {
                "HTTP_4": {
                  "runAfter": {},
                  "metadata": {
                    "operationMetadataId": "60f5f174-7cb2-4478-aa27-e818d9136492"
                  },
                  "type": "Http",
                  "inputs": {
                    "method": "GET",
                    "uri": "@{triggerBody()?['Auth_URL']}",
                    "headers": {
                      "Authorization": "Zoho-oauthtoken @{triggerBody()?['AccessToken']}"
                    }
                  }
                },
                "Scope_4": {
                  "actions": {
                    "Response_4": {
                      "runAfter": {},
                      "metadata": {
                        "operationMetadataId": "3ae0bcab-3ebe-4039-9a4d-19730b1e85a6"
                      },
                      "type": "Response",
                      "kind": "Http",
                      "inputs": {
                        "statusCode": "@outputs('HTTP_4')['statusCode']",
                        "body": "@body('HTTP_4')"
                      }
                    }
                  },
                  "runAfter": {
                    "HTTP_4": [
                      "Succeeded",
                      "Failed"
                    ]
                  },
                  "metadata": {
                    "operationMetadataId": "de306551-c428-4bf6-bb2c-132ec72b0350"
                  },
                  "type": "Scope"
                }
              }
            },
            "Case": {
              "case": "GetSignedDocument",
              "actions": {
                "HTTP_5": {
                  "runAfter": {},
                  "metadata": {
                    "operationMetadataId": "a2feafcf-36a9-452c-a46c-6cdf15251fd5"
                  },
                  "type": "Http",
                  "inputs": {
                    "method": "GET",
                    "uri": "@{triggerBody()?['Auth_URL']}",
                    "headers": {
                      "Authorization": "Zoho-oauthtoken @{triggerBody()?['AccessToken']}",
                      "Content-Type": "application/pdf"
                    }
                  }
                },
                "Scope_5": {
                  "actions": {
                    "Response_5": {
                      "runAfter": {},
                      "metadata": {
                        "operationMetadataId": "dad835f1-d594-4d08-a929-47a3bace840d"
                      },
                      "type": "Response",
                      "kind": "Http",
                      "inputs": {
                        "statusCode": "@outputs('HTTP_5')['statusCode']",
                        "body": "@body('HTTP_5')"
                      }
                    }
                  },
                  "runAfter": {
                    "HTTP_5": [
                      "Succeeded",
                      "Failed"
                    ]
                  },
                  "metadata": {
                    "operationMetadataId": "30a987ac-22aa-43ee-a20d-cee2ffd2707c"
                  },
                  "type": "Scope"
                }
              }
            },
            "Case_2": {
              "case": "SuspendDocument",
              "actions": {
                "HTTP_6": {
                  "runAfter": {},
                  "metadata": {
                    "operationMetadataId": "5b731e2d-6e6a-4823-ae80-657decc9d649"
                  },
                  "type": "Http",
                  "inputs": {
                    "method": "POST",
                    "uri": "@{triggerBody()?['Auth_URL']}",
                    "headers": {
                      "Authorization": "Zoho-oauthtoken @{triggerBody()?['AccessToken']}"
                    }
                  }
                },
                "Scope_6": {
                  "actions": {
                    "Response_6": {
                      "runAfter": {},
                      "metadata": {
                        "operationMetadataId": "c522a929-ede4-4fcf-b17f-ec3d94c072ff"
                      },
                      "type": "Response",
                      "kind": "Http",
                      "inputs": {
                        "statusCode": "@outputs('HTTP_6')['statusCode']",
                        "body": "@body('HTTP_6')"
                      }
                    }
                  },
                  "runAfter": {
                    "HTTP_6": [
                      "Succeeded",
                      "Failed"
                    ]
                  },
                  "metadata": {
                    "operationMetadataId": "b9f010a6-1427-4c9f-9734-2a9a8739677c"
                  },
                  "type": "Scope"
                }
              }
            },
            "Case_3": {
              "case": "RefetchAccessToken",
              "actions": {
                "HTTP_7": {
                  "runAfter": {},
                  "metadata": {
                    "operationMetadataId": "02766a05-0cc1-4d51-94af-c085c62e655d"
                  },
                  "type": "Http",
                  "inputs": {
                    "method": "POST",
                    "uri": "@{triggerBody()?['Auth_URL']}",
                    "headers": {
                      "Content-Type": "application/x-www-form-urlencoded"
                    },
                    "queries": {
                      "grant_type": "refresh_token",
                      "refresh_token": "@{triggerBody()?['refresh_token']}",
                      "redirect_uri": "@{triggerBody()?['redirect_uri']}",
                      "client_id": "@{triggerBody()?['client_id']}",
                      "client_secret": "@{triggerBody()?['client_secret']}"
                    }
                  }
                },
                "Scope_7": {
                  "actions": {
                    "Response_7": {
                      "runAfter": {},
                      "metadata": {
                        "operationMetadataId": "bbecbec9-110f-4a4d-a3a5-3a510cb96a8f"
                      },
                      "type": "Response",
                      "kind": "Http",
                      "inputs": {
                        "statusCode": "@outputs('HTTP_7')['statusCode']",
                        "body": "@body('HTTP_7')"
                      }
                    }
                  },
                  "runAfter": {
                    "HTTP_7": [
                      "Succeeded",
                      "Failed"
                    ]
                  },
                  "metadata": {
                    "operationMetadataId": "29ab0c1e-6a33-4b77-a4dc-fa070072170a"
                  },
                  "type": "Scope"
                }
              }
            }
          },
          "default": {
            "actions": {
              "Compose_6": {
                "runAfter": {},
                "metadata": {
                  "operationMetadataId": "f9e99716-f9c0-4159-a8ea-e7f0b58874f7"
                },
                "type": "Compose",
                "inputs": "@triggerBody()"
              }
            }
          },
          "expression": "@triggerBody()?['QueryType']",
          "metadata": {
            "operationMetadataId": "4b264601-b95c-42bc-b3fe-dc011d73eb9f"
          },
          "type": "Switch"
        },
        "boundary": {
          "runAfter": {
            "Compose": [
              "Succeeded"
            ]
          },
          "metadata": {
            "operationMetadataId": "5e4f9322-23f0-49b2-b7ad-ba7c06c73724"
          },
          "type": "InitializeVariable",
          "inputs": {
            "variables": [
              {
                "name": "boundary",
                "type": "string",
                "value": "@{guid()}"
              }
            ]
          }
        }
      },
      "outputs": {}
    },
    "templateName": null
  },
  "schemaVersion": "1.0.0.0"
}