{
  "properties": {
    "connectionReferences": {
      "shared_sharepointonline_3": {
        "runtimeSource": "embedded",
        "connection": {
          "connectionReferenceLogicalName": "hr365_sharedsharepointonline_8df2a"
        },
        "api": {
          "name": "shared_sharepointonline"
        }
      },
      "shared_sharepointonline_2": {
        "runtimeSource": "embedded",
        "connection": {
          "connectionReferenceLogicalName": "hr365_sharedsharepointonline_83809"
        },
        "api": {
          "name": "shared_sharepointonline"
        }
      },
      "shared_sharepointonline_1": {
        "runtimeSource": "embedded",
        "connection": {
          "connectionReferenceLogicalName": "hr365_sharedsharepointonline_e3e4a"
        },
        "api": {
          "name": "shared_sharepointonline"
        }
      }
    },
    "definition": {
      "$schema": "https://schema.management.azure.com/providers/Microsoft.Logic/schemas/2016-06-01/workflowdefinition.json#",
      "contentVersion": "1.0.0.0",
      "parameters": {
        "$connections": {
          "defaultValue": {},
          "type": "Object"
        },
        "$authentication": {
          "defaultValue": {},
          "type": "SecureObject"
        },
        "Mailbox(CL365) (hr365_MailboxCL365)": {
          "defaultValue": "support@xzm41.onmicrosoft.com",
          "type": "String",
          "metadata": {
            "schemaName": "hr365_MailboxCL365"
          }
        },
        "SiteAddress(CL365) (hr365_SiteAddressCL365)": {
          "defaultValue": "https://xzm41.sharepoint.com/sites/CLM365_15Oct25",
          "type": "String",
          "metadata": {
            "schemaName": "hr365_SiteAddressCL365"
          }
        }
      },
      "triggers": {
        "When_an_item_is_created_or_modified_in_mail_box_id": {
          "recurrence": {
            "interval": 1,
            "frequency": "Minute"
          },
          "splitOn": "@triggerOutputs()?['body/value']",
          "metadata": {
            "operationMetadataId": "84848679-3005-4769-88a6-c13ebda1b724"
          },
          "type": "OpenApiConnection",
          "inputs": {
            "host": {
              "connectionName": "shared_sharepointonline_1",
              "operationId": "GetOnUpdatedItems",
              "apiId": "/providers/Microsoft.PowerApps/apis/shared_sharepointonline"
            },
            "parameters": {
              "dataset": "@parameters('SiteAddress(CL365) (hr365_SiteAddressCL365)')",
              "table": "CLM365Settings"
            },
            "authentication": "@parameters('$authentication')"
          },
          "conditions": [
            {
              "expression": "@equals(triggerOutputs()?['body/MailboxIdValidated'], true)"
            }
          ]
        }
      },
      "actions": {
        "Shared_mail_box_email_id": {
          "runAfter": {},
          "metadata": {
            "operationMetadataId": "cb55f181-e10b-4862-b231-a9032c05b8a6"
          },
          "type": "InitializeVariable",
          "inputs": {
            "variables": [
              {
                "name": "SharedMailBoxEmail",
                "type": "string",
                "value": "@parameters('Mailbox(CL365) (hr365_MailboxCL365)')"
              }
            ]
          }
        },
        "Post_new_mail_box_id": {
          "runAfter": {
            "Get_settings_data": [
              "Succeeded"
            ]
          },
          "metadata": {
            "operationMetadataId": "4ca1f2b0-3087-406b-974b-47ad0fea1ff6"
          },
          "type": "OpenApiConnection",
          "inputs": {
            "host": {
              "connectionName": "shared_sharepointonline_3",
              "operationId": "HttpRequest",
              "apiId": "/providers/Microsoft.PowerApps/apis/shared_sharepointonline"
            },
            "parameters": {
              "dataset": "@parameters('SiteAddress(CL365) (hr365_SiteAddressCL365)')",
              "parameters/method": "POST",
              "parameters/uri": "/_api/web/lists/getbytitle('CLM365Settings')/items(@{body('Get_settings_data')?['d']?['results']?[0]?['ID']})",
              "parameters/headers": {
                "Accept": "application/json;odata=verbose",
                "Content-Type": "application/json;odata=verbose",
                "IF-MATCH": "*",
                "X-HTTP-Method": "PATCH"
              },
              "parameters/body": "{\n  \"__metadata\": {\n    \"type\": \"SP.Data.CLM365SettingsListItem\"\n  },\n  \"CLMMailBoxId\": '@{string(variables('SharedMailBoxEmail'))}',\n  \"MailboxIdValidated\" : false\n}"
            },
            "authentication": "@parameters('$authentication')"
          }
        },
        "Get_settings_data": {
          "runAfter": {
            "Shared_mail_box_email_id": [
              "Succeeded"
            ]
          },
          "metadata": {
            "operationMetadataId": "15d29343-bbe8-4e1a-8bd8-9b2e6373b08c"
          },
          "type": "OpenApiConnection",
          "inputs": {
            "host": {
              "connectionName": "shared_sharepointonline_2",
              "operationId": "HttpRequest",
              "apiId": "/providers/Microsoft.PowerApps/apis/shared_sharepointonline"
            },
            "parameters": {
              "dataset": "@parameters('SiteAddress(CL365) (hr365_SiteAddressCL365)')",
              "parameters/method": "GET",
              "parameters/uri": "_api/web/lists/getbytitle('CLM365Settings')/items",
              "parameters/headers": {
                "Accept": "application/json;odata=verbose",
                "Content-Type": "application/json"
              }
            },
            "authentication": "@parameters('$authentication')"
          }
        }
      }
    },
    "templateName": ""
  },
  "schemaVersion": "1.0.0.0"
}