{
  "properties": {
    "connectionReferences": {
      "shared_sharepointonline_5": {
        "runtimeSource": "embedded",
        "connection": {
          "connectionReferenceLogicalName": "hr365_sharedsharepointonline_558b1"
        },
        "api": {
          "name": "shared_sharepointonline"
        }
      },
      "shared_sharepointonline": {
        "runtimeSource": "embedded",
        "connection": {
          "connectionReferenceLogicalName": "hr365_sharedsharepointonline_d8aa2"
        },
        "api": {
          "name": "shared_sharepointonline"
        }
      },
      "shared_sharepointonline_1": {
        "runtimeSource": "embedded",
        "connection": {
          "connectionReferenceLogicalName": "hr365_sharedsharepointonline_dc8dc"
        },
        "api": {
          "name": "shared_sharepointonline"
        }
      },
      "shared_sharepointonline_3": {
        "runtimeSource": "embedded",
        "connection": {
          "connectionReferenceLogicalName": "hr365_sharedsharepointonline_07c84"
        },
        "api": {
          "name": "shared_sharepointonline"
        }
      },
      "shared_sharepointonline_6": {
        "runtimeSource": "embedded",
        "connection": {
          "connectionReferenceLogicalName": "hr365_sharedsharepointonline_60d1f"
        },
        "api": {
          "name": "shared_sharepointonline"
        }
      },
      "shared_sharepointonline_7": {
        "runtimeSource": "embedded",
        "connection": {
          "connectionReferenceLogicalName": "hr365_sharedsharepointonline_860f6"
        },
        "api": {
          "name": "shared_sharepointonline"
        }
      },
      "shared_sharepointonline_8": {
        "runtimeSource": "embedded",
        "connection": {
          "connectionReferenceLogicalName": "hr365_sharedsharepointonline_843fb"
        },
        "api": {
          "name": "shared_sharepointonline"
        }
      },
      "shared_sharepointonline_4": {
        "runtimeSource": "embedded",
        "connection": {
          "connectionReferenceLogicalName": "hr365_sharedsharepointonline_8a28f"
        },
        "api": {
          "name": "shared_sharepointonline"
        }
      }
    },
    "definition": {
      "$schema": "https://schema.management.azure.com/providers/Microsoft.Logic/schemas/2016-06-01/workflowdefinition.json#",
      "contentVersion": "1.0.0.0",
      "parameters": {
        "$connections": {
          "defaultValue": {},
          "type": "Object"
        },
        "$authentication": {
          "defaultValue": {},
          "type": "SecureObject"
        },
        "SiteAddress(CL365) (hr365_SiteAddressCL365)": {
          "defaultValue": "https://xzm41.sharepoint.com/sites/CLM365_15Oct25",
          "type": "String",
          "metadata": {
            "schemaName": "hr365_SiteAddressCL365"
          }
        }
      },
      "triggers": {
        "Get_list_call": {
          "recurrence": {
            "interval": 1,
            "frequency": "Minute"
          },
          "splitOn": "@triggerOutputs()?['body/value']",
          "metadata": {
            "operationMetadataId": "cb9af1d7-2acd-4d75-b76d-fdd7935e70b7"
          },
          "type": "OpenApiConnection",
          "inputs": {
            "host": {
              "connectionName": "shared_sharepointonline_4",
              "operationId": "GetOnUpdatedItems",
              "apiId": "/providers/Microsoft.PowerApps/apis/shared_sharepointonline"
            },
            "parameters": {
              "dataset": "@parameters('SiteAddress(CL365) (hr365_SiteAddressCL365)')",
              "table": "CLM365Request"
            },
            "authentication": "@parameters('$authentication')"
          }
        }
      },
      "actions": {
        "Site_Address": {
          "runAfter": {
            "Item_Id_": [
              "Succeeded"
            ]
          },
          "metadata": {
            "operationMetadataId": "792fca24-90b2-4044-894d-973cf4689afc"
          },
          "type": "InitializeVariable",
          "inputs": {
            "variables": [
              {
                "name": "SiteAddress",
                "type": "string",
                "value": "@parameters('SiteAddress(CL365) (hr365_SiteAddressCL365)')"
              }
            ]
          }
        },
        "Item_Id_": {
          "runAfter": {},
          "metadata": {
            "operationMetadataId": "63ef874f-d0b0-4e1c-94e1-9bb313f54227"
          },
          "type": "InitializeVariable",
          "inputs": {
            "variables": [
              {
                "name": "ItemID",
                "type": "string",
                "value": "@{triggerOutputs()?['body/ID']}"
              }
            ]
          }
        },
        "Get_Contribute_call": {
          "runAfter": {
            "Initialize_variable_4": [
              "Succeeded"
            ]
          },
          "metadata": {
            "operationMetadataId": "6bf0fd9e-8f7d-4f8b-8ef1-ada1832988c5"
          },
          "type": "OpenApiConnection",
          "inputs": {
            "host": {
              "connectionName": "shared_sharepointonline_5",
              "operationId": "HttpRequest",
              "apiId": "/providers/Microsoft.PowerApps/apis/shared_sharepointonline"
            },
            "parameters": {
              "dataset": "@variables('SiteAddress')",
              "parameters/method": "GET",
              "parameters/uri": "/_api/web/roledefinitions/getbyname('Contribute')"
            },
            "authentication": "@parameters('$authentication')"
          }
        },
        "Get_Item_Permission_call": {
          "runAfter": {
            "ContributeID": [
              "Succeeded"
            ]
          },
          "metadata": {
            "operationMetadataId": "e275097f-d809-403f-8086-7c5495bf4a33"
          },
          "type": "OpenApiConnection",
          "inputs": {
            "host": {
              "connectionName": "shared_sharepointonline",
              "operationId": "HttpRequest",
              "apiId": "/providers/Microsoft.PowerApps/apis/shared_sharepointonline"
            },
            "parameters": {
              "dataset": "@variables('SiteAddress')",
              "parameters/method": "GET",
              "parameters/uri": "_api/web/lists/getbytitle('CLM365Request')/items?$select=ID,AllTaskApprovers/ID,Legal_User/ID,Share_With_Others/ID&$expand=AllTaskApprovers,Legal_User,Share_With_Others&$filter=ID eq @{triggerOutputs()?['body/ID']}'"
            },
            "authentication": "@parameters('$authentication')"
          }
        },
        "ContributeID": {
          "runAfter": {
            "Get_Contribute_call": [
              "Succeeded"
            ]
          },
          "metadata": {
            "operationMetadataId": "7ad706fc-d7e2-4563-868c-c7f985a57dfa"
          },
          "type": "InitializeVariable",
          "inputs": {
            "variables": [
              {
                "name": "ContributeID",
                "type": "string",
                "value": "@{body('Get_Contribute_call')['d']['Id']}"
              }
            ]
          }
        },
        "Send_an_HTTP_request_to_SharePoint": {
          "runAfter": {
            "Get_Item_Permission_call": [
              "Succeeded"
            ]
          },
          "metadata": {
            "operationMetadataId": "e1466377-b344-4ccf-9a12-b66b65d55577"
          },
          "type": "OpenApiConnection",
          "inputs": {
            "host": {
              "connectionName": "shared_sharepointonline_1",
              "operationId": "HttpRequest",
              "apiId": "/providers/Microsoft.PowerApps/apis/shared_sharepointonline"
            },
            "parameters": {
              "dataset": "@variables('SiteAddress')",
              "parameters/method": "POST",
              "parameters/uri": "_api/lists/getByTitle('CLM365Request')/items(@{triggerOutputs()?['body/ID']})/breakroleinheritance(copyRoleAssignments=false,clearSubscopes=true)"
            },
            "authentication": "@parameters('$authentication')"
          }
        },
        "All_Task_Approvers": {
          "runAfter": {
            "Initialize_variable_3": [
              "Succeeded"
            ]
          },
          "metadata": {
            "operationMetadataId": "f759a08d-41f7-4b01-893f-32ebfb07b78d"
          },
          "type": "Compose",
          "inputs": "@coalesce(outputs('Get_Item_Permission_call')?['body']?['d']?['results']?[0]?['AllTaskApprovers']?['results'], json('[]'))"
        },
        "Legal_Users": {
          "runAfter": {
            "Condition": [
              "Succeeded"
            ]
          },
          "metadata": {
            "operationMetadataId": "e5ed9837-88d0-4234-8100-071727d8c923"
          },
          "type": "Compose",
          "inputs": "@json(string(outputs('Get_Item_Permission_call')?['body']?['d']?['results']?[0]?['Legal_User']?['results']?[0]))"
        },
        "Compose": {
          "runAfter": {
            "Legal_Users": [
              "Succeeded"
            ]
          },
          "metadata": {
            "operationMetadataId": "fd0a28cc-1c7e-45d3-9cb3-6f12f8187a1f"
          },
          "type": "Compose",
          "inputs": "@outputs('Legal_Users')"
        },
        "Initialize_variable": {
          "runAfter": {
            "Site_Address": [
              "Succeeded"
            ]
          },
          "metadata": {
            "operationMetadataId": "f2e3a98f-e534-4105-9649-931f97df74d9"
          },
          "type": "InitializeVariable",
          "inputs": {
            "variables": [
              {
                "name": "AllTaskApproversArray",
                "type": "array"
              }
            ]
          }
        },
        "Set_variable": {
          "runAfter": {
            "All_Task_Approvers": [
              "Succeeded"
            ]
          },
          "metadata": {
            "operationMetadataId": "0fe67e79-a84f-4800-836d-d27b055a8120"
          },
          "type": "SetVariable",
          "inputs": {
            "name": "AllTaskApproversArray",
            "value": "@coalesce(outputs('Get_Item_Permission_call')?['body']?['d']?['results']?[0]?['AllTaskApprovers']?['results'], json('[]'))"
          }
        },
        "Send_an_HTTP_request_to_SharePoint_2": {
          "runAfter": {
            "Send_an_HTTP_request_to_SharePoint_3": [
              "Succeeded"
            ]
          },
          "metadata": {
            "operationMetadataId": "e1466377-b344-4ccf-9a12-b66b65d55577"
          },
          "type": "OpenApiConnection",
          "inputs": {
            "host": {
              "connectionName": "shared_sharepointonline_1",
              "operationId": "HttpRequest",
              "apiId": "/providers/Microsoft.PowerApps/apis/shared_sharepointonline"
            },
            "parameters": {
              "dataset": "@variables('SiteAddress')",
              "parameters/method": "POST",
              "parameters/uri": "_api/lists/getByTitle('CLM365RequestDraft')/items(@{body('Send_an_HTTP_request_to_SharePoint_3')?['d']?['ListItemAllFields']?['Id']})/breakroleinheritance(copyRoleAssignments=false,clearSubscopes=true)"
            },
            "authentication": "@parameters('$authentication')"
          }
        },
        "Send_an_HTTP_request_to_SharePoint_3": {
          "runAfter": {
            "Send_an_HTTP_request_to_SharePoint": [
              "Succeeded"
            ]
          },
          "metadata": {
            "operationMetadataId": "aa68937b-abf9-4b2d-9c19-740e0c7ed73b"
          },
          "type": "OpenApiConnection",
          "inputs": {
            "host": {
              "connectionName": "shared_sharepointonline_1",
              "operationId": "HttpRequest",
              "apiId": "/providers/Microsoft.PowerApps/apis/shared_sharepointonline"
            },
            "parameters": {
              "dataset": "@variables('SiteAddress')",
              "parameters/method": "GET",
              "parameters/uri": "_api/web/getFolderByServerRelativeUrl('CLM365RequestDraft')/files('@{triggerOutputs()?['body/File_Name']}')?$expand=ListItemAllFields",
              "parameters/headers": {
                "accept": "application/json;odata=verbose",
                "content-type": "application/json;odata=verbose"
              }
            },
            "authentication": "@parameters('$authentication')"
          }
        },
        "Send_an_HTTP_request_to_SharePoint_4": {
          "runAfter": {
            "Send_an_HTTP_request_to_SharePoint_2": [
              "Succeeded"
            ]
          },
          "metadata": {
            "operationMetadataId": "22a6be1f-0025-4203-aa54-6b4089da7fc2"
          },
          "type": "OpenApiConnection",
          "inputs": {
            "host": {
              "connectionName": "shared_sharepointonline_1",
              "operationId": "HttpRequest",
              "apiId": "/providers/Microsoft.PowerApps/apis/shared_sharepointonline"
            },
            "parameters": {
              "dataset": "@variables('SiteAddress')",
              "parameters/method": "GET",
              "parameters/uri": "_api/web/getFolderByServerRelativeUrl('CLM365TaskAttachment')/folders('@{triggerOutputs()?['body/Guid_ID']}')?$expand=ListItemAllFields"
            },
            "authentication": "@parameters('$authentication')"
          }
        },
        "Send_an_HTTP_request_to_SharePoint_6": {
          "runAfter": {
            "Send_an_HTTP_request_to_SharePoint_4": [
              "Succeeded"
            ]
          },
          "metadata": {
            "operationMetadataId": "e1466377-b344-4ccf-9a12-b66b65d55577"
          },
          "type": "OpenApiConnection",
          "inputs": {
            "host": {
              "connectionName": "shared_sharepointonline_1",
              "operationId": "HttpRequest",
              "apiId": "/providers/Microsoft.PowerApps/apis/shared_sharepointonline"
            },
            "parameters": {
              "dataset": "@variables('SiteAddress')",
              "parameters/method": "POST",
              "parameters/uri": "_api/lists/getByTitle('CLM365TaskAttachment')/items(@{body('Send_an_HTTP_request_to_SharePoint_4')?['d']?['ListItemAllFields']?['Id']})/breakroleinheritance(copyRoleAssignments=false,clearSubscopes=true)"
            },
            "authentication": "@parameters('$authentication')"
          }
        },
        "Get_Admin_Group_data": {
          "runAfter": {
            "Send_an_HTTP_request_to_SharePoint_6": [
              "Succeeded"
            ]
          },
          "metadata": {
            "operationMetadataId": "49ef78d6-e798-418c-bf6b-708ab536214f"
          },
          "type": "OpenApiConnection",
          "inputs": {
            "host": {
              "connectionName": "shared_sharepointonline",
              "operationId": "HttpRequest",
              "apiId": "/providers/Microsoft.PowerApps/apis/shared_sharepointonline"
            },
            "parameters": {
              "dataset": "@variables('SiteAddress')",
              "parameters/method": "GET",
              "parameters/uri": "/_api/web/SiteGroups/getByName('CLM365Admins')"
            },
            "authentication": "@parameters('$authentication')"
          }
        },
        "Initialize_variable_3": {
          "runAfter": {
            "Get_Admin_Group_data": [
              "Succeeded"
            ]
          },
          "metadata": {
            "operationMetadataId": "8f56e110-cb19-4358-bcca-c155d2d01637"
          },
          "type": "InitializeVariable",
          "inputs": {
            "variables": [
              {
                "name": "Group ID",
                "type": "string",
                "value": "@{body('Get_Admin_Group_data')['d']['id']}"
              }
            ]
          }
        },
        "Send_an_HTTP_request_to_SharePoint_12": {
          "runAfter": {
            "Set_variable_2": [
              "Succeeded"
            ]
          },
          "metadata": {
            "operationMetadataId": "afc7b457-260a-4055-8139-f2ca945a0613"
          },
          "type": "OpenApiConnection",
          "inputs": {
            "host": {
              "connectionName": "shared_sharepointonline_1",
              "operationId": "HttpRequest",
              "apiId": "/providers/Microsoft.PowerApps/apis/shared_sharepointonline"
            },
            "parameters": {
              "dataset": "@variables('SiteAddress')",
              "parameters/method": "GET",
              "parameters/uri": "_api/web/siteusers/getByEmail('@{triggerOutputs()?['body']?['Author']?['Email']}')?$select=ID",
              "parameters/headers": {
                "accept": "application/json;odata=verbose",
                "content-type": "application/json;odata=verbose"
              }
            },
            "authentication": "@parameters('$authentication')"
          }
        },
        "Condition": {
          "actions": {
            "Send_an_HTTP_request_to_SharePoint_13": {
              "runAfter": {},
              "metadata": {
                "operationMetadataId": "82401bcd-f264-4d8b-a153-0a029f8b6891"
              },
              "type": "OpenApiConnection",
              "inputs": {
                "host": {
                  "connectionName": "shared_sharepointonline_1",
                  "operationId": "HttpRequest",
                  "apiId": "/providers/Microsoft.PowerApps/apis/shared_sharepointonline"
                },
                "parameters": {
                  "dataset": "@variables('SiteAddress')",
                  "parameters/method": "GET",
                  "parameters/uri": "_api/web/siteusers/getByEmail('@{triggerOutputs()?['body/Editor/Email']}')?$select=Id",
                  "parameters/headers": {
                    "accept": "application/json;odata=verbose",
                    "content-type": "application/json;odata=verbose"
                  }
                },
                "authentication": "@parameters('$authentication')"
              }
            },
            "Append_to_array_variable_2": {
              "runAfter": {
                "Send_an_HTTP_request_to_SharePoint_13": [
                  "Succeeded"
                ]
              },
              "metadata": {
                "operationMetadataId": "d0bab86b-62d5-4bd8-af80-3fea9e896634"
              },
              "type": "AppendToArrayVariable",
              "inputs": {
                "name": "AllTaskApproversArray",
                "value": "@body('Send_an_HTTP_request_to_SharePoint_13')?['d']"
              }
            }
          },
          "runAfter": {
            "Append_to_array_variable_3": [
              "Succeeded"
            ]
          },
          "expression": {
            "not": {
              "equals": [
                "@triggerOutputs()?['body']?['Author']?['Email']",
                "@triggerOutputs()?['body/Editor/Email']"
              ]
            }
          },
          "metadata": {
            "operationMetadataId": "02c95e72-04ff-462d-8ab5-ba800f16fd24"
          },
          "type": "If"
        },
        "Append_to_array_variable": {
          "runAfter": {
            "Send_an_HTTP_request_to_SharePoint_12": [
              "Succeeded"
            ]
          },
          "metadata": {
            "operationMetadataId": "20317495-d03a-40a8-8556-6fc14578c731"
          },
          "type": "AppendToArrayVariable",
          "inputs": {
            "name": "AllTaskApproversArray",
            "value": "@body('Send_an_HTTP_request_to_SharePoint_12')?['d']"
          }
        },
        "Post_Permissions": {
          "foreach": "@variables('AllTaskApproversArray')",
          "actions": {
            "Send_an_HTTP_request_to_SharePoint_7": {
              "runAfter": {},
              "metadata": {
                "operationMetadataId": "c8f3d74e-ffc1-450b-aa54-704fe49904ba"
              },
              "type": "OpenApiConnection",
              "inputs": {
                "host": {
                  "connectionName": "shared_sharepointonline_1",
                  "operationId": "HttpRequest",
                  "apiId": "/providers/Microsoft.PowerApps/apis/shared_sharepointonline"
                },
                "parameters": {
                  "dataset": "@variables('SiteAddress')",
                  "parameters/method": "POST",
                  "parameters/uri": "_api/lists/getByTitle('CLM365RequestDraft')/items(@{body('Send_an_HTTP_request_to_SharePoint_3')?['d']?['ListItemAllFields']?['Id']})/roleassignments/addroleassignment(principalid=@{items('Post_Permissions')?['Id']},roledefid=@{variables('ContributeID')})"
                },
                "authentication": "@parameters('$authentication')"
              }
            }
          },
          "runAfter": {
            "Apply_to_each_2": [
              "Succeeded"
            ]
          },
          "metadata": {
            "operationMetadataId": "aa262958-c599-41fc-92cd-067c023cdfb3"
          },
          "type": "Foreach"
        },
        "Apply_to_each_2": {
          "foreach": "@variables('AllTaskApproversArray')",
          "actions": {
            "Send_an_HTTP_request_to_SharePoint_CLM365Request": {
              "runAfter": {},
              "metadata": {
                "operationMetadataId": "dafacf20-2006-4643-9887-42a879b37d72"
              },
              "type": "OpenApiConnection",
              "inputs": {
                "host": {
                  "connectionName": "shared_sharepointonline_3",
                  "operationId": "HttpRequest",
                  "apiId": "/providers/Microsoft.PowerApps/apis/shared_sharepointonline"
                },
                "parameters": {
                  "dataset": "@parameters('SiteAddress(CL365) (hr365_SiteAddressCL365)')",
                  "parameters/method": "POST",
                  "parameters/uri": "_api/lists/getByTitle('CLM365Request')/items(@{triggerOutputs()?['body/ID']})/roleassignments/addroleassignment(principalid=@{items('Apply_to_each_2')?['Id']},roledefid=1073741827)"
                },
                "authentication": "@parameters('$authentication')"
              }
            }
          },
          "runAfter": {
            "Apply_to_each": [
              "Succeeded"
            ]
          },
          "metadata": {
            "operationMetadataId": "e3117228-9ca1-410f-8c39-d71dc75bd328"
          },
          "type": "Foreach"
        },
        "Apply_to_Task": {
          "foreach": "@variables('AllTaskApproversArray')",
          "actions": {
            "Send_an_HTTP_request_to_SharePoint_5": {
              "runAfter": {},
              "metadata": {
                "operationMetadataId": "ac80ae5f-eb2e-422a-8d62-2c5776c1274a"
              },
              "type": "OpenApiConnection",
              "inputs": {
                "host": {
                  "connectionName": "shared_sharepointonline_6",
                  "operationId": "HttpRequest",
                  "apiId": "/providers/Microsoft.PowerApps/apis/shared_sharepointonline"
                },
                "parameters": {
                  "dataset": "@parameters('SiteAddress(CL365) (hr365_SiteAddressCL365)')",
                  "parameters/method": "POST",
                  "parameters/uri": "_api/lists/getByTitle('CLM365TaskAttachment')/items(@{body('Send_an_HTTP_request_to_SharePoint_4')?['d']?['ListItemAllFields']?['Id']})/roleassignments/addroleassignment(principalid=@{items('Apply_to_Task')?['Id']},roledefid=@{variables('ContributeID')})"
                },
                "authentication": "@parameters('$authentication')"
              }
            }
          },
          "runAfter": {
            "Post_Permissions_2": [
              "Succeeded"
            ]
          },
          "metadata": {
            "operationMetadataId": "645e6b41-8770-4b57-b0ae-c5af623dc600"
          },
          "type": "Foreach"
        },
        "Initialize_variable_2": {
          "runAfter": {
            "Initialize_variable": [
              "Succeeded"
            ]
          },
          "metadata": {
            "operationMetadataId": "46701e55-d574-4403-ac1d-b97ad453b274"
          },
          "type": "InitializeVariable",
          "inputs": {
            "variables": [
              {
                "name": "ShareWithOthersArray",
                "type": "array"
              }
            ]
          }
        },
        "Set_variable_2": {
          "runAfter": {
            "Set_variable": [
              "Succeeded"
            ]
          },
          "metadata": {
            "operationMetadataId": "0b618d1c-3f2b-42fd-a660-05a4a9a37bbf"
          },
          "type": "SetVariable",
          "inputs": {
            "name": "ShareWithOthersArray",
            "value": "@coalesce(outputs('Get_Item_Permission_call')?['body']?['d']?['results']?[0]?['Share_With_Others']?['results'], json('[]'))"
          }
        },
        "Append_to_array_variable_3": {
          "runAfter": {
            "Append_to_array_variable": [
              "Succeeded"
            ]
          },
          "metadata": {
            "operationMetadataId": "d4bb4114-e50a-4b68-8039-340a6bae2bc1"
          },
          "type": "AppendToArrayVariable",
          "inputs": {
            "name": "ShareWithOthersArray",
            "value": "@body('Send_an_HTTP_request_to_SharePoint_12')?['d']"
          }
        },
        "Apply_to_each_3": {
          "foreach": "@variables('ShareWithOthersArray')",
          "actions": {
            "Send_an_HTTP_request_to_SharePoint_CLM365Request_2": {
              "runAfter": {},
              "metadata": {
                "operationMetadataId": "dafacf20-2006-4643-9887-42a879b37d72"
              },
              "type": "OpenApiConnection",
              "inputs": {
                "host": {
                  "connectionName": "shared_sharepointonline_3",
                  "operationId": "HttpRequest",
                  "apiId": "/providers/Microsoft.PowerApps/apis/shared_sharepointonline"
                },
                "parameters": {
                  "dataset": "@parameters('SiteAddress(CL365) (hr365_SiteAddressCL365)')",
                  "parameters/method": "POST",
                  "parameters/uri": "_api/lists/getByTitle('CLM365Request')/items(@{triggerOutputs()?['body/ID']})/roleassignments/addroleassignment(principalid=@{items('Apply_to_each_3')?['Id']},roledefid=1073741827)"
                },
                "authentication": "@parameters('$authentication')"
              }
            }
          },
          "runAfter": {
            "Post_Permissions": [
              "Succeeded"
            ]
          },
          "metadata": {
            "operationMetadataId": "e3117228-9ca1-410f-8c39-d71dc75bd328"
          },
          "type": "Foreach"
        },
        "Post_Permissions_2": {
          "foreach": "@variables('ShareWithOthersArray')",
          "actions": {
            "Send_an_HTTP_request_to_SharePoint_8": {
              "runAfter": {},
              "metadata": {
                "operationMetadataId": "c8f3d74e-ffc1-450b-aa54-704fe49904ba"
              },
              "type": "OpenApiConnection",
              "inputs": {
                "host": {
                  "connectionName": "shared_sharepointonline_1",
                  "operationId": "HttpRequest",
                  "apiId": "/providers/Microsoft.PowerApps/apis/shared_sharepointonline"
                },
                "parameters": {
                  "dataset": "@variables('SiteAddress')",
                  "parameters/method": "POST",
                  "parameters/uri": "_api/lists/getByTitle('CLM365RequestDraft')/items(@{body('Send_an_HTTP_request_to_SharePoint_3')?['d']?['ListItemAllFields']?['Id']})/roleassignments/addroleassignment(principalid=@{items('Post_Permissions_2')?['Id']},roledefid=@{variables('ContributeID')})"
                },
                "authentication": "@parameters('$authentication')"
              }
            }
          },
          "runAfter": {
            "Apply_to_each_3": [
              "Succeeded"
            ]
          },
          "metadata": {
            "operationMetadataId": "aa262958-c599-41fc-92cd-067c023cdfb3"
          },
          "type": "Foreach"
        },
        "Initialize_variable_4": {
          "runAfter": {
            "Initialize_variable_2": [
              "Succeeded"
            ]
          },
          "metadata": {
            "operationMetadataId": "8d5cd728-4d81-4c8e-a351-2c88b778676f"
          },
          "type": "InitializeVariable",
          "inputs": {
            "variables": [
              {
                "name": "AllShareWithUsers",
                "type": "array"
              }
            ]
          }
        },
        "Send_an_HTTP_request_to_SharePoint_9": {
          "runAfter": {
            "Compose": [
              "Succeeded"
            ]
          },
          "metadata": {
            "operationMetadataId": "8a7e04cf-14c0-4ea3-9121-ab5aa70197cc"
          },
          "type": "OpenApiConnection",
          "inputs": {
            "host": {
              "connectionName": "shared_sharepointonline_7",
              "operationId": "HttpRequest",
              "apiId": "/providers/Microsoft.PowerApps/apis/shared_sharepointonline"
            },
            "parameters": {
              "dataset": "@variables('SiteAddress')",
              "parameters/method": "GET",
              "parameters/uri": "_api/web/lists/getbytitle('CLM365Request')/items(@{triggerOutputs()?['body/ID']})/RoleAssignments?$expand=Member\n"
            },
            "authentication": "@parameters('$authentication')"
          }
        },
        "Parse_JSON": {
          "runAfter": {
            "Send_an_HTTP_request_to_SharePoint_9": [
              "Succeeded"
            ]
          },
          "metadata": {
            "operationMetadataId": "5e28127a-b638-4ea2-bb4f-81f927595370"
          },
          "type": "ParseJson",
          "inputs": {
            "content": "@body('Send_an_HTTP_request_to_SharePoint_9')",
            "schema": {
              "type": "object",
              "properties": {
                "type": {
                  "type": "string"
                },
                "properties": {
                  "type": "object",
                  "properties": {
                    "d": {
                      "type": "object",
                      "properties": {
                        "type": {
                          "type": "string"
                        },
                        "properties": {
                          "type": "object",
                          "properties": {
                            "results": {
                              "type": "object",
                              "properties": {
                                "type": {
                                  "type": "string"
                                },
                                "items": {
                                  "type": "object",
                                  "properties": {
                                    "type": {
                                      "type": "string"
                                    },
                                    "properties": {
                                      "type": "object",
                                      "properties": {
                                        "Member": {
                                          "type": "object",
                                          "properties": {
                                            "type": {
                                              "type": "string"
                                            },
                                            "properties": {
                                              "type": "object",
                                              "properties": {
                                                "Id": {
                                                  "type": "object",
                                                  "properties": {
                                                    "type": {
                                                      "type": "string"
                                                    }
                                                  }
                                                },
                                                "Title": {
                                                  "type": "object",
                                                  "properties": {
                                                    "type": {
                                                      "type": "string"
                                                    }
                                                  }
                                                },
                                                "PrincipalType": {
                                                  "type": "object",
                                                  "properties": {
                                                    "type": {
                                                      "type": "string"
                                                    }
                                                  }
                                                }
                                              }
                                            }
                                          }
                                        }
                                      }
                                    }
                                  }
                                }
                              }
                            }
                          }
                        }
                      }
                    }
                  }
                }
              }
            }
          }
        },
        "Apply_to_each": {
          "foreach": "@body('Parse_JSON')?['d']?['results']",
          "actions": {
            "Send_an_HTTP_request_to_SharePoint_10": {
              "runAfter": {},
              "metadata": {
                "operationMetadataId": "dd3b2f74-5132-4989-86a8-d1e08c7fa225"
              },
              "type": "OpenApiConnection",
              "inputs": {
                "host": {
                  "connectionName": "shared_sharepointonline_8",
                  "operationId": "HttpRequest",
                  "apiId": "/providers/Microsoft.PowerApps/apis/shared_sharepointonline"
                },
                "parameters": {
                  "dataset": "@variables('SiteAddress')",
                  "parameters/method": "POST",
                  "parameters/uri": "_api/web/lists/getbytitle('CLM365Request')/items(@{triggerOutputs()?['body/ID']})/roleassignments/removeroleassignment(principalid=@{items('Apply_to_each')['Member']['Id']})"
                },
                "authentication": "@parameters('$authentication')"
              }
            }
          },
          "runAfter": {
            "Parse_JSON": [
              "Succeeded"
            ]
          },
          "metadata": {
            "operationMetadataId": "f2594fe5-917e-4787-8c2c-30e1941c30b5"
          },
          "type": "Foreach"
        }
      }
    },
    "templateName": "88f144a91cf14b4e8e65da7d26479ffb"
  },
  "schemaVersion": "1.0.0.0"
}