{
  "properties": {
    "connectionReferences": {
      "shared_sharepointonline_8": {
        "runtimeSource": "embedded",
        "connection": {
          "connectionReferenceLogicalName": "hr365_sharedsharepointonline_41684"
        },
        "api": {
          "name": "shared_sharepointonline"
        }
      },
      "shared_sharepointonline_9": {
        "runtimeSource": "embedded",
        "connection": {
          "connectionReferenceLogicalName": "hr365_sharedsharepointonline_688b4"
        },
        "api": {
          "name": "shared_sharepointonline"
        }
      },
      "shared_sharepointonline_6": {
        "runtimeSource": "embedded",
        "connection": {
          "connectionReferenceLogicalName": "hr365_sharedsharepointonline_51be3"
        },
        "api": {
          "name": "shared_sharepointonline"
        }
      },
      "shared_sharepointonline_13": {
        "runtimeSource": "embedded",
        "connection": {
          "connectionReferenceLogicalName": "hr365_sharedsharepointonline_5ba9a"
        },
        "api": {
          "name": "shared_sharepointonline"
        }
      },
      "shared_sharepointonline_12": {
        "runtimeSource": "embedded",
        "connection": {
          "connectionReferenceLogicalName": "hr365_sharedsharepointonline_039ab"
        },
        "api": {
          "name": "shared_sharepointonline"
        }
      },
      "shared_sharepointonline_11": {
        "runtimeSource": "embedded",
        "connection": {
          "connectionReferenceLogicalName": "hr365_sharedsharepointonline_ef70c"
        },
        "api": {
          "name": "shared_sharepointonline"
        }
      },
      "shared_sharepointonline_14": {
        "runtimeSource": "embedded",
        "connection": {
          "connectionReferenceLogicalName": "hr365_sharedsharepointonline_4ab6f"
        },
        "api": {
          "name": "shared_sharepointonline"
        }
      },
      "shared_sharepointonline_15": {
        "runtimeSource": "embedded",
        "connection": {
          "connectionReferenceLogicalName": "hr365_sharedsharepointonline_63b90"
        },
        "api": {
          "name": "shared_sharepointonline"
        }
      },
      "shared_sharepointonline_17": {
        "runtimeSource": "embedded",
        "connection": {
          "connectionReferenceLogicalName": "hr365_sharedsharepointonline_92ddf"
        },
        "api": {
          "name": "shared_sharepointonline"
        }
      },
      "shared_sharepointonline_18": {
        "runtimeSource": "embedded",
        "connection": {
          "connectionReferenceLogicalName": "hr365_sharedsharepointonline_d8eef"
        },
        "api": {
          "name": "shared_sharepointonline"
        }
      },
      "shared_sharepointonline_16": {
        "runtimeSource": "embedded",
        "connection": {
          "connectionReferenceLogicalName": "hr365_sharedsharepointonline_cfe36"
        },
        "api": {
          "name": "shared_sharepointonline"
        }
      },
      "shared_sharepointonline_19": {
        "runtimeSource": "embedded",
        "connection": {
          "connectionReferenceLogicalName": "hr365_sharedsharepointonline_34b21"
        },
        "api": {
          "name": "shared_sharepointonline"
        }
      },
      "shared_sharepointonline_22": {
        "runtimeSource": "embedded",
        "connection": {
          "connectionReferenceLogicalName": "hr365_sharedsharepointonline_3a615"
        },
        "api": {
          "name": "shared_sharepointonline"
        }
      },
      "shared_sharepointonline_21": {
        "runtimeSource": "embedded",
        "connection": {
          "connectionReferenceLogicalName": "hr365_sharedsharepointonline_3ef86"
        },
        "api": {
          "name": "shared_sharepointonline"
        }
      },
      "shared_sharepointonline_20": {
        "runtimeSource": "embedded",
        "connection": {
          "connectionReferenceLogicalName": "hr365_sharedsharepointonline_50412"
        },
        "api": {
          "name": "shared_sharepointonline"
        }
      },
      "shared_sharepointonline_23": {
        "runtimeSource": "embedded",
        "connection": {
          "connectionReferenceLogicalName": "hr365_sharedsharepointonline_5ecf7"
        },
        "api": {
          "name": "shared_sharepointonline"
        }
      },
      "shared_sharepointonline_24": {
        "runtimeSource": "embedded",
        "connection": {
          "connectionReferenceLogicalName": "hr365_sharedsharepointonline_4daa3"
        },
        "api": {
          "name": "shared_sharepointonline"
        }
      },
      "shared_sharepointonline_26": {
        "runtimeSource": "embedded",
        "connection": {
          "connectionReferenceLogicalName": "hr365_sharedsharepointonline_b5fd8"
        },
        "api": {
          "name": "shared_sharepointonline"
        }
      },
      "shared_sharepointonline_27": {
        "runtimeSource": "embedded",
        "connection": {
          "connectionReferenceLogicalName": "hr365_sharedsharepointonline_27749"
        },
        "api": {
          "name": "shared_sharepointonline"
        }
      },
      "shared_sharepointonline_25": {
        "runtimeSource": "embedded",
        "connection": {
          "connectionReferenceLogicalName": "hr365_sharedsharepointonline_10231"
        },
        "api": {
          "name": "shared_sharepointonline"
        }
      },
      "shared_sharepointonline_28": {
        "runtimeSource": "embedded",
        "connection": {
          "connectionReferenceLogicalName": "hr365_sharedsharepointonline_0135c"
        },
        "api": {
          "name": "shared_sharepointonline"
        }
      },
      "shared_office365_1": {
        "runtimeSource": "embedded",
        "connection": {
          "connectionReferenceLogicalName": "hr365_sharedoffice365_ea5c5"
        },
        "api": {
          "name": "shared_office365"
        }
      },
      "shared_sharepointonline_7": {
        "runtimeSource": "embedded",
        "connection": {
          "connectionReferenceLogicalName": "hr365_sharedsharepointonline_16a09"
        },
        "api": {
          "name": "shared_sharepointonline"
        }
      },
      "shared_sharepointonline_3": {
        "runtimeSource": "embedded",
        "connection": {
          "connectionReferenceLogicalName": "hr365_sharedsharepointonline_4ec98"
        },
        "api": {
          "name": "shared_sharepointonline"
        }
      },
      "shared_sharepointonline_4": {
        "runtimeSource": "embedded",
        "connection": {
          "connectionReferenceLogicalName": "hr365_sharedsharepointonline_e7361"
        },
        "api": {
          "name": "shared_sharepointonline"
        }
      }
    },
    "definition": {
      "$schema": "https://schema.management.azure.com/providers/Microsoft.Logic/schemas/2016-06-01/workflowdefinition.json#",
      "contentVersion": "1.0.0.0",
      "parameters": {
        "$connections": {
          "defaultValue": {},
          "type": "Object"
        },
        "$authentication": {
          "defaultValue": {},
          "type": "SecureObject"
        },
        "SiteAddress(CL365) (hr365_SiteAddressCL365)": {
          "defaultValue": "https://xzm41.sharepoint.com/sites/CLM365_19Aug25",
          "type": "String",
          "metadata": {
            "schemaName": "hr365_SiteAddressCL365"
          }
        }
      },
      "triggers": {
        "Recurrence": {
          "recurrence": {
            "frequency": "Day",
            "interval": 1,
            "startTime": "2025-08-11T04:00:00Z"
          },
          "metadata": {
            "operationMetadataId": "9d53939a-17d6-4673-8a74-83a8f285d13c"
          },
          "type": "Recurrence"
        }
      },
      "actions": {
        "Today": {
          "runAfter": {},
          "metadata": {
            "operationMetadataId": "8de76365-274d-4b8e-a4bd-5ec1ad5fbfd5"
          },
          "type": "Compose",
          "inputs": "@formatDateTime(utcNow(), 'MM/dd/yyyy')"
        },
        "Add_Deligatee_to_Request": {
          "runAfter": {
            "Yesterday": [
              "Succeeded"
            ]
          },
          "metadata": {
            "operationMetadataId": "1b4fe0ca-1309-441f-84be-58a4381385b4"
          },
          "type": "InitializeVariable",
          "inputs": {
            "variables": [
              {
                "name": "Add Deligatee",
                "type": "boolean",
                "value": false
              }
            ]
          }
        },
        "Request_Delegatee_Permission": {
          "runAfter": {
            "Add_Deligatee_to_Request": [
              "Succeeded"
            ]
          },
          "metadata": {
            "operationMetadataId": "b0c5972c-3b7d-4a91-8464-1bf0ec10f142"
          },
          "type": "InitializeVariable",
          "inputs": {
            "variables": [
              {
                "name": "Request Delegatee Permission",
                "type": "array",
                "value": []
              }
            ]
          }
        },
        "Get_All_Request_Items": {
          "runAfter": {
            "Get_Admin_Users": [
              "Succeeded"
            ]
          },
          "metadata": {
            "operationMetadataId": "809705d5-4e9d-4dee-a6d8-8f49f5982158"
          },
          "type": "OpenApiConnection",
          "inputs": {
            "host": {
              "connectionName": "shared_sharepointonline_8",
              "operationId": "HttpRequest",
              "apiId": "/providers/Microsoft.PowerApps/apis/shared_sharepointonline"
            },
            "parameters": {
              "dataset": "@parameters('SiteAddress(CL365) (hr365_SiteAddressCL365)')",
              "parameters/method": "GET",
              "parameters/uri": "_api/web/lists/getbytitle('CLM365Request')/items?$select=*&$filter=AllTaskApprovers ne null and SampleRequest ne 'Yes'",
              "parameters/headers": {
                "Accept": "application/json;odata=verbose",
                "Content-Type": "application/json"
              }
            },
            "authentication": "@parameters('$authentication')"
          }
        },
        "Get_All_DelegateePermission_In_Request_Items": {
          "runAfter": {
            "Get_All_Request_Items": [
              "Succeeded"
            ]
          },
          "metadata": {
            "operationMetadataId": "7d5ca3b3-246f-4923-9ea2-204510066164"
          },
          "type": "OpenApiConnection",
          "inputs": {
            "host": {
              "connectionName": "shared_sharepointonline_9",
              "operationId": "HttpRequest",
              "apiId": "/providers/Microsoft.PowerApps/apis/shared_sharepointonline"
            },
            "parameters": {
              "dataset": "@parameters('SiteAddress(CL365) (hr365_SiteAddressCL365)')",
              "parameters/method": "GET",
              "parameters/uri": "_api/web/lists/getbytitle('CLM365Request')/items?$select=*&$filter=DelegateePermission ne null and SampleRequest ne 'Yes'",
              "parameters/headers": {
                "Accept": "application/json;odata=verbose",
                "Content-Type": "application/json"
              }
            },
            "authentication": "@parameters('$authentication')"
          }
        },
        "Get_Contribute_call": {
          "runAfter": {
            "Get_All_DelegateePermission_In_Request_Items": [
              "Succeeded"
            ]
          },
          "metadata": {
            "operationMetadataId": "6bf0fd9e-8f7d-4f8b-8ef1-ada1832988c5"
          },
          "type": "OpenApiConnection",
          "inputs": {
            "host": {
              "connectionName": "shared_sharepointonline_6",
              "operationId": "HttpRequest",
              "apiId": "/providers/Microsoft.PowerApps/apis/shared_sharepointonline"
            },
            "parameters": {
              "dataset": "@parameters('SiteAddress(CL365) (hr365_SiteAddressCL365)')",
              "parameters/method": "GET",
              "parameters/uri": "/_api/web/roledefinitions/getbyname('Contribute')"
            },
            "authentication": "@parameters('$authentication')"
          }
        },
        "Contribute_Id": {
          "runAfter": {
            "Get_Contribute_call": [
              "Succeeded"
            ]
          },
          "metadata": {
            "operationMetadataId": "70bc70d5-2818-4bea-b805-a85073de1220"
          },
          "type": "InitializeVariable",
          "inputs": {
            "variables": [
              {
                "name": "ContributeId",
                "type": "string",
                "value": "@{body('Get_Contribute_call')['d']['Id']}"
              }
            ]
          }
        },
        "Remove_Request_Permission_to_Delegatee": {
          "foreach": "@variables('Delete Delegation Permission')",
          "actions": {
            "All_DelegateePermission_Request_Items": {
              "foreach": "@body('Get_All_DelegateePermission_In_Request_Items')?['d']?['results']",
              "actions": {
                "Delegatee_present_in_DelegateePermission": {
                  "actions": {
                    "Remove_Permission_to_Delegatee": {
                      "runAfter": {
                        "Break_Role_Inheritance_2": [
                          "Succeeded"
                        ]
                      },
                      "metadata": {
                        "operationMetadataId": "2347e0ce-3587-48be-b32a-ab0521ab9458"
                      },
                      "type": "OpenApiConnection",
                      "inputs": {
                        "host": {
                          "connectionName": "shared_sharepointonline_13",
                          "operationId": "HttpRequest",
                          "apiId": "/providers/Microsoft.PowerApps/apis/shared_sharepointonline"
                        },
                        "parameters": {
                          "dataset": "@parameters('SiteAddress(CL365) (hr365_SiteAddressCL365)')",
                          "parameters/method": "POST",
                          "parameters/uri": "/_api/web/lists/getbytitle('CLM365Request')/items(@{items('All_DelegateePermission_Request_Items')?['Id']})/roleassignments/removeroleassignment(principalid=@{outputs('Remove_Delegatee_ID')},roledefid=@{variables('ContributeId')})"
                        },
                        "authentication": "@parameters('$authentication')"
                      }
                    },
                    "Updated_DeligateePermission_Column": {
                      "runAfter": {},
                      "metadata": {
                        "operationMetadataId": "4d98e68c-0f67-4994-97b7-298cf781ac69"
                      },
                      "type": "Query",
                      "inputs": {
                        "from": "@items('All_DelegateePermission_Request_Items')?['DelegateePermissionId']?['results']",
                        "where": "@not(equals(item(), outputs('Remove_Delegatee_ID')))"
                      }
                    },
                    "Break_Role_Inheritance_2": {
                      "runAfter": {
                        "Update_Request_List": [
                          "Succeeded"
                        ]
                      },
                      "metadata": {
                        "operationMetadataId": "4a5aecea-6d1f-4d89-9300-9d88239ca889"
                      },
                      "type": "OpenApiConnection",
                      "inputs": {
                        "host": {
                          "connectionName": "shared_sharepointonline_12",
                          "operationId": "HttpRequest",
                          "apiId": "/providers/Microsoft.PowerApps/apis/shared_sharepointonline"
                        },
                        "parameters": {
                          "dataset": "@parameters('SiteAddress(CL365) (hr365_SiteAddressCL365)')",
                          "parameters/method": "POST",
                          "parameters/uri": "_api/lists/getByTitle('CLM365Request')/items(@{items('All_DelegateePermission_Request_Items')?['Id']})/breakroleinheritance(copyRoleAssignments=false,clearSubscopes=true)"
                        },
                        "authentication": "@parameters('$authentication')"
                      }
                    },
                    "Update_Request_List": {
                      "runAfter": {
                        "Updated_DeligateePermission_Column": [
                          "Succeeded"
                        ]
                      },
                      "metadata": {
                        "operationMetadataId": "db64b42c-84a6-4611-a269-b82b1b9a13c3"
                      },
                      "type": "OpenApiConnection",
                      "inputs": {
                        "host": {
                          "connectionName": "shared_sharepointonline_11",
                          "operationId": "HttpRequest",
                          "apiId": "/providers/Microsoft.PowerApps/apis/shared_sharepointonline"
                        },
                        "parameters": {
                          "dataset": "@parameters('SiteAddress(CL365) (hr365_SiteAddressCL365)')",
                          "parameters/method": "POST",
                          "parameters/uri": "/_api/web/lists/getbytitle('CLM365Request')/items(@{items('All_DelegateePermission_Request_Items')?['Id']})",
                          "parameters/headers": {
                            "Accept": "application/json;odata=verbose",
                            "Content-Type": "application/json;odata=verbose",
                            "IF-MATCH": "*",
                            "X-HTTP-Method": "PATCH"
                          },
                          "parameters/body": "{\n  \"__metadata\": {\n    \"type\": \"SP.Data.CLM365RequestListItem\"\n  },\n  \"DelegateePermissionId\": {\n    \"results\": @{body('Updated_DeligateePermission_Column')}\n  }\n}"
                        },
                        "authentication": "@parameters('$authentication')"
                      }
                    },
                    "Get_Request_Draft_2": {
                      "runAfter": {
                        "Remove_Permission_to_Delegatee": [
                          "Succeeded"
                        ]
                      },
                      "metadata": {
                        "operationMetadataId": "aa68937b-abf9-4b2d-9c19-740e0c7ed73b"
                      },
                      "type": "OpenApiConnection",
                      "inputs": {
                        "host": {
                          "connectionName": "shared_sharepointonline_14",
                          "operationId": "HttpRequest",
                          "apiId": "/providers/Microsoft.PowerApps/apis/shared_sharepointonline"
                        },
                        "parameters": {
                          "dataset": "@parameters('SiteAddress(CL365) (hr365_SiteAddressCL365)')",
                          "parameters/method": "GET",
                          "parameters/uri": "_api/web/getFolderByServerRelativeUrl('CLM365RequestDraft')/files('@{items('All_DelegateePermission_Request_Items')?['File_Name']}')?$expand=ListItemAllFields",
                          "parameters/headers": {
                            "accept": "application/json;odata=verbose",
                            "content-type": "application/json;odata=verbose"
                          }
                        },
                        "authentication": "@parameters('$authentication')"
                      }
                    },
                    "Request_Draft_Break_Role_Inheritance_2": {
                      "runAfter": {
                        "Get_Request_Draft_2": [
                          "Succeeded"
                        ]
                      },
                      "metadata": {
                        "operationMetadataId": "e1466377-b344-4ccf-9a12-b66b65d55577"
                      },
                      "type": "OpenApiConnection",
                      "inputs": {
                        "host": {
                          "connectionName": "shared_sharepointonline_15",
                          "operationId": "HttpRequest",
                          "apiId": "/providers/Microsoft.PowerApps/apis/shared_sharepointonline"
                        },
                        "parameters": {
                          "dataset": "@parameters('SiteAddress(CL365) (hr365_SiteAddressCL365)')",
                          "parameters/method": "POST",
                          "parameters/uri": "_api/lists/getByTitle('CLM365RequestDraft')/items(@{body('Get_Request_Draft_2')?['d']?['ListItemAllFields']?['Id']})/breakroleinheritance(copyRoleAssignments=false,clearSubscopes=true)"
                        },
                        "authentication": "@parameters('$authentication')"
                      }
                    },
                    "Get_Task_Attachment_2": {
                      "runAfter": {
                        "Remove_Permission_In_Request_Draft": [
                          "Succeeded"
                        ]
                      },
                      "metadata": {
                        "operationMetadataId": "22a6be1f-0025-4203-aa54-6b4089da7fc2"
                      },
                      "type": "OpenApiConnection",
                      "inputs": {
                        "host": {
                          "connectionName": "shared_sharepointonline_17",
                          "operationId": "HttpRequest",
                          "apiId": "/providers/Microsoft.PowerApps/apis/shared_sharepointonline"
                        },
                        "parameters": {
                          "dataset": "@parameters('SiteAddress(CL365) (hr365_SiteAddressCL365)')",
                          "parameters/method": "GET",
                          "parameters/uri": "_api/web/getFolderByServerRelativeUrl('CLM365TaskAttachment')/folders('@{items('All_DelegateePermission_Request_Items')['Guid_ID']}')?$expand=ListItemAllFields"
                        },
                        "authentication": "@parameters('$authentication')"
                      }
                    },
                    "Task_Attachment_Break_Role_Inheritance_2": {
                      "runAfter": {
                        "Get_Task_Attachment_2": [
                          "Succeeded"
                        ]
                      },
                      "metadata": {
                        "operationMetadataId": "e1466377-b344-4ccf-9a12-b66b65d55577"
                      },
                      "type": "OpenApiConnection",
                      "inputs": {
                        "host": {
                          "connectionName": "shared_sharepointonline_18",
                          "operationId": "HttpRequest",
                          "apiId": "/providers/Microsoft.PowerApps/apis/shared_sharepointonline"
                        },
                        "parameters": {
                          "dataset": "@parameters('SiteAddress(CL365) (hr365_SiteAddressCL365)')",
                          "parameters/method": "POST",
                          "parameters/uri": "_api/lists/getByTitle('CLM365TaskAttachment')/items(@{body('Get_Task_Attachment_2')?['d']?['ListItemAllFields']?['Id']})/breakroleinheritance(copyRoleAssignments=false,clearSubscopes=true)"
                        },
                        "authentication": "@parameters('$authentication')"
                      }
                    },
                    "Remove_Permission_In_Request_Draft": {
                      "runAfter": {
                        "Request_Draft_Break_Role_Inheritance_2": [
                          "Succeeded"
                        ]
                      },
                      "metadata": {
                        "operationMetadataId": "2347e0ce-3587-48be-b32a-ab0521ab9458"
                      },
                      "type": "OpenApiConnection",
                      "inputs": {
                        "host": {
                          "connectionName": "shared_sharepointonline_16",
                          "operationId": "HttpRequest",
                          "apiId": "/providers/Microsoft.PowerApps/apis/shared_sharepointonline"
                        },
                        "parameters": {
                          "dataset": "@parameters('SiteAddress(CL365) (hr365_SiteAddressCL365)')",
                          "parameters/method": "POST",
                          "parameters/uri": "/_api/web/lists/getbytitle('CLM365RequestDraft')/items(@{body('Get_Request_Draft_2')?['d']?['ListItemAllFields']?['Id']})/roleassignments/removeroleassignment(principalid=@{outputs('Remove_Delegatee_ID')},roledefid=@{variables('ContributeId')})"
                        },
                        "authentication": "@parameters('$authentication')"
                      }
                    },
                    "Remove_Permission_In_Task_Attachment": {
                      "runAfter": {
                        "Task_Attachment_Break_Role_Inheritance_2": [
                          "Succeeded"
                        ]
                      },
                      "metadata": {
                        "operationMetadataId": "2347e0ce-3587-48be-b32a-ab0521ab9458"
                      },
                      "type": "OpenApiConnection",
                      "inputs": {
                        "host": {
                          "connectionName": "shared_sharepointonline_19",
                          "operationId": "HttpRequest",
                          "apiId": "/providers/Microsoft.PowerApps/apis/shared_sharepointonline"
                        },
                        "parameters": {
                          "dataset": "@parameters('SiteAddress(CL365) (hr365_SiteAddressCL365)')",
                          "parameters/method": "POST",
                          "parameters/uri": "/_api/web/lists/getbytitle('CLM365TaskAttachment')/items(@{body('Get_Task_Attachment_2')?['d']?['ListItemAllFields']?['Id']})/roleassignments/removeroleassignment(principalid=@{outputs('Remove_Delegatee_ID')},roledefid=@{variables('ContributeId')})"
                        },
                        "authentication": "@parameters('$authentication')"
                      }
                    }
                  },
                  "runAfter": {},
                  "expression": {
                    "contains": [
                      "@items('All_DelegateePermission_Request_Items')?['DelegateePermissionId']?['results']",
                      "@outputs('Remove_Delegatee_ID')"
                    ]
                  },
                  "metadata": {
                    "operationMetadataId": "62e75b03-82f8-4915-82fe-05ccf6f16b28"
                  },
                  "type": "If"
                }
              },
              "runAfter": {
                "Remove_Delegatee_ID": [
                  "Succeeded"
                ]
              },
              "metadata": {
                "operationMetadataId": "77068864-69cc-442f-b8b5-dbac60fa9a10"
              },
              "type": "Foreach"
            },
            "Remove_Delegatee_ID": {
              "runAfter": {},
              "metadata": {
                "operationMetadataId": "d36cd76a-7059-4e89-82b9-a02b6a491b08"
              },
              "type": "Compose",
              "inputs": "@items('Remove_Request_Permission_to_Delegatee')?['Delegatee']?['userID']"
            },
            "Update_settings_Delegation": {
              "runAfter": {
                "Remove_from_Settings": [
                  "Succeeded"
                ]
              },
              "metadata": {
                "operationMetadataId": "f0036375-7de0-4d3b-9795-e22f170e5064"
              },
              "type": "SetVariable",
              "inputs": {
                "name": "All Settings Delegation",
                "value": "@body('Remove_from_Settings')"
              }
            },
            "Remove_from_Settings": {
              "runAfter": {
                "All_DelegateePermission_Request_Items": [
                  "Succeeded"
                ]
              },
              "metadata": {
                "operationMetadataId": "a7c63155-a781-4530-b288-7052f91386cb"
              },
              "type": "Query",
              "inputs": {
                "from": "@variables('All Settings Delegation')",
                "where": "@not(equals(item()?['Guid'], items('Remove_Request_Permission_to_Delegatee')?['Guid']))"
              }
            }
          },
          "runAfter": {
            "All_Delegation": [
              "Succeeded"
            ]
          },
          "metadata": {
            "operationMetadataId": "e5b85237-d089-403a-ae2b-0ee500f8e05a"
          },
          "type": "Foreach"
        },
        "Add_Request_Permission_to_Delegatee": {
          "foreach": "@variables('Add Delegation Permission')",
          "actions": {
            "Delegator_ID": {
              "runAfter": {},
              "metadata": {
                "operationMetadataId": "2280809d-62df-4338-a5ea-ebf675cb502f"
              },
              "type": "Compose",
              "inputs": "@items('Add_Request_Permission_to_Delegatee')?['Delegator']?['userID']"
            },
            "All_Request_Items": {
              "foreach": "@body('Get_All_Request_Items')?['d']?['results']",
              "actions": {
                "Delegator_present_in_ItemPermisson": {
                  "actions": {
                    "Set_Add_Deligatee": {
                      "runAfter": {},
                      "metadata": {
                        "operationMetadataId": "190f8ffb-0273-4cf1-bb88-a063a66770a8"
                      },
                      "type": "SetVariable",
                      "inputs": {
                        "name": "Add Deligatee",
                        "value": true
                      }
                    }
                  },
                  "runAfter": {},
                  "else": {
                    "actions": {
                      "Legal_Review_Stage": {
                        "actions": {
                          "Set_Add_Deligatee_2": {
                            "runAfter": {},
                            "metadata": {
                              "operationMetadataId": "190f8ffb-0273-4cf1-bb88-a063a66770a8"
                            },
                            "type": "SetVariable",
                            "inputs": {
                              "name": "Add Deligatee",
                              "value": true
                            }
                          }
                        },
                        "runAfter": {},
                        "expression": {
                          "and": [
                            {
                              "equals": [
                                "@items('All_Request_Items')?['Status']",
                                "Legal Review"
                              ]
                            },
                            {
                              "equals": [
                                "@body('Get_Admin_Users')?['d']?['results']?[0]?['SPUserId']",
                                "@outputs('Delegator_ID')"
                              ]
                            }
                          ]
                        },
                        "metadata": {
                          "operationMetadataId": "2e33f540-ccc5-4057-b090-1931b187f262"
                        },
                        "type": "If"
                      }
                    }
                  },
                  "expression": {
                    "or": [
                      {
                        "contains": [
                          "@items('All_Request_Items')?['AllTaskApproversId']?['results']",
                          "@outputs('Delegator_ID')"
                        ]
                      },
                      {
                        "equals": [
                          "@items('All_Request_Items')?['AuthorId']",
                          "@outputs('Delegator_ID')"
                        ]
                      }
                    ]
                  },
                  "metadata": {
                    "operationMetadataId": "62e75b03-82f8-4915-82fe-05ccf6f16b28"
                  },
                  "type": "If"
                },
                "Add_permission_to_Delegatee": {
                  "actions": {
                    "Give_Permission_to_Delegatee": {
                      "runAfter": {
                        "Break_Role_Inheritance": [
                          "Succeeded"
                        ]
                      },
                      "metadata": {
                        "operationMetadataId": "2347e0ce-3587-48be-b32a-ab0521ab9458"
                      },
                      "type": "OpenApiConnection",
                      "inputs": {
                        "host": {
                          "connectionName": "shared_sharepointonline_22",
                          "operationId": "HttpRequest",
                          "apiId": "/providers/Microsoft.PowerApps/apis/shared_sharepointonline"
                        },
                        "parameters": {
                          "dataset": "@parameters('SiteAddress(CL365) (hr365_SiteAddressCL365)')",
                          "parameters/method": "POST",
                          "parameters/uri": "/_api/web/lists/getbytitle('CLM365Request')/items(@{items('All_Request_Items')['Id']})/roleassignments/addroleassignment(principalid=@{outputs('Delegatee_ID')},roledefid=@{variables('ContributeID')})"
                        },
                        "authentication": "@parameters('$authentication')"
                      }
                    },
                    "Break_Role_Inheritance": {
                      "runAfter": {
                        "Update_Request_List_Delegation": [
                          "Succeeded"
                        ]
                      },
                      "metadata": {
                        "operationMetadataId": "4a5aecea-6d1f-4d89-9300-9d88239ca889"
                      },
                      "type": "OpenApiConnection",
                      "inputs": {
                        "host": {
                          "connectionName": "shared_sharepointonline_21",
                          "operationId": "HttpRequest",
                          "apiId": "/providers/Microsoft.PowerApps/apis/shared_sharepointonline"
                        },
                        "parameters": {
                          "dataset": "@parameters('SiteAddress(CL365) (hr365_SiteAddressCL365)')",
                          "parameters/method": "POST",
                          "parameters/uri": "_api/lists/getByTitle('CLM365Request')/items(@{items('All_Request_Items')['Id']})/breakroleinheritance(copyRoleAssignments=false,clearSubscopes=true)"
                        },
                        "authentication": "@parameters('$authentication')"
                      }
                    },
                    "Update_Request_List_Delegation": {
                      "runAfter": {
                        "Append_to_Request_DelegateePermission": [
                          "Succeeded"
                        ]
                      },
                      "metadata": {
                        "operationMetadataId": "15cb634d-078f-47c6-b037-74c239ab1359"
                      },
                      "type": "OpenApiConnection",
                      "inputs": {
                        "host": {
                          "connectionName": "shared_sharepointonline_20",
                          "operationId": "HttpRequest",
                          "apiId": "/providers/Microsoft.PowerApps/apis/shared_sharepointonline"
                        },
                        "parameters": {
                          "dataset": "@parameters('SiteAddress(CL365) (hr365_SiteAddressCL365)')",
                          "parameters/method": "POST",
                          "parameters/uri": "/_api/web/lists/getbytitle('CLM365Request')/items(@{items('All_Request_Items')['Id']})",
                          "parameters/headers": {
                            "Accept": "application/json;odata=verbose",
                            "Content-Type": "application/json;odata=verbose",
                            "IF-MATCH": "*",
                            "X-HTTP-Method": "PATCH"
                          },
                          "parameters/body": "{\n  \"__metadata\": {\n    \"type\": \"SP.Data.CLM365RequestListItem\"\n  },\n  \"DelegateePermissionId\": {\n    \"results\": @{variables('Request Delegatee Permission')}\n  }\n}"
                        },
                        "authentication": "@parameters('$authentication')"
                      }
                    },
                    "DelegationPermission_Already_exist": {
                      "actions": {
                        "Set_Request_Delegatee_Permission": {
                          "runAfter": {},
                          "metadata": {
                            "operationMetadataId": "3f26d720-ead6-4d29-875c-39c3884688ac"
                          },
                          "type": "SetVariable",
                          "inputs": {
                            "name": "Request Delegatee Permission",
                            "value": "@items('All_Request_Items')?['DelegateePermissionId']?['results']"
                          }
                        }
                      },
                      "runAfter": {},
                      "else": {
                        "actions": {
                          "Set_Request_Empty_Delgatee_Permission_": {
                            "runAfter": {},
                            "metadata": {
                              "operationMetadataId": "9354ce98-7ec8-49d8-8802-26ff26500d61"
                            },
                            "type": "SetVariable",
                            "inputs": {
                              "name": "Request Delegatee Permission",
                              "value": []
                            }
                          }
                        }
                      },
                      "expression": {
                        "not": {
                          "equals": [
                            "@items('All_Request_Items')?['DelegateePermissionId']",
                            "@null"
                          ]
                        }
                      },
                      "metadata": {
                        "operationMetadataId": "a02f197e-3259-4024-aea7-9049848a2f9b"
                      },
                      "type": "If"
                    },
                    "Append_to_Request_DelegateePermission": {
                      "runAfter": {
                        "DelegationPermission_Already_exist": [
                          "Succeeded"
                        ]
                      },
                      "metadata": {
                        "operationMetadataId": "0c705734-ff11-4158-9bc2-71dd96f76e1c"
                      },
                      "type": "AppendToArrayVariable",
                      "inputs": {
                        "name": "Request Delegatee Permission",
                        "value": "@outputs('Delegatee_ID')"
                      }
                    },
                    "Get_Request_Draft": {
                      "runAfter": {
                        "Give_Permission_to_Delegatee": [
                          "Succeeded"
                        ]
                      },
                      "metadata": {
                        "operationMetadataId": "aa68937b-abf9-4b2d-9c19-740e0c7ed73b"
                      },
                      "type": "OpenApiConnection",
                      "inputs": {
                        "host": {
                          "connectionName": "shared_sharepointonline_23",
                          "operationId": "HttpRequest",
                          "apiId": "/providers/Microsoft.PowerApps/apis/shared_sharepointonline"
                        },
                        "parameters": {
                          "dataset": "@parameters('SiteAddress(CL365) (hr365_SiteAddressCL365)')",
                          "parameters/method": "GET",
                          "parameters/uri": "_api/web/getFolderByServerRelativeUrl('CLM365RequestDraft')/files('@{items('All_Request_Items')['File_Name']}')?$expand=ListItemAllFields",
                          "parameters/headers": {
                            "accept": "application/json;odata=verbose",
                            "content-type": "application/json;odata=verbose"
                          }
                        },
                        "authentication": "@parameters('$authentication')"
                      }
                    },
                    "Request_Draft_Break_Role_Inheritance": {
                      "runAfter": {
                        "Get_Request_Draft": [
                          "Succeeded"
                        ]
                      },
                      "metadata": {
                        "operationMetadataId": "e1466377-b344-4ccf-9a12-b66b65d55577"
                      },
                      "type": "OpenApiConnection",
                      "inputs": {
                        "host": {
                          "connectionName": "shared_sharepointonline_24",
                          "operationId": "HttpRequest",
                          "apiId": "/providers/Microsoft.PowerApps/apis/shared_sharepointonline"
                        },
                        "parameters": {
                          "dataset": "@parameters('SiteAddress(CL365) (hr365_SiteAddressCL365)')",
                          "parameters/method": "POST",
                          "parameters/uri": "_api/lists/getByTitle('CLM365RequestDraft')/items(@{body('Get_Request_Draft')?['d']?['ListItemAllFields']?['Id']})/breakroleinheritance(copyRoleAssignments=false,clearSubscopes=true)"
                        },
                        "authentication": "@parameters('$authentication')"
                      }
                    },
                    "Get_Task_Attachment": {
                      "runAfter": {
                        "Give_Permission_Request_Draft": [
                          "Succeeded"
                        ]
                      },
                      "metadata": {
                        "operationMetadataId": "22a6be1f-0025-4203-aa54-6b4089da7fc2"
                      },
                      "type": "OpenApiConnection",
                      "inputs": {
                        "host": {
                          "connectionName": "shared_sharepointonline_26",
                          "operationId": "HttpRequest",
                          "apiId": "/providers/Microsoft.PowerApps/apis/shared_sharepointonline"
                        },
                        "parameters": {
                          "dataset": "@parameters('SiteAddress(CL365) (hr365_SiteAddressCL365)')",
                          "parameters/method": "GET",
                          "parameters/uri": "_api/web/getFolderByServerRelativeUrl('CLM365TaskAttachment')/folders('@{items('All_Request_Items')['Guid_ID']}')?$expand=ListItemAllFields"
                        },
                        "authentication": "@parameters('$authentication')"
                      }
                    },
                    "Task_Attachment_Break_Role_Inheritance": {
                      "runAfter": {
                        "Get_Task_Attachment": [
                          "Succeeded"
                        ]
                      },
                      "metadata": {
                        "operationMetadataId": "e1466377-b344-4ccf-9a12-b66b65d55577"
                      },
                      "type": "OpenApiConnection",
                      "inputs": {
                        "host": {
                          "connectionName": "shared_sharepointonline_27",
                          "operationId": "HttpRequest",
                          "apiId": "/providers/Microsoft.PowerApps/apis/shared_sharepointonline"
                        },
                        "parameters": {
                          "dataset": "@parameters('SiteAddress(CL365) (hr365_SiteAddressCL365)')",
                          "parameters/method": "POST",
                          "parameters/uri": "_api/lists/getByTitle('CLM365TaskAttachment')/items(@{body('Get_Task_Attachment')?['d']?['ListItemAllFields']?['Id']})/breakroleinheritance(copyRoleAssignments=false,clearSubscopes=true)"
                        },
                        "authentication": "@parameters('$authentication')"
                      }
                    },
                    "Give_Permission_Request_Draft": {
                      "runAfter": {
                        "Request_Draft_Break_Role_Inheritance": [
                          "Succeeded"
                        ]
                      },
                      "metadata": {
                        "operationMetadataId": "c8f3d74e-ffc1-450b-aa54-704fe49904ba"
                      },
                      "type": "OpenApiConnection",
                      "inputs": {
                        "host": {
                          "connectionName": "shared_sharepointonline_25",
                          "operationId": "HttpRequest",
                          "apiId": "/providers/Microsoft.PowerApps/apis/shared_sharepointonline"
                        },
                        "parameters": {
                          "dataset": "@parameters('SiteAddress(CL365) (hr365_SiteAddressCL365)')",
                          "parameters/method": "POST",
                          "parameters/uri": "_api/lists/getByTitle('CLM365RequestDraft')/items(@{body('Get_Request_Draft')?['d']?['ListItemAllFields']?['Id']})/roleassignments/addroleassignment(principalid=@{outputs('Delegatee_ID')},roledefid=@{variables('ContributeID')})"
                        },
                        "authentication": "@parameters('$authentication')"
                      }
                    },
                    "Give_Permission_to_Task_Attachment": {
                      "runAfter": {
                        "Task_Attachment_Break_Role_Inheritance": [
                          "Succeeded"
                        ]
                      },
                      "metadata": {
                        "operationMetadataId": "ac80ae5f-eb2e-422a-8d62-2c5776c1274a"
                      },
                      "type": "OpenApiConnection",
                      "inputs": {
                        "host": {
                          "connectionName": "shared_sharepointonline_28",
                          "operationId": "HttpRequest",
                          "apiId": "/providers/Microsoft.PowerApps/apis/shared_sharepointonline"
                        },
                        "parameters": {
                          "dataset": "@parameters('SiteAddress(CL365) (hr365_SiteAddressCL365)')",
                          "parameters/method": "POST",
                          "parameters/uri": "_api/lists/getByTitle('CLM365TaskAttachment')/items(@{body('Get_Task_Attachment')?['d']?['ListItemAllFields']?['Id']})/roleassignments/addroleassignment(principalid=@{outputs('Delegatee_ID')},roledefid=@{variables('ContributeID')})"
                        },
                        "authentication": "@parameters('$authentication')"
                      }
                    }
                  },
                  "runAfter": {
                    "Delegator_present_in_ItemPermisson": [
                      "Succeeded"
                    ]
                  },
                  "expression": {
                    "equals": [
                      "@variables('Add Deligatee')",
                      true
                    ]
                  },
                  "metadata": {
                    "operationMetadataId": "a00a4c39-ae59-49c4-81c5-5d1aab9a7ace"
                  },
                  "type": "If"
                }
              },
              "runAfter": {
                "Delegatee_ID": [
                  "Succeeded"
                ]
              },
              "metadata": {
                "operationMetadataId": "77068864-69cc-442f-b8b5-dbac60fa9a10"
              },
              "type": "Foreach"
            },
            "Delegatee_ID": {
              "runAfter": {
                "Delegator_ID": [
                  "Succeeded"
                ]
              },
              "metadata": {
                "operationMetadataId": "d36cd76a-7059-4e89-82b9-a02b6a491b08"
              },
              "type": "Compose",
              "inputs": "@items('Add_Request_Permission_to_Delegatee')?['Delegatee']?['userID']"
            },
            "Send_an_email_(V2)": {
              "runAfter": {
                "All_Request_Items": [
                  "Succeeded",
                  "Failed"
                ]
              },
              "metadata": {
                "operationMetadataId": "c71a6643-bd80-48dd-8a76-fdee7d4761c1"
              },
              "type": "OpenApiConnection",
              "inputs": {
                "host": {
                  "connectionName": "shared_office365_1",
                  "operationId": "SendEmailV2",
                  "apiId": "/providers/Microsoft.PowerApps/apis/shared_office365"
                },
                "parameters": {
                  "emailMessage/To": "@items('Add_Request_Permission_to_Delegatee')?['Delegatee']?['userEmail']",
                  "emailMessage/Subject": "Tasks for @{items('Add_Request_Permission_to_Delegatee')?['Delegator']?['username']} have been delegated to @{items('Add_Request_Permission_to_Delegatee')?['Delegatee']?['username']} starting from @{outputs('Today')}.",
                  "emailMessage/Body": "<p>Hi @{items('Add_Request_Permission_to_Delegatee')?['Delegatee']?['username']},<br>\n&nbsp;&nbsp;&nbsp;The tasks of @{items('Add_Request_Permission_to_Delegatee')?['Delegator']?['username']} have been delegated to @{items('Add_Request_Permission_to_Delegatee')?['Delegatee']?['username']} from @{items('Add_Request_Permission_to_Delegatee')?['StartDate']} to @{items('Add_Request_Permission_to_Delegatee')?['EndDate']}.<br>\nDuring this period, you will have full access to requests and contracts, and you will be authorized to approve or reject tasks.<br>\n<br>\nBest regards,<br>\nCLM 365 - Contract Management</p>",
                  "emailMessage/Cc": "@items('Add_Request_Permission_to_Delegatee')?['Delegator']?['userEmail']",
                  "emailMessage/Importance": "Normal"
                },
                "authentication": "@parameters('$authentication')"
              }
            }
          },
          "runAfter": {
            "Update_Delegation_to_Settings": [
              "Succeeded"
            ]
          },
          "metadata": {
            "operationMetadataId": "e5b85237-d089-403a-ae2b-0ee500f8e05a"
          },
          "type": "Foreach"
        },
        "Get_Admin_Users": {
          "runAfter": {
            "Get_Delegation_from_Settings": [
              "Succeeded"
            ]
          },
          "metadata": {
            "operationMetadataId": "eb097bfb-e752-43e5-b85b-b089bbb1e6ce"
          },
          "type": "OpenApiConnection",
          "inputs": {
            "host": {
              "connectionName": "shared_sharepointonline_7",
              "operationId": "HttpRequest",
              "apiId": "/providers/Microsoft.PowerApps/apis/shared_sharepointonline"
            },
            "parameters": {
              "dataset": "@parameters('SiteAddress(CL365) (hr365_SiteAddressCL365)')",
              "parameters/method": "GET",
              "parameters/uri": "_api/web/lists/getbytitle('CLM365Users')/items?$select=*&$filter=Role eq 'Admin' and UserStatus eq 'Active'",
              "parameters/headers": {
                "Accept": "application/json;odata=verbose",
                "Content-Type": "application/json"
              }
            },
            "authentication": "@parameters('$authentication')"
          }
        },
        "Yesterday": {
          "runAfter": {
            "Today": [
              "Succeeded"
            ]
          },
          "metadata": {
            "operationMetadataId": "a8afcbea-cf7d-43ea-a7ee-bb0656842951"
          },
          "type": "Compose",
          "inputs": "@formatDateTime(addDays(utcNow(), -1), 'MM/dd/yyyy')"
        },
        "Get_Delegation_from_Settings": {
          "runAfter": {
            "All_Settings_Delegation": [
              "Succeeded"
            ]
          },
          "metadata": {
            "operationMetadataId": "6d9a7be7-b745-4d10-a559-436d0ff8e961"
          },
          "type": "OpenApiConnection",
          "inputs": {
            "host": {
              "connectionName": "shared_sharepointonline_3",
              "operationId": "HttpRequest",
              "apiId": "/providers/Microsoft.PowerApps/apis/shared_sharepointonline"
            },
            "parameters": {
              "dataset": "@parameters('SiteAddress(CL365) (hr365_SiteAddressCL365)')",
              "parameters/method": "GET",
              "parameters/uri": "_api/web/lists/getbytitle('CLM365Settings')/items",
              "parameters/headers": {
                "Accept": "application/json;odata=verbose",
                "Content-Type": "application/json"
              }
            },
            "authentication": "@parameters('$authentication')"
          }
        },
        "Add_Delegation_Permission": {
          "runAfter": {
            "Request_Delegatee_Permission": [
              "Succeeded"
            ]
          },
          "metadata": {
            "operationMetadataId": "9d509459-9590-4bc9-9978-165db67e249e"
          },
          "type": "InitializeVariable",
          "inputs": {
            "variables": [
              {
                "name": "Add Delegation Permission",
                "type": "array",
                "value": []
              }
            ]
          }
        },
        "Delete_Delegation_Permission": {
          "runAfter": {
            "Add_Delegation_Permission": [
              "Succeeded"
            ]
          },
          "metadata": {
            "operationMetadataId": "829db7ad-94e7-4c35-a808-4e8550a63b91"
          },
          "type": "InitializeVariable",
          "inputs": {
            "variables": [
              {
                "name": "Delete Delegation Permission",
                "type": "array",
                "value": []
              }
            ]
          }
        },
        "Delegation": {
          "runAfter": {
            "Contribute_Id": [
              "Succeeded"
            ]
          },
          "metadata": {
            "operationMetadataId": "bc7ebe08-88b9-4166-9706-dd3a17d6383c"
          },
          "type": "Compose",
          "inputs": "@json(coalesce(body('Get_Delegation_from_Settings')?['d']?['results']?[0]?['Delegation'], '[]'))"
        },
        "Active_Delegation": {
          "runAfter": {
            "Set_All_Settings_Delegation": [
              "Succeeded"
            ]
          },
          "metadata": {
            "operationMetadataId": "c31312e4-7ac9-4c6d-86aa-6f7036327739"
          },
          "type": "Query",
          "inputs": {
            "from": "@outputs('Delegation')",
            "where": "@equals(item()?['Status'], 'Active')"
          }
        },
        "All_Delegation": {
          "foreach": "@body('Active_Delegation')",
          "actions": {
            "Add_Delegate_Permission_Satisfied": {
              "actions": {
                "Append_to_Add_Delegation_Permission": {
                  "runAfter": {},
                  "metadata": {
                    "operationMetadataId": "dbcbe143-ec59-4b3d-a5d4-3aee4b038310"
                  },
                  "type": "AppendToArrayVariable",
                  "inputs": {
                    "name": "Add Delegation Permission",
                    "value": "@items('All_Delegation')"
                  }
                }
              },
              "runAfter": {},
              "expression": {
                "equals": [
                  "@items('All_Delegation')?['StartDate']",
                  "@outputs('Today')"
                ]
              },
              "metadata": {
                "operationMetadataId": "3b9b6624-a10a-42cf-8942-7b3377e5351a"
              },
              "type": "If"
            },
            "Remove_Delegatee_Permission_Satisfied": {
              "actions": {
                "Append_to_array_variable": {
                  "runAfter": {},
                  "metadata": {
                    "operationMetadataId": "4a1b2e84-fbf2-4e77-8887-928f57800427"
                  },
                  "type": "AppendToArrayVariable",
                  "inputs": {
                    "name": "Delete Delegation Permission",
                    "value": "@items('All_Delegation')"
                  }
                }
              },
              "runAfter": {
                "Add_Delegate_Permission_Satisfied": [
                  "Succeeded"
                ]
              },
              "expression": {
                "equals": [
                  "@items('All_Delegation')?['EndDate']",
                  "@outputs('Yesterday')"
                ]
              },
              "metadata": {
                "operationMetadataId": "d5667f6c-873c-40e0-b364-c99dd57c38b1"
              },
              "type": "If"
            }
          },
          "runAfter": {
            "Active_Delegation": [
              "Succeeded"
            ]
          },
          "metadata": {
            "operationMetadataId": "286b6b47-5391-4395-8b87-114e64a48fbf"
          },
          "type": "Foreach"
        },
        "All_Settings_Delegation": {
          "runAfter": {
            "Delete_Delegation_Permission": [
              "Succeeded"
            ]
          },
          "metadata": {
            "operationMetadataId": "bd6a6b0f-b04f-475b-bb33-707dfe72ae2a"
          },
          "type": "InitializeVariable",
          "inputs": {
            "variables": [
              {
                "name": "All Settings Delegation",
                "type": "array",
                "value": []
              }
            ]
          }
        },
        "Set_All_Settings_Delegation": {
          "runAfter": {
            "Delegation": [
              "Succeeded"
            ]
          },
          "metadata": {
            "operationMetadataId": "4b473a0c-2441-44a6-8e7e-08fa20d7beb5"
          },
          "type": "SetVariable",
          "inputs": {
            "name": "All Settings Delegation",
            "value": "@outputs('Delegation')"
          }
        },
        "Update_Delegation_to_Settings": {
          "runAfter": {
            "Remove_Request_Permission_to_Delegatee": [
              "Succeeded"
            ]
          },
          "metadata": {
            "operationMetadataId": "15cb634d-078f-47c6-b037-74c239ab1359"
          },
          "type": "OpenApiConnection",
          "inputs": {
            "host": {
              "connectionName": "shared_sharepointonline_4",
              "operationId": "HttpRequest",
              "apiId": "/providers/Microsoft.PowerApps/apis/shared_sharepointonline"
            },
            "parameters": {
              "dataset": "@parameters('SiteAddress(CL365) (hr365_SiteAddressCL365)')",
              "parameters/method": "POST",
              "parameters/uri": "/_api/web/lists/getbytitle('CLM365Settings')/items(@{body('Get_Delegation_from_Settings')?['d']?['results']?[0]?['ID']})",
              "parameters/headers": {
                "Accept": "application/json;odata=verbose",
                "Content-Type": "application/json;odata=verbose",
                "IF-MATCH": "*",
                "X-HTTP-Method": "PATCH"
              },
              "parameters/body": "{\n  \"__metadata\": {\n    \"type\": \"SP.Data.CLM365SettingsListItem\"\n  },\n  \"Delegation\": '@{string(variables('All Settings Delegation'))}',\n\"UpdateDelegation\":false\n}"
            },
            "authentication": "@parameters('$authentication')"
          }
        }
      }
    },
    "templateName": ""
  },
  "schemaVersion": "1.0.0.0"
}