{
  "properties": {
    "connectionReferences": {
      "shared_sharepointonline_5": {
        "runtimeSource": "embedded",
        "connection": {
          "connectionReferenceLogicalName": "hr365_sharedsharepointonline_8af09"
        },
        "api": {
          "name": "shared_sharepointonline"
        }
      },
      "shared_sharepointonline_4": {
        "runtimeSource": "embedded",
        "connection": {
          "connectionReferenceLogicalName": "new_sharedsharepointonline_b12e3"
        },
        "api": {
          "name": "shared_sharepointonline"
        }
      },
      "shared_sharepointonline_6": {
        "runtimeSource": "embedded",
        "connection": {
          "connectionReferenceLogicalName": "hr365_sharedsharepointonline_676d3"
        },
        "api": {
          "name": "shared_sharepointonline"
        }
      },
      "shared_sharepointonline_7": {
        "runtimeSource": "embedded",
        "connection": {
          "connectionReferenceLogicalName": "hr365_sharedsharepointonline_83ea6"
        },
        "api": {
          "name": "shared_sharepointonline"
        }
      },
      "shared_office365_2": {
        "runtimeSource": "embedded",
        "connection": {
          "connectionReferenceLogicalName": "hr365_sharedoffice365_a6e4b"
        },
        "api": {
          "name": "shared_office365"
        }
      },
      "shared_office365_1": {
        "runtimeSource": "embedded",
        "connection": {
          "connectionReferenceLogicalName": "hr365_sharedoffice365_eb98a"
        },
        "api": {
          "name": "shared_office365"
        }
      },
      "shared_sharepointonline_2": {
        "runtimeSource": "embedded",
        "connection": {
          "connectionReferenceLogicalName": "hr365_sharedsharepointonline_873c2"
        },
        "api": {
          "name": "shared_sharepointonline"
        }
      },
      "shared_sharepointonline": {
        "runtimeSource": "embedded",
        "connection": {
          "connectionReferenceLogicalName": "hr365_sharedsharepointonline_fca58"
        },
        "api": {
          "name": "shared_sharepointonline"
        }
      }
    },
    "definition": {
      "$schema": "https://schema.management.azure.com/providers/Microsoft.Logic/schemas/2016-06-01/workflowdefinition.json#",
      "contentVersion": "1.0.0.0",
      "parameters": {
        "$connections": {
          "defaultValue": {},
          "type": "Object"
        },
        "$authentication": {
          "defaultValue": {},
          "type": "SecureObject"
        },
        "SiteAddress(CL365) (hr365_SiteAddressCL365)": {
          "defaultValue": "https://xzm41.sharepoint.com/sites/CLM365_15Oct25",
          "type": "String",
          "metadata": {
            "schemaName": "hr365_SiteAddressCL365"
          }
        }
      },
      "triggers": {
        "Get_list_call": {
          "recurrence": {
            "interval": 1,
            "frequency": "Minute"
          },
          "splitOn": "@triggerOutputs()?['body/value']",
          "metadata": {
            "operationMetadataId": "61a100a8-6f06-4678-8359-db4fd926c20f"
          },
          "type": "OpenApiConnection",
          "inputs": {
            "host": {
              "connectionName": "shared_sharepointonline",
              "operationId": "GetOnUpdatedItems",
              "apiId": "/providers/Microsoft.PowerApps/apis/shared_sharepointonline"
            },
            "parameters": {
              "dataset": "@parameters('SiteAddress(CL365) (hr365_SiteAddressCL365)')",
              "table": "CLM365Contract"
            },
            "authentication": "@parameters('$authentication')"
          }
        }
      },
      "actions": {
        "Item_Id": {
          "runAfter": {},
          "metadata": {
            "operationMetadataId": "f1bffed3-e0a4-43fe-9b96-ce607b5bfc18"
          },
          "type": "InitializeVariable",
          "inputs": {
            "variables": [
              {
                "name": "ItemID",
                "type": "string",
                "value": "@{triggerOutputs()?['body/ID']}"
              }
            ]
          }
        },
        "Site_Address": {
          "runAfter": {
            "Item_Id": [
              "Succeeded"
            ]
          },
          "metadata": {
            "operationMetadataId": "613c36c2-071b-4f21-9eca-2f41849d9c4c"
          },
          "type": "InitializeVariable",
          "inputs": {
            "variables": [
              {
                "name": "SiteAddress",
                "type": "string",
                "value": "@parameters('SiteAddress(CL365) (hr365_SiteAddressCL365)')"
              }
            ]
          }
        },
        "Initialize_variable": {
          "runAfter": {
            "Site_Address": [
              "Succeeded"
            ]
          },
          "metadata": {
            "operationMetadataId": "3e2806e2-6b14-4a7d-aae6-ca6f575f8a0f"
          },
          "type": "InitializeVariable",
          "inputs": {
            "variables": [
              {
                "name": "AllTaskApproversArray",
                "type": "array"
              }
            ]
          }
        },
        "ContributeID": {
          "runAfter": {
            "Get_Contribute_call": [
              "Succeeded"
            ]
          },
          "metadata": {
            "operationMetadataId": "932effb6-d84b-4bc5-b1a1-9d1f66589aff"
          },
          "type": "InitializeVariable",
          "inputs": {
            "variables": [
              {
                "name": "ContributeID",
                "type": "string",
                "value": "@{body('Get_Contribute_call')['d']['Id']}"
              }
            ]
          }
        },
        "App_Admins": {
          "runAfter": {
            "Initialize_variable_3": [
              "Succeeded"
            ]
          },
          "metadata": {
            "operationMetadataId": "a51e368b-11f4-4e0a-8e87-07203a1cd189"
          },
          "type": "InitializeVariable",
          "inputs": {
            "variables": [
              {
                "name": "AppAdmins",
                "type": "array"
              }
            ]
          }
        },
        "Get_App_Users": {
          "runAfter": {
            "Compose_2": [
              "Succeeded"
            ]
          },
          "metadata": {
            "operationMetadataId": "4abb95e9-f497-46a0-9c1f-09d23660ef2a"
          },
          "type": "OpenApiConnection",
          "inputs": {
            "host": {
              "connectionName": "shared_sharepointonline_5",
              "operationId": "HttpRequest",
              "apiId": "/providers/Microsoft.PowerApps/apis/shared_sharepointonline"
            },
            "parameters": {
              "dataset": "@variables('SiteAddress')",
              "parameters/method": "GET",
              "parameters/uri": "_api/web/lists/getbytitle('CLM365Users')/items?$select=*&$filter=UserStatus eq 'Active' and Role eq 'Admin'",
              "parameters/headers": {
                "Accept": "application/json;odata=verbose",
                "Content-Type": "application/json"
              }
            },
            "authentication": "@parameters('$authentication')"
          }
        },
        "Apply_to_each_User": {
          "foreach": "@body('Get_App_Users')['d']['results']",
          "actions": {
            "Append_to_array_variable": {
              "runAfter": {},
              "metadata": {
                "operationMetadataId": "de7bf3d5-59e5-40e3-8a95-d2dfa040435b"
              },
              "type": "AppendToArrayVariable",
              "inputs": {
                "name": "AppAdmins",
                "value": "@items('Apply_to_each_User')['email']"
              }
            }
          },
          "runAfter": {
            "Get_App_Users": [
              "Succeeded"
            ]
          },
          "metadata": {
            "operationMetadataId": "496e1ab2-032d-46a0-b072-d9212b3d4999"
          },
          "type": "Foreach"
        },
        "Scope_Try_Permission_Call": {
          "actions": {
            "Get_Item_Permission_call": {
              "runAfter": {},
              "metadata": {
                "operationMetadataId": "f8f27949-53ba-4835-94d8-35fa5b284d01"
              },
              "type": "OpenApiConnection",
              "inputs": {
                "host": {
                  "connectionName": "shared_sharepointonline_4",
                  "operationId": "HttpRequest",
                  "apiId": "/providers/Microsoft.PowerApps/apis/shared_sharepointonline"
                },
                "parameters": {
                  "dataset": "@variables('SiteAddress')",
                  "parameters/method": "GET",
                  "parameters/uri": "_api/web/lists/getbytitle('CLM365Contract')/items?$select=ID,AllTaskApprovers/ID,Legal_User/ID,Contract_Owner/ID,Author/ID,Share_With_Others/ID&$expand=AllTaskApprovers,Legal_User,Contract_Owner,Author,Share_With_Others&$filter=ID eq @{triggerOutputs()?['body/ID']}'"
                },
                "authentication": "@parameters('$authentication')"
              }
            },
            "Compose": {
              "runAfter": {
                "Get_Item_Permission_call": [
                  "Succeeded"
                ]
              },
              "metadata": {
                "operationMetadataId": "7580d64f-dcac-40e4-a0a5-f86de58c580b"
              },
              "type": "Compose",
              "inputs": "@body('Get_Item_Permission_call')"
            },
            "Send_an_HTTP_request_to_SharePoint": {
              "runAfter": {
                "Compose": [
                  "Succeeded"
                ]
              },
              "metadata": {
                "operationMetadataId": "b1a545ab-48d8-41f7-b156-cce0d4c3be8a"
              },
              "type": "OpenApiConnection",
              "inputs": {
                "host": {
                  "connectionName": "shared_sharepointonline_6",
                  "operationId": "HttpRequest",
                  "apiId": "/providers/Microsoft.PowerApps/apis/shared_sharepointonline"
                },
                "parameters": {
                  "dataset": "@variables('SiteAddress')",
                  "parameters/method": "POST",
                  "parameters/uri": "_api/lists/getByTitle('CLM365Contract')/items(@{triggerOutputs()?['body/ID']})/breakroleinheritance(copyRoleAssignments=false,clearSubscopes=true)"
                },
                "authentication": "@parameters('$authentication')"
              }
            },
            "Apply_to_each": {
              "foreach": "@variables('AllUserForPermission')",
              "actions": {
                "Scope_Try_ForEach": {
                  "actions": {
                    "Send_an_HTTP_request_to_SharePoint_CLM365Contract": {
                      "runAfter": {},
                      "metadata": {
                        "operationMetadataId": "b5a87f01-c7c0-4c1f-a0ae-157579c6f4a0"
                      },
                      "type": "OpenApiConnection",
                      "inputs": {
                        "host": {
                          "connectionName": "shared_sharepointonline_7",
                          "operationId": "HttpRequest",
                          "apiId": "/providers/Microsoft.PowerApps/apis/shared_sharepointonline"
                        },
                        "parameters": {
                          "dataset": "@variables('SiteAddress')",
                          "parameters/method": "POST",
                          "parameters/uri": "_api/lists/getByTitle('CLM365Contract')/items(@{triggerOutputs()?['body/ID']})/roleassignments/addroleassignment(principalid=@{items('Apply_to_each')?['Id']},roledefid=1073741827)"
                        },
                        "authentication": "@parameters('$authentication')"
                      }
                    }
                  },
                  "runAfter": {},
                  "metadata": {
                    "operationMetadataId": "028f88eb-7be9-4021-b193-1d98bc33133c"
                  },
                  "type": "Scope"
                },
                "Scope_Catch_ForEach": {
                  "actions": {
                    "Send_an_emails_for_admins": {
                      "runAfter": {},
                      "metadata": {
                        "operationMetadataId": "4aabb221-1a75-458f-89c7-d4cc8ea0ca6a"
                      },
                      "type": "OpenApiConnection",
                      "inputs": {
                        "host": {
                          "connectionName": "shared_office365_2",
                          "operationId": "SendEmailV2",
                          "apiId": "/providers/Microsoft.PowerApps/apis/shared_office365"
                        },
                        "parameters": {
                          "emailMessage/To": "@join(variables('AppAdmins'), ', ')",
                          "emailMessage/Subject": "Something went wrong",
                          "emailMessage/Body": "<p>An error occurred in HR365 - CLM Contract Item Permission</p>",
                          "emailMessage/Importance": "Normal"
                        },
                        "authentication": "@parameters('$authentication')"
                      }
                    }
                  },
                  "runAfter": {
                    "Scope_Try_ForEach": [
                      "Failed",
                      "TimedOut"
                    ]
                  },
                  "metadata": {
                    "operationMetadataId": "0610e250-86d5-4d9d-baa2-d9b679f1b988"
                  },
                  "type": "Scope"
                }
              },
              "runAfter": {
                "Set_variable_3": [
                  "Succeeded"
                ]
              },
              "metadata": {
                "operationMetadataId": "d4fe34a4-3082-4b6b-acf4-3c2e83af0b89"
              },
              "type": "Foreach"
            },
            "Append_to_array_variable_2": {
              "runAfter": {
                "Set_variable_2": [
                  "Succeeded"
                ]
              },
              "metadata": {
                "operationMetadataId": "49adb413-8cc4-4728-be41-6de2ce02759a"
              },
              "type": "AppendToArrayVariable",
              "inputs": {
                "name": "AllTaskApproversArray",
                "value": {
                  "key": "Contract Owner",
                  "Id": "@outputs('Get_Item_Permission_call')?['body']?['d']?['results']?[0]?['Contract_Owner']?['ID']"
                }
              }
            },
            "Append_to_array_variable_3": {
              "runAfter": {
                "Append_to_array_variable_2": [
                  "Succeeded"
                ]
              },
              "metadata": {
                "operationMetadataId": "f78f1f0f-e37f-44b5-b494-9497ee98eb80"
              },
              "type": "AppendToArrayVariable",
              "inputs": {
                "name": "AllTaskApproversArray",
                "value": {
                  "key": "Requester",
                  "Id": "@outputs('Get_Item_Permission_call')?['body']?['d']?['results']?[0]?['Author']?['ID']"
                }
              }
            },
            "Set_variable": {
              "runAfter": {
                "Send_an_HTTP_request_to_SharePoint": [
                  "Succeeded"
                ]
              },
              "metadata": {
                "operationMetadataId": "96711525-5cb7-4c61-8ed2-f589171d58ca"
              },
              "type": "SetVariable",
              "inputs": {
                "name": "ShareWithOthersArray",
                "value": "@coalesce(outputs('Get_Item_Permission_call')?['body']?['d']?['results']?[0]?['Share_With_Others']?['results'], json('[]'))"
              }
            },
            "Set_variable_2": {
              "runAfter": {
                "Set_variable": [
                  "Succeeded"
                ]
              },
              "metadata": {
                "operationMetadataId": "9d452631-a91c-4712-b90e-8b6b020f39dc"
              },
              "type": "SetVariable",
              "inputs": {
                "name": "AllTaskApproversArray",
                "value": "@coalesce(outputs('Get_Item_Permission_call')?['body']?['d']?['results']?[0]?['Share_With_Others']?['results'], json('[]'))"
              }
            },
            "Set_variable_3": {
              "runAfter": {
                "Append_to_array_variable_3": [
                  "Succeeded"
                ]
              },
              "metadata": {
                "operationMetadataId": "3f99dc47-dea5-4806-89be-2bb7ffb96606"
              },
              "type": "SetVariable",
              "inputs": {
                "name": "AllUserForPermission",
                "value": "@union(variables('ShareWithOthersArray'), variables('AllTaskApproversArray'))\r\n"
              }
            }
          },
          "runAfter": {
            "ContributeID": [
              "Succeeded"
            ]
          },
          "metadata": {
            "operationMetadataId": "8915ef08-4aac-41af-a46e-4175b1460418"
          },
          "type": "Scope"
        },
        "Scope_Catch_Permission_Call": {
          "actions": {
            "Send_an_email_to_admins": {
              "runAfter": {},
              "metadata": {
                "operationMetadataId": "b71ec16e-2237-44cc-a85f-8ecfa41f4ba2"
              },
              "type": "OpenApiConnection",
              "inputs": {
                "host": {
                  "connectionName": "shared_office365_1",
                  "operationId": "SendEmailV2",
                  "apiId": "/providers/Microsoft.PowerApps/apis/shared_office365"
                },
                "parameters": {
                  "emailMessage/To": "@join(variables('AppAdmins'),', ')",
                  "emailMessage/Subject": "Something went wrong",
                  "emailMessage/Body": "<p>An error occurred in HR365 - CLM Contract Item Permission</p>",
                  "emailMessage/Importance": "Normal"
                },
                "authentication": "@parameters('$authentication')"
              }
            }
          },
          "runAfter": {
            "Scope_Try_Permission_Call": [
              "Failed",
              "TimedOut"
            ]
          },
          "metadata": {
            "operationMetadataId": "a6b5e39c-c805-437a-a155-fe65047401ab"
          },
          "type": "Scope"
        },
        "Get_Contribute_call": {
          "runAfter": {
            "Apply_to_each_User": [
              "Succeeded"
            ]
          },
          "metadata": {
            "operationMetadataId": "bf3c9faa-6e19-4d04-9b91-cfb1db8edf04"
          },
          "type": "OpenApiConnection",
          "inputs": {
            "host": {
              "connectionName": "shared_sharepointonline_2",
              "operationId": "HttpRequest",
              "apiId": "/providers/Microsoft.PowerApps/apis/shared_sharepointonline"
            },
            "parameters": {
              "dataset": "@variables('SiteAddress')",
              "parameters/method": "GET",
              "parameters/uri": "/_api/web/roledefinitions/getbyname('Contribute')"
            },
            "authentication": "@parameters('$authentication')"
          }
        },
        "Compose_2": {
          "runAfter": {
            "App_Admins": [
              "Succeeded"
            ]
          },
          "metadata": {
            "operationMetadataId": "c56dfeaa-b6bb-4dba-aaff-a900d682a60a"
          },
          "type": "Compose",
          "inputs": "@{triggerOutputs()?['body/Contract_Owner']}, @{triggerOutputs()?['body/Author']}"
        },
        "Initialize_variable_2": {
          "runAfter": {
            "Initialize_variable": [
              "Succeeded"
            ]
          },
          "metadata": {
            "operationMetadataId": "f0228e6f-2315-45a3-b5da-de9c9d3cceae"
          },
          "type": "InitializeVariable",
          "inputs": {
            "variables": [
              {
                "name": "ShareWithOthersArray",
                "type": "array"
              }
            ]
          }
        },
        "Initialize_variable_3": {
          "runAfter": {
            "Initialize_variable_2": [
              "Succeeded"
            ]
          },
          "metadata": {
            "operationMetadataId": "cadb0397-0997-4605-abc9-309fc6b2f418"
          },
          "type": "InitializeVariable",
          "inputs": {
            "variables": [
              {
                "name": "AllUserForPermission",
                "type": "array"
              }
            ]
          }
        }
      }
    },
    "templateName": ""
  },
  "schemaVersion": "1.0.0.0"
}