{
  "properties": {
    "connectionReferences": {
      "shared_sharepointonline_1": {
        "runtimeSource": "embedded",
        "connection": {
          "connectionReferenceLogicalName": "hr365_sharedsharepointonline_d8aa2"
        },
        "api": {
          "name": "shared_sharepointonline"
        }
      },
      "shared_office365_1": {
        "runtimeSource": "embedded",
        "connection": {
          "connectionReferenceLogicalName": "hr365_sharedoffice365_9e8f7"
        },
        "api": {
          "name": "shared_office365"
        }
      },
      "shared_sharepointonline_2": {
        "runtimeSource": "embedded",
        "connection": {
          "connectionReferenceLogicalName": "hr365_sharedsharepointonline_120ab"
        },
        "api": {
          "name": "shared_sharepointonline"
        }
      },
      "shared_sharepointonline_3": {
        "runtimeSource": "embedded",
        "connection": {
          "connectionReferenceLogicalName": "hr365_sharedsharepointonline_dc8dc"
        },
        "api": {
          "name": "shared_sharepointonline"
        }
      },
      "shared_office365_4": {
        "runtimeSource": "embedded",
        "connection": {
          "connectionReferenceLogicalName": "hr365_sharedoffice365_d9723"
        },
        "api": {
          "name": "shared_office365"
        }
      },
      "shared_office365_3": {
        "runtimeSource": "embedded",
        "connection": {
          "connectionReferenceLogicalName": "hr365_sharedoffice365_aaf1d"
        },
        "api": {
          "name": "shared_office365"
        }
      },
      "shared_office365_11": {
        "runtimeSource": "embedded",
        "connection": {
          "connectionReferenceLogicalName": "hr365_sharedoffice365_c349b"
        },
        "api": {
          "name": "shared_office365"
        }
      }
    },
    "definition": {
      "$schema": "https://schema.management.azure.com/providers/Microsoft.Logic/schemas/2016-06-01/workflowdefinition.json#",
      "contentVersion": "1.0.0.0",
      "parameters": {
        "$connections": {
          "defaultValue": {},
          "type": "Object"
        },
        "$authentication": {
          "defaultValue": {},
          "type": "SecureObject"
        },
        "SiteAddress(CL365) (hr365_SiteAddressCL365)": {
          "defaultValue": "https://clayfly.sharepoint.com/sites/CLM365-Cubic",
          "type": "String",
          "metadata": {
            "schemaName": "hr365_SiteAddressCL365"
          }
        }
      },
      "triggers": {
        "Recurrence": {
          "recurrence": {
            "frequency": "Day",
            "interval": 1,
            "startTime": "2023-07-06T03:30:00Z"
          },
          "metadata": {
            "operationMetadataId": "fa3ea3d0-3708-4f3d-b6dc-0da378494b33"
          },
          "type": "Recurrence"
        }
      },
      "actions": {
        "Due_Days": {
          "runAfter": {},
          "metadata": {
            "operationMetadataId": "d10e8bc5-6f73-47b5-9a84-9793339cc9f5"
          },
          "type": "InitializeVariable",
          "inputs": {
            "variables": [
              {
                "name": "DueDays",
                "type": "integer",
                "value": -1
              }
            ]
          }
        },
        "Admin_Email_ID": {
          "runAfter": {
            "Due_Days": [
              "Succeeded"
            ]
          },
          "metadata": {
            "operationMetadataId": "73a4507e-d5c1-48ec-8926-6f7f15d26510"
          },
          "type": "InitializeVariable",
          "inputs": {
            "variables": [
              {
                "name": "Admin",
                "type": "array"
              }
            ]
          }
        },
        "Business_user_Email_ID": {
          "runAfter": {
            "Admin_Email_ID": [
              "Succeeded"
            ]
          },
          "metadata": {
            "operationMetadataId": "c1d1f264-00b5-4d54-87ef-13e470474dc5"
          },
          "type": "InitializeVariable",
          "inputs": {
            "variables": [
              {
                "name": "Bussiness User",
                "type": "string"
              }
            ]
          }
        },
        "CC_Email_ID": {
          "runAfter": {
            "Business_user_Email_ID": [
              "Succeeded"
            ]
          },
          "metadata": {
            "operationMetadataId": "f359da4c-2c2d-421d-9d30-64beab286a34"
          },
          "type": "InitializeVariable",
          "inputs": {
            "variables": [
              {
                "name": "CC Email ID",
                "type": "string"
              }
            ]
          }
        },
        "Replace_StartDate": {
          "runAfter": {
            "CC_Email_ID": [
              "Succeeded"
            ]
          },
          "metadata": {
            "operationMetadataId": "176dffe4-e036-4efc-b261-4d29e656e403"
          },
          "type": "InitializeVariable",
          "inputs": {
            "variables": [
              {
                "name": "StartDate",
                "type": "string",
                "value": "[Contract_Start_Date]"
              }
            ]
          }
        },
        "Replace_EndDate": {
          "runAfter": {
            "Replace_StartDate": [
              "Succeeded"
            ]
          },
          "metadata": {
            "operationMetadataId": "7bab7f63-a4f5-4d71-8afd-ec911c839d64"
          },
          "type": "InitializeVariable",
          "inputs": {
            "variables": [
              {
                "name": "EndDate",
                "type": "string",
                "value": "[Contract_End_Date]"
              }
            ]
          }
        },
        "ContractType": {
          "runAfter": {
            "Replace_EndDate": [
              "Succeeded"
            ]
          },
          "metadata": {
            "operationMetadataId": "1e0c28b4-3c55-4b65-b102-963a014c6f82"
          },
          "type": "InitializeVariable",
          "inputs": {
            "variables": [
              {
                "name": "ContractType",
                "type": "string"
              }
            ]
          }
        },
        "CounterpartyName": {
          "runAfter": {
            "ContractType": [
              "Succeeded"
            ]
          },
          "metadata": {
            "operationMetadataId": "71a2458f-8c89-46e8-9adb-90b4dee83afa"
          },
          "type": "InitializeVariable",
          "inputs": {
            "variables": [
              {
                "name": "CounterpartyName",
                "type": "string"
              }
            ]
          }
        },
        "Task_bussiness_user": {
          "runAfter": {
            "CounterpartyName": [
              "Succeeded"
            ]
          },
          "metadata": {
            "operationMetadataId": "06157906-fe91-46e1-99d7-c39c46a4a707"
          },
          "type": "InitializeVariable",
          "inputs": {
            "variables": [
              {
                "name": "Task bussiness user",
                "type": "string"
              }
            ]
          }
        },
        "Initialize_variable_9": {
          "runAfter": {
            "SendTo": [
              "Succeeded"
            ]
          },
          "metadata": {
            "operationMetadataId": "60c44824-bc30-4354-9d42-3dc073f44a06"
          },
          "type": "InitializeVariable",
          "inputs": {
            "variables": [
              {
                "name": "Replace",
                "type": "string"
              }
            ]
          }
        },
        "Initialize_variable_10": {
          "runAfter": {
            "ReplacePlaceholder": [
              "Succeeded"
            ]
          },
          "metadata": {
            "operationMetadataId": "181bd6e3-6cba-4b80-8196-d8156c397286"
          },
          "type": "InitializeVariable",
          "inputs": {
            "variables": [
              {
                "name": "ColumnName",
                "type": "string"
              }
            ]
          }
        },
        "EmailBody'": {
          "runAfter": {
            "Initialize_variable_10": [
              "Succeeded"
            ]
          },
          "metadata": {
            "operationMetadataId": "c37f8c45-dff4-4f46-b693-5bda109d241f"
          },
          "type": "InitializeVariable",
          "inputs": {
            "variables": [
              {
                "name": "EmailBody",
                "type": "string"
              }
            ]
          }
        },
        "ReplaceColumns": {
          "runAfter": {
            "Initialize_variable_9": [
              "Succeeded"
            ]
          },
          "metadata": {
            "operationMetadataId": "c924b625-5cba-462c-9137-4173cf00eebd"
          },
          "type": "InitializeVariable",
          "inputs": {
            "variables": [
              {
                "name": "ReplaceColumns",
                "type": "string"
              }
            ]
          }
        },
        "ReplacePlaceholder": {
          "runAfter": {
            "ReplaceColumns": [
              "Succeeded"
            ]
          },
          "metadata": {
            "operationMetadataId": "c65c9418-60b5-4f4a-90e6-25e80de48f51"
          },
          "type": "InitializeVariable",
          "inputs": {
            "variables": [
              {
                "name": "ReplacePlaceholder",
                "type": "string"
              }
            ]
          }
        },
        "ReplacedEmail": {
          "runAfter": {
            "EmailSubject": [
              "Succeeded"
            ]
          },
          "metadata": {
            "operationMetadataId": "0d695367-30d2-4cc3-a432-d3c7548ae2c1"
          },
          "type": "InitializeVariable",
          "inputs": {
            "variables": [
              {
                "name": "ReplacedEmail",
                "type": "string"
              }
            ]
          }
        },
        "TaskOwnerManager": {
          "runAfter": {
            "Task_bussiness_user": [
              "Succeeded"
            ]
          },
          "metadata": {
            "operationMetadataId": "702444b5-7096-4a1d-a198-5b44d259b6c2"
          },
          "type": "InitializeVariable",
          "inputs": {
            "variables": [
              {
                "name": "TaskOwnerManager",
                "type": "string"
              }
            ]
          }
        },
        "TaskOwner": {
          "runAfter": {
            "TaskOwnerManager": [
              "Succeeded"
            ]
          },
          "metadata": {
            "operationMetadataId": "7a2386d2-db01-4ae9-90b7-1c407c368e5c"
          },
          "type": "InitializeVariable",
          "inputs": {
            "variables": [
              {
                "name": "TaskOwner",
                "type": "string"
              }
            ]
          }
        },
        "SendTo": {
          "runAfter": {
            "TaskOwner": [
              "Succeeded"
            ]
          },
          "metadata": {
            "operationMetadataId": "aa142e14-3c99-4857-8e49-de550528951f"
          },
          "type": "InitializeVariable",
          "inputs": {
            "variables": [
              {
                "name": "SendTo",
                "type": "string"
              }
            ]
          }
        },
        "EmailSubject": {
          "runAfter": {
            "EmailBody'": [
              "Succeeded"
            ]
          },
          "metadata": {
            "operationMetadataId": "f10487e3-296d-4045-80a6-51de711fb8b1"
          },
          "type": "InitializeVariable",
          "inputs": {
            "variables": [
              {
                "name": "EmailSubject",
                "type": "string"
              }
            ]
          }
        },
        "ReplacedSubject": {
          "runAfter": {
            "ReplacedEmail": [
              "Succeeded"
            ]
          },
          "metadata": {
            "operationMetadataId": "18d3a5c2-8289-4be9-bef9-b69bd8da64ea"
          },
          "type": "InitializeVariable",
          "inputs": {
            "variables": [
              {
                "name": "ReplacedSubject",
                "type": "string"
              }
            ]
          }
        },
        "Get_users": {
          "runAfter": {
            "ReplacedSubject": [
              "Succeeded"
            ]
          },
          "metadata": {
            "operationMetadataId": "9cf1cc2d-4029-4d86-be48-bb187ab10bc5"
          },
          "type": "OpenApiConnection",
          "inputs": {
            "host": {
              "connectionName": "shared_sharepointonline_1",
              "operationId": "GetItems",
              "apiId": "/providers/Microsoft.PowerApps/apis/shared_sharepointonline"
            },
            "parameters": {
              "dataset": "@parameters('SiteAddress(CL365) (hr365_SiteAddressCL365)')",
              "table": "CLM365Users"
            },
            "authentication": "@parameters('$authentication')"
          }
        },
        "Filter_Admins": {
          "runAfter": {
            "Get_users": [
              "Succeeded"
            ]
          },
          "metadata": {
            "operationMetadataId": "863cb95d-bfc8-40d9-8f6f-e37181a834d6"
          },
          "type": "Query",
          "inputs": {
            "from": "@outputs('Get_users')?['body/value']",
            "where": "@equals(item()['Role'], 'Admin')"
          }
        },
        "Each_loop_on_admin_email_id": {
          "foreach": "@body('Filter_Admins')",
          "actions": {
            "Append_to_array_variable_2": {
              "runAfter": {},
              "metadata": {
                "operationMetadataId": "e6810fa6-b862-4bcb-83d0-b5e0a5d9de80"
              },
              "type": "AppendToArrayVariable",
              "inputs": {
                "name": "Admin",
                "value": "@items('Each_loop_on_admin_email_id')['email']"
              }
            }
          },
          "runAfter": {
            "Filter_Admins": [
              "Succeeded"
            ]
          },
          "metadata": {
            "operationMetadataId": "604a3fd6-9a2e-49e0-a6e2-6029c7ee717a"
          },
          "type": "Foreach"
        },
        "Admin_email": {
          "runAfter": {
            "Each_loop_on_admin_email_id": [
              "Succeeded"
            ]
          },
          "metadata": {
            "operationMetadataId": "811401ae-d174-4e38-91de-4a1119073416"
          },
          "type": "Compose",
          "inputs": "@join(variables('Admin'),';')"
        },
        "Scope_Catch": {
          "actions": {
            "Send_an_email_to_admins": {
              "runAfter": {},
              "metadata": {
                "operationMetadataId": "2f0fb6e5-57f9-403d-9511-dd234e64ec72"
              },
              "type": "OpenApiConnection",
              "inputs": {
                "host": {
                  "connectionName": "shared_office365_1",
                  "operationId": "SendEmailV2",
                  "apiId": "/providers/Microsoft.PowerApps/apis/shared_office365"
                },
                "parameters": {
                  "emailMessage/To": "@join(variables('Admin'),';')",
                  "emailMessage/Subject": "Some thing went wrong",
                  "emailMessage/Body": "<p>An error occurred in HR365 - CLM Task Expiry Notification</p>",
                  "emailMessage/Importance": "Normal"
                },
                "authentication": "@parameters('$authentication')"
              }
            }
          },
          "runAfter": {
            "Scope_Try": [
              "Failed",
              "Skipped",
              "TimedOut"
            ]
          },
          "metadata": {
            "operationMetadataId": "697952b6-2447-478b-8269-9f38fa1020d5"
          },
          "type": "Scope"
        },
        "Scope_Try": {
          "actions": {
            "Get_tasks": {
              "runAfter": {},
              "metadata": {
                "operationMetadataId": "77800ac2-8da1-48bc-ba5e-96cd56aee978"
              },
              "type": "OpenApiConnection",
              "inputs": {
                "host": {
                  "connectionName": "shared_sharepointonline_2",
                  "operationId": "GetItems",
                  "apiId": "/providers/Microsoft.PowerApps/apis/shared_sharepointonline"
                },
                "parameters": {
                  "dataset": "@parameters('SiteAddress(CL365) (hr365_SiteAddressCL365)')",
                  "table": "CLM365ContractTasks",
                  "$top": 5000
                },
                "authentication": "@parameters('$authentication')"
              }
            },
            "Get_Email_Template": {
              "runAfter": {
                "Get_tasks": [
                  "Succeeded"
                ]
              },
              "metadata": {
                "operationMetadataId": "e8b55c29-b492-444b-9fcd-594762a35595"
              },
              "type": "OpenApiConnection",
              "inputs": {
                "host": {
                  "connectionName": "shared_sharepointonline_1",
                  "operationId": "GetItems",
                  "apiId": "/providers/Microsoft.PowerApps/apis/shared_sharepointonline"
                },
                "parameters": {
                  "dataset": "@parameters('SiteAddress(CL365) (hr365_SiteAddressCL365)')",
                  "table": "CLM365General",
                  "$filter": "Title eq 'GeneralData'"
                },
                "authentication": "@parameters('$authentication')"
              }
            },
            "Get_columns_from_CLM365Contract": {
              "runAfter": {
                "Get_Email_Template": [
                  "Succeeded"
                ]
              },
              "metadata": {
                "operationMetadataId": "cfdcb975-af70-424f-acb5-99672e55a207"
              },
              "type": "OpenApiConnection",
              "inputs": {
                "host": {
                  "connectionName": "shared_sharepointonline_1",
                  "operationId": "HttpRequest",
                  "apiId": "/providers/Microsoft.PowerApps/apis/shared_sharepointonline"
                },
                "parameters": {
                  "dataset": "@parameters('SiteAddress(CL365) (hr365_SiteAddressCL365)')",
                  "parameters/method": "GET",
                  "parameters/uri": "_api/web/lists/getbytitle('CLM365Contract')/items?$select=*,Author/ID,Author/Name&$expand=Author",
                  "parameters/headers": {
                    "Accept": "application/json;odata=verbose",
                    "Content-Type": "application/json"
                  }
                },
                "authentication": "@parameters('$authentication')"
              }
            },
            "Get_columns_from_CLM365ContractTasks": {
              "runAfter": {
                "Get_columns_from_CLM365Contract": [
                  "Succeeded"
                ]
              },
              "metadata": {
                "operationMetadataId": "cfdcb975-af70-424f-acb5-99672e55a207"
              },
              "type": "OpenApiConnection",
              "inputs": {
                "host": {
                  "connectionName": "shared_sharepointonline_1",
                  "operationId": "HttpRequest",
                  "apiId": "/providers/Microsoft.PowerApps/apis/shared_sharepointonline"
                },
                "parameters": {
                  "dataset": "@parameters('SiteAddress(CL365) (hr365_SiteAddressCL365)')",
                  "parameters/method": "GET",
                  "parameters/uri": "_api/web/lists/getbytitle('CLM365ContractTasks')/items?$select=*,AssignedTo/ID,AssignedTo/Name&$expand=AssignedTo&$top=5000&$filter=Status ne 'Completed'",
                  "parameters/headers": {
                    "Accept": "application/json;odata=verbose",
                    "Content-Type": "application/json"
                  }
                },
                "authentication": "@parameters('$authentication')"
              }
            },
            "Get_fields_from_CLM365Contract_Tasks": {
              "runAfter": {
                "Get_columns_from_CLM365ContractTasks": [
                  "Succeeded"
                ]
              },
              "metadata": {
                "operationMetadataId": "cfdcb975-af70-424f-acb5-99672e55a207"
              },
              "type": "OpenApiConnection",
              "inputs": {
                "host": {
                  "connectionName": "shared_sharepointonline_3",
                  "operationId": "HttpRequest",
                  "apiId": "/providers/Microsoft.PowerApps/apis/shared_sharepointonline"
                },
                "parameters": {
                  "dataset": "@parameters('SiteAddress(CL365) (hr365_SiteAddressCL365)')",
                  "parameters/method": "GET",
                  "parameters/uri": "/_api/Web/Lists/GetByTitle('CLM365ContractTasks')/Fields",
                  "parameters/headers": {
                    "Accept": "application/json"
                  }
                },
                "authentication": "@parameters('$authentication')"
              }
            },
            "Get_fields_from_CLM365Contract": {
              "runAfter": {
                "Get_fields_from_CLM365Contract_Tasks": [
                  "Succeeded"
                ]
              },
              "metadata": {
                "operationMetadataId": "cfdcb975-af70-424f-acb5-99672e55a207"
              },
              "type": "OpenApiConnection",
              "inputs": {
                "host": {
                  "connectionName": "shared_sharepointonline_1",
                  "operationId": "HttpRequest",
                  "apiId": "/providers/Microsoft.PowerApps/apis/shared_sharepointonline"
                },
                "parameters": {
                  "dataset": "@parameters('SiteAddress(CL365) (hr365_SiteAddressCL365)')",
                  "parameters/method": "GET",
                  "parameters/uri": "/_api/Web/Lists/GetByTitle('CLM365Contract')/Fields",
                  "parameters/headers": {
                    "Accept": "application/json"
                  }
                },
                "authentication": "@parameters('$authentication')"
              }
            },
            "Get_items_from_CLM365Contract_Type": {
              "runAfter": {
                "Get_fields_from_CLM365Contract": [
                  "Succeeded"
                ]
              },
              "metadata": {
                "operationMetadataId": "e4473d13-2e5b-47a8-9b39-0aa77713a77e"
              },
              "type": "OpenApiConnection",
              "inputs": {
                "host": {
                  "connectionName": "shared_sharepointonline_1",
                  "operationId": "GetItems",
                  "apiId": "/providers/Microsoft.PowerApps/apis/shared_sharepointonline"
                },
                "parameters": {
                  "dataset": "@parameters('SiteAddress(CL365) (hr365_SiteAddressCL365)')",
                  "table": "CLM365Contract_Type"
                },
                "authentication": "@parameters('$authentication')"
              }
            },
            "Set_variable_2": {
              "runAfter": {
                "Get_items_from_CLM365Contract_Type": [
                  "Succeeded"
                ]
              },
              "metadata": {
                "operationMetadataId": "be44f63b-cbf2-4d46-873c-3dc8d79af56f"
              },
              "type": "SetVariable",
              "inputs": {
                "name": "Bussiness User",
                "value": "@{trim(split(outputs('Get_columns_from_CLM365Contract')?['body']['d']['results'][0]['Author']['Name'],'i:0#.f|membership|')[1])}"
              }
            },
            "Filter_email_template": {
              "runAfter": {
                "Set_variable_2": [
                  "Succeeded"
                ]
              },
              "metadata": {
                "operationMetadataId": "1c397514-d2d0-4606-bed8-5fb818d4e7a2"
              },
              "type": "Query",
              "inputs": {
                "from": "@json(outputs('Get_Email_Template')?['body/value'][0]['EmailTemplate'])",
                "where": "@equals(item()?['Type'], 'Tasks')"
              }
            },
            "Compose_5": {
              "runAfter": {
                "Filter_email_template": [
                  "Succeeded"
                ]
              },
              "metadata": {
                "operationMetadataId": "7034a08f-7773-48d3-99ec-41ea53fa9f6d"
              },
              "type": "Compose",
              "inputs": []
            },
            "Contract_Expiry_Notofications_2": {
              "foreach": "@body('Get_columns_from_CLM365Contract')['d']['results']",
              "actions": {
                "Loop_on_email_body_2": {
                  "foreach": "@body('Filter_email_template')",
                  "actions": {
                    "CC_Emails_2": {
                      "actions": {
                        "Set_variable_11": {
                          "runAfter": {},
                          "metadata": {
                            "operationMetadataId": "a466cd2f-454b-4dce-ac0c-8180f69dfdf6"
                          },
                          "type": "SetVariable",
                          "inputs": {
                            "name": "CC Email ID",
                            "value": "@{items('Loop_on_email_body_2')['SendToCC'][0]['email']}"
                          }
                        }
                      },
                      "runAfter": {},
                      "expression": {
                        "not": {
                          "equals": [
                            "",
                            ""
                          ]
                        }
                      },
                      "metadata": {
                        "operationMetadataId": "6338258a-b6d1-4707-8827-84c5f2729b6e"
                      },
                      "type": "If"
                    },
                    "Final_Email_2": {
                      "runAfter": {
                        "Loop_to_get_fields_from_CLM365Contract_2": [
                          "Succeeded"
                        ]
                      },
                      "metadata": {
                        "operationMetadataId": "a6f361ff-f51e-40f7-898d-59565b479569"
                      },
                      "type": "Compose",
                      "inputs": "@variables('EmailBody')"
                    },
                    "Loop_to_get_fields_from_CLM365Contract_2": {
                      "foreach": "@body('Get_fields_from_CLM365Contract')['Value']",
                      "actions": {
                        "Check_if_email_body_contains_placeholder_or_not_2": {
                          "actions": {
                            "Check_if_is_a_date_field_or_not_2": {
                              "actions": {
                                "Set_EmailBody_2": {
                                  "runAfter": {
                                    "Replaced_Email_Body_2": [
                                      "Succeeded"
                                    ]
                                  },
                                  "metadata": {
                                    "operationMetadataId": "449f988d-46bb-4693-9d3a-d06ae96f561f"
                                  },
                                  "type": "SetVariable",
                                  "inputs": {
                                    "name": "EmailBody",
                                    "value": "@{outputs('Replaced_Email_Body_2')}"
                                  }
                                },
                                "Replaced_Email_Body_2": {
                                  "runAfter": {},
                                  "metadata": {
                                    "operationMetadataId": "013194a0-bda9-410a-8125-5f2cffe67378"
                                  },
                                  "type": "Compose",
                                  "inputs": "@replace(variables('EmailBody'), variables('ReplacePlaceholder'), formatDateTime(items('Contract_Expiry_Notofications_2')[variables('ColumnName')], 'dd/MM/yyyy'))"
                                }
                              },
                              "runAfter": {},
                              "else": {
                                "actions": {
                                  "Switch_column_names_and_set_values_2": {
                                    "runAfter": {},
                                    "cases": {
                                      "Case": {
                                        "case": "Counterparty_Name",
                                        "actions": {
                                          "Set_variable": {
                                            "runAfter": {},
                                            "metadata": {
                                              "operationMetadataId": "6429310f-79d0-4851-b82a-4c5b83657d6f"
                                            },
                                            "type": "SetVariable",
                                            "inputs": {
                                              "name": "ReplaceColumns",
                                              "value": "@variables('CounterpartyName')"
                                            }
                                          }
                                        }
                                      },
                                      "Case_2": {
                                        "case": "Contract_Type",
                                        "actions": {
                                          "Set_variable_6": {
                                            "runAfter": {},
                                            "metadata": {
                                              "operationMetadataId": "55155152-e9c7-4d58-9325-7d376c811a40"
                                            },
                                            "type": "SetVariable",
                                            "inputs": {
                                              "name": "ReplaceColumns",
                                              "value": "@variables('ContractType')"
                                            }
                                          }
                                        }
                                      },
                                      "Case_3": {
                                        "case": "Term",
                                        "actions": {
                                          "Apply_to_each": {
                                            "foreach": "@array(items('Contract_Expiry_Notofications_2')['Term'])",
                                            "actions": {
                                              "Set_variable_20": {
                                                "runAfter": {},
                                                "metadata": {
                                                  "operationMetadataId": "1c6e130f-7903-49dc-aa49-e40423fa47cb"
                                                },
                                                "type": "SetVariable",
                                                "inputs": {
                                                  "name": "ReplaceColumns",
                                                  "value": "@{json(items('Apply_to_each'))?['term']}"
                                                }
                                              }
                                            },
                                            "runAfter": {},
                                            "metadata": {
                                              "operationMetadataId": "1ce6fb61-83a4-491f-8e17-e2f4a8c88c6c"
                                            },
                                            "type": "Foreach"
                                          }
                                        }
                                      }
                                    },
                                    "default": {
                                      "actions": {
                                        "Set_variable_10": {
                                          "runAfter": {},
                                          "metadata": {
                                            "operationMetadataId": "3c12205b-bb8c-4da1-9f1b-58908b2edaea"
                                          },
                                          "type": "SetVariable",
                                          "inputs": {
                                            "name": "ReplaceColumns",
                                            "value": "@{items('Contract_Expiry_Notofications_2')[variables('ColumnName')]}"
                                          }
                                        }
                                      }
                                    },
                                    "expression": "@variables('ColumnName')",
                                    "metadata": {
                                      "operationMetadataId": "3ad581b6-b66c-4354-a183-f8e368862f4c"
                                    },
                                    "type": "Switch"
                                  },
                                  "Replaced_EMailBody_2": {
                                    "runAfter": {
                                      "Switch_column_names_and_set_values_2": [
                                        "Succeeded"
                                      ]
                                    },
                                    "metadata": {
                                      "operationMetadataId": "013194a0-bda9-410a-8125-5f2cffe67378"
                                    },
                                    "type": "Compose",
                                    "inputs": "@replace(variables('EmailBody'), variables('ReplacePlaceholder'), variables('ReplaceColumns'))"
                                  },
                                  "Set_Email_Body_3": {
                                    "runAfter": {
                                      "Replaced_EMailBody_2": [
                                        "Succeeded"
                                      ]
                                    },
                                    "metadata": {
                                      "operationMetadataId": "449f988d-46bb-4693-9d3a-d06ae96f561f"
                                    },
                                    "type": "SetVariable",
                                    "inputs": {
                                      "name": "EmailBody",
                                      "value": "@{outputs('Replaced_EMailBody_2')}"
                                    }
                                  }
                                }
                              },
                              "expression": {
                                "equals": [
                                  "@outputs('Column_Type_2')",
                                  "Date and Time"
                                ]
                              },
                              "metadata": {
                                "operationMetadataId": "ea7a4cc5-28d4-4513-8d86-5f4776e3f1cf"
                              },
                              "type": "If"
                            }
                          },
                          "runAfter": {
                            "Check_if_email_body_contains_placeholder_or_not_3": [
                              "Succeeded"
                            ]
                          },
                          "expression": {
                            "contains": [
                              "@variables('EmailBody')",
                              "@variables('ReplacePlaceholder')"
                            ]
                          },
                          "metadata": {
                            "operationMetadataId": "abc4743c-ebe3-4663-94b2-0da68d8e5d63"
                          },
                          "type": "If"
                        },
                        "Set_Placeholder_2": {
                          "runAfter": {
                            "Column_Type_2": [
                              "Succeeded"
                            ]
                          },
                          "metadata": {
                            "operationMetadataId": "8005ac12-a36d-4ba3-8c97-4ec3441dffe4"
                          },
                          "type": "SetVariable",
                          "inputs": {
                            "name": "ReplacePlaceholder",
                            "value": "[@{items('Loop_to_get_fields_from_CLM365Contract_2')?['Title']}]"
                          }
                        },
                        "Set_Column_Name_2": {
                          "runAfter": {},
                          "metadata": {
                            "operationMetadataId": "8e81075d-bff2-4a5c-b5d6-db2b926d3bda"
                          },
                          "type": "SetVariable",
                          "inputs": {
                            "name": "ColumnName",
                            "value": "@{items('Loop_to_get_fields_from_CLM365Contract_2')?['Title']}"
                          }
                        },
                        "Column_Type_2": {
                          "runAfter": {
                            "Set_Column_Name_2": [
                              "Succeeded"
                            ]
                          },
                          "metadata": {
                            "operationMetadataId": "51c04b3a-bb25-448f-b49f-b821b8635a71"
                          },
                          "type": "Compose",
                          "inputs": "@items('Loop_to_get_fields_from_CLM365Contract_2')?['TypeDisplayName']"
                        },
                        "Check_if_email_body_contains_placeholder_or_not_3": {
                          "actions": {
                            "Check_if_is_a_date_field_or_not_3": {
                              "actions": {
                                "Set_EmailBody_3": {
                                  "runAfter": {
                                    "Replaced_Email_Body_3": [
                                      "Succeeded"
                                    ]
                                  },
                                  "metadata": {
                                    "operationMetadataId": "449f988d-46bb-4693-9d3a-d06ae96f561f"
                                  },
                                  "type": "SetVariable",
                                  "inputs": {
                                    "name": "EmailSubject",
                                    "value": "@{outputs('Replaced_Email_Body_3')}"
                                  }
                                },
                                "Replaced_Email_Body_3": {
                                  "runAfter": {},
                                  "metadata": {
                                    "operationMetadataId": "013194a0-bda9-410a-8125-5f2cffe67378"
                                  },
                                  "type": "Compose",
                                  "inputs": "@replace(variables('EmailSubject'), variables('ReplacePlaceholder'), formatDateTime(items('Contract_Expiry_Notofications_2')[variables('ColumnName')], 'dd/MM/yyyy'))"
                                }
                              },
                              "runAfter": {},
                              "else": {
                                "actions": {
                                  "Switch_column_names_and_set_values": {
                                    "runAfter": {},
                                    "cases": {
                                      "Case": {
                                        "case": "Counterparty_Name",
                                        "actions": {
                                          "Set_variable_14": {
                                            "runAfter": {},
                                            "metadata": {
                                              "operationMetadataId": "6429310f-79d0-4851-b82a-4c5b83657d6f"
                                            },
                                            "type": "SetVariable",
                                            "inputs": {
                                              "name": "ReplaceColumns",
                                              "value": "@variables('CounterpartyName')"
                                            }
                                          }
                                        }
                                      },
                                      "Case_2": {
                                        "case": "Contract_Type",
                                        "actions": {
                                          "Set_variable_15": {
                                            "runAfter": {},
                                            "metadata": {
                                              "operationMetadataId": "55155152-e9c7-4d58-9325-7d376c811a40"
                                            },
                                            "type": "SetVariable",
                                            "inputs": {
                                              "name": "ReplaceColumns",
                                              "value": "@variables('ContractType')"
                                            }
                                          }
                                        }
                                      }
                                    },
                                    "default": {
                                      "actions": {
                                        "Set_variable_16": {
                                          "runAfter": {},
                                          "metadata": {
                                            "operationMetadataId": "3c12205b-bb8c-4da1-9f1b-58908b2edaea"
                                          },
                                          "type": "SetVariable",
                                          "inputs": {
                                            "name": "ReplaceColumns",
                                            "value": "@{items('Contract_Expiry_Notofications_2')[variables('ColumnName')]}"
                                          }
                                        }
                                      }
                                    },
                                    "expression": "@variables('ColumnName')",
                                    "metadata": {
                                      "operationMetadataId": "3ad581b6-b66c-4354-a183-f8e368862f4c"
                                    },
                                    "type": "Switch"
                                  },
                                  "Replaced_EMailBody_3": {
                                    "runAfter": {
                                      "Switch_column_names_and_set_values": [
                                        "Succeeded"
                                      ]
                                    },
                                    "metadata": {
                                      "operationMetadataId": "013194a0-bda9-410a-8125-5f2cffe67378"
                                    },
                                    "type": "Compose",
                                    "inputs": "@replace(variables('EmailSubject'), variables('ReplacePlaceholder'), variables('ReplaceColumns'))"
                                  },
                                  "Set_Email_Body_4": {
                                    "runAfter": {
                                      "Replaced_EMailBody_3": [
                                        "Succeeded"
                                      ]
                                    },
                                    "metadata": {
                                      "operationMetadataId": "449f988d-46bb-4693-9d3a-d06ae96f561f"
                                    },
                                    "type": "SetVariable",
                                    "inputs": {
                                      "name": "EmailSubject",
                                      "value": "@{outputs('Replaced_EMailBody_3')}"
                                    }
                                  }
                                }
                              },
                              "expression": {
                                "equals": [
                                  "@outputs('Column_Type_2')",
                                  "Date and Time"
                                ]
                              },
                              "metadata": {
                                "operationMetadataId": "ea7a4cc5-28d4-4513-8d86-5f4776e3f1cf"
                              },
                              "type": "If"
                            }
                          },
                          "runAfter": {
                            "Set_Placeholder_2": [
                              "Succeeded"
                            ]
                          },
                          "expression": {
                            "contains": [
                              "@variables('EmailSubject')",
                              "@variables('ReplacePlaceholder')"
                            ]
                          },
                          "metadata": {
                            "operationMetadataId": "abc4743c-ebe3-4663-94b2-0da68d8e5d63"
                          },
                          "type": "If"
                        }
                      },
                      "runAfter": {
                        "Set_EmailSubject": [
                          "Succeeded"
                        ]
                      },
                      "metadata": {
                        "operationMetadataId": "ada0cd46-d690-4a95-8ee9-fd0bd4497a72"
                      },
                      "type": "Foreach"
                    },
                    "Set_Email_Body_2": {
                      "runAfter": {
                        "CC_Emails_2": [
                          "Succeeded"
                        ]
                      },
                      "metadata": {
                        "operationMetadataId": "2ef4e93e-bd03-4120-b61b-3a740d55643b"
                      },
                      "type": "SetVariable",
                      "inputs": {
                        "name": "EmailBody",
                        "value": "@{items('Loop_on_email_body_2')['Emailbody']}"
                      }
                    },
                    "Set_variable_12": {
                      "runAfter": {
                        "Final_Email_2": [
                          "Succeeded"
                        ]
                      },
                      "metadata": {
                        "operationMetadataId": "9013be65-f3e0-4fe5-a825-c2be9c3e16e6"
                      },
                      "type": "SetVariable",
                      "inputs": {
                        "name": "ReplacedEmail",
                        "value": "@variables('EmailBody')"
                      }
                    },
                    "Set_EmailSubject": {
                      "runAfter": {
                        "Set_Email_Body_2": [
                          "Succeeded"
                        ]
                      },
                      "metadata": {
                        "operationMetadataId": "cf6591de-afdf-4d0f-a128-21488fd83308"
                      },
                      "type": "SetVariable",
                      "inputs": {
                        "name": "EmailSubject",
                        "value": "@{items('Loop_on_email_body_2')['EmailSubject']}"
                      }
                    },
                    "Set_variable_17": {
                      "runAfter": {
                        "Set_variable_12": [
                          "Succeeded"
                        ]
                      },
                      "metadata": {
                        "operationMetadataId": "05d176ac-71f0-4075-9c58-ec3c2548a900"
                      },
                      "type": "SetVariable",
                      "inputs": {
                        "name": "ReplacedSubject",
                        "value": "@variables('EmailSubject')"
                      }
                    }
                  },
                  "runAfter": {
                    "Loop_on_Counterparty_Name_2": [
                      "Succeeded"
                    ]
                  },
                  "metadata": {
                    "operationMetadataId": "c61eeb83-38ce-4af4-a83d-5724727aeab4"
                  },
                  "type": "Foreach"
                },
                "Loop_on_Counterparty_Name_2": {
                  "foreach": "@json(items('Contract_Expiry_Notofications_2')['Counterparty_Name'])",
                  "actions": {
                    "Set_Counterparty_Name_2": {
                      "runAfter": {},
                      "metadata": {
                        "operationMetadataId": "0baea6f2-0241-4e9b-b0fc-553e036c430d"
                      },
                      "type": "SetVariable",
                      "inputs": {
                        "name": "CounterpartyName",
                        "value": "@{items('Loop_on_Counterparty_Name_2')['OrgName']}"
                      }
                    }
                  },
                  "runAfter": {
                    "Loop_on_CLM365Contract_Type_2": [
                      "Succeeded"
                    ]
                  },
                  "metadata": {
                    "operationMetadataId": "6eb23da9-a1f8-4571-991f-640e79c30e26"
                  },
                  "type": "Foreach"
                },
                "Loop_on_CLM365Contract_Type_2": {
                  "foreach": "@outputs('Get_items_from_CLM365Contract_Type')?['body/value']",
                  "actions": {
                    "Check_GUID_of_contract_Type_2": {
                      "actions": {
                        "Set_Contract_type_2": {
                          "runAfter": {},
                          "metadata": {
                            "operationMetadataId": "4104b090-22ed-4bd2-912c-31e74225fe99"
                          },
                          "type": "SetVariable",
                          "inputs": {
                            "name": "ContractType",
                            "value": "@items('Loop_on_CLM365Contract_Type_2')?['ContractName']"
                          }
                        }
                      },
                      "runAfter": {},
                      "expression": {
                        "equals": [
                          "@trim(split(items('Contract_Expiry_Notofications_2')['Contract_type'], '|')[1])",
                          "@items('Loop_on_CLM365Contract_Type_2')?['Guid_ID']"
                        ]
                      },
                      "metadata": {
                        "operationMetadataId": "afe78432-c33e-423d-a3c6-edcf57ee8a7c"
                      },
                      "type": "If"
                    }
                  },
                  "runAfter": {},
                  "metadata": {
                    "operationMetadataId": "41d355c8-a84a-4de0-a32f-50b4e16c865d"
                  },
                  "type": "Foreach"
                },
                "Task_expiry_notifications": {
                  "foreach": "@array(body('Get_columns_from_CLM365ContractTasks')['d']['results'])",
                  "actions": {
                    "Due_Date": {
                      "runAfter": {},
                      "metadata": {
                        "operationMetadataId": "ee86d26a-5797-4ec5-91a5-936daac4e526"
                      },
                      "type": "Compose",
                      "inputs": "@items('Task_expiry_notifications')['DueDate']"
                    },
                    "Condition_3": {
                      "actions": {
                        "Condition": {
                          "actions": {
                            "Set_variable_5": {
                              "runAfter": {},
                              "metadata": {
                                "operationMetadataId": "9b1a28fd-6a8c-4bea-a58c-c8115cba601c"
                              },
                              "type": "SetVariable",
                              "inputs": {
                                "name": "TaskOwner",
                                "value": "@{trim(split(items('Task_expiry_notifications')['AssignedTo']['results'][0]['Name'],'i:0#.f|membership|')[1])}"
                              }
                            },
                            "Filter_user": {
                              "runAfter": {
                                "Set_variable_5": [
                                  "Succeeded"
                                ]
                              },
                              "metadata": {
                                "operationMetadataId": "2b97bc9b-fe9f-4dc3-8133-213308965e32"
                              },
                              "type": "Query",
                              "inputs": {
                                "from": "@outputs('Get_users')?['body/value']",
                                "where": "@equals(item()?['email'], trim(split(items('Task_expiry_notifications')['AssignedTo']['results'][0]['Name'], 'i:0#.f|membership|')[1]))"
                              }
                            },
                            "Each_loop_on_task_owner_manager": {
                              "foreach": "@body('Filter_user')",
                              "actions": {
                                "Set_variable_4": {
                                  "runAfter": {},
                                  "metadata": {
                                    "operationMetadataId": "6f4db12b-acdc-4b16-98e1-961e2721bbbc"
                                  },
                                  "type": "SetVariable",
                                  "inputs": {
                                    "name": "TaskOwnerManager",
                                    "value": "@{items('Each_loop_on_task_owner_manager')['Manager']['Email']}"
                                  }
                                }
                              },
                              "runAfter": {
                                "Filter_user": [
                                  "Succeeded"
                                ]
                              },
                              "metadata": {
                                "operationMetadataId": "fa0caa07-9b06-4f37-8c4d-3f33f3c2caeb"
                              },
                              "type": "Foreach"
                            }
                          },
                          "runAfter": {},
                          "expression": {
                            "contains": [
                              "@items('Task_expiry_notifications')['AssignedTo']",
                              "results"
                            ]
                          },
                          "metadata": {
                            "operationMetadataId": "1af8a8f6-8787-430c-9ad5-f7f053313a6b"
                          },
                          "type": "If"
                        },
                        "Loop_on_email_body": {
                          "foreach": "@body('Filter_email_template')",
                          "actions": {
                            "Reminder_days": {
                              "runAfter": {},
                              "metadata": {
                                "operationMetadataId": "1b02e3e4-3a35-4368-98a6-91705c089482"
                              },
                              "type": "Compose",
                              "inputs": "-@{items('Loop_on_email_body')['ReminderDays']}"
                            },
                            "Check_for_reminder_date": {
                              "actions": {
                                "Loop_to_get_fields_from_CLM365Contract": {
                                  "foreach": "@body('Get_fields_from_CLM365Contract_Tasks')['Value']",
                                  "actions": {
                                    "Set_Placeholder": {
                                      "runAfter": {
                                        "Column_Type": [
                                          "Succeeded"
                                        ]
                                      },
                                      "metadata": {
                                        "operationMetadataId": "8005ac12-a36d-4ba3-8c97-4ec3441dffe4"
                                      },
                                      "type": "SetVariable",
                                      "inputs": {
                                        "name": "ReplacePlaceholder",
                                        "value": "[@{items('Loop_to_get_fields_from_CLM365Contract')?['Title']}]"
                                      }
                                    },
                                    "Set_Column_Name": {
                                      "runAfter": {},
                                      "metadata": {
                                        "operationMetadataId": "8e81075d-bff2-4a5c-b5d6-db2b926d3bda"
                                      },
                                      "type": "SetVariable",
                                      "inputs": {
                                        "name": "ColumnName",
                                        "value": "@{items('Loop_to_get_fields_from_CLM365Contract')?['Title']}"
                                      }
                                    },
                                    "Column_Type": {
                                      "runAfter": {
                                        "Set_Column_Name": [
                                          "Succeeded"
                                        ]
                                      },
                                      "metadata": {
                                        "operationMetadataId": "51c04b3a-bb25-448f-b49f-b821b8635a71"
                                      },
                                      "type": "Compose",
                                      "inputs": "@items('Loop_to_get_fields_from_CLM365Contract')?['TypeDisplayName']"
                                    },
                                    "Check_if_is_a_date_field_or_not_4": {
                                      "actions": {
                                        "Set_EmailBody_4": {
                                          "runAfter": {
                                            "Replaced_Email_Body_4": [
                                              "Succeeded"
                                            ]
                                          },
                                          "metadata": {
                                            "operationMetadataId": "449f988d-46bb-4693-9d3a-d06ae96f561f"
                                          },
                                          "type": "SetVariable",
                                          "inputs": {
                                            "name": "EmailSubject",
                                            "value": "@{outputs('Replaced_Email_Body_4')}"
                                          }
                                        },
                                        "Replaced_Email_Body_4": {
                                          "runAfter": {},
                                          "metadata": {
                                            "operationMetadataId": "013194a0-bda9-410a-8125-5f2cffe67378"
                                          },
                                          "type": "Compose",
                                          "inputs": "@replace(variables('EmailSubject'), variables('ReplacePlaceholder'), formatDateTime(items('Task_expiry_notifications')[variables('ColumnName')], 'dd/MM/yyyy'))"
                                        }
                                      },
                                      "runAfter": {
                                        "Set_Placeholder": [
                                          "Succeeded"
                                        ]
                                      },
                                      "else": {
                                        "actions": {
                                          "Replaced_EMailBody_4": {
                                            "runAfter": {},
                                            "metadata": {
                                              "operationMetadataId": "013194a0-bda9-410a-8125-5f2cffe67378"
                                            },
                                            "type": "Compose",
                                            "inputs": "@replace(variables('EmailSubject'), variables('ReplacePlaceholder'), items('Task_expiry_notifications')[variables('ColumnName')])"
                                          },
                                          "Set_Email_Body_5": {
                                            "runAfter": {
                                              "Replaced_EMailBody_4": [
                                                "Succeeded"
                                              ]
                                            },
                                            "metadata": {
                                              "operationMetadataId": "449f988d-46bb-4693-9d3a-d06ae96f561f"
                                            },
                                            "type": "SetVariable",
                                            "inputs": {
                                              "name": "EmailSubject",
                                              "value": "@{outputs('Replaced_EMailBody_4')}"
                                            }
                                          }
                                        }
                                      },
                                      "expression": {
                                        "and": [
                                          {
                                            "equals": [
                                              "@outputs('Column_Type')",
                                              "Date and Time"
                                            ]
                                          },
                                          {
                                            "contains": [
                                              "@variables('EmailSubject')",
                                              "@variables('ReplacePlaceholder')"
                                            ]
                                          }
                                        ]
                                      },
                                      "metadata": {
                                        "operationMetadataId": "ea7a4cc5-28d4-4513-8d86-5f4776e3f1cf"
                                      },
                                      "type": "If"
                                    },
                                    "Check_if_is_a_date_field_or_not": {
                                      "actions": {
                                        "Set_EmailBody": {
                                          "runAfter": {
                                            "Replaced_Email_Body": [
                                              "Succeeded"
                                            ]
                                          },
                                          "metadata": {
                                            "operationMetadataId": "449f988d-46bb-4693-9d3a-d06ae96f561f"
                                          },
                                          "type": "SetVariable",
                                          "inputs": {
                                            "name": "EmailBody",
                                            "value": "@{outputs('Replaced_Email_Body')}"
                                          }
                                        },
                                        "Replaced_Email_Body": {
                                          "runAfter": {},
                                          "metadata": {
                                            "operationMetadataId": "013194a0-bda9-410a-8125-5f2cffe67378"
                                          },
                                          "type": "Compose",
                                          "inputs": "@replace(variables('EmailBody'), variables('ReplacePlaceholder'), formatDateTime(items('Task_expiry_notifications')[variables('ColumnName')], 'dd/MM/yyyy'))"
                                        }
                                      },
                                      "runAfter": {
                                        "Check_if_is_a_date_field_or_not_4": [
                                          "Succeeded"
                                        ]
                                      },
                                      "else": {
                                        "actions": {
                                          "Replaced_EMailBody": {
                                            "runAfter": {},
                                            "metadata": {
                                              "operationMetadataId": "013194a0-bda9-410a-8125-5f2cffe67378"
                                            },
                                            "type": "Compose",
                                            "inputs": "@replace(variables('EmailBody'), variables('ReplacePlaceholder'),items('Task_expiry_notifications')[variables('ColumnName')])"
                                          },
                                          "Set_Email_Body_1": {
                                            "runAfter": {
                                              "Replaced_EMailBody": [
                                                "Succeeded"
                                              ]
                                            },
                                            "metadata": {
                                              "operationMetadataId": "449f988d-46bb-4693-9d3a-d06ae96f561f"
                                            },
                                            "type": "SetVariable",
                                            "inputs": {
                                              "name": "EmailBody",
                                              "value": "@{outputs('Replaced_EMailBody')}"
                                            }
                                          }
                                        }
                                      },
                                      "expression": {
                                        "and": [
                                          {
                                            "equals": [
                                              "@outputs('Column_Type')",
                                              "Date and Time"
                                            ]
                                          },
                                          {
                                            "contains": [
                                              "@variables('EmailBody')",
                                              "@variables('ReplacePlaceholder')"
                                            ]
                                          }
                                        ]
                                      },
                                      "metadata": {
                                        "operationMetadataId": "ea7a4cc5-28d4-4513-8d86-5f4776e3f1cf"
                                      },
                                      "type": "If"
                                    }
                                  },
                                  "runAfter": {
                                    "Set_variable_18": [
                                      "Succeeded"
                                    ]
                                  },
                                  "metadata": {
                                    "operationMetadataId": "ada0cd46-d690-4a95-8ee9-fd0bd4497a72"
                                  },
                                  "type": "Foreach"
                                },
                                "Final_Email": {
                                  "runAfter": {
                                    "Loop_to_get_fields_from_CLM365Contract": [
                                      "Succeeded"
                                    ]
                                  },
                                  "metadata": {
                                    "operationMetadataId": "a6f361ff-f51e-40f7-898d-59565b479569"
                                  },
                                  "type": "Compose",
                                  "inputs": "@variables('EmailBody')"
                                },
                                "Set_Email_Body": {
                                  "runAfter": {},
                                  "metadata": {
                                    "operationMetadataId": "2ef4e93e-bd03-4120-b61b-3a740d55643b"
                                  },
                                  "type": "SetVariable",
                                  "inputs": {
                                    "name": "EmailBody",
                                    "value": "@variables('ReplacedEmail')"
                                  }
                                },
                                "Set_variable_3": {
                                  "runAfter": {
                                    "Final_Email": [
                                      "Succeeded"
                                    ]
                                  },
                                  "metadata": {
                                    "operationMetadataId": "99357c50-6b5e-4f8b-952b-6d7cf03761c4"
                                  },
                                  "type": "SetVariable",
                                  "inputs": {
                                    "name": "ReplacedEmail",
                                    "value": "@variables('EmailBody')"
                                  }
                                },
                                "Set_variable_13": {
                                  "runAfter": {
                                    "Set_Email_Body": [
                                      "Succeeded"
                                    ]
                                  },
                                  "metadata": {
                                    "operationMetadataId": "3ebe7197-10fc-4c2d-8223-26b553b96588"
                                  },
                                  "type": "SetVariable",
                                  "inputs": {
                                    "name": "SendTo",
                                    "value": "@{items('Loop_on_email_body')['SendTo']}"
                                  }
                                },
                                "Check_for_Task_owner": {
                                  "actions": {
                                    "Send_an_email_(V2)": {
                                      "runAfter": {},
                                      "metadata": {
                                        "operationMetadataId": "b1ac0972-6e3a-4f1a-8992-9ab7c8952483"
                                      },
                                      "type": "OpenApiConnection",
                                      "inputs": {
                                        "host": {
                                          "connectionName": "shared_office365_4",
                                          "operationId": "SendEmailV2",
                                          "apiId": "/providers/Microsoft.PowerApps/apis/shared_office365"
                                        },
                                        "parameters": {
                                          "emailMessage/To": "@variables('TaskOwner')",
                                          "emailMessage/Subject": "@variables('ReplacedSubject')",
                                          "emailMessage/Body": "<p>@{variables('ReplacedEmail')}<br>\n<br>\n</p>",
                                          "emailMessage/Cc": "@variables('CC Email ID')",
                                          "emailMessage/Importance": "Normal"
                                        },
                                        "authentication": "@parameters('$authentication')"
                                      }
                                    }
                                  },
                                  "runAfter": {
                                    "Check_for_Admins": [
                                      "Succeeded"
                                    ]
                                  },
                                  "expression": {
                                    "and": [
                                      {
                                        "or": [
                                          {
                                            "not": {
                                              "equals": [
                                                "@variables('TaskOwner')",
                                                "@null"
                                              ]
                                            }
                                          },
                                          {
                                            "not": {
                                              "equals": [
                                                "@variables('TaskOwner')",
                                                ""
                                              ]
                                            }
                                          }
                                        ]
                                      },
                                      {
                                        "contains": [
                                          "@variables('SendTo')",
                                          "TaskOwner"
                                        ]
                                      }
                                    ]
                                  },
                                  "metadata": {
                                    "operationMetadataId": "2075b173-2223-49f6-9e03-01409231b0a6"
                                  },
                                  "type": "If"
                                },
                                "Check_for_task_owner_manager": {
                                  "actions": {
                                    "Send_an_email_(V2)_4": {
                                      "runAfter": {},
                                      "metadata": {
                                        "operationMetadataId": "b1ac0972-6e3a-4f1a-8992-9ab7c8952483"
                                      },
                                      "type": "OpenApiConnection",
                                      "inputs": {
                                        "host": {
                                          "connectionName": "shared_office365_3",
                                          "operationId": "SendEmailV2",
                                          "apiId": "/providers/Microsoft.PowerApps/apis/shared_office365"
                                        },
                                        "parameters": {
                                          "emailMessage/To": "@variables('TaskOwnerManager')",
                                          "emailMessage/Subject": "@variables('ReplacedSubject')",
                                          "emailMessage/Body": "<p>@{variables('ReplacedEmail')}<br>\n<br>\n</p>",
                                          "emailMessage/Cc": "@variables('CC Email ID')",
                                          "emailMessage/Importance": "Normal"
                                        },
                                        "authentication": "@parameters('$authentication')"
                                      }
                                    }
                                  },
                                  "runAfter": {
                                    "Check_for_Task_owner": [
                                      "Succeeded"
                                    ]
                                  },
                                  "expression": {
                                    "and": [
                                      {
                                        "or": [
                                          {
                                            "not": {
                                              "equals": [
                                                "@variables('TaskOwnerManager')",
                                                "@null"
                                              ]
                                            }
                                          },
                                          {
                                            "not": {
                                              "equals": [
                                                "@variables('TaskOwnerManager')",
                                                ""
                                              ]
                                            }
                                          }
                                        ]
                                      },
                                      {
                                        "contains": [
                                          "@variables('SendTo')",
                                          "TaskOwnerManager"
                                        ]
                                      }
                                    ]
                                  },
                                  "metadata": {
                                    "operationMetadataId": "6a37e72d-a686-4186-86ec-0c7c00c0d70c"
                                  },
                                  "type": "If"
                                },
                                "Set_variable_18": {
                                  "runAfter": {
                                    "Set_variable_13": [
                                      "Succeeded"
                                    ]
                                  },
                                  "metadata": {
                                    "operationMetadataId": "e1dc8756-2d40-407b-a856-45cfa09386fc"
                                  },
                                  "type": "SetVariable",
                                  "inputs": {
                                    "name": "EmailSubject",
                                    "value": "@variables('ReplacedSubject')"
                                  }
                                },
                                "Set_variable_19": {
                                  "runAfter": {
                                    "Set_variable_3": [
                                      "Succeeded"
                                    ]
                                  },
                                  "metadata": {
                                    "operationMetadataId": "7977b102-a022-43fd-9db4-d0a216b17172"
                                  },
                                  "type": "SetVariable",
                                  "inputs": {
                                    "name": "ReplacedSubject",
                                    "value": "@variables('EmailSubject')"
                                  }
                                },
                                "Check_for_Admins": {
                                  "actions": {
                                    "Send_an_email_(V2)_2": {
                                      "runAfter": {},
                                      "metadata": {
                                        "operationMetadataId": "b1ac0972-6e3a-4f1a-8992-9ab7c8952483"
                                      },
                                      "type": "OpenApiConnection",
                                      "inputs": {
                                        "host": {
                                          "connectionName": "shared_office365_11",
                                          "operationId": "SendEmailV2",
                                          "apiId": "/providers/Microsoft.PowerApps/apis/shared_office365"
                                        },
                                        "parameters": {
                                          "emailMessage/To": "@outputs('Admin_email')",
                                          "emailMessage/Subject": "@variables('ReplacedSubject')",
                                          "emailMessage/Body": "<p>@{variables('ReplacedEmail')}<br>\n<br>\n</p>",
                                          "emailMessage/Cc": "@variables('CC Email ID')",
                                          "emailMessage/Importance": "Normal"
                                        },
                                        "authentication": "@parameters('$authentication')"
                                      }
                                    }
                                  },
                                  "runAfter": {
                                    "Set_variable_19": [
                                      "Succeeded"
                                    ]
                                  },
                                  "expression": {
                                    "and": [
                                      {
                                        "or": [
                                          {
                                            "not": {
                                              "equals": [
                                                "@outputs('Admin_email')",
                                                "@null"
                                              ]
                                            }
                                          },
                                          {
                                            "not": {
                                              "equals": [
                                                "@outputs('Admin_email')",
                                                ""
                                              ]
                                            }
                                          }
                                        ]
                                      },
                                      {
                                        "contains": [
                                          "@variables('SendTo')",
                                          "Admin"
                                        ]
                                      }
                                    ]
                                  },
                                  "metadata": {
                                    "operationMetadataId": "fc17ea2f-6937-437e-898b-af48ead1f3bf"
                                  },
                                  "type": "If"
                                }
                              },
                              "runAfter": {
                                "CC_Emails": [
                                  "Succeeded"
                                ]
                              },
                              "expression": {
                                "and": [
                                  {
                                    "equals": [
                                      "@items('Loop_on_email_body')['Active']",
                                      "Yes"
                                    ]
                                  },
                                  {
                                    "equals": [
                                      "@addDays(outputs('Due_Date'), int(outputs('Reminder_days')), 'dd/MM/yyyy')",
                                      "@utcNow('dd/MM/yyyy')"
                                    ]
                                  }
                                ]
                              },
                              "metadata": {
                                "operationMetadataId": "789fbc37-65a8-4842-b101-4f632e99166b"
                              },
                              "type": "If"
                            },
                            "Reminder_date": {
                              "runAfter": {
                                "Reminder_days": [
                                  "Succeeded"
                                ]
                              },
                              "metadata": {
                                "operationMetadataId": "35dbe67c-92e9-4f64-9623-ec18336994a2"
                              },
                              "type": "Compose",
                              "inputs": "@addDays(outputs('Due_Date'), int(outputs('Reminder_days')), 'dd/MM/yyyy')"
                            },
                            "CC_Emails": {
                              "actions": {
                                "Set_variable_9": {
                                  "runAfter": {},
                                  "metadata": {
                                    "operationMetadataId": "a466cd2f-454b-4dce-ac0c-8180f69dfdf6"
                                  },
                                  "type": "SetVariable",
                                  "inputs": {
                                    "name": "CC Email ID",
                                    "value": "@{items('Loop_on_email_body')['SendToCC'][0]['email']}"
                                  }
                                }
                              },
                              "runAfter": {
                                "Reminder_date": [
                                  "Succeeded"
                                ]
                              },
                              "expression": {
                                "contains": [
                                  "@items('Loop_on_email_body')['SendToCC']",
                                  "email"
                                ]
                              },
                              "metadata": {
                                "operationMetadataId": "6338258a-b6d1-4707-8827-84c5f2729b6e"
                              },
                              "type": "If"
                            }
                          },
                          "runAfter": {
                            "Condition": [
                              "Succeeded"
                            ]
                          },
                          "metadata": {
                            "operationMetadataId": "c61eeb83-38ce-4af4-a83d-5724727aeab4"
                          },
                          "type": "Foreach"
                        }
                      },
                      "runAfter": {
                        "Status": [
                          "Succeeded"
                        ]
                      },
                      "expression": {
                        "and": [
                          {
                            "contains": [
                              "@items('Task_expiry_notifications')",
                              "DueDate"
                            ]
                          },
                          {
                            "and": [
                              {
                                "not": {
                                  "equals": [
                                    "@outputs('Due_Date')",
                                    "@null"
                                  ]
                                }
                              },
                              {
                                "not": {
                                  "equals": [
                                    "@outputs('Due_Date')",
                                    ""
                                  ]
                                }
                              }
                            ]
                          },
                          {
                            "not": {
                              "equals": [
                                "@outputs('Status')",
                                "On Hold"
                              ]
                            }
                          }
                        ]
                      },
                      "metadata": {
                        "operationMetadataId": "8a388906-ae36-4a4c-b3e2-034c6b2ff4b0"
                      },
                      "type": "If"
                    },
                    "Status": {
                      "runAfter": {
                        "Due_Date": [
                          "Succeeded"
                        ]
                      },
                      "metadata": {
                        "operationMetadataId": "a570cc4f-b43d-4599-8a04-6ee25468ab07"
                      },
                      "type": "Compose",
                      "inputs": "@items('Task_expiry_notifications')['Status']"
                    }
                  },
                  "runAfter": {
                    "Loop_on_email_body_2": [
                      "Succeeded"
                    ]
                  },
                  "metadata": {
                    "operationMetadataId": "d7f8f2b3-414b-47bd-807a-71063fb9161e"
                  },
                  "type": "Foreach"
                }
              },
              "runAfter": {
                "Compose_5": [
                  "Succeeded"
                ]
              },
              "metadata": {
                "operationMetadataId": "98091a6b-c124-46c6-a06e-4166fda72c33"
              },
              "type": "Foreach"
            }
          },
          "runAfter": {
            "Admin_email": [
              "Succeeded"
            ]
          },
          "metadata": {
            "operationMetadataId": "effc44a7-99c5-47bf-b7cc-228c6e1c8b02"
          },
          "type": "Scope"
        }
      }
    },
    "templateName": ""
  },
  "schemaVersion": "1.0.0.0"
}