<environmentvariabledefinition schemaname="hrms365_ClientSecretHRMS365">
  <defaultvalue>h_G8Q~Xe1mGFFAACn_MoYv2vuHOmidB00zpQ7aBS</defaultvalue>
  <description default="HRMS New Variable for ClientSecret(hr365_ClientSecret)">
    <label description="HRMS New Variable for ClientSecret(hr365_ClientSecret)" languagecode="1033" />
  </description>
  <displayname default="ClientSecret (HRMS365)">
    <label description="ClientSecret (HRMS365)" languagecode="1033" />
  </displayname>
  <introducedversion>25.0825.1347.8</introducedversion>
  <iscustomizable>1</iscustomizable>
  <isrequired>0</isrequired>
  <secretstore>0</secretstore>
  <type>100000000</type>
</environmentvariabledefinition>