<ImportExportXml version="9.2.25111.158" SolutionPackageVersion="9.2" languagecode="1033" generatedBy="CrmLive" xmlns:xsi="http://www.w3.org/2001/XMLSchema-instance" OrganizationVersion="9.2.25111.158" OrganizationSchemaType="Standard" CRMServerServiceabilityVersion="9.2.25111.00158">
  <SolutionManifest>
    <UniqueName>HR365ContractManagement</UniqueName>
    <LocalizedNames>
      <LocalizedName description="HR365 Contract Management" languagecode="1033" />
    </LocalizedNames>
    <Descriptions />
    <Version>25.1204.2010</Version>
    <Managed>0</Managed>
    <Publisher>
      <UniqueName>CLM365</UniqueName>
      <LocalizedNames>
        <LocalizedName description="HR365 CL365" languagecode="1033" />
      </LocalizedNames>
      <Descriptions />
      <EMailAddress xsi:nil="true"></EMailAddress>
      <SupportingWebsiteUrl xsi:nil="true"></SupportingWebsiteUrl>
      <CustomizationPrefix>hr365</CustomizationPrefix>
      <CustomizationOptionValuePrefix>57112</CustomizationOptionValuePrefix>
      <Addresses>
        <Address>
          <AddressNumber>1</AddressNumber>
          <AddressTypeCode>1</AddressTypeCode>
          <City xsi:nil="true"></City>
          <County xsi:nil="true"></County>
          <Country xsi:nil="true"></Country>
          <Fax xsi:nil="true"></Fax>
          <FreightTermsCode xsi:nil="true"></FreightTermsCode>
          <ImportSequenceNumber xsi:nil="true"></ImportSequenceNumber>
          <Latitude xsi:nil="true"></Latitude>
          <Line1 xsi:nil="true"></Line1>
          <Line2 xsi:nil="true"></Line2>
          <Line3 xsi:nil="true"></Line3>
          <Longitude xsi:nil="true"></Longitude>
          <Name xsi:nil="true"></Name>
          <PostalCode xsi:nil="true"></PostalCode>
          <PostOfficeBox xsi:nil="true"></PostOfficeBox>
          <PrimaryContactName xsi:nil="true"></PrimaryContactName>
          <ShippingMethodCode>1</ShippingMethodCode>
          <StateOrProvince xsi:nil="true"></StateOrProvince>
          <Telephone1 xsi:nil="true"></Telephone1>
          <Telephone2 xsi:nil="true"></Telephone2>
          <Telephone3 xsi:nil="true"></Telephone3>
          <TimeZoneRuleVersionNumber xsi:nil="true"></TimeZoneRuleVersionNumber>
          <UPSZone xsi:nil="true"></UPSZone>
          <UTCOffset xsi:nil="true"></UTCOffset>
          <UTCConversionTimeZoneCode xsi:nil="true"></UTCConversionTimeZoneCode>
        </Address>
        <Address>
          <AddressNumber>2</AddressNumber>
          <AddressTypeCode>1</AddressTypeCode>
          <City xsi:nil="true"></City>
          <County xsi:nil="true"></County>
          <Country xsi:nil="true"></Country>
          <Fax xsi:nil="true"></Fax>
          <FreightTermsCode xsi:nil="true"></FreightTermsCode>
          <ImportSequenceNumber xsi:nil="true"></ImportSequenceNumber>
          <Latitude xsi:nil="true"></Latitude>
          <Line1 xsi:nil="true"></Line1>
          <Line2 xsi:nil="true"></Line2>
          <Line3 xsi:nil="true"></Line3>
          <Longitude xsi:nil="true"></Longitude>
          <Name xsi:nil="true"></Name>
          <PostalCode xsi:nil="true"></PostalCode>
          <PostOfficeBox xsi:nil="true"></PostOfficeBox>
          <PrimaryContactName xsi:nil="true"></PrimaryContactName>
          <ShippingMethodCode>1</ShippingMethodCode>
          <StateOrProvince xsi:nil="true"></StateOrProvince>
          <Telephone1 xsi:nil="true"></Telephone1>
          <Telephone2 xsi:nil="true"></Telephone2>
          <Telephone3 xsi:nil="true"></Telephone3>
          <TimeZoneRuleVersionNumber xsi:nil="true"></TimeZoneRuleVersionNumber>
          <UPSZone xsi:nil="true"></UPSZone>
          <UTCOffset xsi:nil="true"></UTCOffset>
          <UTCConversionTimeZoneCode xsi:nil="true"></UTCConversionTimeZoneCode>
        </Address>
      </Addresses>
    </Publisher>
    <RootComponents>
      <RootComponent type="29" id="{1fd88717-906b-f011-b4cb-6045bdceb37c}" behavior="0" />
      <RootComponent type="29" id="{2d0e3b21-b71b-ee11-9cbc-002248d60b98}" behavior="0" />
      <RootComponent type="29" id="{33eedfc8-9676-f011-b4cc-00224815eef1}" behavior="0" />
      <RootComponent type="29" id="{38e4fa05-7619-ee11-8f6c-002248d60b98}" behavior="0" />
      <RootComponent type="29" id="{47b035f9-6f76-f011-b4cc-00224815eef1}" behavior="0" />
      <RootComponent type="29" id="{5b8d8e45-e874-ef11-a670-6045bda971a5}" behavior="0" />
      <RootComponent type="29" id="{96002685-7419-ee11-8f6c-002248d60b98}" behavior="0" />
      <RootComponent type="29" id="{97002685-7419-ee11-8f6c-002248d60b98}" behavior="0" />
      <RootComponent type="29" id="{a1b57b0c-cb7e-ee11-8179-002248d5d764}" behavior="0" />
      <RootComponent type="29" id="{b02d591a-9690-ef11-8a6a-002248d4f5a9}" behavior="0" />
      <RootComponent type="29" id="{b64f0a59-31d3-ef11-8ee9-002248d5def5}" behavior="0" />
      <RootComponent type="29" id="{e71dfe95-908b-ef11-8a6a-002248d4f5a9}" behavior="0" />
    </RootComponents>
    <MissingDependencies />
  </SolutionManifest>
</ImportExportXml>