<environmentvariabledefinition schemaname="hrms365_SettingListNameHRMS365">
  <defaultvalue>HRMS365AdvanceSettings</defaultvalue>
  <description default="HRMS New Variable for SettingListName(hr365_SettingListName)">
    <label description="HRMS New Variable for SettingListName(hr365_SettingListName)" languagecode="1033" />
  </description>
  <displayname default="SettingListName (HRMS365)">
    <label description="SettingListName (HRMS365)" languagecode="1033" />
  </displayname>
  <introducedversion>25.0825.1347.8</introducedversion>
  <iscustomizable>1</iscustomizable>
  <isrequired>0</isrequired>
  <secretstore>0</secretstore>
  <type>100000000</type>
</environmentvariabledefinition>