<environmentvariabledefinition schemaname="hr365_MSFormIDInternal">
  <defaultvalue>K0aEMIUYjEi_jEvVW_MSTAMAGvPO9g5Oic2q9heY1ylUN0Q5MTkyMFlVTjFYUDdZRE9ENzZOQ0RHRS4u</defaultvalue>
  <displayname default="MSFormID - InternalUsers">
    <label description="MSFormID - InternalUsers" languagecode="1033" />
  </displayname>
  <introducedversion>13.23.0930.1224</introducedversion>
  <iscustomizable>1</iscustomizable>
  <isrequired>0</isrequired>
  <secretstore>0</secretstore>
  <type>100000000</type>
</environmentvariabledefinition>