{
  "properties": {
    "connectionReferences": {
      "shared_sharepointonline": {
        "runtimeSource": "embedded",
        "connection": {
          "connectionReferenceLogicalName": "new_sharedsharepointonline_90647"
        },
        "api": {
          "name": "shared_sharepointonline"
        }
      }
    },
    "definition": {
      "$schema": "https://schema.management.azure.com/providers/Microsoft.Logic/schemas/2016-06-01/workflowdefinition.json#",
      "contentVersion": "undefined",
      "parameters": {
        "$connections": {
          "defaultValue": {},
          "type": "Object"
        },
        "$authentication": {
          "defaultValue": {},
          "type": "SecureObject"
        },
        "RevSiteURL (hr365_RevSiteURL)": {
          "defaultValue": "https://clayfly.sharepoint.com/sites/21stapril25/",
          "type": "String",
          "metadata": {
            "schemaName": "hr365_RevSiteURL"
          }
        }
      },
      "triggers": {
        "Recurrence": {
          "recurrence": {
            "frequency": "Minute",
            "interval": 10,
            "startTime": "2024-12-27T11:00:00Z"
          },
          "metadata": {
            "operationMetadataId": "841f9cac-4b3e-41a6-ab98-6cf8785f14f8"
          },
          "type": "Recurrence"
        }
      },
      "actions": {
        "SiteURL": {
          "runAfter": {
            "site_url_from_env": [
              "Succeeded"
            ]
          },
          "metadata": {
            "operationMetadataId": "09b7435c-1c73-49a2-8f55-54a195aeaea1"
          },
          "type": "InitializeVariable",
          "inputs": {
            "variables": [
              {
                "name": "SiteURL",
                "type": "string",
                "value": "@parameters('RevSiteURL (hr365_RevSiteURL)')"
              }
            ]
          }
        },
        "Get_Settings_Data": {
          "runAfter": {
            "PluginSyncedDate": [
              "Succeeded"
            ]
          },
          "metadata": {
            "operationMetadataId": "9b0f3471-b559-43b4-8a9a-6ad34d00dcfe"
          },
          "type": "OpenApiConnection",
          "inputs": {
            "host": {
              "connectionName": "shared_sharepointonline",
              "operationId": "GetItems",
              "apiId": "/providers/Microsoft.PowerApps/apis/shared_sharepointonline"
            },
            "parameters": {
              "dataset": "@parameters('RevSiteURL (hr365_RevSiteURL)')",
              "table": "REV365Settings",
              "$orderby": "Id asc",
              "$top": 1
            },
            "authentication": "@parameters('$authentication')"
          }
        },
        "PluginSyncedDate": {
          "runAfter": {
            "display_site_name": [
              "Succeeded"
            ]
          },
          "metadata": {
            "operationMetadataId": "00713c43-b8cc-4039-b0eb-4dd72e5d97b4"
          },
          "type": "InitializeVariable",
          "inputs": {
            "variables": [
              {
                "name": "PluginSyncedDate",
                "type": "string"
              }
            ]
          }
        },
        "Set_PluginSyncedDate": {
          "runAfter": {
            "Read_Emails_Data": [
              "Succeeded"
            ]
          },
          "metadata": {
            "operationMetadataId": "be68ad4d-5b16-4bcb-80e5-536f82c0665b"
          },
          "type": "SetVariable",
          "inputs": {
            "name": "PluginSyncedDate",
            "value": "@outputs('Get_Settings_Data')['body/value']?[0]?['PLUGIN_SYNCED_DATE']"
          }
        },
        "HTTP": {
          "runAfter": {
            "Set_PluginSyncedDate": [
              "Succeeded"
            ]
          },
          "metadata": {
            "operationMetadataId": "ee97fdcd-dfa6-4edd-b800-60a65ff0ec14"
          },
          "type": "Http",
          "inputs": {
            "method": "GET",
            "uri": "https://mt.msapps365.com/api/v1/tickets?date=@{variables('PluginSyncedDate')}&tenantName=@{variables('TenantName')}&siteName=@{variables('SiteName')}"
          }
        },
        "Apply_to_each": {
          "foreach": "@body('HTTP')['tickets']",
          "actions": {
            "Compose": {
              "runAfter": {},
              "metadata": {
                "operationMetadataId": "40a1edfc-2b13-4a65-a67c-5451cdea178d"
              },
              "type": "Compose",
              "inputs": "@items('Apply_to_each')['emailUniqueId']"
            },
            "Get_Email_Data": {
              "runAfter": {
                "Compose": [
                  "Succeeded"
                ]
              },
              "metadata": {
                "operationMetadataId": "b5b42682-7aeb-47f3-85a8-88ea6f3a2209"
              },
              "type": "OpenApiConnection",
              "inputs": {
                "host": {
                  "connectionName": "shared_sharepointonline",
                  "operationId": "GetItems",
                  "apiId": "/providers/Microsoft.PowerApps/apis/shared_sharepointonline"
                },
                "parameters": {
                  "dataset": "@parameters('RevSiteURL (hr365_RevSiteURL)')",
                  "table": "REV365EmailTracking",
                  "$filter": "UNIQUE_ID eq '@{items('Apply_to_each')?['emailUniqueId']}'"
                },
                "authentication": "@parameters('$authentication')"
              }
            },
            "Check_Body_Exists": {
              "actions": {
                "Create_new_item_in_the_list": {
                  "runAfter": {},
                  "metadata": {
                    "operationMetadataId": "fd0f578d-d32e-48b6-be95-17405049dba2"
                  },
                  "type": "OpenApiConnection",
                  "inputs": {
                    "host": {
                      "connectionName": "shared_sharepointonline",
                      "operationId": "HttpRequest",
                      "apiId": "/providers/Microsoft.PowerApps/apis/shared_sharepointonline"
                    },
                    "parameters": {
                      "dataset": "@parameters('RevSiteURL (hr365_RevSiteURL)')",
                      "parameters/method": "POST",
                      "parameters/uri": "_api/web/lists/getbytitle('REV365EmailTracking')/items",
                      "parameters/headers": {
                        "Accept": "application/json;odata=nometadata",
                        "Content-Type": "application/json;odata=nometadata",
                        "odata-version": "*"
                      },
                      "parameters/body": "    {\nTitle:\"@{items('Apply_to_each')['emailUniqueId']}\",\n    UNIQUE_ID:\"@{items('Apply_to_each')['emailUniqueId']}\",\n    SUBJECT: \"\",\n    TO_WHO:\"@{items('Apply_to_each')['userId']}\",\n    BY_WHO:\"@{items('Apply_to_each')['senderId']}\",\n\nOpenedEmails:\"0\"\n}"
                    },
                    "authentication": "@parameters('$authentication')"
                  }
                }
              },
              "runAfter": {
                "length_of_get_gmail_data": [
                  "Succeeded"
                ]
              },
              "else": {
                "actions": {
                  "Update_Read_Emails_Data_in_the_List": {
                    "runAfter": {
                      "Append_Read_Emails_Data": [
                        "Succeeded"
                      ]
                    },
                    "metadata": {
                      "operationMetadataId": "afb65fe8-c271-4467-a274-f738ecc676e0"
                    },
                    "type": "OpenApiConnection",
                    "inputs": {
                      "host": {
                        "connectionName": "shared_sharepointonline",
                        "operationId": "HttpRequest",
                        "apiId": "/providers/Microsoft.PowerApps/apis/shared_sharepointonline"
                      },
                      "parameters": {
                        "dataset": "@parameters('RevSiteURL (hr365_RevSiteURL)')",
                        "parameters/method": "POST",
                        "parameters/uri": "_api/web/lists/getbytitle('REV365EmailTracking')/items('@{outputs('Get_Email_Data')?['body/value']?[0]?['ID']}')",
                        "parameters/headers": {
                          "Accept": "application/json;odata=nometadata",
                          "Content-type": "application/json;odata=nometadata",
                          "odata-version": "",
                          "IF-MATCH": "*",
                          "X-HTTP-Method": "MERGE"
                        },
                        "parameters/body": "{\nReadEmailsData :'@{string(variables('ReadEmailsData'))}',\nOpenedEmails:'@{if(items('Apply_to_each')?['isRead'],add(int(coalesce(body('Get_Email_Data')?['value']?[0]?['OpenedEmails'],0)),1),coalesce(body('Get_Email_Data')?['value']?[0]?['OpenedEmails'],0))\r\n}',\nFirstRead:'@{if(contains(outputs('Get_Email_Data')?['body/value'],'FirstRead'),outputs('Get_Email_Data')?['body/value']?['FirstRead'],item()?['readAt'])}',\nLastRead:'@{items('Apply_to_each')['readAt']}'\n}"
                      },
                      "authentication": "@parameters('$authentication')"
                    }
                  },
                  "Append_Read_Emails_Data": {
                    "runAfter": {
                      "display_iterating_ticket": [
                        "Succeeded"
                      ]
                    },
                    "metadata": {
                      "operationMetadataId": "ae2eb0f1-9250-4cca-b953-68a8aaba58fb"
                    },
                    "type": "AppendToArrayVariable",
                    "inputs": {
                      "name": "ReadEmailsData",
                      "value": "@items('Apply_to_each')"
                    }
                  },
                  "Check_Read_Emails_Data_": {
                    "actions": {
                      "Set_Read_Emails_Data_Empty": {
                        "runAfter": {},
                        "metadata": {
                          "operationMetadataId": "89493272-6baf-4de8-a781-72bb83c32a56"
                        },
                        "type": "SetVariable",
                        "inputs": {
                          "name": "ReadEmailsData",
                          "value": []
                        }
                      }
                    },
                    "runAfter": {},
                    "else": {
                      "actions": {
                        "Set_Read_Emails_Data": {
                          "runAfter": {
                            "display_ReadEmailsData": [
                              "Succeeded"
                            ]
                          },
                          "metadata": {
                            "operationMetadataId": "f322de9e-15fe-4983-b902-fe282b651150"
                          },
                          "type": "SetVariable",
                          "inputs": {
                            "name": "ReadEmailsData",
                            "value": "@json(outputs('Get_Email_Data')?['body/value']?[0]?['ReadEmailsData'])"
                          }
                        },
                        "display_ReadEmailsData": {
                          "runAfter": {},
                          "metadata": {
                            "operationMetadataId": "133b7b38-4720-460e-8ee9-4dabef30006a"
                          },
                          "type": "Compose",
                          "inputs": "@json(outputs('Get_Email_Data')?['body/value']?[0]?['ReadEmailsData'])"
                        }
                      }
                    },
                    "expression": {
                      "or": [
                        {
                          "equals": [
                            "@outputs('Get_Email_Data')?['body/value']?[0]?['ReadEmailsData']",
                            ""
                          ]
                        },
                        {
                          "equals": [
                            "@outputs('Get_Email_Data')?['body/value']?[0]?['ReadEmailsData']",
                            "@null"
                          ]
                        }
                      ]
                    },
                    "metadata": {
                      "operationMetadataId": "0c6f0752-3536-44fb-ab7b-abb66ddf6411"
                    },
                    "type": "If"
                  },
                  "display_iterating_ticket": {
                    "runAfter": {
                      "Check_Read_Emails_Data_": [
                        "Succeeded"
                      ]
                    },
                    "metadata": {
                      "operationMetadataId": "143f3676-24fb-430d-bae5-6d0706af277e"
                    },
                    "type": "Compose",
                    "inputs": "@items('Apply_to_each')"
                  }
                }
              },
              "expression": {
                "equals": [
                  "@length(outputs('Get_Email_Data')?['body/value'])",
                  0
                ]
              },
              "metadata": {
                "operationMetadataId": "e8ab2103-d7a5-45c5-a628-52602c9bb591"
              },
              "type": "If"
            },
            "length_of_get_gmail_data": {
              "runAfter": {
                "Get_Email_Data": [
                  "Succeeded"
                ]
              },
              "metadata": {
                "operationMetadataId": "e8659610-77bc-4142-a172-1a35861a3b7f"
              },
              "type": "Compose",
              "inputs": "@length(outputs('Get_Email_Data')?['body/value'])"
            }
          },
          "runAfter": {
            "HTTP": [
              "Succeeded"
            ]
          },
          "metadata": {
            "operationMetadataId": "17c437c6-4947-4ac4-8a78-940ab7681aed"
          },
          "type": "Foreach"
        },
        "Read_Emails_Data": {
          "runAfter": {
            "settings_Data": [
              "Succeeded"
            ]
          },
          "metadata": {
            "operationMetadataId": "7453d8d6-bb2a-439e-8026-078667bfed21"
          },
          "type": "InitializeVariable",
          "inputs": {
            "variables": [
              {
                "name": "ReadEmailsData",
                "type": "array",
                "value": []
              }
            ]
          }
        },
        "Tenant_Name": {
          "runAfter": {
            "SiteURL": [
              "Succeeded"
            ]
          },
          "metadata": {
            "operationMetadataId": "2c95c0b9-23c8-4607-a98d-0b66f7475f24"
          },
          "type": "InitializeVariable",
          "inputs": {
            "variables": [
              {
                "name": "TenantName",
                "type": "string",
                "value": "@split(split(variables('SiteURL'), '/')[2], '.')[0]"
              }
            ]
          }
        },
        "Post_current_DateTime_in_the_setting_list": {
          "runAfter": {
            "Apply_to_each": [
              "Succeeded"
            ]
          },
          "metadata": {
            "operationMetadataId": "0aae9243-c570-4af6-9bfa-7a8437df3d36"
          },
          "type": "OpenApiConnection",
          "inputs": {
            "host": {
              "connectionName": "shared_sharepointonline",
              "operationId": "HttpRequest",
              "apiId": "/providers/Microsoft.PowerApps/apis/shared_sharepointonline"
            },
            "parameters": {
              "dataset": "@parameters('RevSiteURL (hr365_RevSiteURL)')",
              "parameters/method": "POST",
              "parameters/uri": "_api/web/lists/getbytitle('REV365Settings')/items('@{outputs('Get_Settings_Data')['body/value'][0]['Id']}')",
              "parameters/headers": {
                "Accept": "application/json;odata=nometadata",
                "Content-type": "application/json;odata=nometadata",
                "odata-version": "",
                "IF-MATCH": "*",
                "X-HTTP-Method": "MERGE"
              },
              "parameters/body": "{\nPLUGIN_SYNCED_DATE :'@{formatDateTime(utcNow(),'yyyy-MM-ddTHH:mm:ss.fffZ')}'\n}"
            },
            "authentication": "@parameters('$authentication')"
          }
        },
        "Site_Name": {
          "runAfter": {
            "display_tenant_name": [
              "Succeeded"
            ]
          },
          "metadata": {
            "operationMetadataId": "887c719f-fcd5-4233-a034-72db8492239c"
          },
          "type": "InitializeVariable",
          "inputs": {
            "variables": [
              {
                "name": "SiteName",
                "type": "string",
                "value": "@split(variables('SiteURL'), '/')[4]"
              }
            ]
          }
        },
        "display_tenant_name": {
          "runAfter": {
            "Tenant_Name": [
              "Succeeded"
            ]
          },
          "metadata": {
            "operationMetadataId": "1b3e07b7-b313-42e4-8558-6b9b86fc1873"
          },
          "type": "Compose",
          "inputs": "@variables('TenantName')"
        },
        "display_site_name": {
          "runAfter": {
            "Site_Name": [
              "Succeeded"
            ]
          },
          "metadata": {
            "operationMetadataId": "e6b1936d-734c-497d-8f63-ced8e2f367de"
          },
          "type": "Compose",
          "inputs": "@variables('SiteName')"
        },
        "site_url_from_env": {
          "runAfter": {},
          "metadata": {
            "operationMetadataId": "7e579080-efd8-4c71-8278-c3bb7ea209b5"
          },
          "type": "Compose",
          "inputs": "@parameters('RevSiteURL (hr365_RevSiteURL)')"
        },
        "settings_Data": {
          "runAfter": {
            "Get_Settings_Data": [
              "Succeeded"
            ]
          },
          "metadata": {
            "operationMetadataId": "b6454d84-3756-4be3-b18e-fae76ac5058b"
          },
          "type": "Compose",
          "inputs": "@outputs('Get_Settings_Data')['body/value']?[0]?['PLUGIN_SYNCED_DATE']"
        }
      }
    },
    "templateName": ""
  },
  "schemaVersion": "1.0.0.0"
}