{
  "properties": {
    "connectionReferences": {
      "shared_sharepointonline": {
        "api": {
          "name": "shared_sharepointonline"
        },
        "connection": {
          "connectionReferenceLogicalName": "hr365_sharedsharepointonline_5e805"
        },
        "runtimeSource": "embedded"
      },
      "shared_sharepointonline-1": {
        "api": {
          "name": "shared_sharepointonline"
        },
        "connection": {
          "connectionReferenceLogicalName": "new_sharedsharepointonline_90647"
        },
        "runtimeSource": "embedded"
      }
    },
    "definition": {
      "$schema": "https://schema.management.azure.com/providers/Microsoft.Logic/schemas/2016-06-01/workflowdefinition.json#",
      "contentVersion": "1.0.0.0",
      "parameters": {
        "$authentication": {
          "defaultValue": {},
          "type": "SecureObject"
        },
        "$connections": {
          "defaultValue": {},
          "type": "Object"
        },
        "RevSiteURL (hr365_RevSiteURL)": {
          "defaultValue": "https://clayfly.sharepoint.com/sites/17thApril/",
          "type": "String",
          "metadata": {
            "schemaName": "hr365_RevSiteURL"
          }
        }
      },
      "triggers": {
        "Recurrence": {
          "type": "Recurrence",
          "recurrence": {
            "frequency": "Day",
            "interval": 1,
            "startTime": "2025-03-06T04:30:00Z"
          },
          "metadata": {
            "operationMetadataId": "776bc9b4-70de-4e5b-b032-db3cd926146a"
          }
        }
      },
      "actions": {
        "Compose": {
          "type": "Compose",
          "inputs": "@parameters('RevSiteURL (hr365_RevSiteURL)')",
          "runAfter": {},
          "metadata": {
            "operationMetadataId": "f9ec4466-b974-42c7-a174-01c3ead0837a"
          }
        },
        "Get_All_Subscribers_Data": {
          "type": "OpenApiConnection",
          "inputs": {
            "parameters": {
              "dataset": "@parameters('RevSiteURL (hr365_RevSiteURL)')",
              "parameters/method": "GET",
              "parameters/uri": "_api/web/lists/getbytitle('REV365Clients')/items?$select=ID,Title,IsSubscriber,RenewalSubscriptionsData,SubscriptionsData&$filter=ID eq 1",
              "parameters/headers": {
                "Accept": "application/json;odata=verbose",
                "Content-type": "application/json;odata=verbose"
              }
            },
            "host": {
              "apiId": "/providers/Microsoft.PowerApps/apis/shared_sharepointonline",
              "operationId": "HttpRequest",
              "connectionName": "shared_sharepointonline"
            }
          },
          "runAfter": {
            "Compose": [
              "Succeeded"
            ]
          },
          "metadata": {
            "operationMetadataId": "efb2e2f2-02bf-42fa-bd52-c6e5a34ca23e"
          }
        },
        "Display_Subscriber_Data": {
          "type": "Compose",
          "inputs": "@body('Get_All_Subscribers_Data')?['d']?['results']",
          "runAfter": {
            "Get_All_Subscribers_Data": [
              "Succeeded"
            ]
          },
          "metadata": {
            "operationMetadataId": "9775a439-7bfb-4487-9c1e-4875374022a1"
          }
        },
        "Get_All_Invoices": {
          "type": "OpenApiConnection",
          "inputs": {
            "parameters": {
              "dataset": "@parameters('RevSiteURL (hr365_RevSiteURL)')",
              "table": "REV365Invoice",
              "$top": 5999
            },
            "host": {
              "apiId": "/providers/Microsoft.PowerApps/apis/shared_sharepointonline",
              "operationId": "GetItems",
              "connectionName": "shared_sharepointonline"
            }
          },
          "runAfter": {
            "Display_Subscriber_Data": [
              "Succeeded"
            ]
          },
          "metadata": {
            "operationMetadataId": "dc34526a-f344-4814-9646-575054dc4d5e"
          }
        },
        "display_all_invoices": {
          "type": "Compose",
          "inputs": "@outputs('Get_All_Invoices')?['body/value']",
          "runAfter": {
            "Get_All_Invoices_Only": [
              "Succeeded"
            ]
          },
          "metadata": {
            "operationMetadataId": "19995b49-257f-4e51-a7ec-f5889dd34f4b"
          }
        },
        "Filter_array": {
          "type": "Query",
          "inputs": {
            "from": "@outputs('Get_All_Invoices')?['body/value']",
            "where": "@equals(item()?['Title'],'Invoice')"
          },
          "runAfter": {
            "display_all_invoices": [
              "Succeeded"
            ]
          },
          "metadata": {
            "operationMetadataId": "253f3e2d-42b1-42fd-9d64-cfbfed6072ed"
          }
        },
        "only_invoices": {
          "type": "Compose",
          "inputs": "@body('Filter_array')",
          "runAfter": {
            "Filter_array": [
              "Succeeded"
            ]
          },
          "metadata": {
            "operationMetadataId": "7f7fc401-0f2e-4dab-8cd6-0633932b5fa3"
          }
        },
        "Get_All_Invoices_Only": {
          "type": "OpenApiConnection",
          "inputs": {
            "parameters": {
              "dataset": "@parameters('RevSiteURL (hr365_RevSiteURL)')",
              "parameters/method": "GET",
              "parameters/uri": "_api/web/lists/getbytitle('REV365Invoice')/items?$select=ID,Title&$filter=Title eq 'Invoice'",
              "parameters/headers": {
                "Accept": "application/json;odata=verbose",
                "Content-type": "application/json;odata=verbose"
              }
            },
            "host": {
              "apiId": "/providers/Microsoft.PowerApps/apis/shared_sharepointonline",
              "operationId": "HttpRequest",
              "connectionName": "shared_sharepointonline-1"
            }
          },
          "runAfter": {
            "Get_All_Invoices": [
              "Succeeded"
            ]
          },
          "metadata": {
            "operationMetadataId": "efb2e2f2-02bf-42fa-bd52-c6e5a34ca23e"
          }
        }
      }
    },
    "templateName": null
  },
  "schemaVersion": "1.0.0.0"
}