{
  "properties": {
    "connectionReferences": {
      "shared_office365-1": {
        "api": {
          "name": "shared_office365"
        },
        "connection": {
          "connectionReferenceLogicalName": "hr365_sharedoffice365_fde40"
        },
        "runtimeSource": "embedded"
      },
      "shared_sharepointonline-1": {
        "api": {
          "name": "shared_sharepointonline"
        },
        "connection": {
          "connectionReferenceLogicalName": "hr365_sharedsharepointonline_5e805"
        },
        "runtimeSource": "embedded"
      },
      "shared_sharepointonline-2": {
        "api": {
          "name": "shared_sharepointonline"
        },
        "connection": {
          "connectionReferenceLogicalName": "hr365_sharedsharepointonline_77423"
        },
        "runtimeSource": "embedded"
      },
      "shared_conversionservice": {
        "api": {
          "name": "shared_conversionservice"
        },
        "connection": {
          "connectionReferenceLogicalName": "hr365_sharedconversionservice_e3568"
        },
        "runtimeSource": "embedded"
      }
    },
    "definition": {
      "$schema": "https://schema.management.azure.com/providers/Microsoft.Logic/schemas/2016-06-01/workflowdefinition.json#",
      "contentVersion": "1.0.0.0",
      "parameters": {
        "$authentication": {
          "defaultValue": {},
          "type": "SecureObject"
        },
        "$connections": {
          "defaultValue": {},
          "type": "Object"
        },
        "RevSiteURL (hr365_RevSiteURL)": {
          "defaultValue": "https://clayfly.sharepoint.com/sites/8thapril/",
          "type": "String",
          "metadata": {
            "schemaName": "hr365_RevSiteURL"
          }
        },
        "RevMailBoxId (hr365_MailBoxId)": {
          "defaultValue": "revops@clayfly.com",
          "type": "String",
          "metadata": {
            "schemaName": "hr365_MailBoxId"
          }
        }
      },
      "triggers": {
        "When_a_new_email_arrives_in_a_shared_mailbox_(V2)": {
          "type": "OpenApiConnection",
          "inputs": {
            "parameters": {
              "mailboxAddress": "@parameters('RevMailBoxId (hr365_MailBoxId)')",
              "folderId": "Id::AQMkAGZjMjg1NQBjNy0zNjgzLTQ1OTMtYmY4Mi00OGQyNjAzNmFkNGYALgAAA8bEyG3zHmNDpy2TdBzF8gkBACaonjbSgFBHqu0GjTq_rzUAAAIBDAAAAA=="
            },
            "host": {
              "apiId": "/providers/Microsoft.PowerApps/apis/shared_office365",
              "operationId": "SharedMailboxOnNewEmailV2",
              "connectionName": "shared_office365-1"
            }
          },
          "recurrence": {
            "interval": 1,
            "frequency": "Minute"
          },
          "splitOn": "@triggerOutputs()?['body/value']",
          "metadata": {
            "operationMetadataId": "996e61f3-7d8f-4549-a730-426b627f19c2",
            "Id::AQMkAGZjMjg1NQBjNy0zNjgzLTQ1OTMtYmY4Mi00OGQyNjAzNmFkNGYALgAAA8bEyG3zHmNDpy2TdBzF8gkBACaonjbSgFBHqu0GjTq_rzUAAAIBDAAAAA==": "Inbox"
          }
        }
      },
      "actions": {
        "Display_mail_body": {
          "type": "Compose",
          "inputs": "@triggerOutputs()?['body/body']",
          "runAfter": {
            "Display_mail_subject": [
              "Succeeded"
            ]
          },
          "metadata": {
            "operationMetadataId": "b85a0412-5bfd-4e43-96d1-d8017bbb532c"
          }
        },
        "CuSatName": {
          "type": "InitializeVariable",
          "inputs": {
            "variables": [
              {
                "name": "CuSatName",
                "type": "string",
                "value": "Dissatisfied"
              }
            ]
          },
          "runAfter": {
            "Display_mail_body": [
              "Succeeded"
            ]
          },
          "metadata": {
            "operationMetadataId": "ed23952e-abae-45fd-a781-6d05ca673146"
          }
        },
        "SurveyProperties": {
          "type": "InitializeVariable",
          "inputs": {
            "variables": [
              {
                "name": "SurveyProperties",
                "type": "array"
              }
            ]
          },
          "runAfter": {
            "CuSatName": [
              "Succeeded"
            ]
          },
          "metadata": {
            "operationMetadataId": "b876f12e-477f-42b2-9dcf-f4a9b176bb19"
          }
        },
        "Display_mail_subject": {
          "type": "Compose",
          "inputs": "@triggerOutputs()?['body/subject']",
          "runAfter": {},
          "metadata": {
            "operationMetadataId": "6e604381-a41d-40ed-aba3-b63debaabb51"
          }
        },
        "Client_ID": {
          "type": "InitializeVariable",
          "inputs": {
            "variables": [
              {
                "name": "ClientID",
                "type": "integer"
              }
            ]
          },
          "runAfter": {
            "SurveyProperties": [
              "Succeeded"
            ]
          },
          "metadata": {
            "operationMetadataId": "a81777d9-406f-4156-8bb2-4bf21b278203"
          }
        },
        "check_is_it's_rating_response_2": {
          "type": "If",
          "expression": {
            "and": [
              {
                "not": {
                  "contains": [
                    "@triggerOutputs()?['body/subject']",
                    "CusSat"
                  ]
                }
              }
            ]
          },
          "actions": {},
          "else": {
            "actions": {
              "Rating_2": {
                "type": "Compose",
                "inputs": "@split(split(split(triggerOutputs()?['body/body'], '<td>')[1], '</td>')[0], ' Out of 5')[0]",
                "metadata": {
                  "operationMetadataId": "6e28fb75-c8bd-4e2e-9c0b-03198b3fffb7"
                }
              },
              "Switch_2": {
                "type": "Switch",
                "expression": "@int(outputs('Rating_2'))",
                "default": {
                  "actions": {}
                },
                "cases": {
                  "Case": {
                    "actions": {
                      "Set_variable": {
                        "type": "SetVariable",
                        "inputs": {
                          "name": "CuSatName",
                          "value": "Satisfied"
                        },
                        "metadata": {
                          "operationMetadataId": "06013854-d7d2-483a-b360-6d8bda9c5b18"
                        }
                      }
                    },
                    "case": 5
                  },
                  "Case_2": {
                    "actions": {
                      "Set_variable_2": {
                        "type": "SetVariable",
                        "inputs": {
                          "name": "CuSatName",
                          "value": "Mostly Satisfied"
                        },
                        "metadata": {
                          "operationMetadataId": "96eb8a89-54e4-4a99-8cb7-3e5917e4c838"
                        }
                      }
                    },
                    "case": 4
                  },
                  "Case_3": {
                    "actions": {
                      "Set_variable_3": {
                        "type": "SetVariable",
                        "inputs": {
                          "name": "CuSatName",
                          "value": "Fair"
                        },
                        "metadata": {
                          "operationMetadataId": "5b9cb5f8-1da9-4682-a1cf-ceda00ca02d7"
                        }
                      }
                    },
                    "case": 3
                  },
                  "Case_4": {
                    "actions": {
                      "Set_variable_4": {
                        "type": "SetVariable",
                        "inputs": {
                          "name": "CuSatName",
                          "value": "Mostly Dissatisfied"
                        },
                        "metadata": {
                          "operationMetadataId": "801f24b4-8167-48f2-bdb2-c69f20e96a7e"
                        }
                      }
                    },
                    "case": 2
                  }
                },
                "runAfter": {
                  "Comment_2": [
                    "Succeeded"
                  ]
                },
                "metadata": {
                  "operationMetadataId": "d8c2a2c8-4da5-4270-9a05-ea559903c456"
                }
              },
              "Send_an_HTTP_request_to_SharePoint_3": {
                "type": "OpenApiConnection",
                "inputs": {
                  "parameters": {
                    "dataset": "@parameters('RevSiteURL (hr365_RevSiteURL)')",
                    "parameters/method": "GET",
                    "parameters/uri": "_api/web/lists/getbytitle('REV365Clients')/items?$filter=IssueId eq ''",
                    "parameters/headers": {
                      "Accept": "application/json; odata=verbos",
                      "Content-Type": "application/json"
                    }
                  },
                  "host": {
                    "apiId": "/providers/Microsoft.PowerApps/apis/shared_sharepointonline",
                    "operationId": "HttpRequest",
                    "connectionName": "shared_sharepointonline-1"
                  }
                },
                "runAfter": {
                  "Switch_2": [
                    "Succeeded"
                  ]
                },
                "metadata": {
                  "operationMetadataId": "9d34cb46-bc7b-4747-9158-7153f1530797"
                }
              },
              "setSurveyProperties_2": {
                "type": "SetVariable",
                "inputs": {
                  "name": "SurveyProperties",
                  "value": [
                    {
                      "TicketSurvey": "@{variables('CuSatName')}",
                      "Surveyratingcount": "@{outputs('Rating_2')}",
                      "SurveyAdditionalComments": "@{outputs('Comment_2')}",
                      "WhenSureveyLinkSent": "@{outputs('Send_an_HTTP_request_to_SharePoint_3')?['body']?['d']?['results'][0]?['SurveyLinkSentDate']}",
                      "SurveyQ1": "HR",
                      "SurveyQ2": "",
                      "SurveyQ3": "",
                      "SurveyType": "",
                      "SurveySubmitDate": "@{utcNow()}"
                    }
                  ]
                },
                "runAfter": {
                  "Send_an_HTTP_request_to_SharePoint_3": [
                    "Succeeded"
                  ]
                },
                "metadata": {
                  "operationMetadataId": "55e402f2-fb77-43bf-b757-1b1929c75ac8"
                }
              },
              "Send_an_HTTP_request_to_SharePoint_4": {
                "type": "OpenApiConnection",
                "inputs": {
                  "parameters": {
                    "dataset": "@parameters('RevSiteURL (hr365_RevSiteURL)')",
                    "parameters/method": "POST",
                    "parameters/uri": "_api/web/lists/getbytitle('REV365Clients')/items(@{outputs('Send_an_HTTP_request_to_SharePoint_3')?['body']?['d']?['results'][0]?['Id']})",
                    "parameters/headers": {
                      "accept": "application/json;odata=verbose",
                      "content-type": "application/json;odata=verbose",
                      "IF-MATCH": "*",
                      "X-HTTP-Method": "PATCH"
                    },
                    "parameters/body": "{\n     \"__metadata\": { \"type\": \"SP.Data.HR365HDMTicketsListItem\" },\n \"SurveyProperties\":'@{string(variables('SurveyProperties'))}'\n        }"
                  },
                  "host": {
                    "apiId": "/providers/Microsoft.PowerApps/apis/shared_sharepointonline",
                    "operationId": "HttpRequest",
                    "connectionName": "shared_sharepointonline-2"
                  }
                },
                "runAfter": {
                  "setSurveyProperties_2": [
                    "Succeeded"
                  ]
                },
                "metadata": {
                  "operationMetadataId": "b56fae2d-267e-4cf3-9b56-8205044437e8"
                }
              },
              "Comment_2": {
                "type": "Compose",
                "inputs": "@split(split(triggerOutputs()?['body/body'], '<td>')[2], '</td>')[0]",
                "runAfter": {
                  "Rating_2": [
                    "Succeeded"
                  ]
                },
                "metadata": {
                  "operationMetadataId": "d26f6885-a665-494e-b792-e6b11cdd2787"
                }
              }
            }
          },
          "runAfter": {
            "check_body_and_subject": [
              "Succeeded"
            ]
          },
          "metadata": {
            "operationMetadataId": "81facf64-06a4-4f0b-a40b-7fcf5bfcd630"
          }
        },
        "check_body_and_subject": {
          "type": "If",
          "expression": {
            "and": [
              {
                "not": {
                  "equals": [
                    "@triggerOutputs()?['body/subject']",
                    ""
                  ]
                }
              },
              {
                "not": {
                  "equals": [
                    "@triggerOutputs()?['body/body']",
                    ""
                  ]
                }
              }
            ]
          },
          "actions": {
            "Html_to_text": {
              "type": "OpenApiConnection",
              "inputs": {
                "parameters": {
                  "Content": "<p class=\"editor-paragraph\">@{outputs('Display_mail_body')}</p>"
                },
                "host": {
                  "apiId": "/providers/Microsoft.PowerApps/apis/shared_conversionservice",
                  "operationId": "HtmlToText",
                  "connectionName": "shared_conversionservice"
                }
              },
              "metadata": {
                "operationMetadataId": "ea0c3cd4-a301-458a-afd2-bdb037f0767c"
              }
            },
            "Set_ClientID": {
              "type": "SetVariable",
              "inputs": {
                "name": "ClientID",
                "value": "@int(trim(split(split(outputs('Display_mail_subject'),'[')[1],']')[0]))"
              },
              "runAfter": {
                "Html_to_text": [
                  "Succeeded"
                ]
              },
              "metadata": {
                "operationMetadataId": "7ced511a-4093-4e31-8600-d013a609a345"
              }
            },
            "Display_ClientID": {
              "type": "Compose",
              "inputs": "@variables('ClientID')",
              "runAfter": {
                "Set_ClientID": [
                  "Succeeded"
                ]
              },
              "metadata": {
                "operationMetadataId": "0e66552f-dfc5-4ec8-8f74-3f6fab8d9c19"
              }
            },
            "Rating_of_Onboarding_Experience": {
              "type": "Compose",
              "inputs": "@trim(split(split(trim(split(split(outputs('Display_mail_body'),'<p><span style=\"\">Rate Your Overall Onboarding Experience (5= Excellent, 1= Poor)</span></p>')[1],'</tr>')[0]),'<td>')[1],'</td>')[0])",
              "runAfter": {
                "check_'Select_Application'_and_'Rate_Your_Overall_Onboarding_Experience'": [
                  "Succeeded"
                ]
              },
              "metadata": {
                "operationMetadataId": "4e6ac898-b5a9-4b48-aa93-8597cb8fd247"
              }
            },
            "Effectiveness_of_Training_Session_": {
              "type": "Compose",
              "inputs": "@trim(split(split(trim(split(split(outputs('Display_mail_body'),'<p>Effectiveness of Training Session&nbsp;<span style=\"\">(5= very Effective, 1= Not Effective)</span></p>')[1],'</tr>')[0]),'<td>')[1],'</td>')[0])",
              "runAfter": {
                "Rating_of_Onboarding_Experience": [
                  "Succeeded"
                ]
              },
              "metadata": {
                "operationMetadataId": "57257f62-cdcf-4032-9a04-e66e076ec4d4"
              }
            },
            "Clarity_of_Instructions": {
              "type": "Compose",
              "inputs": "@trim(split(split(trim(split(split(outputs('Display_mail_body'),'<p>Clarity of Instructions for System Setup and Usage (5= Very Clear, 1= Not Clear)</p>')[1],'</tr>')[0]),'<td>')[1],'</td>')[0])",
              "runAfter": {
                "Effectiveness_of_Training_Session_": [
                  "Succeeded"
                ]
              },
              "metadata": {
                "operationMetadataId": "6af87250-85f2-400e-ac14-75f68bd6f357"
              }
            },
            "Responsiveness_of_Onboarding_Team": {
              "type": "Compose",
              "inputs": "@trim(split(split(trim(split(split(outputs('Display_mail_body'),'<p>Responsiveness of Onboarding Team (5= Excellent, 1= Needs Improvement)</p>')[1],'</tr>')[0]),'<td>')[1],'</td>')[0])",
              "runAfter": {
                "Clarity_of_Instructions": [
                  "Succeeded"
                ]
              },
              "metadata": {
                "operationMetadataId": "6aaf9940-0fae-471b-a449-702ad6ba9645"
              }
            },
            "What_did_you_find_most_helpful_during_the_onboarding_process": {
              "type": "Compose",
              "inputs": "@trim(split(split(outputs('Display_mail_body'),'<p><span style=\"\">What did you find most helpful during the onboarding process?</span></p></td>')[1],'</tr>')[0])",
              "runAfter": {
                "Responsiveness_of_Onboarding_Team": [
                  "Succeeded"
                ]
              },
              "metadata": {
                "operationMetadataId": "3dce294e-26a9-4cd8-a9d6-baa86e35d348"
              }
            },
            "check_if_Subscription_data_available": {
              "type": "If",
              "expression": {
                "and": [
                  {
                    "not": {
                      "equals": [
                        "@outputs('Display_survey_properties_of_a_client')?['d']['results'][0]['SurveyProperties']\r\n",
                        "@null"
                      ]
                    }
                  },
                  {
                    "not": {
                      "equals": [
                        "@outputs('Display_survey_properties_of_a_client')?['d']['results'][0]['SurveyProperties']\r\n",
                        ""
                      ]
                    }
                  }
                ]
              },
              "actions": {
                "Set_SurveyProperties": {
                  "type": "SetVariable",
                  "inputs": {
                    "name": "SurveyProperties",
                    "value": "@outputs('SurveyProperties_of_a_Client')"
                  },
                  "runAfter": {
                    "SurveyProperties_of_a_Client": [
                      "Succeeded"
                    ]
                  },
                  "metadata": {
                    "operationMetadataId": "2d6a0ab7-b469-429a-9be0-e2a779297999"
                  }
                },
                "SurveyProperties_of_a_Client": {
                  "type": "Compose",
                  "inputs": "@json(outputs('Display_survey_properties_of_a_client')?['d']['results'][0]['SurveyProperties'])",
                  "metadata": {
                    "operationMetadataId": "2a9fd006-e419-4230-bb81-775a74953030"
                  }
                }
              },
              "else": {
                "actions": {}
              },
              "runAfter": {
                "Display_survey_properties_of_a_client": [
                  "Succeeded"
                ]
              },
              "metadata": {
                "operationMetadataId": "7c2b2b5d-95a4-43df-b84e-579bbaa86b12"
              }
            },
            "check_'Bussiness_Email_Id'_and_'Select_Application'": {
              "type": "If",
              "expression": {
                "and": [
                  {
                    "equals": [
                      "@and(contains(outputs('Html_to_text')?['body'], 'Bussiness Email Id'), contains(outputs('Html_to_text')?['body'], 'Select Application:'))\r\n",
                      true
                    ]
                  }
                ]
              },
              "actions": {
                "Business_Email_ID": {
                  "type": "Compose",
                  "inputs": "@trim(split(split(outputs('Html_to_text')?['body'],'Bussiness Email Id')[1],'Select Application:')[0])",
                  "metadata": {
                    "operationMetadataId": "f9ed0844-b1c7-4342-8c28-75076c449985"
                  }
                }
              },
              "else": {
                "actions": {}
              },
              "runAfter": {
                "Display_ClientID": [
                  "Succeeded"
                ]
              },
              "metadata": {
                "operationMetadataId": "00c30d38-7854-4e2e-83dd-9e49e5525295"
              }
            },
            "check_'Select_Application'_and_'Rate_Your_Overall_Onboarding_Experience'": {
              "type": "If",
              "expression": {
                "and": [
                  {
                    "equals": [
                      "@and(contains(outputs('Html_to_text')?['body'], 'Select Application:'), contains(outputs('Html_to_text')?['body'], 'Rate Your Overall Onboarding Experience (5= Excellent, 1= Poor)'))",
                      true
                    ]
                  }
                ]
              },
              "actions": {
                "Selected_application": {
                  "type": "Compose",
                  "inputs": "@trim(split(split(outputs('Html_to_text')?['body'],'Select Application:')[1],'Rate Your Overall Onboarding Experience (5= Excellent, 1= Poor)')[0])",
                  "metadata": {
                    "operationMetadataId": "63afd6b1-45c5-4987-9ccc-dec276d29848"
                  }
                }
              },
              "else": {
                "actions": {}
              },
              "runAfter": {
                "check_'Bussiness_Email_Id'_and_'Select_Application'": [
                  "Succeeded"
                ]
              },
              "metadata": {
                "operationMetadataId": "f3ef340b-27fd-467e-b0b2-bbca51d35dd2"
              }
            },
            "check_Additional_comments_suggestions": {
              "type": "If",
              "expression": {
                "and": [
                  {
                    "equals": [
                      "@and(contains(outputs('Html_to_text')?['body'], 'Additional comments/suggestions'), contains(outputs('Html_to_text')?['body'], '</tr>'))",
                      true
                    ]
                  }
                ]
              },
              "actions": {
                "Additional_comments": {
                  "type": "Compose",
                  "inputs": "@trim(split(split(trim(split(split(outputs('Display_mail_body'),'<p>Additional comments/suggestions</p>')[1],'</tr>')[0]),'<td>')[1],'</td>')[0])",
                  "metadata": {
                    "operationMetadataId": "6d8007f6-0ba6-4a7b-9fe1-1c270724f030"
                  }
                }
              },
              "else": {
                "actions": {}
              },
              "runAfter": {
                "What_did_you_find_most_helpful_during_the_onboarding_process": [
                  "Succeeded"
                ]
              },
              "metadata": {
                "operationMetadataId": "da84a826-17f6-41f0-a265-fcc718c0225f"
              }
            },
            "Get_Survey_Properties_of_a_Client": {
              "type": "OpenApiConnection",
              "inputs": {
                "parameters": {
                  "dataset": "@parameters('RevSiteURL (hr365_RevSiteURL)')",
                  "parameters/method": "GET",
                  "parameters/uri": "_api/web/lists/getbytitle('HR365TSClients')/items?$select=ID,Title,IsSubscriber,SurveyProperties&$filter=ID eq @{variables('ClientID')}",
                  "parameters/headers": {
                    "Accept": "application/json;odata=verbose",
                    "Content-type": "application/json;odata=verbose"
                  }
                },
                "host": {
                  "apiId": "/providers/Microsoft.PowerApps/apis/shared_sharepointonline",
                  "operationId": "HttpRequest",
                  "connectionName": "shared_sharepointonline-1"
                }
              },
              "runAfter": {
                "check_Additional_comments_suggestions": [
                  "Succeeded"
                ]
              },
              "metadata": {
                "operationMetadataId": "efb2e2f2-02bf-42fa-bd52-c6e5a34ca23e"
              }
            },
            "Display_survey_properties_of_a_client": {
              "type": "Compose",
              "inputs": "@body('Get_Survey_Properties_of_a_Client')",
              "runAfter": {
                "Get_Survey_Properties_of_a_Client": [
                  "Succeeded"
                ]
              },
              "metadata": {
                "operationMetadataId": "010117b9-1b6d-4be2-a425-af5b9f9ff679"
              }
            },
            "check_is_Subscription_survey": {
              "type": "If",
              "expression": {
                "and": [
                  {
                    "not": {
                      "equals": [
                        "@variables('SubscriptionID')",
                        ""
                      ]
                    }
                  }
                ]
              },
              "actions": {
                "Update_SurveyProperties_of_a_client": {
                  "type": "OpenApiConnection",
                  "inputs": {
                    "parameters": {
                      "dataset": "@parameters('RevSiteURL (hr365_RevSiteURL)')",
                      "parameters/method": "POST",
                      "parameters/uri": "_api/web/lists/getbytitle('HR365TSClients')/items(@{variables('ClientID')})",
                      "parameters/headers": {
                        "content-type": "application/json;odata=verbose",
                        "accept": "application/json;odata=verbose",
                        "IF-MATCH": "*",
                        "X-HTTP-Method": "PATCH"
                      },
                      "parameters/body": "{\n            '__metadata': { 'type': 'SP.Data.HR365TSClientsListItem' },\n  'SurveyProperties':'@{string(variables('SurveyProperties'))}'\n}"
                    },
                    "host": {
                      "apiId": "/providers/Microsoft.PowerApps/apis/shared_sharepointonline",
                      "operationId": "HttpRequest",
                      "connectionName": "shared_sharepointonline-1"
                    }
                  },
                  "runAfter": {
                    "Append_to_array_variable": [
                      "Succeeded"
                    ]
                  },
                  "metadata": {
                    "operationMetadataId": "35a5c51b-bc12-4ecd-aa6d-43f6837c925f"
                  }
                },
                "Append_to_array_variable": {
                  "type": "AppendToArrayVariable",
                  "inputs": {
                    "name": "SurveyProperties",
                    "value": {
                      "TicketSurvey": "",
                      "Surveyratingcount": "",
                      "SurveyAdditionalComments": "",
                      "WhenSureveyLinkSent": "",
                      "SubscriptionGUID": "@{variables('SubscriptionID')}",
                      "FirstName": "",
                      "LastName": "",
                      "BusinessEMailId": "",
                      "SelectedApplication": "",
                      "SurveyQ1": "@{outputs('Rating_of_Onboarding_Experience')}",
                      "SurveyQ2": "@{outputs('Effectiveness_of_Training_Session_')}",
                      "SurveyQ3": "@{outputs('Clarity_of_Instructions')}",
                      "SurveyQ4": "@{outputs('Responsiveness_of_Onboarding_Team')}",
                      "SurveyQ5": "@{outputs('What_did_you_find_most_helpful_during_the_onboarding_process')}",
                      "SurveyQ6": "",
                      "SurveyType": "",
                      "SurveySubmitDate": "@{utcNow()}"
                    }
                  },
                  "metadata": {
                    "operationMetadataId": "a4fe5954-56ee-4e6d-9057-f6a052f8a231"
                  }
                }
              },
              "else": {
                "actions": {
                  "Append_to_array_variable_2": {
                    "type": "AppendToArrayVariable",
                    "inputs": {
                      "name": "SurveyProperties",
                      "value": {
                        "TicketSurvey": "",
                        "Surveyratingcount": "",
                        "SurveyAdditionalComments": "",
                        "WhenSureveyLinkSent": "",
                        "SubscriptionGUID": "",
                        "FirstName": "",
                        "LastName": "",
                        "BusinessEMailId": "",
                        "SelectedApplication": "",
                        "SurveyQ1": "@{outputs('Rating_of_Onboarding_Experience')}",
                        "SurveyQ2": "@{outputs('Effectiveness_of_Training_Session_')}",
                        "SurveyQ3": "@{outputs('Clarity_of_Instructions')}",
                        "SurveyQ4": "@{outputs('Responsiveness_of_Onboarding_Team')}",
                        "SurveyQ5": "@{outputs('What_did_you_find_most_helpful_during_the_onboarding_process')}",
                        "SurveyQ6": "",
                        "SurveyType": "CSJSurvey",
                        "SurveySubmitDate": "@{utcNow()}"
                      }
                    },
                    "metadata": {
                      "operationMetadataId": "a4fe5954-56ee-4e6d-9057-f6a052f8a231"
                    }
                  },
                  "Update_SurveyProperties_of_a_client_2": {
                    "type": "OpenApiConnection",
                    "inputs": {
                      "parameters": {
                        "dataset": "@parameters('RevSiteURL (hr365_RevSiteURL)')",
                        "parameters/method": "POST",
                        "parameters/uri": "_api/web/lists/getbytitle('HR365TSClients')/items(@{variables('ClientID')})",
                        "parameters/headers": {
                          "content-type": "application/json;odata=verbose",
                          "accept": "application/json;odata=verbose",
                          "IF-MATCH": "*",
                          "X-HTTP-Method": "PATCH"
                        },
                        "parameters/body": "{\n            '__metadata': { 'type': 'SP.Data.HR365TSClientsListItem' },\n  'SurveyProperties':'@{string(variables('SurveyProperties'))}'\n}"
                      },
                      "host": {
                        "apiId": "/providers/Microsoft.PowerApps/apis/shared_sharepointonline",
                        "operationId": "HttpRequest",
                        "connectionName": "shared_sharepointonline-1"
                      }
                    },
                    "runAfter": {
                      "Append_to_array_variable_2": [
                        "Succeeded"
                      ]
                    },
                    "metadata": {
                      "operationMetadataId": "35a5c51b-bc12-4ecd-aa6d-43f6837c925f"
                    }
                  }
                }
              },
              "runAfter": {
                "check_if_Subscription_data_available": [
                  "Succeeded"
                ]
              },
              "metadata": {
                "operationMetadataId": "7f0e4590-bf12-47a7-9f9c-ff2961cc0996"
              }
            }
          },
          "else": {
            "actions": {}
          },
          "runAfter": {
            "check_subscription_ID_exist": [
              "Succeeded"
            ]
          },
          "metadata": {
            "operationMetadataId": "5ef815d6-2575-4ec6-8baa-4834ee77015a"
          }
        },
        "check_subscription_ID_exist": {
          "type": "If",
          "expression": {
            "and": [
              {
                "not": {
                  "equals": [
                    "@trim(split(split(outputs('Display_mail_body'),'<p><span>[</span>')[1],'<span>] &amp;')[0])",
                    ""
                  ]
                }
              }
            ]
          },
          "actions": {
            "Set_Subscription_ID": {
              "type": "SetVariable",
              "inputs": {
                "name": "SubscriptionID",
                "value": "@trim(split(split(outputs('Display_mail_body'),'<p><span>[</span>')[1],'<span>] &amp;')[0])"
              },
              "metadata": {
                "operationMetadataId": "b01b5b93-03f2-46ed-aad2-b913f80b06c2"
              }
            }
          },
          "else": {
            "actions": {}
          },
          "runAfter": {
            "Subscription_ID": [
              "Succeeded"
            ]
          },
          "metadata": {
            "operationMetadataId": "155b67cc-45fd-4a3b-bb60-db0b6e2be5d9"
          }
        },
        "Subscription_ID": {
          "type": "InitializeVariable",
          "inputs": {
            "variables": [
              {
                "name": "SubscriptionID",
                "type": "string"
              }
            ]
          },
          "runAfter": {
            "Client_ID": [
              "Succeeded"
            ]
          },
          "metadata": {
            "operationMetadataId": "f10ebba6-ac71-4f16-9424-195bd24d8453"
          }
        }
      },
      "outputs": {}
    },
    "templateName": null
  },
  "schemaVersion": "1.0.0.0"
}