{
  "properties": {
    "connectionReferences": {
      "shared_sharepointonline": {
        "runtimeSource": "embedded",
        "connection": {
          "connectionReferenceLogicalName": "hr365_sharedsharepointonline_5e805"
        },
        "api": {
          "name": "shared_sharepointonline"
        }
      }
    },
    "definition": {
      "$schema": "https://schema.management.azure.com/providers/Microsoft.Logic/schemas/2016-06-01/workflowdefinition.json#",
      "contentVersion": "1.0.0.0",
      "parameters": {
        "$connections": {
          "defaultValue": {},
          "type": "Object"
        },
        "$authentication": {
          "defaultValue": {},
          "type": "SecureObject"
        },
        "RevSiteURL (hr365_RevSiteURL)": {
          "defaultValue": "https://clayfly.sharepoint.com/sites/25thapril/",
          "type": "String",
          "metadata": {
            "schemaName": "hr365_RevSiteURL"
          }
        }
      },
      "triggers": {
        "When_an_item_is_created": {
          "recurrence": {
            "interval": 1,
            "frequency": "Minute"
          },
          "splitOn": "@triggerOutputs()?['body/value']",
          "metadata": {
            "operationMetadataId": "62b310b5-3aa4-4d64-a7fe-f7a0db91ae17"
          },
          "type": "OpenApiConnection",
          "inputs": {
            "parameters": {
              "dataset": "@parameters('RevSiteURL (hr365_RevSiteURL)')",
              "table": "REV365GraphAPIEmails"
            },
            "host": {
              "connectionName": "shared_sharepointonline",
              "operationId": "GetOnNewItems",
              "apiId": "/providers/Microsoft.PowerApps/apis/shared_sharepointonline"
            },
            "authentication": "@parameters('$authentication')"
          }
        }
      },
      "actions": {
        "GraphAPIEmail_list_name": {
          "runAfter": {},
          "metadata": {
            "operationMetadataId": "d8924831-acdf-4205-b1f5-99df27b02fa7"
          },
          "type": "InitializeVariable",
          "inputs": {
            "variables": [
              {
                "name": "GrpahAPIEmaiListName",
                "type": "string",
                "value": "REV365GraphAPIEmails"
              }
            ]
          }
        },
        "Shared_mail_box_email_id_for_CSJ": {
          "runAfter": {
            "GraphAPIEmail_list_name": [
              "Succeeded"
            ]
          },
          "metadata": {
            "operationMetadataId": "e3829ecd-0625-4a1b-a082-be11ecf45e87"
          },
          "type": "InitializeVariable",
          "inputs": {
            "variables": [
              {
                "name": "SharedMailBoxEmailCSJ",
                "type": "string",
                "value": "revenue365.engage@clayfly.com"
              }
            ]
          }
        },
        "Setting_list_name": {
          "runAfter": {
            "Shared_mail_box_email_id_for_CSJ": [
              "Succeeded"
            ]
          },
          "metadata": {
            "operationMetadataId": "af904daf-c5d2-4d15-ad06-97c329f11189"
          },
          "type": "InitializeVariable",
          "inputs": {
            "variables": [
              {
                "name": "SettingListName",
                "type": "string",
                "value": "REV365Settings"
              }
            ]
          }
        },
        "Attachements": {
          "runAfter": {
            "Setting_list_name": [
              "Succeeded"
            ]
          },
          "metadata": {
            "operationMetadataId": "d2abb234-65e4-49e9-8378-4e1846aef35c"
          },
          "type": "InitializeVariable",
          "inputs": {
            "variables": [
              {
                "name": "EmailAttachements",
                "type": "array",
                "value": []
              }
            ]
          }
        },
        "Display_Body": {
          "runAfter": {
            "Attachements": [
              "Succeeded"
            ]
          },
          "metadata": {
            "operationMetadataId": "8027e097-5a9e-4877-8c0f-257bfa3cb3c9"
          },
          "type": "Compose",
          "inputs": "@triggerBody()?['EMAIL_DATA']"
        },
        "Display_Title": {
          "runAfter": {
            "Display_Body": [
              "Succeeded"
            ]
          },
          "metadata": {
            "operationMetadataId": "fd97be8c-c4ab-4aa7-a0b7-f7e3e40b72b7"
          },
          "type": "Compose",
          "inputs": "@triggerBody()?['Title']"
        },
        "Check_Title_Exists_for_validating_CSJ_Email": {
          "actions": {
            "Get_Setting_list_Data": {
              "runAfter": {},
              "metadata": {
                "operationMetadataId": "84726294-4af7-49ff-9c6d-4d66e8ad5a66"
              },
              "type": "OpenApiConnection",
              "inputs": {
                "host": {
                  "connectionName": "shared_sharepointonline",
                  "operationId": "HttpRequest",
                  "apiId": "/providers/Microsoft.PowerApps/apis/shared_sharepointonline"
                },
                "parameters": {
                  "dataset": "@parameters('RevSiteURL (hr365_RevSiteURL)')",
                  "parameters/method": "GET",
                  "parameters/uri": "_api/web/lists/getbytitle('@{variables('SettingListName')}')/items",
                  "parameters/headers": {
                    "Accept": "application/json;odata=nometadata",
                    "odata-version": "",
                    "X-HTTP-Method": "GET"
                  }
                },
                "authentication": "@parameters('$authentication')"
              }
            },
            "REVSettings_Body": {
              "runAfter": {
                "Get_Setting_list_Data": [
                  "Succeeded"
                ]
              },
              "metadata": {
                "operationMetadataId": "369fb2cd-dc6a-4031-82bc-453ff9e8c90c"
              },
              "type": "Compose",
              "inputs": "@body('Get_Setting_list_Data')"
            },
            "Post_Shared_mail_box_id": {
              "runAfter": {
                "REVSettings_Body": [
                  "Succeeded"
                ]
              },
              "metadata": {
                "operationMetadataId": "6344c3b2-d850-4d92-b1f3-69e81b0924ac"
              },
              "type": "OpenApiConnection",
              "inputs": {
                "host": {
                  "connectionName": "shared_sharepointonline",
                  "operationId": "HttpRequest",
                  "apiId": "/providers/Microsoft.PowerApps/apis/shared_sharepointonline"
                },
                "parameters": {
                  "dataset": "@parameters('RevSiteURL (hr365_RevSiteURL)')",
                  "parameters/method": "POST",
                  "parameters/uri": "/_api/web/lists/getbytitle('@{variables('SettingListName')}')/items(@{outputs('Get_Setting_list_Data')?['body']?['value']?[0]?['Id']\r\n})",
                  "parameters/headers": {
                    "accept": "application/json;odata=nometadata",
                    "content-type": "application/json;odata=nometadata",
                    "IF-MATCH": "*",
                    "X-HTTP-Method": "PATCH"
                  },
                  "parameters/body": "{\n\"VALIDATE_CSJ_MAIL_BOX_ID\":'@{variables('SharedMailBoxEmailCSJ')}'\n}"
                },
                "authentication": "@parameters('$authentication')"
              }
            }
          },
          "runAfter": {
            "Display_Title": [
              "Succeeded"
            ]
          },
          "expression": {
            "and": [
              {
                "equals": [
                  "@outputs('Display_Title')",
                  "Validating CSJ Email"
                ]
              }
            ]
          },
          "metadata": {
            "operationMetadataId": "398ad615-0e8c-45dd-a6d8-bc9168114a69"
          },
          "type": "If"
        },
        "Delete_item": {
          "runAfter": {
            "Check_Title_Exists_for_validating_CSJ_Email": [
              "Succeeded"
            ]
          },
          "metadata": {
            "operationMetadataId": "8266e643-80de-493f-bcc1-a8679e2c9b04"
          },
          "type": "OpenApiConnection",
          "inputs": {
            "host": {
              "connectionName": "shared_sharepointonline",
              "operationId": "DeleteItem",
              "apiId": "/providers/Microsoft.PowerApps/apis/shared_sharepointonline"
            },
            "parameters": {
              "dataset": "@parameters('RevSiteURL (hr365_RevSiteURL)')",
              "table": "@variables('GrpahAPIEmaiListName')",
              "id": "@triggerBody()?['ID']"
            },
            "authentication": "@parameters('$authentication')"
          }
        }
      }
    },
    "templateName": ""
  },
  "schemaVersion": "1.0.0.0"
}