{
  "properties": {
    "connectionReferences": {
      "shared_office365": {
        "api": {
          "name": "shared_office365"
        },
        "connection": {
          "connectionReferenceLogicalName": "hr365_sharedoffice365_84522"
        },
        "runtimeSource": "embedded"
      },
      "shared_conversionservice": {
        "api": {
          "name": "shared_conversionservice"
        },
        "connection": {
          "connectionReferenceLogicalName": "hr365_sharedconversionservice_e3568"
        },
        "runtimeSource": "embedded"
      },
      "shared_sharepointonline": {
        "api": {
          "name": "shared_sharepointonline"
        },
        "connection": {
          "connectionReferenceLogicalName": "hr365_sharedsharepointonline_5e805"
        },
        "runtimeSource": "embedded"
      }
    },
    "definition": {
      "$schema": "https://schema.management.azure.com/providers/Microsoft.Logic/schemas/2016-06-01/workflowdefinition.json#",
      "contentVersion": "1.0.0.0",
      "parameters": {
        "$authentication": {
          "defaultValue": {},
          "type": "SecureObject"
        },
        "$connections": {
          "defaultValue": {},
          "type": "Object"
        },
        "RevSiteURL (hr365_RevSiteURL)": {
          "defaultValue": "https://clayfly.sharepoint.com/sites/25thapril/",
          "type": "String",
          "metadata": {
            "schemaName": "hr365_RevSiteURL"
          }
        }
      },
      "triggers": {
        "When_a_new_email_arrives_in_a_shared_mailbox_(V2)": {
          "type": "OpenApiConnection",
          "inputs": {
            "parameters": {
              "mailboxAddress": "revenue365.engage@clayfly.com",
              "importance": "Any",
              "hasAttachments": false,
              "includeAttachments": false,
              "folderId": "Inbox"
            },
            "host": {
              "apiId": "/providers/Microsoft.PowerApps/apis/shared_office365",
              "operationId": "SharedMailboxOnNewEmailV2",
              "connectionName": "shared_office365"
            }
          },
          "recurrence": {
            "interval": 1,
            "frequency": "Minute"
          },
          "splitOn": "@triggerOutputs()?['body/value']",
          "metadata": {
            "operationMetadataId": "5c350c3f-c7d4-4211-8b59-626244626a1d"
          }
        }
      },
      "actions": {
        "LowercaseSubject_Re": {
          "type": "Compose",
          "inputs": "@toLower(triggerOutputs()?['body/subject'])\r\n",
          "runAfter": {
            "Received_Time": [
              "Succeeded"
            ]
          },
          "metadata": {
            "operationMetadataId": "add3ce59-12d7-4bb8-bf7f-fe7b4bf3d4e6"
          }
        },
        "Check_if_reply_exists_for_sent_email": {
          "type": "If",
          "expression": {
            "and": [
              {
                "contains": [
                  "@outputs('LowercaseSubject_Re')",
                  "re:"
                ]
              },
              {
                "not": {
                  "equals": [
                    "@outputs('Display_mail_subject')",
                    ""
                  ]
                }
              }
            ]
          },
          "actions": {
            "Check_body_exists": {
              "type": "If",
              "expression": {
                "and": [
                  {
                    "not": {
                      "equals": [
                        "@outputs('Display_mail_body')",
                        ""
                      ]
                    }
                  }
                ]
              },
              "actions": {
                "Html_to_text": {
                  "type": "OpenApiConnection",
                  "inputs": {
                    "parameters": {
                      "Content": "<p class=\"editor-paragraph\">@{outputs('Display_mail_body')}</p>"
                    },
                    "host": {
                      "apiId": "/providers/Microsoft.PowerApps/apis/shared_conversionservice",
                      "operationId": "HtmlToText",
                      "connectionName": "shared_conversionservice"
                    }
                  },
                  "runAfter": {
                    "Reply_to_Append": [
                      "Succeeded"
                    ]
                  },
                  "metadata": {
                    "operationMetadataId": "39a6b1b5-545e-4fbf-b48c-3bd2142c2118"
                  }
                },
                "Display_Plain_text": {
                  "type": "Compose",
                  "inputs": "@replace(trim(split(outputs('Html_to_text')?['body'], '--------------------------------------------------------------------------------')[0]), '\\n', ' ')",
                  "runAfter": {
                    "Html_to_text": [
                      "Succeeded"
                    ]
                  },
                  "metadata": {
                    "operationMetadataId": "6a43d656-c67e-41b0-9c79-00f0b468a3a9"
                  }
                },
                "Set_ClientID_": {
                  "type": "SetVariable",
                  "inputs": {
                    "name": "ClientID",
                    "value": "@int(split(split(split(last(split(outputs('Display_mail_body'), '<span style=\"display:none\">')), '</span>')[0], '[')[1], ']')[0])\r\n\r\n\r\n\r\n"
                  },
                  "runAfter": {
                    "Display_Plain_text": [
                      "Succeeded"
                    ]
                  },
                  "metadata": {
                    "operationMetadataId": "1d3dc59f-414f-4004-b38c-cb643ab6f734"
                  }
                },
                "Get_EMAILS_from_Client": {
                  "type": "OpenApiConnection",
                  "inputs": {
                    "parameters": {
                      "dataset": "@parameters('RevSiteURL (hr365_RevSiteURL)')",
                      "parameters/method": "GET",
                      "parameters/uri": "_api/web/lists/getbytitle('HR365TSClients')/items?$select=ID,Title,IsSubscriber,EMAILS&$filter=ID eq @{variables('ClientID')}",
                      "parameters/headers": {
                        "Accept": "application/json;odata=verbose",
                        "Content-type": "application/json;odata=verbose"
                      }
                    },
                    "host": {
                      "apiId": "/providers/Microsoft.PowerApps/apis/shared_sharepointonline",
                      "operationId": "HttpRequest",
                      "connectionName": "shared_sharepointonline"
                    }
                  },
                  "runAfter": {
                    "Set_ClientID_": [
                      "Succeeded"
                    ]
                  },
                  "metadata": {
                    "operationMetadataId": "65ef95ca-d902-4c55-8b7c-69640660f146"
                  }
                },
                "Append_to_array_variable": {
                  "type": "AppendToArrayVariable",
                  "inputs": {
                    "name": "Emails",
                    "value": {
                      "Tempelate": "@{outputs('Reply_to_Append')}",
                      "EmailType": "Engagement",
                      "updatedTimeStamp": "@{outputs('Received_Time')}",
                      "itemType": "Email",
                      "subject": "@{outputs('Display_mail_subject')}",
                      "clientName": "@{outputs('Display_emails_of_client')?['d']?['results']?[0]?['Title']}",
                      "isReplied": "true"
                    }
                  },
                  "runAfter": {
                    "Check_EMAILS_exists": [
                      "Succeeded"
                    ]
                  },
                  "metadata": {
                    "operationMetadataId": "d16acb8d-7558-4763-9804-20ca5752b523"
                  }
                },
                "Display_emails_of_client": {
                  "type": "Compose",
                  "inputs": "@body('Get_EMAILS_from_Client')",
                  "runAfter": {
                    "Get_EMAILS_from_Client": [
                      "Succeeded"
                    ]
                  },
                  "metadata": {
                    "operationMetadataId": "e670015f-772e-4aca-8f51-169e1b2862fa"
                  }
                },
                "Update_Email_Replies_of_a_client": {
                  "type": "OpenApiConnection",
                  "inputs": {
                    "parameters": {
                      "dataset": "@parameters('RevSiteURL (hr365_RevSiteURL)')",
                      "parameters/method": "POST",
                      "parameters/uri": "_api/web/lists/getbytitle('HR365TSClients')/items(@{variables('ClientID')})",
                      "parameters/headers": {
                        "content-type": "application/json;odata=verbose",
                        "accept": "application/json;odata=verbose",
                        "IF-MATCH": "*",
                        "X-HTTP-Method": "PATCH"
                      },
                      "parameters/body": "{\n '__metadata': {'type': 'SP.Data.HR365TSClientsListItem'},\n'EMAILS':\"@{replace(string(outputs('Compose')), '\"', '\\\"')}\"\n}"
                    },
                    "host": {
                      "apiId": "/providers/Microsoft.PowerApps/apis/shared_sharepointonline",
                      "operationId": "HttpRequest",
                      "connectionName": "shared_sharepointonline"
                    }
                  },
                  "runAfter": {
                    "Compose": [
                      "Succeeded"
                    ]
                  },
                  "metadata": {
                    "operationMetadataId": "17be91e1-8019-42ad-be5b-21a99feca4d1"
                  }
                },
                "Check_EMAILS_exists": {
                  "type": "If",
                  "expression": {
                    "and": [
                      {
                        "not": {
                          "equals": [
                            "@outputs('Display_emails_of_client')?['d']['results'][0]['EMAILS']",
                            null
                          ]
                        }
                      },
                      {
                        "not": {
                          "equals": [
                            "@outputs('Display_emails_of_client')?['d']['results'][0]['EMAILS']",
                            ""
                          ]
                        }
                      }
                    ]
                  },
                  "actions": {
                    "Emails_of_client_2": {
                      "type": "Compose",
                      "inputs": "@json(outputs('Display_emails_of_client')?['d']['results'][0]['EMAILS'])",
                      "metadata": {
                        "operationMetadataId": "f8344022-f9e1-4ee8-8230-37a6fbaf3c36"
                      }
                    },
                    "Set_EMAILS": {
                      "type": "SetVariable",
                      "inputs": {
                        "name": "Emails",
                        "value": "@outputs('Emails_of_client_2')"
                      },
                      "runAfter": {
                        "Compose_2": [
                          "Succeeded"
                        ]
                      },
                      "metadata": {
                        "operationMetadataId": "aa142ebf-0f10-4a92-b720-087c54e55cc9"
                      }
                    },
                    "Compose_2": {
                      "type": "Compose",
                      "inputs": "@outputs('Emails_of_client_2')",
                      "runAfter": {
                        "Emails_of_client_2": [
                          "Succeeded"
                        ]
                      },
                      "metadata": {
                        "operationMetadataId": "54771a90-8f3c-4453-a554-cf902040968e"
                      }
                    }
                  },
                  "else": {
                    "actions": {}
                  },
                  "runAfter": {
                    "Emails_Client": [
                      "Succeeded"
                    ]
                  },
                  "metadata": {
                    "operationMetadataId": "181c9573-8810-457c-bd45-fe0dcd5c0bf3"
                  }
                },
                "Compose": {
                  "type": "Compose",
                  "inputs": "@json(concat(variables('Emails')))",
                  "runAfter": {
                    "Append_to_array_variable": [
                      "Succeeded"
                    ]
                  },
                  "metadata": {
                    "operationMetadataId": "433d0032-62e8-45ec-94aa-b23c928c0db0"
                  }
                },
                "Emails_Client": {
                  "type": "Compose",
                  "inputs": "@outputs('Display_emails_of_client')?['d']['results'][0]['EMAILS']",
                  "runAfter": {
                    "Display_emails_of_client": [
                      "Succeeded"
                    ]
                  },
                  "metadata": {
                    "operationMetadataId": "0bef7ff2-d79e-4bb1-9530-bd2b2fbf1500"
                  }
                },
                "Reply_Body": {
                  "type": "Compose",
                  "inputs": "@substring(\r\n  split(\r\n    split(triggerOutputs()?['body/Body'], '<div class=\"elementToProof\"')[1],\r\n    '</div>'\r\n  )[0],\r\n  add(\r\n    indexOf(\r\n      split(triggerOutputs()?['body/Body'], '<div class=\"elementToProof\"')[1],\r\n      '>'\r\n    ),\r\n    1\r\n  )\r\n)\r\n",
                  "metadata": {
                    "operationMetadataId": "f1ab615f-9e11-4a24-bdd4-a8835d57346b"
                  }
                },
                "Reply_to_Append": {
                  "type": "Compose",
                  "inputs": "@replace(outputs('Reply_Body'),'&nbsp;','')",
                  "runAfter": {
                    "Reply_Body": [
                      "Succeeded"
                    ]
                  }
                }
              },
              "else": {
                "actions": {}
              },
              "metadata": {
                "operationMetadataId": "1202d15c-5230-40ab-99d4-6841c050381a"
              }
            }
          },
          "else": {
            "actions": {}
          },
          "runAfter": {
            "LowercaseSubject_Re": [
              "Succeeded"
            ]
          },
          "metadata": {
            "operationMetadataId": "5f050eca-462e-419e-82e0-1f7139e3fb03"
          }
        },
        "ClientID": {
          "type": "InitializeVariable",
          "inputs": {
            "variables": [
              {
                "name": "ClientID",
                "type": "integer"
              }
            ]
          },
          "runAfter": {},
          "metadata": {
            "operationMetadataId": "d38b80d3-ecb8-44d4-b2d4-467de1b82623"
          }
        },
        "Display_mail_subject": {
          "type": "Compose",
          "inputs": "@triggerOutputs()?['body/subject']",
          "runAfter": {
            "EMAILS": [
              "Succeeded"
            ]
          },
          "metadata": {
            "operationMetadataId": "e501ab0b-7240-422f-92c5-f56cab1de62c"
          }
        },
        "Display_mail_body": {
          "type": "Compose",
          "inputs": "@triggerOutputs()?['body/body']",
          "runAfter": {
            "Display_mail_subject": [
              "Succeeded"
            ]
          },
          "metadata": {
            "operationMetadataId": "3d5f824e-0e0c-4e0f-808d-68445cbccf98"
          }
        },
        "EMAILS": {
          "type": "InitializeVariable",
          "inputs": {
            "variables": [
              {
                "name": "Emails",
                "type": "array",
                "value": []
              }
            ]
          },
          "runAfter": {
            "ClientID": [
              "Succeeded"
            ]
          },
          "metadata": {
            "operationMetadataId": "089fe813-ddeb-4e21-9fa0-e9fbacac9d19"
          }
        },
        "Received_Time": {
          "type": "Compose",
          "inputs": "@triggerOutputs()?['body/receivedDateTime']",
          "runAfter": {
            "display_client_id_from_body": [
              "Succeeded"
            ]
          },
          "metadata": {
            "operationMetadataId": "c8d0bd8d-a4cf-42fa-8d24-538021843349"
          }
        },
        "display_client_id_from_body": {
          "type": "Compose",
          "inputs": "@int(split(split(split(last(split(outputs('Display_mail_body'), '<span style=\"display:none\">')), '</span>')[0], '[')[1], ']')[0])\r\n\r\n\r\n\r\n",
          "runAfter": {
            "Display_mail_body": [
              "Succeeded"
            ]
          }
        }
      }
    },
    "templateName": null
  },
  "schemaVersion": "1.0.0.0"
}