{
  "properties": {
    "connectionReferences": {
      "shared_sharepointonline-2": {
        "api": {
          "name": "shared_sharepointonline"
        },
        "connection": {
          "connectionReferenceLogicalName": "hr365_sharedsharepointonline_77423"
        },
        "runtimeSource": "embedded"
      },
      "shared_office365-1": {
        "api": {
          "name": "shared_office365"
        },
        "connection": {
          "connectionReferenceLogicalName": "hr365_sharedoffice365_fde40"
        },
        "runtimeSource": "embedded"
      },
      "shared_sharepointonline-1": {
        "api": {
          "name": "shared_sharepointonline"
        },
        "connection": {
          "connectionReferenceLogicalName": "hr365_sharedsharepointonline_5e805"
        },
        "runtimeSource": "embedded"
      }
    },
    "definition": {
      "$schema": "https://schema.management.azure.com/providers/Microsoft.Logic/schemas/2016-06-01/workflowdefinition.json#",
      "contentVersion": "1.0.0.0",
      "parameters": {
        "$authentication": {
          "defaultValue": {},
          "type": "SecureObject"
        },
        "$connections": {
          "defaultValue": {},
          "type": "Object"
        },
        "RevSiteURL (hr365_RevSiteURL)": {
          "defaultValue": "https://clayfly.sharepoint.com/sites/28thmarch/",
          "type": "String",
          "metadata": {
            "schemaName": "hr365_RevSiteURL"
          }
        },
        "RevMailBoxId (hr365_MailBoxId)": {
          "defaultValue": "revops@clayfly.com",
          "type": "String",
          "metadata": {
            "schemaName": "hr365_MailBoxId"
          }
        }
      },
      "triggers": {
        "When_an_item_is_created": {
          "type": "OpenApiConnection",
          "inputs": {
            "parameters": {
              "dataset": "@parameters('RevSiteURL (hr365_RevSiteURL)')",
              "table": "REV365EmailSurvey"
            },
            "host": {
              "apiId": "/providers/Microsoft.PowerApps/apis/shared_sharepointonline",
              "operationId": "GetOnNewItems",
              "connectionName": "shared_sharepointonline-2"
            }
          },
          "recurrence": {
            "interval": 1,
            "frequency": "Minute"
          },
          "splitOn": "@triggerOutputs()?['body/value']",
          "metadata": {
            "operationMetadataId": "c31540d9-cd81-411c-bcd6-e3427fa98a4e"
          }
        }
      },
      "actions": {
        "Compose": {
          "type": "Compose",
          "inputs": "@triggerOutputs()?['body']",
          "runAfter": {},
          "metadata": {
            "operationMetadataId": "72b2815a-ea67-4773-b862-03863694c0fe"
          }
        },
        "Condition": {
          "type": "If",
          "expression": {
            "and": [
              {
                "not": {
                  "equals": [
                    "@triggerOutputs()?['body/SUBJECT']",
                    ""
                  ]
                }
              },
              {
                "not": {
                  "equals": [
                    "@triggerOutputs()?['body/TO_WHO']",
                    ""
                  ]
                }
              },
              {
                "not": {
                  "equals": [
                    "@triggerOutputs()?['body/BODY']",
                    ""
                  ]
                }
              }
            ]
          },
          "actions": {
            "Send_an_email_from_a_shared_mailbox_(V2)": {
              "type": "OpenApiConnection",
              "inputs": {
                "parameters": {
                  "emailMessage/MailboxAddress": "@parameters('RevMailBoxId (hr365_MailBoxId)')",
                  "emailMessage/To": "@triggerOutputs()?['body/TO_WHO']",
                  "emailMessage/Subject": "@triggerOutputs()?['body/SUBJECT']",
                  "emailMessage/Body": "<p class=\"editor-paragraph\">@{triggerOutputs()?['body/BODY']}</p>",
                  "emailMessage/Importance": "Normal"
                },
                "host": {
                  "apiId": "/providers/Microsoft.PowerApps/apis/shared_office365",
                  "operationId": "SharedMailboxSendEmailV2",
                  "connectionName": "shared_office365-1"
                }
              },
              "metadata": {
                "operationMetadataId": "08bc6fce-da05-450c-9257-b4e2c476f212"
              }
            },
            "Delete_item": {
              "type": "OpenApiConnection",
              "inputs": {
                "parameters": {
                  "dataset": "@parameters('RevSiteURL (hr365_RevSiteURL)')",
                  "table": "REV365EmailSurvey",
                  "id": "@triggerBody()?['ID']"
                },
                "host": {
                  "apiId": "/providers/Microsoft.PowerApps/apis/shared_sharepointonline",
                  "operationId": "DeleteItem",
                  "connectionName": "shared_sharepointonline-1"
                }
              },
              "runAfter": {
                "Send_an_email_from_a_shared_mailbox_(V2)": [
                  "Succeeded"
                ]
              },
              "metadata": {
                "operationMetadataId": "fa32e7ff-aa4f-470e-bdcf-f48452cabc03"
              }
            }
          },
          "else": {
            "actions": {}
          },
          "runAfter": {
            "body": [
              "Succeeded"
            ]
          },
          "metadata": {
            "operationMetadataId": "9b3a384a-1cc2-4804-ba63-82b81c88326e"
          }
        },
        "subject": {
          "type": "Compose",
          "inputs": "@triggerOutputs()?['body/SUBJECT']",
          "runAfter": {
            "Compose": [
              "Succeeded"
            ]
          }
        },
        "TO_who": {
          "type": "Compose",
          "inputs": "@triggerOutputs()?['body/TO_WHO']",
          "runAfter": {
            "subject": [
              "Succeeded"
            ]
          }
        },
        "body": {
          "type": "Compose",
          "inputs": "@triggerOutputs()?['body/BODY']",
          "runAfter": {
            "TO_who": [
              "Succeeded"
            ]
          }
        }
      },
      "outputs": {}
    },
    "templateName": null
  },
  "schemaVersion": "1.0.0.0"
}