{
  "properties": {
    "connectionReferences": {
      "shared_sharepointonline": {
        "api": {
          "name": "shared_sharepointonline"
        },
        "connection": {
          "connectionReferenceLogicalName": "hr365_sharedsharepointonline_5e805"
        },
        "runtimeSource": "embedded"
      },
      "shared_sharepointonline-3": {
        "api": {
          "name": "shared_sharepointonline"
        },
        "connection": {
          "connectionReferenceLogicalName": "new_sharedsharepointonline_90647"
        },
        "runtimeSource": "embedded"
      }
    },
    "definition": {
      "$schema": "https://schema.management.azure.com/providers/Microsoft.Logic/schemas/2016-06-01/workflowdefinition.json#",
      "contentVersion": "1.0.0.0",
      "parameters": {
        "$authentication": {
          "defaultValue": {},
          "type": "SecureObject"
        },
        "$connections": {
          "defaultValue": {},
          "type": "Object"
        },
        "RevSiteURL (hr365_RevSiteURL)": {
          "defaultValue": "https://clayfly.sharepoint.com/sites/17thApril/",
          "type": "String",
          "metadata": {
            "schemaName": "hr365_RevSiteURL"
          }
        }
      },
      "triggers": {
        "When_an_item_is_created_or_modified": {
          "type": "OpenApiConnection",
          "inputs": {
            "parameters": {
              "dataset": "@parameters('RevSiteURL (hr365_RevSiteURL)')",
              "table": "REV365Invoice"
            },
            "host": {
              "apiId": "/providers/Microsoft.PowerApps/apis/shared_sharepointonline",
              "operationId": "GetOnUpdatedItems",
              "connectionName": "shared_sharepointonline"
            }
          },
          "recurrence": {
            "interval": 1,
            "frequency": "Minute"
          },
          "splitOn": "@triggerOutputs()?['body/value']",
          "metadata": {
            "operationMetadataId": "747dc1d5-ecbd-4033-8424-50630d17de18"
          }
        }
      },
      "actions": {
        "ItemID": {
          "type": "InitializeVariable",
          "inputs": {
            "variables": [
              {
                "name": "ItemID",
                "type": "string",
                "value": "@{triggerOutputs()?['body/ID']}"
              }
            ]
          },
          "runAfter": {},
          "metadata": {
            "operationMetadataId": "2600bb2e-6dfe-4a82-bf98-0fe6daf141b5"
          }
        },
        "Get_Contribute_call": {
          "type": "OpenApiConnection",
          "inputs": {
            "parameters": {
              "dataset": "@parameters('RevSiteURL (hr365_RevSiteURL)')",
              "parameters/method": "GET",
              "parameters/uri": "/_api/web/roledefinitions/getbyname('Contribute')"
            },
            "host": {
              "apiId": "/providers/Microsoft.PowerApps/apis/shared_sharepointonline",
              "operationId": "HttpRequest",
              "connectionName": "shared_sharepointonline"
            }
          },
          "runAfter": {
            "ItemID": [
              "Succeeded"
            ]
          },
          "metadata": {
            "operationMetadataId": "d0b2dc3a-d3b1-4f63-9cac-21b0f63f37da"
          }
        },
        "Contribute_ID": {
          "type": "InitializeVariable",
          "inputs": {
            "variables": [
              {
                "name": "ContributeID",
                "type": "string",
                "value": "@{body('Get_Contribute_call')['d']['Id']}"
              }
            ]
          },
          "runAfter": {
            "Get_Contribute_call": [
              "Succeeded"
            ]
          },
          "metadata": {
            "operationMetadataId": "bae6804f-a4fe-43a2-bedc-db5479da23f9"
          }
        },
        "Get_item_Permission_call": {
          "type": "OpenApiConnection",
          "inputs": {
            "parameters": {
              "dataset": "@parameters('RevSiteURL (hr365_RevSiteURL)')",
              "parameters/method": "GET",
              "parameters/uri": "_api/web/lists/getbytitle('REV365Invoice')/items?$select=ID,ITEM_PERMISSION&$filter=ID eq '@{variables('ItemID')}'"
            },
            "host": {
              "apiId": "/providers/Microsoft.PowerApps/apis/shared_sharepointonline",
              "operationId": "HttpRequest",
              "connectionName": "shared_sharepointonline"
            }
          },
          "runAfter": {
            "Contribute_ID": [
              "Succeeded"
            ]
          },
          "metadata": {
            "operationMetadataId": "4f671576-0419-4649-ac0a-005284f87c78"
          }
        },
        "Send_an_HTTP_request_to_SharePoint": {
          "type": "OpenApiConnection",
          "inputs": {
            "parameters": {
              "dataset": "@parameters('RevSiteURL (hr365_RevSiteURL)')",
              "parameters/method": "POST",
              "parameters/uri": "_api/lists/getByTitle('REV365Invoice')/items(@{variables('ItemID')})/breakroleinheritance(copyRoleAssignments=false,clearSubscopes=true)"
            },
            "host": {
              "apiId": "/providers/Microsoft.PowerApps/apis/shared_sharepointonline",
              "operationId": "HttpRequest",
              "connectionName": "shared_sharepointonline-3"
            }
          },
          "runAfter": {
            "Get_item_Permission_call": [
              "Succeeded"
            ]
          },
          "metadata": {
            "operationMetadataId": "4a5aecea-6d1f-4d89-9300-9d88239ca889"
          }
        },
        "Item_Permission_Ids": {
          "type": "Compose",
          "inputs": "@json(outputs('Get_Item_Permission_call')?['body']?['d']?['results'][0]?['ITEM_PERMISSION'])",
          "runAfter": {
            "Send_an_HTTP_request_to_SharePoint": [
              "Succeeded"
            ]
          },
          "metadata": {
            "operationMetadataId": "265be880-8136-458a-8455-98af8dc86d6b"
          }
        },
        "Apply_to_each_3": {
          "type": "Foreach",
          "foreach": "@outputs('Item_Permission_Ids')",
          "actions": {
            "Send_an_HTTP_request_to_SharePoint_3": {
              "type": "OpenApiConnection",
              "inputs": {
                "parameters": {
                  "dataset": "@parameters('RevSiteURL (hr365_RevSiteURL)')",
                  "parameters/method": "POST",
                  "parameters/uri": "/_api/web/lists/getbytitle('REV365Invoice')/items(@{variables('ItemID')})/roleassignments/addroleassignment(principalid=@{items('Apply_to_each_3')},roledefid=@{variables('ContributeID')})"
                },
                "host": {
                  "apiId": "/providers/Microsoft.PowerApps/apis/shared_sharepointonline",
                  "operationId": "HttpRequest",
                  "connectionName": "shared_sharepointonline-3"
                }
              },
              "metadata": {
                "operationMetadataId": "c1ec1b3b-6620-411a-941f-39a78452150c"
              }
            }
          },
          "runAfter": {
            "Display_All_IDs": [
              "Succeeded"
            ]
          },
          "metadata": {
            "operationMetadataId": "cfef22d7-a088-4c1c-bd5c-3ab7ec85dcc8"
          }
        },
        "Display_All_IDs": {
          "type": "Compose",
          "inputs": "@outputs('Item_Permission_Ids')",
          "runAfter": {
            "Item_Permission_Ids": [
              "Succeeded"
            ]
          }
        }
      },
      "outputs": {}
    },
    "templateName": null
  },
  "schemaVersion": "1.0.0.0"
}