<environmentvariabledefinition schemaname="hrms365_AssessmentNameHRMS365">
  <defaultvalue>Software Developer Assessment-CL</defaultvalue>
  <description default="HRMS New Variable for Assessment Name(hr365_AssessmentName)">
    <label description="HRMS New Variable for Assessment Name(hr365_AssessmentName)" languagecode="1033" />
  </description>
  <displayname default="Assessment Name (HRMS365)">
    <label description="Assessment Name (HRMS365)" languagecode="1033" />
  </displayname>
  <introducedversion>25.0825.1347.8</introducedversion>
  <iscustomizable>1</iscustomizable>
  <isrequired>0</isrequired>
  <secretstore>0</secretstore>
  <type>100000000</type>
</environmentvariabledefinition>