<environmentvariabledefinition schemaname="hrms365_NotificationListHRMS365">
  <defaultvalue>HR365TMPEmailNotification</defaultvalue>
  <description default="HRMS New variable for NotificationList(hr365_NotificationList)">
    <label description="HRMS New variable for NotificationList(hr365_NotificationList)" languagecode="1033" />
  </description>
  <displayname default="NotificationList (HRMS365)">
    <label description="NotificationList (HRMS365)" languagecode="1033" />
  </displayname>
  <introducedversion>25.0825.1347.8</introducedversion>
  <iscustomizable>1</iscustomizable>
  <isrequired>0</isrequired>
  <secretstore>0</secretstore>
  <type>100000000</type>
</environmentvariabledefinition>