{
  "properties": {
    "connectionReferences": {
      "shared_sharepointonline_2": {
        "runtimeSource": "embedded",
        "connection": {
          "connectionReferenceLogicalName": "crd2e_sharedsharepointonline_c9422"
        },
        "api": {
          "name": "shared_sharepointonline"
        }
      },
      "shared_sharepointonline_3": {
        "runtimeSource": "embedded",
        "connection": {
          "connectionReferenceLogicalName": "crd2e_sharedsharepointonline_25a8a"
        },
        "api": {
          "name": "shared_sharepointonline"
        }
      },
      "shared_sharepointonline_6": {
        "runtimeSource": "embedded",
        "connection": {
          "connectionReferenceLogicalName": "crd2e_sharedsharepointonline_63115"
        },
        "api": {
          "name": "shared_sharepointonline"
        }
      },
      "shared_sharepointonline_7": {
        "runtimeSource": "embedded",
        "connection": {
          "connectionReferenceLogicalName": "crd2e_sharedsharepointonline_ce199"
        },
        "api": {
          "name": "shared_sharepointonline"
        }
      },
      "shared_sharepointonline_5": {
        "runtimeSource": "embedded",
        "connection": {
          "connectionReferenceLogicalName": "crd2e_sharedsharepointonline_4d8e0"
        },
        "api": {
          "name": "shared_sharepointonline"
        }
      },
      "shared_sharepointonline_4": {
        "runtimeSource": "embedded",
        "connection": {
          "connectionReferenceLogicalName": "crd2e_sharedsharepointonline_1accb"
        },
        "api": {
          "name": "shared_sharepointonline"
        }
      },
      "shared_sharepointonline_1": {
        "runtimeSource": "embedded",
        "connection": {
          "connectionReferenceLogicalName": "crd2e_sharedsharepointonline_f9908"
        },
        "api": {
          "name": "shared_sharepointonline"
        }
      }
    },
    "definition": {
      "$schema": "https://schema.management.azure.com/providers/Microsoft.Logic/schemas/2016-06-01/workflowdefinition.json#",
      "contentVersion": "1.0.0.0",
      "parameters": {
        "$connections": {
          "defaultValue": {},
          "type": "Object"
        },
        "$authentication": {
          "defaultValue": {},
          "type": "SecureObject"
        },
        "SiteAddress (HRMS365) (hrms365_SiteAddressHRMS365)": {
          "defaultValue": "https://zw4fg.sharepoint.com/sites/HRMS0109",
          "type": "String",
          "metadata": {
            "schemaName": "hrms365_SiteAddressHRMS365",
            "description": "HRMS New Variable for SiteAddress(TMM)(hr365_SiteAddressTMM)"
          }
        },
        "isHRMS (HRMS365) (hrms365_isHRMSHRMS365)": {
          "defaultValue": true,
          "type": "Bool",
          "metadata": {
            "schemaName": "hrms365_isHRMSHRMS365",
            "description": "HRMS New Variable for isHRMS(hr365_isHRMS)"
          }
        }
      },
      "triggers": {
        "Get_list_call": {
          "recurrence": {
            "interval": 1,
            "frequency": "Minute"
          },
          "splitOn": "@triggerOutputs()?['body/value']",
          "metadata": {
            "operationMetadataId": "c42844e1-39ca-40e5-9b8f-040c6759c251"
          },
          "type": "OpenApiConnection",
          "inputs": {
            "host": {
              "connectionName": "shared_sharepointonline_1",
              "operationId": "GetOnUpdatedItems",
              "apiId": "/providers/Microsoft.PowerApps/apis/shared_sharepointonline"
            },
            "parameters": {
              "dataset": "@parameters('SiteAddress (HRMS365) (hrms365_SiteAddressHRMS365)')",
              "table": "HR365ETExpenses"
            },
            "authentication": "@parameters('$authentication')"
          }
        }
      },
      "actions": {
        "Get_Contribute_call": {
          "runAfter": {
            "Site_Address": [
              "Succeeded"
            ]
          },
          "metadata": {
            "operationMetadataId": "6bf0fd9e-8f7d-4f8b-8ef1-ada1832988c5"
          },
          "type": "OpenApiConnection",
          "inputs": {
            "host": {
              "connectionName": "shared_sharepointonline_2",
              "operationId": "HttpRequest",
              "apiId": "/providers/Microsoft.PowerApps/apis/shared_sharepointonline"
            },
            "parameters": {
              "dataset": "@variables('Site Address')",
              "parameters/method": "GET",
              "parameters/uri": "/_api/web/roledefinitions/getbyname('Contribute')"
            },
            "authentication": "@parameters('$authentication')"
          }
        },
        "ContributeID": {
          "runAfter": {
            "Get_Contribute_call": [
              "Succeeded"
            ]
          },
          "metadata": {
            "operationMetadataId": "7ad706fc-d7e2-4563-868c-c7f985a57dfa"
          },
          "type": "InitializeVariable",
          "inputs": {
            "variables": [
              {
                "name": "ContributeID",
                "type": "string",
                "value": "@{body('Get_Contribute_call')['d']['Id']}"
              }
            ]
          }
        },
        "Get_Expense_List_item": {
          "runAfter": {
            "Compose_2": [
              "Succeeded"
            ]
          },
          "metadata": {
            "operationMetadataId": "4f671576-0419-4649-ac0a-005284f87c78"
          },
          "type": "OpenApiConnection",
          "inputs": {
            "host": {
              "connectionName": "shared_sharepointonline_3",
              "operationId": "HttpRequest",
              "apiId": "/providers/Microsoft.PowerApps/apis/shared_sharepointonline"
            },
            "parameters": {
              "dataset": "@variables('Site Address')",
              "parameters/method": "GET",
              "parameters/uri": "_api/web/lists/getbytitle('HR365ETExpenses')/items?$select=ID,ApproversData,ExpensesReportedBy,Author/ID,ItemPermission/ID&$expand=ItemPermission,Author&$filter=ID eq '@{variables('ItemID')}'"
            },
            "authentication": "@parameters('$authentication')"
          }
        },
        "Site_Address": {
          "runAfter": {
            "Initialize_variable": [
              "Succeeded"
            ]
          },
          "metadata": {
            "operationMetadataId": "83b37650-fa0c-4666-9425-d1be0977de4b"
          },
          "type": "InitializeVariable",
          "inputs": {
            "variables": [
              {
                "name": "Site Address",
                "type": "string",
                "value": "@parameters('SiteAddress (HRMS365) (hrms365_SiteAddressHRMS365)')"
              }
            ]
          }
        },
        "Compose_3": {
          "runAfter": {
            "Expense_Reported_By_Id": [
              "Succeeded"
            ]
          },
          "metadata": {
            "operationMetadataId": "265be880-8136-458a-8455-98af8dc86d6b"
          },
          "type": "Compose",
          "inputs": "@json(string(outputs('Get_Expense_List_item')?['body']?['d']?['results'][0]?['ApproversData']))"
        },
        "Post_Permissions": {
          "foreach": "@variables('UserGid')",
          "actions": {
            "Send_an_HTTP_request_to_SharePoint_3": {
              "runAfter": {},
              "metadata": {
                "operationMetadataId": "c1ec1b3b-6620-411a-941f-39a78452150c"
              },
              "type": "OpenApiConnection",
              "inputs": {
                "host": {
                  "connectionName": "shared_sharepointonline_6",
                  "operationId": "HttpRequest",
                  "apiId": "/providers/Microsoft.PowerApps/apis/shared_sharepointonline"
                },
                "parameters": {
                  "dataset": "@variables('Site Address')",
                  "parameters/method": "POST",
                  "parameters/uri": "/_api/web/lists/getbytitle('HR365ETExpenses')/items(@{variables('ItemID')})/roleassignments/addroleassignment(principalid=@{items('Post_Permissions')},roledefid=@{variables('ContributeID')})"
                },
                "authentication": "@parameters('$authentication')"
              }
            }
          },
          "runAfter": {
            "Remove_Permission_Call": [
              "Succeeded"
            ]
          },
          "metadata": {
            "operationMetadataId": "f6b79e2f-399c-491b-8bbd-8356ccfe51a0"
          },
          "type": "Foreach"
        },
        "Apply_to_each": {
          "foreach": "@outputs('Compose_3')",
          "actions": {
            "Apply_to_each_6": {
              "foreach": "@items('Apply_to_each')?['Approverdata']",
              "actions": {
                "Compose_4": {
                  "runAfter": {},
                  "metadata": {
                    "operationMetadataId": "b0e3d59e-a42b-4e0a-bf9a-01165b0fba31"
                  },
                  "type": "Compose",
                  "inputs": "@items('Apply_to_each_6')?['email']"
                },
                "Condition_3": {
                  "actions": {
                    "Append_to_array_variable_3": {
                      "runAfter": {},
                      "metadata": {
                        "operationMetadataId": "46fd4629-013b-4161-a6ce-e7487b37f691"
                      },
                      "type": "AppendToArrayVariable",
                      "inputs": {
                        "name": "Approverdata",
                        "value": "@items('Apply_to_each_6')?['email']"
                      }
                    }
                  },
                  "runAfter": {
                    "Compose_4": [
                      "Succeeded"
                    ]
                  },
                  "expression": {
                    "not": {
                      "contains": [
                        "@variables('Approverdata')",
                        "@items('Apply_to_each_6')?['email']"
                      ]
                    }
                  },
                  "metadata": {
                    "operationMetadataId": "a0ce89cb-5a02-4c69-a75f-30aa7f305608"
                  },
                  "type": "If"
                }
              },
              "runAfter": {
                "Condition_7": [
                  "Succeeded"
                ]
              },
              "metadata": {
                "operationMetadataId": "5a080e68-7bff-4957-94e3-8108df2394c7"
              },
              "type": "Foreach"
            },
            "Condition_7": {
              "actions": {
                "Apply_to_each_5": {
                  "foreach": "@items('Apply_to_each')?['SelectedRoles']",
                  "actions": {
                    "Compose": {
                      "runAfter": {},
                      "metadata": {
                        "operationMetadataId": "7d98e7b3-046a-4186-b0be-ac1456ce4ed8"
                      },
                      "type": "Compose",
                      "inputs": "@items('Apply_to_each_5')"
                    },
                    "Condition_2": {
                      "actions": {
                        "Append_to_array_variable_2": {
                          "runAfter": {},
                          "metadata": {
                            "operationMetadataId": "4d563c9d-82b6-43c0-b35b-e55a84d03c4e"
                          },
                          "type": "AppendToArrayVariable",
                          "inputs": {
                            "name": "SelectedRolesArray",
                            "value": "'@{items('Apply_to_each_5')}'"
                          }
                        }
                      },
                      "runAfter": {
                        "Compose": [
                          "Succeeded"
                        ]
                      },
                      "expression": {
                        "not": {
                          "contains": [
                            "@variables('SelectedRolesArray')",
                            "@items('Apply_to_each_5')"
                          ]
                        }
                      },
                      "metadata": {
                        "operationMetadataId": "fcec19ad-ae1c-422a-be23-65e38548c0b9"
                      },
                      "type": "If"
                    }
                  },
                  "runAfter": {},
                  "metadata": {
                    "operationMetadataId": "da096f00-efc1-4254-95ad-547169ad10e2"
                  },
                  "type": "Foreach"
                }
              },
              "runAfter": {
                "condition_testing_approval_data": [
                  "Succeeded"
                ]
              },
              "expression": {
                "and": [
                  {
                    "not": {
                      "equals": [
                        "@items('Apply_to_each')?['SelectedRoles']",
                        null
                      ]
                    }
                  },
                  {
                    "equals": [
                      "@items('Apply_to_each')?['SelectedRoles']",
                      "undefined"
                    ]
                  }
                ]
              },
              "metadata": {
                "operationMetadataId": "d9b77050-c475-4c1c-9331-7e3be15f2af5"
              },
              "type": "If"
            },
            "condition_testing_approval_data": {
              "actions": {
                "Apply_to_each_4": {
                  "foreach": "@items('Apply_to_each')?['allapprovers']",
                  "actions": {
                    "Condition": {
                      "actions": {
                        "Append_to_array_variable": {
                          "runAfter": {},
                          "metadata": {
                            "operationMetadataId": "9d4b50dc-6b8a-475c-82a9-58087aaf6e28"
                          },
                          "type": "AppendToArrayVariable",
                          "inputs": {
                            "name": "allapproversArray",
                            "value": "'@{items('Apply_to_each_4')?['key']}'"
                          }
                        }
                      },
                      "runAfter": {},
                      "expression": {
                        "not": {
                          "contains": [
                            "@variables('allapproversArray')",
                            "@items('Apply_to_each_4')?['key']"
                          ]
                        }
                      },
                      "metadata": {
                        "operationMetadataId": "8b11a783-a5a8-4c55-97d8-2d001ddd149f"
                      },
                      "type": "If"
                    }
                  },
                  "runAfter": {},
                  "metadata": {
                    "operationMetadataId": "4b1baf9e-78cf-44f9-8288-ca4a0f52f42b"
                  },
                  "type": "Foreach"
                }
              },
              "runAfter": {},
              "expression": {
                "and": [
                  {
                    "not": {
                      "equals": [
                        "@items('Apply_to_each')?['allapprovers']",
                        null
                      ]
                    }
                  },
                  {
                    "not": {
                      "equals": [
                        "@items('Apply_to_each')?['allapprovers']",
                        "undefined"
                      ]
                    }
                  }
                ]
              },
              "metadata": {
                "operationMetadataId": "d9b77050-c475-4c1c-9331-7e3be15f2af5"
              },
              "type": "If"
            }
          },
          "runAfter": {
            "ExpensereportedbyID_Condition": [
              "Succeeded"
            ]
          },
          "metadata": {
            "operationMetadataId": "dbc93477-f24a-4953-a1cf-891e9b4c88f8"
          },
          "type": "Foreach"
        },
        "All_Approvers_Array": {
          "runAfter": {
            "string_approver": [
              "Succeeded"
            ]
          },
          "metadata": {
            "operationMetadataId": "5513fbe4-be2b-460b-8c2f-83b5e79cdf2f"
          },
          "type": "InitializeVariable",
          "inputs": {
            "variables": [
              {
                "name": "allapproversArray",
                "type": "array"
              }
            ]
          }
        },
        "Selected_Roles_Array": {
          "runAfter": {
            "All_Approvers_Array": [
              "Succeeded"
            ]
          },
          "metadata": {
            "operationMetadataId": "7467fdf7-385e-4830-b4b8-f8e31f1acab2"
          },
          "type": "InitializeVariable",
          "inputs": {
            "variables": [
              {
                "name": "SelectedRolesArray",
                "type": "array"
              }
            ]
          }
        },
        "Approver_Data": {
          "runAfter": {
            "Selected_Roles_Array": [
              "Succeeded"
            ]
          },
          "metadata": {
            "operationMetadataId": "b00cff53-ccf7-4a2e-9475-335a39cde7f4"
          },
          "type": "InitializeVariable",
          "inputs": {
            "variables": [
              {
                "name": "Approverdata",
                "type": "array"
              }
            ]
          }
        },
        "Apply_to_each_7": {
          "foreach": "@body('Get_UserList_Call')?['d']?['results']",
          "actions": {
            "Condition_12": {
              "actions": {
                "Append_to_array_variable_7": {
                  "runAfter": {},
                  "metadata": {
                    "operationMetadataId": "352f93bd-67e4-4511-a2ef-4ab50306c509"
                  },
                  "type": "AppendToArrayVariable",
                  "inputs": {
                    "name": "UserGid",
                    "value": "@items('Apply_to_each_7')?['SPUser']?['id']"
                  }
                }
              },
              "runAfter": {},
              "else": {
                "actions": {
                  "Append_to_array_variable_8": {
                    "runAfter": {},
                    "metadata": {
                      "operationMetadataId": "352f93bd-67e4-4511-a2ef-4ab50306c509"
                    },
                    "type": "AppendToArrayVariable",
                    "inputs": {
                      "name": "UserGid",
                      "value": "@items('Apply_to_each_7')?['user']?['id']"
                    }
                  }
                }
              },
              "expression": {
                "equals": [
                  "@variables('isHrms')",
                  "True"
                ]
              },
              "metadata": {
                "operationMetadataId": "60614c20-016e-47f7-a53b-b634cfe25584"
              },
              "type": "If"
            }
          },
          "runAfter": {
            "Get_UserList_Call": [
              "Succeeded"
            ]
          },
          "metadata": {
            "operationMetadataId": "c89c3f98-d559-4945-9e85-79e585ff884a"
          },
          "type": "Foreach"
        },
        "Initialize_variable": {
          "runAfter": {
            "Approver_Data": [
              "Succeeded"
            ]
          },
          "metadata": {
            "operationMetadataId": "77e49632-1cd1-47e2-bf2f-aec2b410956b"
          },
          "type": "InitializeVariable",
          "inputs": {
            "variables": [
              {
                "name": "UserGid",
                "type": "array"
              }
            ]
          }
        },
        "Condition_4": {
          "actions": {
            "Apply_to_each_8": {
              "foreach": "@variables('Approverdata')",
              "actions": {
                "Send_an_HTTP_request_to_SharePoint": {
                  "runAfter": {},
                  "metadata": {
                    "operationMetadataId": "21252065-6a0a-4675-8d65-ded9462cf72a"
                  },
                  "type": "OpenApiConnection",
                  "inputs": {
                    "host": {
                      "connectionName": "shared_sharepointonline_7",
                      "operationId": "HttpRequest",
                      "apiId": "/providers/Microsoft.PowerApps/apis/shared_sharepointonline"
                    },
                    "parameters": {
                      "dataset": "@variables('Site Address')",
                      "parameters/method": "POST",
                      "parameters/uri": "_api/web/ensureuser",
                      "parameters/headers": {
                        "accept": "application/json;odata=verbose",
                        "Content-Type": "application/json;odata=nometadata"
                      },
                      "parameters/body": "{\n    \"logonName\": \"i:0#.f|membership|@{items('Apply_to_each_8')}\"\n  }"
                    },
                    "authentication": "@parameters('$authentication')"
                  }
                },
                "Condition_5": {
                  "actions": {
                    "Append_to_array_variable_5": {
                      "runAfter": {},
                      "metadata": {
                        "operationMetadataId": "6c2e1836-2aac-4f5a-b2ba-a3a5c522aebb"
                      },
                      "type": "AppendToArrayVariable",
                      "inputs": {
                        "name": "UserGid",
                        "value": "@body('Send_an_HTTP_request_to_SharePoint')?['d']?['Id']"
                      }
                    }
                  },
                  "runAfter": {
                    "Send_an_HTTP_request_to_SharePoint": [
                      "Succeeded"
                    ]
                  },
                  "expression": {
                    "not": {
                      "contains": [
                        "@variables('UserGid')",
                        "@body('Send_an_HTTP_request_to_SharePoint')?['d']?['Id']"
                      ]
                    }
                  },
                  "metadata": {
                    "operationMetadataId": "84a83b7e-146d-4779-8675-a05a548fdba1"
                  },
                  "type": "If"
                }
              },
              "runAfter": {},
              "metadata": {
                "operationMetadataId": "1e0e03f8-ddb9-4935-b1e7-536e64925dd4"
              },
              "type": "Foreach"
            }
          },
          "runAfter": {
            "Apply_to_each_7": [
              "Succeeded"
            ]
          },
          "expression": {
            "greater": [
              "@length(variables('Approverdata'))",
              0
            ]
          },
          "metadata": {
            "operationMetadataId": "b1504bf6-7f5f-41d9-9eaf-f4ff1ecfe63e"
          },
          "type": "If"
        },
        "Item_id": {
          "runAfter": {
            "HRMS_Environment_variable": [
              "Succeeded"
            ]
          },
          "metadata": {
            "operationMetadataId": "5f49fa9e-6cd9-4e81-9283-d1c1db08c154"
          },
          "type": "InitializeVariable",
          "inputs": {
            "variables": [
              {
                "name": "ItemID",
                "type": "string",
                "value": "@{triggerOutputs()?['body/ID']}"
              }
            ]
          }
        },
        "Remove_Permission_Call": {
          "runAfter": {
            "Compose_5": [
              "Succeeded"
            ]
          },
          "metadata": {
            "operationMetadataId": "4a5aecea-6d1f-4d89-9300-9d88239ca889"
          },
          "type": "OpenApiConnection",
          "inputs": {
            "host": {
              "connectionName": "shared_sharepointonline_5",
              "operationId": "HttpRequest",
              "apiId": "/providers/Microsoft.PowerApps/apis/shared_sharepointonline"
            },
            "parameters": {
              "dataset": "@variables('Site Address')",
              "parameters/method": "POST",
              "parameters/uri": "_api/lists/getByTitle('HR365ETExpenses')/items(@{variables('ItemID')})/breakroleinheritance(copyRoleAssignments=false,clearSubscopes=true)"
            },
            "authentication": "@parameters('$authentication')"
          }
        },
        "Apply_to_each_2": {
          "foreach": "@body('Get_Expense_List_item')?['d']?['results']?[0]?['ItemPermission']?['results']",
          "actions": {
            "Condition_6": {
              "actions": {
                "Append_to_array_variable_6": {
                  "runAfter": {},
                  "metadata": {
                    "operationMetadataId": "352f93bd-67e4-4511-a2ef-4ab50306c509"
                  },
                  "type": "AppendToArrayVariable",
                  "inputs": {
                    "name": "UserGid",
                    "value": "@items('Apply_to_each_2')?['ID']"
                  }
                }
              },
              "runAfter": {},
              "expression": {
                "not": {
                  "contains": [
                    "@variables('UserGid')",
                    "@items('Apply_to_each_2')?['ID']"
                  ]
                }
              },
              "metadata": {
                "operationMetadataId": "3703fdbe-c760-430a-a09d-66b45cbc47f5"
              },
              "type": "If"
            }
          },
          "runAfter": {
            "Get_Expense_List_item": [
              "Succeeded"
            ]
          },
          "metadata": {
            "operationMetadataId": "d8f8cda6-bb5c-4e5c-8e1b-d6c80489842a"
          },
          "type": "Foreach"
        },
        "Condition_8": {
          "actions": {
            "Condition_13": {
              "actions": {
                "Set_variable_4": {
                  "runAfter": {},
                  "metadata": {
                    "operationMetadataId": "3e46a4b3-3e0a-4733-8dce-202b7eee0968"
                  },
                  "type": "SetVariable",
                  "inputs": {
                    "name": "String approver",
                    "value": "&$filter=(GuidID eq @{join(variables('allapproversArray'), ' or GuidID eq ')}) or (Role eq @{join(variables('SelectedRolesArray'), ' or Role eq ')})"
                  }
                }
              },
              "runAfter": {},
              "else": {
                "actions": {
                  "Set_variable": {
                    "runAfter": {},
                    "metadata": {
                      "operationMetadataId": "3e46a4b3-3e0a-4733-8dce-202b7eee0968"
                    },
                    "type": "SetVariable",
                    "inputs": {
                      "name": "String approver",
                      "value": "&$filter=(GID eq @{join(variables('allapproversArray'), ' or GID eq ')}) or (Role eq @{join(variables('SelectedRolesArray'), ' or Role eq ')})"
                    }
                  }
                }
              },
              "expression": {
                "and": [
                  {
                    "equals": [
                      "@variables('isHrms')",
                      "True"
                    ]
                  }
                ]
              },
              "metadata": {
                "operationMetadataId": "3e1f0121-95b5-4e94-8e6d-f84841005df7"
              },
              "type": "If"
            }
          },
          "runAfter": {
            "Apply_to_each": [
              "Succeeded"
            ]
          },
          "else": {
            "actions": {
              "Condition_9": {
                "actions": {
                  "Condition_14": {
                    "actions": {
                      "Set_variable_5": {
                        "runAfter": {},
                        "metadata": {
                          "operationMetadataId": "0e82c368-bd9d-4098-b4a9-1fa0188891b6"
                        },
                        "type": "SetVariable",
                        "inputs": {
                          "name": "String approver",
                          "value": "&$filter=(GuidID eq @{join(variables('allapproversArray'), ' or GuidID eq ')}) "
                        }
                      }
                    },
                    "runAfter": {},
                    "else": {
                      "actions": {
                        "Set_variable_2": {
                          "runAfter": {},
                          "metadata": {
                            "operationMetadataId": "0e82c368-bd9d-4098-b4a9-1fa0188891b6"
                          },
                          "type": "SetVariable",
                          "inputs": {
                            "name": "String approver",
                            "value": "&$filter=(GID eq @{join(variables('allapproversArray'), ' or GID eq ')}) "
                          }
                        }
                      }
                    },
                    "expression": {
                      "and": [
                        {
                          "equals": [
                            "@variables('isHrms')",
                            "True"
                          ]
                        }
                      ]
                    },
                    "metadata": {
                      "operationMetadataId": "0b9b6423-d787-4b80-9b9b-336c15491511"
                    },
                    "type": "If"
                  }
                },
                "runAfter": {},
                "else": {
                  "actions": {
                    "Condition_10": {
                      "actions": {
                        "Set_variable_3": {
                          "runAfter": {},
                          "metadata": {
                            "operationMetadataId": "ce102bdc-8b09-489f-9901-6246e541ce89"
                          },
                          "type": "SetVariable",
                          "inputs": {
                            "name": "String approver",
                            "value": "&$filter=(Role eq @{join(variables('SelectedRolesArray'), ' or Role eq ')})"
                          }
                        }
                      },
                      "runAfter": {},
                      "expression": {
                        "greater": [
                          "@length(variables('SelectedRolesArray'))",
                          0
                        ]
                      },
                      "metadata": {
                        "operationMetadataId": "ee836549-5110-4a67-bffa-f14b7513a263"
                      },
                      "type": "If"
                    }
                  }
                },
                "expression": {
                  "greater": [
                    "@length(variables('allapproversArray'))",
                    0
                  ]
                },
                "metadata": {
                  "operationMetadataId": "84fbb0f5-7927-4faa-b4b6-04828f694f04"
                },
                "type": "If"
              }
            }
          },
          "expression": {
            "and": [
              {
                "greater": [
                  "@length(variables('Approverdata'))",
                  0
                ]
              },
              {
                "greater": [
                  "@length(variables('SelectedRolesArray'))",
                  0
                ]
              }
            ]
          },
          "metadata": {
            "operationMetadataId": "4ea49660-5c22-47d3-b60b-bd0dcf3a26de"
          },
          "type": "If"
        },
        "Get_UserList_Call": {
          "runAfter": {
            "Condition_11": [
              "Succeeded"
            ]
          },
          "metadata": {
            "operationMetadataId": "4a5aecea-6d1f-4d89-9300-9d88239ca889"
          },
          "type": "OpenApiConnection",
          "inputs": {
            "host": {
              "connectionName": "shared_sharepointonline_4",
              "operationId": "HttpRequest",
              "apiId": "/providers/Microsoft.PowerApps/apis/shared_sharepointonline"
            },
            "parameters": {
              "dataset": "@variables('Site Address')",
              "parameters/method": "GET",
              "parameters/uri": "@{variables('User List Query')}@{variables('String approver')}"
            },
            "authentication": "@parameters('$authentication')"
          }
        },
        "string_approver": {
          "runAfter": {
            "Item_id": [
              "Succeeded"
            ]
          },
          "metadata": {
            "operationMetadataId": "fc3487fa-d5da-49b2-b347-46f7096a8c91"
          },
          "type": "InitializeVariable",
          "inputs": {
            "variables": [
              {
                "name": "String approver",
                "type": "string"
              }
            ]
          }
        },
        "Condition_11": {
          "actions": {
            "Set_User_List_Query": {
              "runAfter": {},
              "metadata": {
                "operationMetadataId": "9ec6b42c-1480-4437-831b-3f167ea08fc2"
              },
              "type": "SetVariable",
              "inputs": {
                "name": "User List Query",
                "value": "_api/web/lists/getbytitle('HRMS365Users')/items?$select=GuidID,Role,SPUser/Title,SPUser/Id&$expand=SPUser"
              }
            }
          },
          "runAfter": {
            "Condition_8": [
              "Succeeded"
            ]
          },
          "else": {
            "actions": {
              "Set_User_List_Query_1": {
                "runAfter": {},
                "metadata": {
                  "operationMetadataId": "bdcb0863-8035-4507-bee1-1d10c10ac75a"
                },
                "type": "SetVariable",
                "inputs": {
                  "name": "User List Query",
                  "value": "_api/web/lists/getbytitle('HR365ETUsers')/items?$select=GID,Role,User/Title,User/Id&$expand=User"
                }
              }
            }
          },
          "expression": {
            "and": [
              {
                "equals": [
                  "@variables('isHrms')",
                  "True"
                ]
              }
            ]
          },
          "metadata": {
            "operationMetadataId": "4014d5e1-5c6c-4f89-9965-275ca45402df"
          },
          "type": "If"
        },
        "User_List_Query": {
          "runAfter": {
            "ContributeID": [
              "Succeeded"
            ]
          },
          "metadata": {
            "operationMetadataId": "4ad21132-ad7b-4bb8-beca-4cd055a09ac5"
          },
          "type": "InitializeVariable",
          "inputs": {
            "variables": [
              {
                "name": "User List Query",
                "type": "string"
              }
            ]
          }
        },
        "Compose_2": {
          "runAfter": {
            "User_List_Query": [
              "Succeeded"
            ]
          },
          "metadata": {
            "operationMetadataId": "fb13c635-1d38-4ae8-b4ff-30253c6c78c9"
          },
          "type": "Compose",
          "inputs": "@variables('isHrms')"
        },
        "Expense_Creater_ID": {
          "runAfter": {
            "Apply_to_each_2": [
              "Succeeded"
            ]
          },
          "metadata": {
            "operationMetadataId": "34977aa5-d2ad-47d9-a940-0d3912d4ee02"
          },
          "type": "Compose",
          "inputs": "@body('Get_Expense_List_item')?['d']?['results']?[0]?['Author']?['ID']"
        },
        "Expense_Reported_By": {
          "runAfter": {
            "Expense_Creater_ID": [
              "Succeeded"
            ]
          },
          "metadata": {
            "operationMetadataId": "b9eb8b64-8f52-44e9-b336-26aeba49c63a"
          },
          "type": "Compose",
          "inputs": "@json(body('Get_Expense_List_item')?['d']?['results']?[0]?['ExpensesReportedBy'])"
        },
        "Expense_Reported_By_Id": {
          "runAfter": {
            "Expense_Reported_By": [
              "Succeeded"
            ]
          },
          "metadata": {
            "operationMetadataId": "2430f4c1-b60b-465b-9b95-e364756b092a"
          },
          "type": "Compose",
          "inputs": "@outputs('Expense_Reported_By')?[0]?['ID']"
        },
        "ExpensereportedbyID_Condition": {
          "actions": {
            "Append_to_array_variable_9": {
              "runAfter": {},
              "metadata": {
                "operationMetadataId": "352f93bd-67e4-4511-a2ef-4ab50306c509"
              },
              "type": "AppendToArrayVariable",
              "inputs": {
                "name": "UserGid",
                "value": "@outputs('Expense_Reported_By_Id')"
              }
            }
          },
          "runAfter": {
            "ExpenseCreaterID_condition": [
              "Succeeded"
            ]
          },
          "expression": {
            "and": [
              {
                "not": {
                  "equals": [
                    "@outputs('Expense_Reported_By_Id')",
                    null
                  ]
                }
              },
              {
                "not": {
                  "equals": [
                    "@outputs('Expense_Reported_By_Id')",
                    "undefined"
                  ]
                }
              },
              {
                "not": {
                  "contains": [
                    "@variables('UserGid')",
                    "@outputs('Expense_Reported_By_Id')"
                  ]
                }
              }
            ]
          },
          "metadata": {
            "operationMetadataId": "978c74db-bd5b-4527-a2c4-f29773b9968c"
          },
          "type": "If"
        },
        "ExpenseCreaterID_condition": {
          "actions": {
            "Append_to_array_variable_4": {
              "runAfter": {},
              "metadata": {
                "operationMetadataId": "87fbcb53-4392-418d-80d8-b4b9626b2818"
              },
              "type": "AppendToArrayVariable",
              "inputs": {
                "name": "UserGid",
                "value": "@outputs('Expense_Creater_ID')"
              }
            }
          },
          "runAfter": {
            "Compose_3": [
              "Succeeded"
            ]
          },
          "expression": {
            "and": [
              {
                "not": {
                  "equals": [
                    "@outputs('Expense_Creater_ID')",
                    null
                  ]
                }
              },
              {
                "not": {
                  "equals": [
                    "@outputs('Expense_Creater_ID')",
                    "undefined"
                  ]
                }
              },
              {
                "not": {
                  "contains": [
                    "@variables('UserGid')",
                    "@outputs('Expense_Creater_ID')"
                  ]
                }
              }
            ]
          },
          "metadata": {
            "operationMetadataId": "926c1791-a507-4dde-8d82-9620f9e672dc"
          },
          "type": "If"
        },
        "Compose_5": {
          "runAfter": {
            "Condition_4": [
              "Succeeded"
            ]
          },
          "metadata": {
            "operationMetadataId": "e52fe6c9-43c6-40a1-beb0-622222659228"
          },
          "type": "Compose",
          "inputs": "@variables('UserGid')"
        },
        "isHrms": {
          "runAfter": {},
          "metadata": {
            "operationMetadataId": "13a9f8d7-5bc5-426d-a6f2-1c1277be4197"
          },
          "type": "Compose",
          "inputs": "@parameters('isHRMS (HRMS365) (hrms365_isHRMSHRMS365)')"
        },
        "HRMS_Environment_variable": {
          "runAfter": {
            "isHrms": [
              "Succeeded"
            ]
          },
          "metadata": {
            "operationMetadataId": "db041a8c-3cf5-4799-a2a4-edb2313aabe8"
          },
          "type": "InitializeVariable",
          "inputs": {
            "variables": [
              {
                "name": "isHrms",
                "type": "string",
                "value": "@{parameters('isHRMS (HRMS365) (hrms365_isHRMSHRMS365)')}"
              }
            ]
          }
        }
      }
    },
    "templateName": ""
  },
  "schemaVersion": "1.0.0.0"
}