{
  "properties": {
    "connectionReferences": {
      "shared_sharepointonline_1": {
        "runtimeSource": "embedded",
        "connection": {
          "connectionReferenceLogicalName": "hr365_sharedsharepointonline_94d5b"
        },
        "api": {
          "name": "shared_sharepointonline"
        }
      },
      "shared_office365": {
        "runtimeSource": "embedded",
        "connection": {
          "connectionReferenceLogicalName": "hr365_sharedoffice365_fcc08"
        },
        "api": {
          "name": "shared_office365"
        }
      },
      "shared_sharepointonline": {
        "runtimeSource": "embedded",
        "connection": {
          "connectionReferenceLogicalName": "hr365_sharedsharepointonline_64d58"
        },
        "api": {
          "name": "shared_sharepointonline"
        }
      }
    },
    "definition": {
      "$schema": "https://schema.management.azure.com/providers/Microsoft.Logic/schemas/2016-06-01/workflowdefinition.json#",
      "contentVersion": "1.0.0.0",
      "parameters": {
        "$connections": {
          "defaultValue": {},
          "type": "Object"
        },
        "$authentication": {
          "defaultValue": {},
          "type": "SecureObject"
        },
        "NotificationList (HRMS365) (hrms365_NotificationListHRMS365)": {
          "defaultValue": "HR365TMPEmailNotification",
          "type": "String",
          "metadata": {
            "schemaName": "hrms365_NotificationListHRMS365",
            "description": "HRMS New variable for NotificationList(hr365_NotificationList)"
          }
        },
        "SiteAddress (HRMS365) (hrms365_SiteAddressHRMS365)": {
          "defaultValue": "https://zw4fg.sharepoint.com/sites/HRMS001",
          "type": "String",
          "metadata": {
            "schemaName": "hrms365_SiteAddressHRMS365",
            "description": "HRMS New Variable for SiteAddress(TMM)(hr365_SiteAddressTMM)"
          }
        }
      },
      "triggers": {
        "Recurrence": {
          "recurrence": {
            "frequency": "Day",
            "interval": 1,
            "startTime": "2023-02-02T03:30:00Z"
          },
          "metadata": {
            "operationMetadataId": "7abbb36c-c1a7-4fc6-a129-c689f1bf2c99"
          },
          "type": "Recurrence"
        }
      },
      "actions": {
        "Get_items": {
          "runAfter": {
            "AssignedTo": [
              "Succeeded"
            ]
          },
          "metadata": {
            "operationMetadataId": "e953603e-7b7b-4682-aa52-1afe10ffd77c"
          },
          "type": "OpenApiConnection",
          "inputs": {
            "host": {
              "connectionName": "shared_sharepointonline_1",
              "operationId": "GetItems",
              "apiId": "/providers/Microsoft.PowerApps/apis/shared_sharepointonline"
            },
            "parameters": {
              "dataset": "@parameters('SiteAddress (HRMS365) (hrms365_SiteAddressHRMS365)')",
              "table": "HR365Tasks",
              "$top": 5000
            },
            "authentication": "@parameters('$authentication')"
          }
        },
        "Apply_to_each": {
          "foreach": "@outputs('Get_items')?['body/value']",
          "actions": {
            "Condition": {
              "actions": {
                "Apply_to_each_2": {
                  "foreach": "@outputs('Get_items_2')?['body/value']",
                  "actions": {
                    "Compose_3": {
                      "runAfter": {},
                      "metadata": {
                        "operationMetadataId": "b9f723b8-04df-44bc-abf1-3df2ce90f3ed"
                      },
                      "type": "Compose",
                      "inputs": "@items('Apply_to_each_2')?['Message']"
                    },
                    "Send_an_email_(V2)": {
                      "runAfter": {
                        "Compose_4": [
                          "Succeeded"
                        ]
                      },
                      "metadata": {
                        "operationMetadataId": "d1502783-0121-4f73-b05f-beb50df61518"
                      },
                      "type": "OpenApiConnection",
                      "inputs": {
                        "host": {
                          "connectionName": "shared_office365",
                          "operationId": "SendEmailV2",
                          "apiId": "/providers/Microsoft.PowerApps/apis/shared_office365"
                        },
                        "parameters": {
                          "emailMessage/To": "@variables('Email')",
                          "emailMessage/Subject": "@items('Apply_to_each_2')?['Subjects']",
                          "emailMessage/Body": "<p>@{outputs('Compose_4')}</p>",
                          "emailMessage/Importance": "Normal"
                        },
                        "authentication": "@parameters('$authentication')"
                      }
                    },
                    "Compose_4": {
                      "runAfter": {
                        "Compose_3": [
                          "Succeeded"
                        ]
                      },
                      "metadata": {
                        "operationMetadataId": "7703f546-e09f-447f-8b02-f8a15f3befd5"
                      },
                      "type": "Compose",
                      "inputs": "@replace(outputs('Compose_3'),'[Task Owner]',variables('AssignedTo'))"
                    }
                  },
                  "runAfter": {
                    "Apply_to_each_3": [
                      "Succeeded"
                    ]
                  },
                  "metadata": {
                    "operationMetadataId": "a9c8250e-7399-4855-a78a-4c1945c03e76"
                  },
                  "type": "Foreach"
                },
                "Compose_2": {
                  "runAfter": {},
                  "metadata": {
                    "operationMetadataId": "a007e61a-0fe7-46f6-b6ab-ed04ff81adca"
                  },
                  "type": "Compose",
                  "inputs": "@items('Apply_to_each')?['AssignedTo']"
                },
                "Apply_to_each_3": {
                  "foreach": "@outputs('Compose_2')",
                  "actions": {
                    "Set_variable": {
                      "runAfter": {},
                      "metadata": {
                        "operationMetadataId": "c1d573fd-e493-43a7-a8fc-f5cea009ddc6"
                      },
                      "type": "SetVariable",
                      "inputs": {
                        "name": "Email",
                        "value": "@{items('Apply_to_each_3')?['Email']}"
                      }
                    },
                    "Set_variable_2": {
                      "runAfter": {
                        "Set_variable": [
                          "Succeeded"
                        ]
                      },
                      "metadata": {
                        "operationMetadataId": "dc3ab070-93c7-454a-9208-f2aa4342978b"
                      },
                      "type": "SetVariable",
                      "inputs": {
                        "name": "AssignedTo",
                        "value": "@{items('Apply_to_each_3')?['DisplayName']}"
                      }
                    }
                  },
                  "runAfter": {
                    "Compose_2": [
                      "Succeeded"
                    ]
                  },
                  "metadata": {
                    "operationMetadataId": "26716ea3-dcbb-4d13-a75b-b37e16f61aa8"
                  },
                  "type": "Foreach"
                }
              },
              "runAfter": {},
              "expression": {
                "equals": [
                  "@addDays(formatDateTime(items('Apply_to_each')?['DueDate'],'yyyy-MM-dd'),-1,'yyyy-MM-dd')",
                  "@utcNow('yyyy-MM-dd')"
                ]
              },
              "metadata": {
                "operationMetadataId": "c30b25b8-7afd-47e1-b890-42be65d7e286"
              },
              "type": "If"
            },
            "Condition_2": {
              "actions": {
                "Apply_to_each_4": {
                  "foreach": "@outputs('Get_items_2')?['body/value']",
                  "actions": {
                    "Compose_6": {
                      "runAfter": {},
                      "metadata": {
                        "operationMetadataId": "7a706a91-e86d-4b9a-8c42-fd3e2f33056e"
                      },
                      "type": "Compose",
                      "inputs": "@items('Apply_to_each_4')?['Message']"
                    },
                    "Send_an_email_(V2)_2": {
                      "runAfter": {
                        "Compose_7": [
                          "Succeeded"
                        ]
                      },
                      "metadata": {
                        "operationMetadataId": "d1502783-0121-4f73-b05f-beb50df61518"
                      },
                      "type": "OpenApiConnection",
                      "inputs": {
                        "host": {
                          "connectionName": "shared_office365",
                          "operationId": "SendEmailV2",
                          "apiId": "/providers/Microsoft.PowerApps/apis/shared_office365"
                        },
                        "parameters": {
                          "emailMessage/To": "@variables('Email')",
                          "emailMessage/Subject": "@items('Apply_to_each_4')?['Subjects']",
                          "emailMessage/Body": "<p>@{outputs('Compose_7')}</p>",
                          "emailMessage/Importance": "Normal"
                        },
                        "authentication": "@parameters('$authentication')"
                      }
                    },
                    "Compose_7": {
                      "runAfter": {
                        "Compose_6": [
                          "Succeeded"
                        ]
                      },
                      "metadata": {
                        "operationMetadataId": "1c2dd8e3-c983-41e1-9559-95eace8b8e04"
                      },
                      "type": "Compose",
                      "inputs": "@replace(outputs('Compose_6'), '[Task Owner]', variables('AssignedTo'))"
                    }
                  },
                  "runAfter": {
                    "Apply_to_each_5": [
                      "Succeeded"
                    ]
                  },
                  "metadata": {
                    "operationMetadataId": "a9c8250e-7399-4855-a78a-4c1945c03e76"
                  },
                  "type": "Foreach"
                },
                "Compose_5": {
                  "runAfter": {},
                  "metadata": {
                    "operationMetadataId": "a007e61a-0fe7-46f6-b6ab-ed04ff81adca"
                  },
                  "type": "Compose",
                  "inputs": "@items('Apply_to_each')?['AssignedTo']"
                },
                "Apply_to_each_5": {
                  "foreach": "@outputs('Compose_5')",
                  "actions": {
                    "Set_variable_3": {
                      "runAfter": {},
                      "metadata": {
                        "operationMetadataId": "9925310d-4e1d-4303-a72b-427823017a11"
                      },
                      "type": "SetVariable",
                      "inputs": {
                        "name": "Email",
                        "value": "@{items('Apply_to_each_5')?['Email']}"
                      }
                    },
                    "Set_variable_4": {
                      "runAfter": {
                        "Set_variable_3": [
                          "Succeeded"
                        ]
                      },
                      "metadata": {
                        "operationMetadataId": "8d82011b-a5c5-4973-9a2d-f78b7276e8dc"
                      },
                      "type": "SetVariable",
                      "inputs": {
                        "name": "AssignedTo",
                        "value": "@{items('Apply_to_each_5')?['DisplayName']}"
                      }
                    }
                  },
                  "runAfter": {
                    "Compose_5": [
                      "Succeeded"
                    ]
                  },
                  "metadata": {
                    "operationMetadataId": "2f447bbf-b1cc-4084-8502-e142cbcb6bd5"
                  },
                  "type": "Foreach"
                }
              },
              "runAfter": {
                "Condition": [
                  "Succeeded"
                ]
              },
              "expression": {
                "equals": [
                  "@formatDateTime(items('Apply_to_each')?['DueDate'], 'yyyy-MM-dd')",
                  "@utcNow('yyyy-MM-dd')"
                ]
              },
              "metadata": {
                "operationMetadataId": "c30b25b8-7afd-47e1-b890-42be65d7e286"
              },
              "type": "If"
            }
          },
          "runAfter": {
            "Get_items_2": [
              "Succeeded"
            ]
          },
          "metadata": {
            "operationMetadataId": "ab267b71-2be8-45f3-aea4-9a4da03e1557"
          },
          "type": "Foreach"
        },
        "Get_items_2": {
          "runAfter": {
            "Get_items": [
              "Succeeded"
            ]
          },
          "metadata": {
            "operationMetadataId": "5d666b64-6b07-4ccf-8277-ad88e5f06080"
          },
          "type": "OpenApiConnection",
          "inputs": {
            "host": {
              "connectionName": "shared_sharepointonline",
              "operationId": "GetItems",
              "apiId": "/providers/Microsoft.PowerApps/apis/shared_sharepointonline"
            },
            "parameters": {
              "dataset": "@parameters('SiteAddress (HRMS365) (hrms365_SiteAddressHRMS365)')",
              "table": "@parameters('NotificationList (HRMS365) (hrms365_NotificationListHRMS365)')",
              "$filter": "Title eq 'Task Reminder'"
            },
            "authentication": "@parameters('$authentication')"
          }
        },
        "Email": {
          "runAfter": {},
          "metadata": {
            "operationMetadataId": "c68a7e5f-b8be-4ae4-a072-a3e6a4d5996e"
          },
          "type": "InitializeVariable",
          "inputs": {
            "variables": [
              {
                "name": "Email",
                "type": "string"
              }
            ]
          }
        },
        "AssignedTo": {
          "runAfter": {
            "Email": [
              "Succeeded"
            ]
          },
          "metadata": {
            "operationMetadataId": "559e881c-6f23-4849-ba48-5ca8c3f5fb93"
          },
          "type": "InitializeVariable",
          "inputs": {
            "variables": [
              {
                "name": "AssignedTo",
                "type": "string"
              }
            ]
          }
        }
      }
    },
    "templateName": ""
  },
  "schemaVersion": "1.0.0.0"
}