{
  "properties": {
    "connectionReferences": {
      "shared_sharepointonline": {
        "api": {
          "name": "shared_sharepointonline"
        },
        "connection": {
          "connectionReferenceLogicalName": "hr365_sharedsharepointonline_7c34e"
        },
        "runtimeSource": "embedded"
      },
      "shared_office365": {
        "api": {
          "name": "shared_office365"
        },
        "connection": {
          "connectionReferenceLogicalName": "hr365_sharedoffice365_b9926"
        },
        "runtimeSource": "embedded"
      }
    },
    "definition": {
      "$schema": "https://schema.management.azure.com/providers/Microsoft.Logic/schemas/2016-06-01/workflowdefinition.json#",
      "contentVersion": "1.0.0.0",
      "parameters": {
        "$authentication": {
          "defaultValue": {},
          "type": "SecureObject"
        },
        "$connections": {
          "defaultValue": {},
          "type": "Object"
        },
        "SiteAddress (HRMS365) (hrms365_SiteAddressHRMS365)": {
          "defaultValue": "https://zw4fg.sharepoint.com/sites/HRMS0109",
          "type": "String",
          "metadata": {
            "schemaName": "hrms365_SiteAddressHRMS365",
            "description": "HRMS New Variable for SiteAddress(TMM)(hr365_SiteAddressTMM)"
          }
        }
      },
      "triggers": {
        "When_an_item_is_created_or_modified": {
          "type": "OpenApiConnection",
          "inputs": {
            "parameters": {
              "dataset": "@parameters('SiteAddress (HRMS365) (hrms365_SiteAddressHRMS365)')",
              "table": "HR365OBEmployeeOnboard"
            },
            "host": {
              "apiId": "/providers/Microsoft.PowerApps/apis/shared_sharepointonline",
              "operationId": "GetOnUpdatedItems",
              "connectionName": "shared_sharepointonline"
            }
          },
          "recurrence": {
            "interval": 1,
            "frequency": "Minute"
          },
          "conditions": [
            {
              "expression": "@or(equals(triggerBody()?['WebSiteProfileNeeded'], 'Yes'), and(equals(triggerBody()?['ApprovalStatus'],'Approved'),equals(triggerBody()?['SendAttachmentFlow'], 'Yes')))"
            }
          ],
          "splitOn": "@triggerOutputs()?['body/value']",
          "metadata": {
            "operationMetadataId": "9474c360-303b-4b7d-9622-8408d6aea40d"
          }
        }
      },
      "actions": {
        "Compose": {
          "type": "Compose",
          "inputs": "@variables('Output')",
          "runAfter": {
            "Append_to_array_variable_2": [
              "Succeeded"
            ]
          },
          "metadata": {
            "operationMetadataId": "3453b163-d444-4693-8aad-0843e3790efb"
          }
        },
        "Attachment_Owner_Email": {
          "type": "InitializeVariable",
          "inputs": {
            "variables": [
              {
                "name": "AttachmentOwnerEmail",
                "type": "string",
                "value": "abc@gmail.com"
              }
            ]
          },
          "runAfter": {
            "Compose_3": [
              "Succeeded"
            ]
          },
          "metadata": {
            "operationMetadataId": "7ccf02d0-43ba-40d2-a2b3-829dd83a91fc"
          }
        },
        "Attachments": {
          "type": "InitializeVariable",
          "inputs": {
            "variables": [
              {
                "name": "Attachments",
                "type": "array"
              }
            ]
          },
          "runAfter": {
            "Compose": [
              "Succeeded"
            ]
          },
          "metadata": {
            "operationMetadataId": "0cde6ece-3f7e-4d9c-8954-87e3be1002ff"
          }
        },
        "Initialize_variable": {
          "type": "InitializeVariable",
          "inputs": {
            "variables": [
              {
                "name": "Output",
                "type": "array"
              }
            ]
          },
          "runAfter": {
            "SiteName": [
              "Succeeded"
            ]
          },
          "metadata": {
            "operationMetadataId": "0fe94198-9366-4265-9bae-f922d2ded7a2"
          }
        },
        "Append_to_array_variable_2": {
          "type": "AppendToArrayVariable",
          "inputs": {
            "name": "Output",
            "value": "@triggerOutputs()?['body']"
          },
          "runAfter": {
            "Initialize_variable": [
              "Succeeded"
            ]
          },
          "metadata": {
            "operationMetadataId": "ba7aa7a5-a50d-4393-ad8e-d6f86d9c4ce2"
          }
        },
        "No-Reply": {
          "type": "InitializeVariable",
          "inputs": {
            "variables": [
              {
                "name": "NoReply",
                "type": "string",
                "value": "no-reply@sharepointonline.com"
              }
            ]
          },
          "runAfter": {
            "isAttachmentSent": [
              "Succeeded"
            ]
          },
          "metadata": {
            "operationMetadataId": "e0fd0bae-d155-45fd-8c45-31135e974b43"
          }
        },
        "Compose_3": {
          "type": "Compose",
          "inputs": "@variables('Attachments')",
          "runAfter": {
            "Attachments": [
              "Succeeded"
            ]
          },
          "metadata": {
            "operationMetadataId": "e5d0ee11-a9a5-4f7a-9b20-3d0e4aadfed3"
          }
        },
        "SiteName": {
          "type": "InitializeVariable",
          "inputs": {
            "variables": [
              {
                "name": "SiteName",
                "type": "string",
                "value": "@parameters('SiteAddress (HRMS365) (hrms365_SiteAddressHRMS365)')"
              }
            ]
          },
          "runAfter": {
            "Get_changes_for_an_item_or_a_file_(properties_only)": [
              "Succeeded"
            ]
          },
          "metadata": {
            "operationMetadataId": "f611ad52-1af7-4771-8c5f-fb589d75de37"
          }
        },
        "isAttachmentSent": {
          "type": "InitializeVariable",
          "inputs": {
            "variables": [
              {
                "name": "isAttachmentSent",
                "type": "string"
              }
            ]
          },
          "runAfter": {
            "Attachment_Owner_Email": [
              "Succeeded"
            ]
          },
          "metadata": {
            "operationMetadataId": "6285e426-1cb6-4fd1-9d27-57f74447c0c2"
          }
        },
        "Get_changes_for_an_item_or_a_file_(properties_only)": {
          "type": "OpenApiConnection",
          "inputs": {
            "parameters": {
              "dataset": "@parameters('SiteAddress (HRMS365) (hrms365_SiteAddressHRMS365)')",
              "table": "HR365OBEmployeeOnboard",
              "id": "@triggerOutputs()?['body/ID']",
              "since": "@sub(int(triggerOutputs()?['body/{VersionNumber}']),1)",
              "includeDrafts": true
            },
            "host": {
              "apiId": "/providers/Microsoft.PowerApps/apis/shared_sharepointonline",
              "operationId": "GetItemChanges",
              "connectionName": "shared_sharepointonline"
            }
          },
          "runAfter": {},
          "metadata": {
            "operationMetadataId": "b231d92f-a11f-402f-baaa-6f96d2702123"
          }
        },
        "Condition_4": {
          "type": "If",
          "expression": {
            "and": [
              {
                "equals": [
                  "@triggerOutputs()?['body/ApprovalStatus']",
                  "Approved"
                ]
              },
              {
                "equals": [
                  "@triggerOutputs()?['body/WebSiteProfileNeeded']",
                  "Yes"
                ]
              },
              {
                "equals": [
                  "@triggerOutputs()?['body/SendAttachmentFlow']",
                  "Yes"
                ]
              }
            ]
          },
          "actions": {
            "Condition": {
              "type": "If",
              "expression": {
                "equals": [
                  "@triggerOutputs()?['body/ApprovalStatus']",
                  "Approved"
                ]
              },
              "actions": {
                "Compose_2": {
                  "type": "Compose",
                  "inputs": "@triggerOutputs()?['body/EmployeeName']",
                  "metadata": {
                    "operationMetadataId": "30ab2656-03f3-4e8e-a84e-6a75f5aae84b"
                  }
                },
                "Send_an_HTTP_request_to_SharePoint": {
                  "type": "OpenApiConnection",
                  "inputs": {
                    "parameters": {
                      "dataset": "@variables('SiteName')",
                      "parameters/method": "GET",
                      "parameters/uri": "_api/web/lists/getbytitle('HR365OBSettings')/items?$select=AttachmentOwnerEmail",
                      "parameters/headers": {
                        "accept": "application/json;odata=verbose",
                        "content-type": "application/json;odata=verbose"
                      }
                    },
                    "host": {
                      "apiId": "/providers/Microsoft.PowerApps/apis/shared_sharepointonline",
                      "operationId": "HttpRequest",
                      "connectionName": "shared_sharepointonline"
                    }
                  },
                  "runAfter": {
                    "Compose_5": [
                      "Succeeded"
                    ]
                  },
                  "metadata": {
                    "operationMetadataId": "c92733af-c934-4b93-8760-31f956463882"
                  }
                },
                "Compose_5": {
                  "type": "Compose",
                  "inputs": "@variables('Attachments')",
                  "runAfter": {
                    "Apply_to_each": [
                      "Succeeded"
                    ]
                  },
                  "metadata": {
                    "operationMetadataId": "0f2fc27e-6084-4123-a643-fa4c52e915a5"
                  }
                },
                "Get_attachments": {
                  "type": "OpenApiConnection",
                  "inputs": {
                    "parameters": {
                      "dataset": "@variables('SiteName')",
                      "table": "HR365OBEmployeeOnboard",
                      "itemId": "@triggerOutputs()?['body/ID']"
                    },
                    "host": {
                      "apiId": "/providers/Microsoft.PowerApps/apis/shared_sharepointonline",
                      "operationId": "GetItemAttachments",
                      "connectionName": "shared_sharepointonline"
                    }
                  },
                  "runAfter": {
                    "Compose_2": [
                      "Succeeded"
                    ]
                  },
                  "metadata": {
                    "operationMetadataId": "ec1953e9-ec50-455d-b498-75422131fffe"
                  }
                },
                "Apply_to_each": {
                  "type": "Foreach",
                  "foreach": "@body('Get_attachments')",
                  "actions": {
                    "Get_attachment_content": {
                      "type": "OpenApiConnection",
                      "inputs": {
                        "parameters": {
                          "dataset": "@variables('SiteName')",
                          "table": "HR365OBEmployeeOnboard",
                          "itemId": "@triggerOutputs()?['body/ID']",
                          "attachmentId": "@item()?['Id']"
                        },
                        "host": {
                          "apiId": "/providers/Microsoft.PowerApps/apis/shared_sharepointonline",
                          "operationId": "GetAttachmentContent",
                          "connectionName": "shared_sharepointonline"
                        }
                      },
                      "metadata": {
                        "operationMetadataId": "876a2644-ff7f-421d-85ef-e6037fc6d1e9"
                      }
                    },
                    "Append_to_array_variable": {
                      "type": "AppendToArrayVariable",
                      "inputs": {
                        "name": "Attachments",
                        "value": {
                          "name": "@{item()?['DisplayName']}",
                          "contentBytes": {
                            "$content-type": "@{body('Get_attachment_content')?['$content-type']}",
                            "$content": "@{body('Get_attachment_content')?['$content']}"
                          }
                        }
                      },
                      "runAfter": {
                        "Get_attachment_content": [
                          "Succeeded"
                        ]
                      },
                      "metadata": {
                        "operationMetadataId": "44965995-51ca-4a5d-a9ea-37c71e026063"
                      }
                    }
                  },
                  "runAfter": {
                    "Get_attachments": [
                      "Succeeded"
                    ]
                  },
                  "metadata": {
                    "operationMetadataId": "b1f68ff7-cbd8-4d88-b6c6-24fe767296f0"
                  }
                },
                "Set_Attachment_Owner_Email": {
                  "type": "SetVariable",
                  "inputs": {
                    "name": "AttachmentOwnerEmail",
                    "value": "@{outputs('Send_an_HTTP_request_to_SharePoint')?['body']?['d']?['results'][0]['AttachmentOwnerEmail']}"
                  },
                  "runAfter": {
                    "Send_an_HTTP_request_to_SharePoint": [
                      "Succeeded"
                    ]
                  },
                  "metadata": {
                    "operationMetadataId": "f6eb9b22-d1c4-461f-988c-6a7a1c4ca0fc"
                  }
                },
                "Condition_2": {
                  "type": "If",
                  "expression": {
                    "and": [
                      {
                        "not": {
                          "equals": [
                            "@variables('Attachments')",
                            "Null"
                          ]
                        }
                      },
                      {
                        "not": {
                          "equals": [
                            "@variables('AttachmentOwnerEmail')",
                            "abc@gmail.com"
                          ]
                        }
                      },
                      {
                        "not": {
                          "equals": [
                            "@length(variables('Attachments'))",
                            0
                          ]
                        }
                      },
                      {
                        "not": {
                          "equals": [
                            "@variables('AttachmentOwnerEmail')",
                            ""
                          ]
                        }
                      }
                    ]
                  },
                  "actions": {
                    "Send_an_email_(V2)": {
                      "type": "OpenApiConnection",
                      "inputs": {
                        "parameters": {
                          "emailMessage/To": "@variables('AttachmentOwnerEmail')",
                          "emailMessage/Subject": "Attachments from Employee Onboarding",
                          "emailMessage/Body": "<p>Hi,<br>\n<br>\n<strong>Employee Name: </strong><strong>@{triggerOutputs()?['body/EmployeeName']}</strong><strong><br>\nEmployee Email: </strong><strong>@{triggerOutputs()?['body/EmployeeEmail']}</strong><strong></strong><br>\n<br>\nPlease find the attachment added from the Employee Onboarding.<br>\n<br>\nThank you,<br>\nEmployee Onboarding Team.</p>",
                          "emailMessage/Attachments": "@variables('Attachments')",
                          "emailMessage/Importance": "Normal"
                        },
                        "host": {
                          "apiId": "/providers/Microsoft.PowerApps/apis/shared_office365",
                          "operationId": "SendEmailV2",
                          "connectionName": "shared_office365"
                        }
                      },
                      "metadata": {
                        "operationMetadataId": "6943f903-a1db-426a-a59a-056de176fb6b"
                      }
                    },
                    "Send_an_HTTP_request_to_SharePoint_2": {
                      "type": "OpenApiConnection",
                      "inputs": {
                        "parameters": {
                          "dataset": "@variables('SiteName')",
                          "parameters/method": "POST",
                          "parameters/uri": "_api/web/lists/getbytitle('HR365OBEmployeeOnboard')/items(@{triggerOutputs()?['body/ID']})",
                          "parameters/headers": {
                            "accept": "application/json;odata=verbose",
                            "content-type": "application/json;odata=verbose",
                            "IF-MATCH": "*",
                            "X-HTTP-Method": "PATCH"
                          },
                          "parameters/body": "{\n '__metadata': { 'type': 'SP.Data.HR365OBEmployeeOnboardListItem' },\n       'SendAttachmentFlow':'No'\n      }  "
                        },
                        "host": {
                          "apiId": "/providers/Microsoft.PowerApps/apis/shared_sharepointonline",
                          "operationId": "HttpRequest",
                          "connectionName": "shared_sharepointonline"
                        }
                      },
                      "runAfter": {
                        "Send_an_email_(V2)": [
                          "Succeeded"
                        ]
                      },
                      "metadata": {
                        "operationMetadataId": "10fac31d-797b-4ac6-9339-a3c3fbd68101"
                      }
                    }
                  },
                  "else": {
                    "actions": {}
                  },
                  "runAfter": {
                    "Set_Attachment_Owner_Email": [
                      "Succeeded"
                    ]
                  },
                  "metadata": {
                    "operationMetadataId": "609fa2f5-494f-4d13-9ae4-ea0948570b67"
                  }
                }
              },
              "else": {
                "actions": {}
              },
              "metadata": {
                "operationMetadataId": "66a6e0ae-b763-4e85-b380-24deb4f9caf1"
              }
            }
          },
          "else": {
            "actions": {
              "Terminate": {
                "type": "Terminate",
                "inputs": {
                  "runStatus": "Succeeded"
                },
                "metadata": {
                  "operationMetadataId": "70a70281-ffa9-4e02-9ca3-4d72dd6e9060"
                }
              }
            }
          },
          "runAfter": {
            "No-Reply": [
              "Succeeded"
            ]
          },
          "metadata": {
            "operationMetadataId": "86308d23-f3eb-4d95-b42c-6446008be74c"
          }
        }
      }
    },
    "templateName": null
  },
  "schemaVersion": "1.0.0.0"
}