{
  "properties": {
    "connectionReferences": {
      "shared_office365_2": {
        "api": {
          "name": "shared_office365"
        },
        "connection": {
          "connectionReferenceLogicalName": "new_sharedoffice365_54576"
        },
        "runtimeSource": "embedded"
      },
      "shared_sharepointonline_1": {
        "api": {
          "name": "shared_sharepointonline"
        },
        "connection": {
          "connectionReferenceLogicalName": "new_sharedsharepointonline_b468d"
        },
        "runtimeSource": "embedded"
      }
    },
    "definition": {
      "$schema": "https://schema.management.azure.com/providers/Microsoft.Logic/schemas/2016-06-01/workflowdefinition.json#",
      "contentVersion": "1.0.0.0",
      "parameters": {
        "$authentication": {
          "defaultValue": {},
          "type": "SecureObject"
        },
        "$connections": {
          "defaultValue": {},
          "type": "Object"
        },
        "SharedMailBoxEmail (HRMS365) (hrms365_SharedMailBoxEmailHRMS365)": {
          "defaultValue": "supporthrms@zw4fg.onmicrosoft.com",
          "type": "String",
          "metadata": {
            "schemaName": "hrms365_SharedMailBoxEmailHRMS365",
            "description": "HRMS New Variable for SharedMailBoxEmail(hr365_SharedMailBoxEmail)"
          }
        },
        "SiteAddress (HRMS365) (hrms365_SiteAddressHRMS365)": {
          "defaultValue": "https://zw4fg.sharepoint.com/sites/HRMS0109",
          "type": "String",
          "metadata": {
            "schemaName": "hrms365_SiteAddressHRMS365",
            "description": "HRMS New Variable for SiteAddress(TMM)(hr365_SiteAddressTMM)"
          }
        }
      },
      "triggers": {
        "When_a_new_email_arrives_in_a_shared_mailbox_(V2)": {
          "type": "OpenApiConnection",
          "inputs": {
            "parameters": {
              "mailboxAddress": "@{parameters('SharedMailBoxEmail (HRMS365) (hrms365_SharedMailBoxEmailHRMS365)')};",
              "importance": "Any",
              "hasAttachments": false,
              "includeAttachments": false,
              "folderId": "Ticket"
            },
            "host": {
              "apiId": "/providers/Microsoft.PowerApps/apis/shared_office365",
              "operationId": "SharedMailboxOnNewEmailV2",
              "connectionName": "shared_office365_2"
            }
          },
          "recurrence": {
            "interval": 1,
            "frequency": "Minute"
          },
          "splitOn": "@triggerOutputs()?['body/value']",
          "metadata": {
            "operationMetadataId": "9d14a40f-3a03-4acb-9a96-1ad302bd6030",
            "Id::AAMkAGM2NmFmMTUwLWM2ZWMtNGQ2MC04ZjliLTc5MzkyY2MxOTAwMQAuAAAAAAAe8XbePeKmQ7RQNm9axJvQAQCxLWgRwk53T6RsAp_x0SQmAAAAAAFYAAA=": "Tickets",
            "Id::AQMkAGE2N2ZjZTI3LTRhODEtNGMyNi1iODIxLTc0MDYyMTAwAGUyMGQALgAAA5Hf6eV7HtdBp91BNhvDZs8BADrh0AwErJRFjcmod-Es754AAAIBDAAAAA==": "Inbox"
          }
        }
      },
      "actions": {
        "Candidate_Mail_Id": {
          "type": "InitializeVariable",
          "inputs": {
            "variables": [
              {
                "name": "CandidateMailId",
                "type": "string",
                "value": "@triggerOutputs()?['body/from']"
              }
            ]
          },
          "runAfter": {
            "Application_URL": [
              "Succeeded"
            ]
          },
          "metadata": {
            "operationMetadataId": "2219e03c-8a5b-4711-ab63-a0df6c597fa4"
          }
        },
        "Application_URL": {
          "type": "InitializeVariable",
          "inputs": {
            "variables": [
              {
                "name": "Application URL",
                "type": "string",
                "value": "@parameters('SiteAddress (HRMS365) (hrms365_SiteAddressHRMS365)')"
              }
            ]
          },
          "runAfter": {
            "Support_Mail_ID": [
              "Succeeded"
            ]
          },
          "metadata": {
            "operationMetadataId": "b32bbc5f-bc5a-47be-9505-9960178d6aab"
          }
        },
        "Send_an_HTTP_request_to_SharePoint": {
          "type": "OpenApiConnection",
          "inputs": {
            "parameters": {
              "dataset": "@variables('Application URL')",
              "parameters/method": "GET",
              "parameters/uri": "_api/web/lists/getbytitle('HR365OBPreboarding')/items?$select=CandidateMail,ID&$filter=CandidateMail eq'@{variables('CandidateMailId')}'",
              "parameters/headers": {
                "accept": "application/json;odata=verbose",
                "content-type": "application/json;odata=verbose"
              }
            },
            "host": {
              "apiId": "/providers/Microsoft.PowerApps/apis/shared_sharepointonline",
              "operationId": "HttpRequest",
              "connectionName": "shared_sharepointonline_1"
            }
          },
          "runAfter": {
            "Candidate_Mail_Id": [
              "Succeeded"
            ]
          },
          "metadata": {
            "operationMetadataId": "3b0a66e1-0e2d-44e1-85ec-32aad9ad31bb"
          }
        },
        "Compose": {
          "type": "Compose",
          "inputs": "@outputs('Send_an_HTTP_request_to_SharePoint')?['body']?['d']?['results'][0]['ID']",
          "runAfter": {
            "Send_an_HTTP_request_to_SharePoint": [
              "Succeeded"
            ]
          },
          "metadata": {
            "operationMetadataId": "d5e52a3c-6279-4539-acb5-9fea5817fdf9"
          }
        },
        "Apply_to_each": {
          "type": "Foreach",
          "foreach": "@triggerOutputs()?['body/attachments']",
          "actions": {
            "Add_attachment": {
              "type": "OpenApiConnection",
              "inputs": {
                "parameters": {
                  "dataset": "@variables('Application URL')",
                  "table": "HR365OBPreboarding",
                  "itemId": "@outputs('Compose')",
                  "displayName": "@items('Apply_to_each')?['name']",
                  "body": "@items('Apply_to_each')?['contentBytes']"
                },
                "host": {
                  "apiId": "/providers/Microsoft.PowerApps/apis/shared_sharepointonline",
                  "operationId": "CreateAttachment",
                  "connectionName": "shared_sharepointonline_1"
                }
              },
              "metadata": {
                "operationMetadataId": "d4c121c7-c22d-4267-b243-7184cebd1aa5"
              }
            }
          },
          "runAfter": {
            "Compose": [
              "Succeeded"
            ]
          },
          "metadata": {
            "operationMetadataId": "19b1f14b-b5ad-4175-a6cd-9327b0ac46f5"
          }
        },
        "Support_Mail_ID": {
          "type": "InitializeVariable",
          "inputs": {
            "variables": [
              {
                "name": "SupportMailID",
                "type": "string",
                "value": "@triggerOutputs()?['body/toRecipients']"
              }
            ]
          },
          "runAfter": {},
          "metadata": {
            "operationMetadataId": "39ae555e-8cb0-43bd-8f42-d0dfcd8d1b47"
          }
        },
        "Send_an_HTTP_request_to_SharePoint_2": {
          "type": "OpenApiConnection",
          "inputs": {
            "parameters": {
              "dataset": "@variables('Application URL')",
              "parameters/method": "POST",
              "parameters/uri": "/_api/web/lists/getbytitle('HR365OBSettings')/items('1')",
              "parameters/headers": {
                "accept": "application/json;odata=verbose",
                "content-type": "application/json;odata=verbose",
                "IF-MATCH": "*",
                "X-HTTP-Method": "PATCH"
              },
              "parameters/body": "{\n '__metadata': { 'type': 'SP.Data.@{variables('SettingsList')}ListItem' },\n       'MailBoxIntegration':'@{variables('SupportMailID')}'\n      }  "
            },
            "host": {
              "apiId": "/providers/Microsoft.PowerApps/apis/shared_sharepointonline",
              "operationId": "HttpRequest",
              "connectionName": "shared_sharepointonline_1"
            }
          },
          "runAfter": {
            "Settings_List_Name": [
              "Succeeded"
            ]
          },
          "metadata": {
            "operationMetadataId": "f80ab882-67ab-46f2-8ba9-7d3a18b4647e"
          }
        },
        "Settings_List_Name": {
          "type": "InitializeVariable",
          "inputs": {
            "variables": [
              {
                "name": "SettingsList",
                "type": "string",
                "value": "HR365OBSettings"
              }
            ]
          },
          "runAfter": {
            "Apply_to_each": [
              "Succeeded"
            ]
          },
          "metadata": {
            "operationMetadataId": "c44d65c0-269a-4409-9d89-ca2530bb3d80"
          }
        }
      }
    },
    "templateName": null
  },
  "schemaVersion": "1.0.0.0"
}