{
  "properties": {
    "connectionReferences": {
      "shared_sharepointonline": {
        "api": {
          "name": "shared_sharepointonline"
        },
        "connection": {
          "connectionReferenceLogicalName": "new_sharedsharepointonline_e9209"
        },
        "runtimeSource": "embedded"
      },
      "shared_sharepointonline_1": {
        "api": {
          "name": "shared_sharepointonline"
        },
        "connection": {
          "connectionReferenceLogicalName": "new_sharedsharepointonline_e9209"
        },
        "runtimeSource": "embedded"
      },
      "shared_office365": {
        "api": {
          "name": "shared_office365"
        },
        "connection": {
          "connectionReferenceLogicalName": "hr365_sharedoffice365_088b3"
        },
        "runtimeSource": "embedded"
      }
    },
    "definition": {
      "$schema": "https://schema.management.azure.com/providers/Microsoft.Logic/schemas/2016-06-01/workflowdefinition.json#",
      "contentVersion": "1.0.0.0",
      "parameters": {
        "$authentication": {
          "defaultValue": {},
          "type": "SecureObject"
        },
        "$connections": {
          "defaultValue": {},
          "type": "Object"
        },
        "PageId (HRMS365) (hrms365_PageIdHRMS365)": {
          "defaultValue": "3",
          "type": "String",
          "metadata": {
            "schemaName": "hrms365_PageIdHRMS365",
            "description": "HRMS New Variable for PageId(hr365wp_PageId)"
          }
        },
        "SettingListName (HRMS365) (hrms365_SettingListNameHRMS365)": {
          "defaultValue": "HRMS365AdvanceSettings",
          "type": "String",
          "metadata": {
            "schemaName": "hrms365_SettingListNameHRMS365",
            "description": "HRMS New Variable for SettingListName(hr365_SettingListName)"
          }
        },
        "SiteAddress (HRMS365) (hrms365_SiteAddressHRMS365)": {
          "defaultValue": "https://zw4fg.sharepoint.com/sites/HRMS001",
          "type": "String",
          "metadata": {
            "schemaName": "hrms365_SiteAddressHRMS365",
            "description": "HRMS New Variable for SiteAddress(TMM)(hr365_SiteAddressTMM)"
          }
        }
      },
      "triggers": {
        "Recurrence": {
          "type": "Recurrence",
          "recurrence": {
            "frequency": "Day",
            "interval": 1,
            "timeZone": "India Standard Time",
            "startTime": "2024-03-06T04:30:00Z"
          },
          "metadata": {
            "operationMetadataId": "6b96a3ba-02fe-465f-8860-22dc1b99868f"
          }
        }
      },
      "actions": {
        "All_users": {
          "type": "InitializeVariable",
          "inputs": {
            "variables": [
              {
                "name": "AllUsers",
                "type": "string"
              }
            ]
          },
          "runAfter": {
            "BirthdayImageUrl": [
              "Succeeded"
            ]
          },
          "metadata": {
            "operationMetadataId": "1367b9fc-cf76-4771-8b04-4eaaa35d2e72"
          }
        },
        "Single_User_Data": {
          "type": "InitializeVariable",
          "inputs": {
            "variables": [
              {
                "name": "SingleUserData",
                "type": "array"
              }
            ]
          },
          "runAfter": {
            "All_users": [
              "Succeeded"
            ]
          },
          "metadata": {
            "operationMetadataId": "e9647299-46b1-461e-bb59-be8ef63a3112"
          }
        },
        "Apply_to_each": {
          "type": "Foreach",
          "foreach": "@outputs('Get_items')?['body/value']",
          "actions": {
            "Set_All_Users": {
              "type": "SetVariable",
              "inputs": {
                "name": "AllUsers",
                "value": "@{outputs('Get_items')?['body']?['value'][0]?['Userlist']}"
              },
              "metadata": {
                "operationMetadataId": "f8b96f34-7cc9-46cc-9519-9fae4e0545ad"
              }
            },
            "Parse_AllUsers": {
              "type": "ParseJson",
              "inputs": {
                "content": "@variables('AllUsers')",
                "schema": {
                  "type": "array",
                  "items": {
                    "type": "object",
                    "properties": {
                      "Id": {
                        "type": "string"
                      },
                      "Email": {
                        "type": "string"
                      },
                      "name": {
                        "type": "string"
                      },
                      "ofcloc": {
                        "type": "string"
                      },
                      "dept": {
                        "type": "string"
                      },
                      "jtitle": {
                        "type": "string"
                      },
                      "EmploymentType": {
                        "type": "string"
                      },
                      "DOB": {
                        "type": "string"
                      },
                      "DOJ": {
                        "type": "string"
                      },
                      "Gender": {
                        "type": "string"
                      },
                      "img": {
                        "type": "string"
                      }
                    }
                  }
                }
              },
              "runAfter": {
                "Set_All_Users": [
                  "Succeeded"
                ]
              },
              "metadata": {
                "operationMetadataId": "c48bf7c9-00df-4745-942f-1086b8f92b1c"
              }
            },
            "Apply_to_each_2": {
              "type": "Foreach",
              "foreach": "@body('Parse_AllUsers')",
              "actions": {
                "Append_to_array_variable": {
                  "type": "AppendToArrayVariable",
                  "inputs": {
                    "name": "SingleUserData",
                    "value": "@items('Apply_to_each_2')?['Email']"
                  },
                  "metadata": {
                    "operationMetadataId": "317c5738-b42d-4fea-abfa-eb825d1c61d0"
                  }
                },
                "Condition_to_check_Hire_Date": {
                  "type": "If",
                  "expression": {
                    "and": [
                      {
                        "not": {
                          "equals": [
                            "@items('Apply_to_each_2')?['DOJ']",
                            ""
                          ]
                        }
                      },
                      {
                        "equals": [
                          "@formatDateTime(items('Apply_to_each_2')?['DOJ'], 'MM-dd')",
                          "@formatDateTime(utcNow(), 'MM-dd')"
                        ]
                      }
                    ]
                  },
                  "actions": {
                    "Get_items_from_list_SP": {
                      "type": "OpenApiConnection",
                      "inputs": {
                        "parameters": {
                          "dataset": "@variables('Site URL')",
                          "table": "@parameters('SettingListName (HRMS365) (hrms365_SettingListNameHRMS365)')"
                        },
                        "host": {
                          "apiId": "/providers/Microsoft.PowerApps/apis/shared_sharepointonline",
                          "operationId": "GetItems",
                          "connectionName": "shared_sharepointonline"
                        }
                      },
                      "runAfter": {
                        "Set_Anniversary_Body": [
                          "Succeeded"
                        ]
                      },
                      "metadata": {
                        "operationMetadataId": "6c7acbba-bda6-451b-a770-98e3ebcbfb40"
                      }
                    },
                    "Replace_Display_Name_Placeholder": {
                      "type": "Compose",
                      "inputs": "@replace(variables('Anniversary'),'[DisplayName]',if(empty(items('Apply_to_each_2')?['name']),'',string(items('Apply_to_each_2')?['name'])))",
                      "runAfter": {
                        "Apply_to_each_4": [
                          "Succeeded"
                        ]
                      },
                      "metadata": {
                        "operationMetadataId": "98bd53e4-9bc5-4c13-ad64-5e13b67199f2"
                      }
                    },
                    "Replace_DOJ_Placeholder": {
                      "type": "Compose",
                      "inputs": "@replace(outputs('Replace_Display_Name_Placeholder'),'[DOJ]',if(empty(items('Apply_to_each_2')?['DOJ']),'',string(formatDateTime(items('Apply_to_each_2')?['DOJ'], 'MM/dd/yy'))))",
                      "runAfter": {
                        "Replace_Display_Name_Placeholder": [
                          "Succeeded"
                        ]
                      },
                      "metadata": {
                        "operationMetadataId": "0f0f1c8b-8449-4b28-9382-17922939c535"
                      }
                    },
                    "Replace_DOB_Placeholder": {
                      "type": "Compose",
                      "inputs": "@replace(outputs('Replace_DOJ_Placeholder'),'[DOB]',if(empty(items('Apply_to_each_2')?['DOB']),'',string(formatDateTime(items('Apply_to_each_2')?['DOB'], 'MMM dd'))))",
                      "runAfter": {
                        "Replace_DOJ_Placeholder": [
                          "Succeeded"
                        ]
                      },
                      "metadata": {
                        "operationMetadataId": "2d4bc98e-b3dd-4301-9db9-e95c176137c4"
                      }
                    },
                    "Replace_JobTitle_Placeholder": {
                      "type": "Compose",
                      "inputs": "@replace(outputs('Replace_DOB_Placeholder'),'[JobTitle]',if(empty(items('Apply_to_each_2')?['jtitle']),'',string(items('Apply_to_each_2')?['jtitle'])))",
                      "runAfter": {
                        "Replace_DOB_Placeholder": [
                          "Succeeded"
                        ]
                      },
                      "metadata": {
                        "operationMetadataId": "bfdb650a-9318-4106-8d05-b940ff0a470c"
                      }
                    },
                    "Replace_Last_Name_Placeholder": {
                      "type": "Compose",
                      "inputs": "@replace(outputs('Replace_JobTitle_Placeholder'),'[LastName]',if(empty(items('Apply_to_each_2')?['name']),'',string(items('Apply_to_each_2')?['name'])))",
                      "runAfter": {
                        "Replace_JobTitle_Placeholder": [
                          "Succeeded"
                        ]
                      },
                      "metadata": {
                        "operationMetadataId": "f13297eb-0a0d-4ec6-9349-1dd7e45baf39"
                      }
                    },
                    "Replace_First_Name_Placeholder": {
                      "type": "Compose",
                      "inputs": "@replace(outputs('Replace_Last_Name_Placeholder'),'[FirstName]',if(empty(items('Apply_to_each_2')?['name']),'',string(items('Apply_to_each_2')?['name'])))",
                      "runAfter": {
                        "Replace_Last_Name_Placeholder": [
                          "Succeeded"
                        ]
                      },
                      "metadata": {
                        "operationMetadataId": "9b31e172-6acd-4b55-8ab6-852a1cc821dc"
                      }
                    },
                    "Replace_Department_placeholder_for_Anniversary": {
                      "type": "Compose",
                      "inputs": "@replace(outputs('Replace_First_Name_Placeholder'), '[Department]', if(empty(items('Apply_to_each_2')?['dept']), '', string(items('Apply_to_each_2')?['dept'])))",
                      "runAfter": {
                        "Replace_First_Name_Placeholder": [
                          "Succeeded"
                        ]
                      },
                      "metadata": {
                        "operationMetadataId": "b623d3e7-3623-415d-86ab-a2f874bf7e83"
                      }
                    },
                    "Center_Image_for_Anniversary": {
                      "type": "Compose",
                      "inputs": "@replace(outputs('Replace_Department_placeholder_for_Anniversary'), 'class=\"ql-align-center\"', 'style=\"text-align:center\"')",
                      "runAfter": {
                        "Replace_Department_placeholder_for_Anniversary": [
                          "Succeeded"
                        ]
                      },
                      "metadata": {
                        "operationMetadataId": "32fae2cb-8da4-4b8a-b59e-b8560ff828ef"
                      }
                    },
                    "Send_Anniversary_Email": {
                      "type": "OpenApiConnection",
                      "inputs": {
                        "parameters": {
                          "dataset": "@variables('Site URL')",
                          "parameters/method": "POST",
                          "parameters/uri": "_api/SP.Utilities.Utility.SendEmail",
                          "parameters/headers": {
                            "accept": "application/json;odata=verbose",
                            "content-type": "application/json;odata=verbose"
                          },
                          "parameters/body": "{\n'properties': {\n'From': 'no-reply@sharepointonline.com',\n'To': { 'results': [\"@{items('Apply_to_each_2')?['Email']}\"] },\n'Body': '@{variables('AnniversaryImageUrl')}@{outputs('Center_Image_for_Anniversary')}',\n'Subject': 'Anniversary Wishes'\n}\n}"
                        },
                        "host": {
                          "apiId": "/providers/Microsoft.PowerApps/apis/shared_sharepointonline",
                          "operationId": "HttpRequest",
                          "connectionName": "shared_sharepointonline"
                        }
                      },
                      "runAfter": {
                        "Center_Image_for_Anniversary": [
                          "Succeeded"
                        ]
                      },
                      "metadata": {
                        "operationMetadataId": "475fc548-540e-43f3-a1c7-d625b43f62f3"
                      }
                    },
                    "Get_file_content_using_path_2": {
                      "type": "OpenApiConnection",
                      "inputs": {
                        "parameters": {
                          "dataset": "@variables('Site URL')",
                          "path": "/NotificationLibrary/Anniversary.jpg",
                          "inferContentType": true
                        },
                        "host": {
                          "apiId": "/providers/Microsoft.PowerApps/apis/shared_sharepointonline",
                          "operationId": "GetFileContentByPath",
                          "connectionName": "shared_sharepointonline_1"
                        }
                      },
                      "metadata": {
                        "operationMetadataId": "ad5f2c07-9856-47e0-bd7f-d58509199e9c"
                      }
                    },
                    "Set_Anniversary_Body": {
                      "type": "SetVariable",
                      "inputs": {
                        "name": "AnniversaryImageUrl",
                        "value": "<div style=\"width:100%;text-align:center\"><img style=\"height:100px\" src=\"data:image/jpeg;base64,@{body('Get_file_content_using_path_2')['$content']}\" alt=\"My Image\"/></div>"
                      },
                      "runAfter": {
                        "Get_file_content_using_path_2": [
                          "Succeeded"
                        ]
                      },
                      "metadata": {
                        "operationMetadataId": "7f3e770a-7d69-4208-b8d4-23defdd3777e"
                      }
                    },
                    "Filter_array_2": {
                      "type": "Query",
                      "inputs": {
                        "from": "@json(outputs('Get_items_from_list_SP')?['body/value']?[0]?['EDMSettings'])",
                        "where": "@equals(item()?['PageId'],parameters('PageId (HRMS365) (hrms365_PageIdHRMS365)'))"
                      },
                      "runAfter": {
                        "Get_items_from_list_SP": [
                          "Succeeded"
                        ]
                      },
                      "metadata": {
                        "operationMetadataId": "6eec201e-a89f-4b35-a97a-4678cf90a974"
                      }
                    },
                    "Apply_to_each_4": {
                      "type": "Foreach",
                      "foreach": "@body('Filter_array')",
                      "actions": {
                        "Get_Anniversary_Template_from_List": {
                          "type": "SetVariable",
                          "inputs": {
                            "name": "Anniversary",
                            "value": "@{items('Apply_to_each_4')?['AnniversaryBody']}"
                          },
                          "metadata": {
                            "operationMetadataId": "2d618185-31dc-4ec2-a17d-9feaf63d5447"
                          }
                        }
                      },
                      "runAfter": {
                        "Filter_array_2": [
                          "Succeeded"
                        ]
                      },
                      "metadata": {
                        "operationMetadataId": "965a86fc-6582-43ab-9b47-347155ca6098"
                      }
                    }
                  },
                  "else": {
                    "actions": {}
                  },
                  "runAfter": {
                    "Scope_2": [
                      "Succeeded"
                    ]
                  },
                  "metadata": {
                    "operationMetadataId": "fbe25dd1-20c1-4e13-a450-76f9b4d04e9f"
                  }
                },
                "Scope": {
                  "type": "Scope",
                  "actions": {
                    "Condition_to_check_Birth_Date": {
                      "type": "If",
                      "expression": {
                        "and": [
                          {
                            "not": {
                              "equals": [
                                "@items('Apply_to_each_2')?['DOB']",
                                ""
                              ]
                            }
                          },
                          {
                            "equals": [
                              "@formatDateTime(items('Apply_to_each_2')?['DOB'], 'MM-dd')",
                              "@formatDateTime(utcNow(), 'MM-dd')"
                            ]
                          }
                        ]
                      },
                      "actions": {
                        "Get_items_from_list": {
                          "type": "OpenApiConnection",
                          "inputs": {
                            "parameters": {
                              "dataset": "@variables('Site URL')",
                              "table": "@parameters('SettingListName (HRMS365) (hrms365_SettingListNameHRMS365)')"
                            },
                            "host": {
                              "apiId": "/providers/Microsoft.PowerApps/apis/shared_sharepointonline",
                              "operationId": "GetItems",
                              "connectionName": "shared_sharepointonline"
                            }
                          },
                          "runAfter": {
                            "Set_Birthday_Image_Url": [
                              "Succeeded"
                            ]
                          },
                          "metadata": {
                            "operationMetadataId": "6c7acbba-bda6-451b-a770-98e3ebcbfb40"
                          }
                        },
                        "Replace_DisplayName_Placeholder": {
                          "type": "Compose",
                          "inputs": "@replace(variables('Birthday'),'[DisplayName]',if(empty(items('Apply_to_each_2')?['name']),'',string(items('Apply_to_each_2')?['name'])))",
                          "runAfter": {
                            "Apply_to_each_3": [
                              "Succeeded"
                            ]
                          },
                          "metadata": {
                            "operationMetadataId": "0a54b91b-8bb5-41cc-ab6b-2dd96d71431d"
                          }
                        },
                        "Replace_Hire_Date_Placeholder": {
                          "type": "Compose",
                          "inputs": "@replace(outputs('Replace_DisplayName_Placeholder'),'[DOJ]',if(empty(items('Apply_to_each_2')?['DOJ']),'',string(formatDateTime(items('Apply_to_each_2')?['DOJ'], 'MM/dd/yy'))))",
                          "runAfter": {
                            "Replace_DisplayName_Placeholder": [
                              "Succeeded"
                            ]
                          },
                          "metadata": {
                            "operationMetadataId": "dd7f6b35-900a-4a45-9f53-77be4c7b71e0"
                          }
                        },
                        "Replace_Birthday_Placeholder": {
                          "type": "Compose",
                          "inputs": "@replace(outputs('Replace_Hire_Date_Placeholder'),'[DOB]',if(empty(items('Apply_to_each_2')?['DOB']),'',string(formatDateTime(items('Apply_to_each_2')?['DOB'], 'MMM dd'))))",
                          "runAfter": {
                            "Replace_Hire_Date_Placeholder": [
                              "Succeeded"
                            ]
                          },
                          "metadata": {
                            "operationMetadataId": "ec227c06-3e7c-485a-900d-8a0ab0db267e"
                          }
                        },
                        "Replace_Title_Placeholder": {
                          "type": "Compose",
                          "inputs": "@replace(outputs('Replace_Birthday_Placeholder'),'[JobTitle]',if(empty(items('Apply_to_each_2')?['jtitle']),'',string(items('Apply_to_each_2')?['jtitle'])))",
                          "runAfter": {
                            "Replace_Birthday_Placeholder": [
                              "Succeeded"
                            ]
                          },
                          "metadata": {
                            "operationMetadataId": "b3a2c6f2-d45d-4049-b494-b2727ed8bcbe"
                          }
                        },
                        "Replace_LastName_Placeholder": {
                          "type": "Compose",
                          "inputs": "@replace(outputs('Replace_Title_Placeholder'),'[LastName]',if(empty(items('Apply_to_each_2')?['name']),'',string(items('Apply_to_each_2')?['name'])))",
                          "runAfter": {
                            "Replace_Title_Placeholder": [
                              "Succeeded"
                            ]
                          },
                          "metadata": {
                            "operationMetadataId": "40ac2d64-6d9a-42a8-a12e-9538b7e63d1e"
                          }
                        },
                        "Replace_FirstName_Placeholder": {
                          "type": "Compose",
                          "inputs": "@replace(outputs('Replace_LastName_Placeholder'),'[FirstName]',if(empty(items('Apply_to_each_2')?['name']),'',string(items('Apply_to_each_2')?['name'])))",
                          "runAfter": {
                            "Replace_LastName_Placeholder": [
                              "Succeeded"
                            ]
                          },
                          "metadata": {
                            "operationMetadataId": "1fc31ff2-8312-4965-a823-a084846b50e5"
                          }
                        },
                        "Replace_Department_Placeholder": {
                          "type": "Compose",
                          "inputs": "@replace(outputs('Replace_FirstName_Placeholder'), '[Department]', if(empty(items('Apply_to_each_2')?['dept']), '', string(items('Apply_to_each_2')?['dept'])))",
                          "runAfter": {
                            "Replace_FirstName_Placeholder": [
                              "Succeeded"
                            ]
                          },
                          "metadata": {
                            "operationMetadataId": "2c89dba0-caf5-45e9-98bc-23fe79d2f44b"
                          }
                        },
                        "Center_align_Image": {
                          "type": "Compose",
                          "inputs": "@replace(outputs('Replace_Department_Placeholder'),'class=\"ql-align-center\"','style=\"text-align:center\"')",
                          "runAfter": {
                            "Replace_Department_Placeholder": [
                              "Succeeded"
                            ]
                          },
                          "metadata": {
                            "operationMetadataId": "4cccf320-39c4-4c85-80c5-baaf4735da3f"
                          }
                        },
                        "Send_Birthday_Email": {
                          "type": "OpenApiConnection",
                          "inputs": {
                            "parameters": {
                              "dataset": "@variables('Site URL')",
                              "parameters/method": "POST",
                              "parameters/uri": "_api/SP.Utilities.Utility.SendEmail",
                              "parameters/headers": {
                                "accept": "application/json;odata=verbose",
                                "content-type": "application/json;odata=verbose"
                              },
                              "parameters/body": "{\n'properties': {\n'From': 'no-reply@sharepointonline.com',\n'To': { 'results': [\"@{items('Apply_to_each_2')?['Email']}\"] },\n'Body': '@{variables('BirthdayImageUrl')}@{outputs('Center_align_Image')}',\n'Subject': 'Birthday Wishes'\n}\n}"
                            },
                            "host": {
                              "apiId": "/providers/Microsoft.PowerApps/apis/shared_sharepointonline",
                              "operationId": "HttpRequest",
                              "connectionName": "shared_sharepointonline"
                            }
                          },
                          "runAfter": {
                            "Center_align_Image": [
                              "Succeeded"
                            ]
                          },
                          "metadata": {
                            "operationMetadataId": "79d0112a-9053-44e0-b5f4-efed1eabe238"
                          }
                        },
                        "Get_file_content_using_path": {
                          "type": "OpenApiConnection",
                          "inputs": {
                            "parameters": {
                              "dataset": "@variables('Site URL')",
                              "path": "/NotificationLibrary/Birthday.jpg",
                              "inferContentType": true
                            },
                            "host": {
                              "apiId": "/providers/Microsoft.PowerApps/apis/shared_sharepointonline",
                              "operationId": "GetFileContentByPath",
                              "connectionName": "shared_sharepointonline_1"
                            }
                          },
                          "metadata": {
                            "operationMetadataId": "6c8ca28e-379e-49d8-93cf-6fc504e80025"
                          }
                        },
                        "Set_Birthday_Image_Url": {
                          "type": "SetVariable",
                          "inputs": {
                            "name": "BirthdayImageUrl",
                            "value": "<div style=\"width:100%;text-align:center\"><img style=\"height:100px\" src=\"data:image/jpeg;base64,@{body('Get_file_content_using_path')['$content']}\" alt=\"My Image\"/></div>"
                          },
                          "runAfter": {
                            "Get_file_content_using_path": [
                              "Succeeded"
                            ]
                          },
                          "metadata": {
                            "operationMetadataId": "7f3e770a-7d69-4208-b8d4-23defdd3777e"
                          }
                        },
                        "Filter_array": {
                          "type": "Query",
                          "inputs": {
                            "from": "@json(outputs('Get_items_from_list')?['body/value']?[0]?['EDMSettings'])",
                            "where": "@equals(item()?['PageId'],parameters('PageId (HRMS365) (hrms365_PageIdHRMS365)'))"
                          },
                          "runAfter": {
                            "Get_items_from_list": [
                              "Succeeded"
                            ]
                          },
                          "metadata": {
                            "operationMetadataId": "6eec201e-a89f-4b35-a97a-4678cf90a974"
                          }
                        },
                        "Apply_to_each_3": {
                          "type": "Foreach",
                          "foreach": "@body('Filter_array')",
                          "actions": {
                            "Get_Birthday_Template_from_List": {
                              "type": "SetVariable",
                              "inputs": {
                                "name": "Birthday",
                                "value": "@{items('Apply_to_each_3')?['BirthdayBody']}"
                              },
                              "metadata": {
                                "operationMetadataId": "2d618185-31dc-4ec2-a17d-9feaf63d5447"
                              }
                            }
                          },
                          "runAfter": {
                            "Filter_array": [
                              "Succeeded"
                            ]
                          },
                          "metadata": {
                            "operationMetadataId": "965a86fc-6582-43ab-9b47-347155ca6098"
                          }
                        }
                      },
                      "else": {
                        "actions": {}
                      },
                      "metadata": {
                        "operationMetadataId": "fbe25dd1-20c1-4e13-a450-76f9b4d04e9f"
                      }
                    }
                  },
                  "runAfter": {
                    "Append_to_array_variable": [
                      "Succeeded"
                    ]
                  },
                  "metadata": {
                    "operationMetadataId": "2837df9f-1cf4-4b44-b746-c108cadf5a0b"
                  }
                },
                "Scope_2": {
                  "type": "Scope",
                  "actions": {
                    "Send_an_email_(V2)": {
                      "type": "OpenApiConnection",
                      "inputs": {
                        "parameters": {
                          "emailMessage/To": "IsaiahL@megazap.onmicrosoft.com",
                          "emailMessage/Subject": "test",
                          "emailMessage/Body": "<p>test</p>",
                          "emailMessage/Importance": "Normal"
                        },
                        "host": {
                          "apiId": "/providers/Microsoft.PowerApps/apis/shared_office365",
                          "operationId": "SendEmailV2",
                          "connectionName": "shared_office365"
                        }
                      },
                      "metadata": {
                        "operationMetadataId": "3a16920b-8b86-4485-9edf-43017876b361"
                      }
                    }
                  },
                  "runAfter": {
                    "Scope": [
                      "Failed",
                      "Skipped"
                    ]
                  },
                  "metadata": {
                    "operationMetadataId": "d97d3567-15ef-4c86-a297-83e5b670116c"
                  }
                }
              },
              "runAfter": {
                "Parse_AllUsers": [
                  "Succeeded"
                ]
              },
              "metadata": {
                "operationMetadataId": "7d6bf872-99e2-4fab-aca3-7c00cc7cdfb5"
              }
            }
          },
          "runAfter": {
            "Get_items": [
              "Succeeded"
            ]
          },
          "metadata": {
            "operationMetadataId": "59b0c109-a0a0-4bd8-a5d2-946692972746"
          }
        },
        "Site_URL": {
          "type": "InitializeVariable",
          "inputs": {
            "variables": [
              {
                "name": "Site URL",
                "type": "string",
                "value": "@parameters('SiteAddress (HRMS365) (hrms365_SiteAddressHRMS365)')"
              }
            ]
          },
          "runAfter": {},
          "metadata": {
            "operationMetadataId": "cee0c5a7-6709-4c9c-895d-23d3c66f96c0"
          }
        },
        "Birthday_Body": {
          "type": "InitializeVariable",
          "inputs": {
            "variables": [
              {
                "name": "Birthday",
                "type": "string",
                "value": "\"\""
              }
            ]
          },
          "runAfter": {
            "Site_URL": [
              "Succeeded"
            ]
          },
          "metadata": {
            "operationMetadataId": "1143290f-1445-4931-9e0e-69220ca1d933"
          }
        },
        "Anniversary_Body": {
          "type": "InitializeVariable",
          "inputs": {
            "variables": [
              {
                "name": "Anniversary",
                "type": "string",
                "value": "\"\""
              }
            ]
          },
          "runAfter": {
            "Birthday_Body": [
              "Succeeded"
            ]
          },
          "metadata": {
            "operationMetadataId": "3a45fc92-efc7-420c-bc76-c45a8e104d11"
          }
        },
        "AnniversaryImageUrl": {
          "type": "InitializeVariable",
          "inputs": {
            "variables": [
              {
                "name": "AnniversaryImageUrl",
                "type": "string",
                "value": "\"\""
              }
            ]
          },
          "runAfter": {
            "Anniversary_Body": [
              "Succeeded"
            ]
          },
          "metadata": {
            "operationMetadataId": "f1a8e0af-a2f8-4bee-a862-50f502e2b52c"
          }
        },
        "BirthdayImageUrl": {
          "type": "InitializeVariable",
          "inputs": {
            "variables": [
              {
                "name": "BirthdayImageUrl",
                "type": "string",
                "value": "\"\""
              }
            ]
          },
          "runAfter": {
            "AnniversaryImageUrl": [
              "Succeeded"
            ]
          },
          "metadata": {
            "operationMetadataId": "6b3754a7-4f18-403e-99f4-7a194908a36b"
          }
        },
        "Get_items": {
          "type": "OpenApiConnection",
          "inputs": {
            "parameters": {
              "dataset": "@variables('Site URL')",
              "table": "HR365EDMOrganizationChart",
              "$filter": "PageId eq '@{parameters('PageId (HRMS365) (hrms365_PageIdHRMS365)')}'"
            },
            "host": {
              "apiId": "/providers/Microsoft.PowerApps/apis/shared_sharepointonline",
              "operationId": "GetItems",
              "connectionName": "shared_sharepointonline"
            }
          },
          "runAfter": {
            "Single_User_Data": [
              "Succeeded"
            ]
          },
          "metadata": {
            "operationMetadataId": "9f40544b-eddd-4f0a-9afb-d0c4083df38d"
          }
        }
      }
    },
    "templateName": null
  },
  "schemaVersion": "1.0.0.0"
}