{
  "properties": {
    "connectionReferences": {
      "shared_microsoftforms": {
        "api": {
          "name": "shared_microsoftforms"
        },
        "connection": {
          "connectionReferenceLogicalName": "new_sharedmicrosoftforms_86c5c"
        },
        "runtimeSource": "embedded"
      },
      "shared_sharepointonline": {
        "api": {
          "name": "shared_sharepointonline"
        },
        "connection": {
          "connectionReferenceLogicalName": "hr365_sharedsharepointonline_7c34e"
        },
        "runtimeSource": "embedded"
      },
      "shared_office365users_1": {
        "api": {
          "name": "shared_office365users"
        },
        "connection": {
          "connectionReferenceLogicalName": "hr365_sharedoffice365users_e703a"
        },
        "runtimeSource": "embedded"
      },
      "shared_sharepointonline_2": {
        "api": {
          "name": "shared_sharepointonline"
        },
        "connection": {
          "connectionReferenceLogicalName": "hr365_sharedsharepointonline_ccea1"
        },
        "runtimeSource": "embedded"
      },
      "shared_sharepointonline_1": {
        "api": {
          "name": "shared_sharepointonline"
        },
        "connection": {
          "connectionReferenceLogicalName": "hr365_sharedsharepointonline_d2a35"
        },
        "runtimeSource": "embedded"
      },
      "shared_office365": {
        "api": {
          "name": "shared_office365"
        },
        "connection": {
          "connectionReferenceLogicalName": "hr365_sharedoffice365_fb68d"
        },
        "runtimeSource": "embedded"
      }
    },
    "definition": {
      "$schema": "https://schema.management.azure.com/providers/Microsoft.Logic/schemas/2016-06-01/workflowdefinition.json#",
      "contentVersion": "1.0.0.0",
      "parameters": {
        "$authentication": {
          "defaultValue": {},
          "type": "SecureObject"
        },
        "$connections": {
          "defaultValue": {},
          "type": "Object"
        },
        "Assessment Name (HRMS365) (hrms365_AssessmentNameHRMS365)": {
          "defaultValue": "Software Developer Assessment-CL",
          "type": "String",
          "metadata": {
            "schemaName": "hrms365_AssessmentNameHRMS365",
            "description": "HRMS New Variable for Assessment Name(hr365_AssessmentName)"
          }
        },
        "ClientID (HRMS365) (hrms365_ClientIDHRMS365)": {
          "defaultValue": "79db8be4-ed03-487a-b7ce-b90c4300126a",
          "type": "String",
          "metadata": {
            "schemaName": "hrms365_ClientIDHRMS365",
            "description": "HRMS New variable for ClientId(hr365_ClientId)"
          }
        },
        "EO365AppCatalogue (HRMS365) (hrms365_EO365AppCatalogueHRMS365)": {
          "defaultValue": "EO365GuestUsers",
          "type": "String",
          "metadata": {
            "schemaName": "hrms365_EO365AppCatalogueHRMS365",
            "description": "HRMS New Variable for EO365AppCatalogue(hr365_EO365AppCatalogue)"
          }
        },
        "TenantId (HRMS365) (hrms365_TenantIdHRMS365)": {
          "defaultValue": "59b3286b-cc46-472b-8c6b-26deb925a399",
          "type": "String",
          "metadata": {
            "schemaName": "hrms365_TenantIdHRMS365",
            "description": "HRMS New Variable for TenantId(hr365_TenantId)"
          }
        },
        "UserListName (HRMS365) (hrms365_UserListNameHRMS365)": {
          "defaultValue": "HRMS365Users",
          "type": "String",
          "metadata": {
            "schemaName": "hrms365_UserListNameHRMS365",
            "description": "HRMS New Variable for UserListName(hr365_UserListName)"
          }
        },
        "SiteAddress (HRMS365) (hrms365_SiteAddressHRMS365)": {
          "defaultValue": "https://zw4fg.sharepoint.com/sites/HRMS0109",
          "type": "String",
          "metadata": {
            "schemaName": "hrms365_SiteAddressHRMS365",
            "description": "HRMS New Variable for SiteAddress(TMM)(hr365_SiteAddressTMM)"
          }
        },
        "ApplicationURL (hrms365_ApplicationURL)": {
          "defaultValue": "https://zw4fg.sharepoint.com/sites/HRMS0109/SitePages/HRMS0109.aspx",
          "type": "String",
          "metadata": {
            "schemaName": "hrms365_ApplicationURL"
          }
        }
      },
      "triggers": {
        "When_a_new_response_is_submitted": {
          "type": "OpenApiConnectionWebhook",
          "inputs": {
            "parameters": {
              "form_id": "ayizWUbMK0eMaybeuSWjmaYk_UmqzrZBpSghg9WfkY5UNTFZNTQ2MlNORjRGRlpFMllKWUpWMU9VWS4u"
            },
            "host": {
              "apiId": "/providers/Microsoft.PowerApps/apis/shared_microsoftforms",
              "operationId": "CreateFormWebhook",
              "connectionName": "shared_microsoftforms"
            }
          },
          "splitOn": "@triggerOutputs()?['body/value']",
          "metadata": {
            "operationMetadataId": "c5981b30-601d-4f97-ad2d-783409086d35"
          }
        }
      },
      "actions": {
        "Get_response_details": {
          "type": "OpenApiConnection",
          "inputs": {
            "parameters": {
              "form_id": "ayizWUbMK0eMaybeuSWjmaYk_UmqzrZBpSghg9WfkY5UNTFZNTQ2MlNORjRGRlpFMllKWUpWMU9VWS4u",
              "response_id": "@triggerOutputs()?['body/resourceData/responseId']"
            },
            "host": {
              "apiId": "/providers/Microsoft.PowerApps/apis/shared_microsoftforms",
              "operationId": "GetFormResponseById",
              "connectionName": "shared_microsoftforms"
            }
          },
          "runAfter": {},
          "metadata": {
            "operationMetadataId": "df1c47a3-e7d3-49b1-9b68-d87ed3ed8ad6"
          }
        },
        "Client_Secret": {
          "type": "InitializeVariable",
          "inputs": {
            "variables": [
              {
                "name": "ClientSecret",
                "type": "string",
                "value": "@parameters('ClientID (HRMS365) (hrms365_ClientIDHRMS365)')"
              }
            ]
          },
          "runAfter": {
            "Tenant_ID": [
              "Succeeded"
            ]
          },
          "metadata": {
            "operationMetadataId": "b7db4207-2ac1-404d-be71-a834d2232ca7"
          }
        },
        "Client_ID": {
          "type": "InitializeVariable",
          "inputs": {
            "variables": [
              {
                "name": "ClientId",
                "type": "string",
                "value": "@parameters('ClientID (HRMS365) (hrms365_ClientIDHRMS365)')"
              }
            ]
          },
          "runAfter": {
            "Get_response_details": [
              "Succeeded"
            ]
          },
          "metadata": {
            "operationMetadataId": "b7db4207-2ac1-404d-be71-a834d2232ca7"
          }
        },
        "Tenant_ID": {
          "type": "InitializeVariable",
          "inputs": {
            "variables": [
              {
                "name": "TenantID",
                "type": "string",
                "value": "@parameters('TenantId (HRMS365) (hrms365_TenantIdHRMS365)')"
              }
            ]
          },
          "runAfter": {
            "Client_ID": [
              "Succeeded"
            ]
          },
          "metadata": {
            "operationMetadataId": "b7db4207-2ac1-404d-be71-a834d2232ca7"
          }
        },
        "HTTP_-_Check_if_User_Exist_by_email": {
          "type": "Http",
          "inputs": {
            "uri": "https://graph.microsoft.com/v1.0/users?$top=999&$filter=mail eq '@{variables('MSEmail')}'&$select=id ",
            "method": "GET",
            "authentication": {
              "type": "ActiveDirectoryOAuth",
              "tenant": "@variables('TenantID')",
              "audience": "https://graph.microsoft.com/",
              "clientId": "@variables('ClientId')",
              "secret": "@variables('ClientSecret')"
            }
          },
          "runAfter": {
            "Assessment_GUID": [
              "Succeeded"
            ]
          },
          "metadata": {
            "operationMetadataId": "7bbad087-062d-457f-862f-7ed8d94980d3"
          }
        },
        "Parse_JSON": {
          "type": "ParseJson",
          "inputs": {
            "content": "@body('HTTP_-_Check_if_User_Exist_by_email')",
            "schema": {}
          },
          "runAfter": {
            "HTTP_-_Check_if_User_Exist_by_email": [
              "Succeeded"
            ]
          },
          "metadata": {
            "operationMetadataId": "2e6ec58e-d3d2-44c8-a5d5-b1040341dded"
          }
        },
        "Check_if_user_exist_or_not": {
          "type": "If",
          "description": "length(body('Parse_JSON')?['value'])",
          "expression": {
            "equals": [
              "@length(body('Parse_JSON')?['value'])",
              0
            ]
          },
          "actions": {
            "HTTP_-_Add_Guest_User": {
              "type": "Http",
              "inputs": {
                "uri": "https://graph.microsoft.com/v1.0/invitations",
                "method": "POST",
                "headers": {
                  "Content-type": "application/json"
                },
                "body": {
                  "invitedUserDisplayName": "@{concat(outputs('Get_response_details')?['body/r5348d74d36684ce5be5cc1191074791b'],' ',outputs('Get_response_details')?['body/r7834bf6541f54d3986afd04dc55c6475'])}",
                  "invitedUserEmailAddress": "@{variables('MSEmail')}",
                  "sendInvitationMessage": false,
                  "inviteRedirectUrl": "https://www.cubiclogics.com"
                },
                "authentication": {
                  "type": "ActiveDirectoryOAuth",
                  "tenant": "@variables('TenantID')",
                  "audience": "https://graph.microsoft.com",
                  "clientId": "@variables('ClientId')",
                  "secret": "@variables('ClientSecret')"
                }
              },
              "metadata": {
                "operationMetadataId": "67ed0bea-fa32-4af8-a273-a9c2314393cb"
              }
            },
            "Give_site_access_to_the_guest_user": {
              "type": "OpenApiConnection",
              "inputs": {
                "parameters": {
                  "dataset": "@variables('SiteAddress')",
                  "parameters/method": "POST",
                  "parameters/uri": "/_api/Web/SiteGroups/GetByName('@{variables('SiteName')} Members')/Users",
                  "parameters/headers": {
                    "accept": "application/json;odata=verbose",
                    "content-type": "application/json;odata=verbose"
                  },
                  "parameters/body": "{\n          \"__metadata\": {\"type\":\"SP.User\"},\n          \"LoginName\": \"@{concat('i:0#.f|membership|',outputs('Get_user_profile_of_guest_user')?['body/userPrincipalName'])}\"        }"
                },
                "host": {
                  "apiId": "/providers/Microsoft.PowerApps/apis/shared_sharepointonline",
                  "operationId": "HttpRequest",
                  "connectionName": "shared_sharepointonline"
                }
              },
              "runAfter": {
                "Condition": [
                  "Succeeded"
                ]
              },
              "metadata": {
                "operationMetadataId": "b4c317bb-e5d5-4fd4-a8d4-56554ed09093"
              }
            },
            "Get_user_profile_of_guest_user": {
              "type": "OpenApiConnection",
              "inputs": {
                "parameters": {
                  "id": "@outputs('Guest_user_ID')"
                },
                "host": {
                  "apiId": "/providers/Microsoft.PowerApps/apis/shared_office365users",
                  "operationId": "UserProfile_V2",
                  "connectionName": "shared_office365users_1"
                }
              },
              "runAfter": {
                "Guest_user_ID": [
                  "Succeeded"
                ]
              },
              "metadata": {
                "operationMetadataId": "44b07218-b3af-44f8-ab66-895e8e2194c7"
              }
            },
            "Guest_user_ID": {
              "type": "Compose",
              "inputs": "@body('HTTP_-_Add_Guest_User')['invitedUser']['id']",
              "runAfter": {
                "Delay": [
                  "Succeeded"
                ]
              },
              "metadata": {
                "operationMetadataId": "3c914a54-8bde-4709-b5c3-4f1ee11a7991"
              }
            },
            "Send_email_to_guest_user": {
              "type": "OpenApiConnection",
              "inputs": {
                "parameters": {
                  "dataset": "@variables('SiteAddress')",
                  "parameters/method": "POST",
                  "parameters/uri": "_api/SP.Utilities.Utility.SendEmail",
                  "parameters/headers": {
                    "Content-Type": "application/json;odata=nometadata",
                    "Accept": "application/json;odata=nometadata"
                  },
                  "parameters/body": "{\n\"properties\":{\n\"From\": \"no-reply@sharepointonline.com\",\n\"To\": [\"@{variables('MSEmail')}\"],\n\"Body\": \"@{variables('EmailBody')}\",\n\"Subject\": \"Inviting you to complete your technical assessment - @{parameters('Assessment Name (HRMS365) (hrms365_AssessmentNameHRMS365)')}\"\n}\n}"
                },
                "host": {
                  "apiId": "/providers/Microsoft.PowerApps/apis/shared_sharepointonline",
                  "operationId": "HttpRequest",
                  "connectionName": "shared_sharepointonline"
                }
              },
              "runAfter": {
                "Send_an_email_(V2)": [
                  "Failed"
                ]
              },
              "metadata": {
                "operationMetadataId": "c7dfaa4a-d97f-4c53-95c7-9309c440c492"
              }
            },
            "Set_Emailbody": {
              "type": "SetVariable",
              "inputs": {
                "name": "EmailBody",
                "value": "Hi @{variables('MSFullName')},\n<br>\n<br>\nWe hope this email finds you well.\n<br>\n<br>\nWe are excited to invite you to begin your assessment with Cubic Logics! Your journey starts now by completing the registration process please <a target='_blank' style='color:blue' href='@{parameters('ApplicationURL (hrms365_ApplicationURL)')}'>Click here</a> to start your registration process with your registered email id - \n<br>\n<br>\nIf you encounter any challenges or have queries about the assessment platform, please feel free to contact us at +91 8095010000 or +91 8095397934.\n<br>\nWe are committed to assisting you at every stage of the process.\n<br>\n<br>\nThank you for your participation and best of luck!\n<br>\n<br>\nWarm regards,\n<br>\nCubic Logics Pvt Ltd\n<br>\n<a style='color:blue' href='www.cubiclogics.com' target>www.cubiclogics.com</a>"
              },
              "runAfter": {
                "Apply_to_each": [
                  "Succeeded"
                ]
              },
              "metadata": {
                "operationMetadataId": "a3fea81f-3a8a-4cd3-b970-fbd58af817d4"
              }
            },
            "Get_user": {
              "type": "OpenApiConnection",
              "inputs": {
                "parameters": {
                  "dataset": "@variables('SiteAddress')",
                  "table": "HR365OBEmployeeOnboard",
                  "$filter": "EmployeeEmail eq '@{variables('MSEmail')}'",
                  "$orderby": "ID desc",
                  "$top": 5000
                },
                "host": {
                  "apiId": "/providers/Microsoft.PowerApps/apis/shared_sharepointonline",
                  "operationId": "GetItems",
                  "connectionName": "shared_sharepointonline"
                }
              },
              "runAfter": {
                "Send_email_to_guest_user": [
                  "Succeeded",
                  "Skipped"
                ]
              },
              "metadata": {
                "operationMetadataId": "38d93c8d-2f0e-4c31-85fb-feb3ca0bf63c"
              }
            },
            "Check_if_user_exist_or_not_in_HR365EOEmployeeOnboard": {
              "type": "If",
              "expression": {
                "equals": [
                  "@length(outputs('Get_user')?['body/value'])",
                  0
                ]
              },
              "actions": {
                "Send_an_HTTP_request_to_SharePoint": {
                  "type": "OpenApiConnection",
                  "inputs": {
                    "parameters": {
                      "dataset": "@variables('SiteAddress')",
                      "parameters/method": "POST",
                      "parameters/uri": "/_api/web/lists/getbytitle('HR365OBEmployeeOnboard')/items",
                      "parameters/headers": {
                        "Accept": "application/json;odata=nometadata",
                        "Content-type": "application/json;odata=nometadata",
                        "odata-version": ""
                      },
                      "parameters/body": "{\n\"Title\":\"@{variables('MSFullName')}\",\n\"EmployeeID\" : \"@{variables('MSRegistrationNumber')}\",\n\"EmployeeName\" : \"@{variables('MSFullName')}\",\n\"PersonalEmail\":\"@{variables('MSEmail')}\",\n\"ContactNumber\" : \"@{variables('MSMobileNumber')}\",\n\"Process\":\"Onboarded\",\n\"GuidID\" :\"@{outputs('Guest_user_ID')}\",\n\"ProposedEmailID\" :\"@{variables('MSEmail')}\",\n\"CreateUserM365\" : \"Yes\",\n\"Gender\" : \"@{variables('MSGender')}\",\n\"EmployeeEmail\" :\"@{variables('MSEmail')}\",\n\"Onboarded\" :\"Yes\",\n\"AssignedAssessment\":\"@{variables('UserAssignedAssessment')}\"\n}"
                    },
                    "host": {
                      "apiId": "/providers/Microsoft.PowerApps/apis/shared_sharepointonline",
                      "operationId": "HttpRequest",
                      "connectionName": "shared_sharepointonline_2"
                    }
                  },
                  "metadata": {
                    "operationMetadataId": "7f65eaaf-c191-4764-a0f3-da444e992ff6"
                  }
                }
              },
              "else": {
                "actions": {}
              },
              "runAfter": {
                "Set_variable_8": [
                  "Succeeded"
                ]
              },
              "metadata": {
                "operationMetadataId": "91d30e7d-7b81-4ccd-85c1-01a7125244bb"
              }
            },
            "Condition": {
              "type": "If",
              "expression": {
                "contains": [
                  "@variables('SiteAddress')",
                  "sites"
                ]
              },
              "actions": {
                "Set_variable": {
                  "type": "SetVariable",
                  "inputs": {
                    "name": "SiteName",
                    "value": "@{trim(split(variables('SiteAddress'),'sites/')[1])}"
                  },
                  "metadata": {
                    "operationMetadataId": "49931c31-68ae-43e7-84af-74fc01a8d4f7"
                  }
                }
              },
              "else": {
                "actions": {
                  "Set_variable_2": {
                    "type": "SetVariable",
                    "inputs": {
                      "name": "SiteName",
                      "value": "Communication site"
                    },
                    "metadata": {
                      "operationMetadataId": "6f2a2014-fd3e-457e-8fec-08b37d6a3486"
                    }
                  }
                }
              },
              "runAfter": {
                "Get_user_profile_of_guest_user": [
                  "Succeeded"
                ]
              },
              "metadata": {
                "operationMetadataId": "3078c993-d58d-40a2-8d91-53a839704df9"
              }
            },
            "Delay": {
              "type": "Wait",
              "inputs": {
                "interval": {
                  "count": 30,
                  "unit": "Second"
                }
              },
              "runAfter": {
                "HTTP_-_Add_Guest_User": [
                  "Succeeded"
                ]
              },
              "metadata": {
                "operationMetadataId": "637adc76-2f26-43f0-a62e-97f1e1586fc1"
              }
            },
            "Get_items": {
              "type": "OpenApiConnection",
              "inputs": {
                "parameters": {
                  "dataset": "@variables('SiteAddress')",
                  "table": "HR365OBGenericAssesment",
                  "$filter": "Type eq 'Assesment'",
                  "$orderby": "Id desc",
                  "$top": 5000
                },
                "host": {
                  "apiId": "/providers/Microsoft.PowerApps/apis/shared_sharepointonline",
                  "operationId": "GetItems",
                  "connectionName": "shared_sharepointonline_1"
                }
              },
              "runAfter": {
                "Give_App_Catalogue_Access": [
                  "Succeeded"
                ]
              },
              "metadata": {
                "operationMetadataId": "4653dd72-11ef-4df6-aa64-06794aac7988"
              }
            },
            "Apply_to_each": {
              "type": "Foreach",
              "foreach": "@outputs('Get_items')?['body/value']",
              "actions": {
                "Apply_to_each_2": {
                  "type": "Foreach",
                  "foreach": "@array(items('Apply_to_each')?['Data'])",
                  "actions": {
                    "Set_variable_3": {
                      "type": "SetVariable",
                      "inputs": {
                        "name": "AssessmentTitle",
                        "value": "@{json(item())?['AssessmentTitle']}"
                      },
                      "metadata": {
                        "operationMetadataId": "60d49106-77cd-4efa-9500-4170ffb75ecf"
                      }
                    }
                  },
                  "metadata": {
                    "operationMetadataId": "f0b3c57b-0859-4d24-858c-f72c20383c8c"
                  }
                },
                "Condition_2": {
                  "type": "If",
                  "expression": {
                    "and": [
                      {
                        "equals": [
                          "@parameters('Assessment Name (HRMS365) (hrms365_AssessmentNameHRMS365)')",
                          "@variables('AssessmentTitle')"
                        ]
                      }
                    ]
                  },
                  "actions": {
                    "Condition_3": {
                      "type": "If",
                      "expression": {
                        "or": [
                          {
                            "equals": [
                              "@items('Apply_to_each')?['AssignedAssessment']",
                              ""
                            ]
                          },
                          {
                            "equals": [
                              "@items('Apply_to_each')?['AssignedAssessment']",
                              "@null"
                            ]
                          }
                        ]
                      },
                      "actions": {
                        "Compose_5": {
                          "type": "Compose",
                          "inputs": [
                            {
                              "EmployeeName": "@{variables('MSFirstName')} @{variables('MSLastName')}",
                              "EmployeeEmail": "@{variables('MSEmail')}",
                              "EmployeeGuid": "@{outputs('Guest_user_ID')}",
                              "Department": "",
                              "Manager": "",
                              "StartDate": "@{utcNow()}",
                              "Status": "Not Started"
                            }
                          ],
                          "metadata": {
                            "operationMetadataId": "9548e6c3-37ad-459d-ac23-5966f91a400f"
                          }
                        },
                        "Set_variable_7": {
                          "type": "SetVariable",
                          "inputs": {
                            "name": "UserData",
                            "value": []
                          },
                          "runAfter": {
                            "Compose_5": [
                              "Succeeded"
                            ]
                          },
                          "metadata": {
                            "operationMetadataId": "697bc104-008a-4c9e-9b1a-da624436ee58"
                          }
                        }
                      },
                      "else": {
                        "actions": {
                          "Compose": {
                            "type": "Compose",
                            "inputs": "@items('Apply_to_each')?['AssignedAssessment']",
                            "metadata": {
                              "operationMetadataId": "976eb5d0-5009-4f9a-9927-d4c10a21b31a"
                            }
                          },
                          "Condition_4": {
                            "type": "If",
                            "expression": {
                              "and": [
                                {
                                  "equals": [
                                    "@body('Parse_JSON_2')?['UserDetails']",
                                    "@null"
                                  ]
                                },
                                {
                                  "equals": [
                                    "@body('Parse_JSON_2')?['UserDetails']",
                                    ""
                                  ]
                                }
                              ]
                            },
                            "actions": {
                              "Compose_2": {
                                "type": "Compose",
                                "inputs": "@outputs('Compose')",
                                "metadata": {
                                  "operationMetadataId": "a09b5a80-a08a-4c18-b6b8-e96a79dbee6d"
                                }
                              },
                              "Set_variable_5": {
                                "type": "SetVariable",
                                "inputs": {
                                  "name": "UserData",
                                  "value": []
                                },
                                "runAfter": {
                                  "Compose_2": [
                                    "Succeeded"
                                  ]
                                },
                                "metadata": {
                                  "operationMetadataId": "1cb0a344-458f-4c51-8476-6071374f4423"
                                }
                              }
                            },
                            "else": {
                              "actions": {
                                "Compose_3": {
                                  "type": "Compose",
                                  "inputs": "@body('Parse_JSON_2')?['UserDetails']",
                                  "metadata": {
                                    "operationMetadataId": "fa2b1d35-898d-4bb0-8e49-e1a2b3888ea4"
                                  }
                                },
                                "Compose_4": {
                                  "type": "Compose",
                                  "inputs": "kjhgv",
                                  "runAfter": {
                                    "Compose_3": [
                                      "Succeeded"
                                    ]
                                  },
                                  "metadata": {
                                    "operationMetadataId": "7658be9c-cdda-45cb-98ec-f434f268ff40"
                                  }
                                },
                                "Set_variable_6": {
                                  "type": "SetVariable",
                                  "inputs": {
                                    "name": "UserData",
                                    "value": "@json(body('Parse_JSON_2')?['UserDetails'])"
                                  },
                                  "runAfter": {
                                    "Compose_4": [
                                      "Succeeded"
                                    ]
                                  },
                                  "metadata": {
                                    "operationMetadataId": "52e8e558-9cc9-495a-a567-59140817d43f"
                                  }
                                }
                              }
                            },
                            "runAfter": {
                              "Compose_6": [
                                "Succeeded"
                              ]
                            },
                            "metadata": {
                              "operationMetadataId": "cb2f3fe7-55ca-4afd-9921-2c73bd1060fa"
                            }
                          },
                          "Parse_JSON_2": {
                            "type": "ParseJson",
                            "inputs": {
                              "content": "@json(outputs('Compose'))",
                              "schema": {
                                "type": "object",
                                "properties": {
                                  "AssessmentGID": {
                                    "type": "string"
                                  },
                                  "UserDetails": {
                                    "type": "string"
                                  }
                                }
                              }
                            },
                            "runAfter": {
                              "Compose": [
                                "Succeeded"
                              ]
                            },
                            "metadata": {
                              "operationMetadataId": "952ab458-d687-4e97-81b0-4623a6922e32"
                            }
                          },
                          "Compose_6": {
                            "type": "Compose",
                            "inputs": [
                              {
                                "EmployeeName": "@{variables('MSFirstName')} @{variables('MSLastName')}",
                                "EmployeeEmail": "@{variables('MSEmail')}",
                                "EmployeeGuid": "@{outputs('Guest_user_ID')}",
                                "Department": "",
                                "Manager": "",
                                "StartDate": "@{utcNow()}",
                                "Status": "Not Started"
                              }
                            ],
                            "runAfter": {
                              "Parse_JSON_2": [
                                "Succeeded"
                              ]
                            },
                            "metadata": {
                              "operationMetadataId": "9548e6c3-37ad-459d-ac23-5966f91a400f"
                            }
                          }
                        }
                      },
                      "metadata": {
                        "operationMetadataId": "3f8ef24a-d59f-48f1-ad90-aff233e0affa"
                      }
                    },
                    "AssignedAssessment": {
                      "type": "Compose",
                      "inputs": "@variables('VarJson')",
                      "runAfter": {
                        "Set_Assigned_assessment_Data": [
                          "Succeeded"
                        ]
                      },
                      "metadata": {
                        "operationMetadataId": "388dc9cb-4561-485d-84dd-d923bdb324bd"
                      }
                    },
                    "Set_Assigned_assessment_Data": {
                      "type": "SetVariable",
                      "inputs": {
                        "name": "VarJson",
                        "value": {
                          "AssessmentGID": "@{items('Apply_to_each')?['GID']}",
                          "UserDetails": "@{string(variables('UserData'))}"
                        }
                      },
                      "runAfter": {
                        "Append_to_array_variable": [
                          "Succeeded"
                        ]
                      },
                      "metadata": {
                        "operationMetadataId": "ea9cc7c4-ce18-40e0-ae9a-a3e03e7047ec"
                      }
                    },
                    "Append_to_array_variable": {
                      "type": "AppendToArrayVariable",
                      "inputs": {
                        "name": "UserData",
                        "value": {
                          "EmployeeName": "@{variables('MSFullName')}",
                          "EmployeeEmail": "@{variables('MSEmail')}",
                          "EmployeeGuid": "@{outputs('Guest_user_ID')}",
                          "Department": "",
                          "Manager": "",
                          "StartDate": "@{utcNow()}",
                          "Status": "Not Started"
                        }
                      },
                      "runAfter": {
                        "Set_Assessment_GUID": [
                          "Succeeded"
                        ]
                      },
                      "metadata": {
                        "operationMetadataId": "37aa567e-021d-4e03-a0d2-9a6f71672ac9"
                      }
                    },
                    "Set_Assessment_GUID": {
                      "type": "SetVariable",
                      "inputs": {
                        "name": "AssessmentGUID",
                        "value": "@items('Apply_to_each')?['GID']"
                      },
                      "runAfter": {
                        "Condition_3": [
                          "Succeeded"
                        ]
                      },
                      "metadata": {
                        "operationMetadataId": "26d51561-1e24-46bb-9ca7-48718022bf1d"
                      }
                    },
                    "Send_an_HTTP_request_to_SharePoint_2": {
                      "type": "OpenApiConnection",
                      "inputs": {
                        "parameters": {
                          "dataset": "@variables('SiteAddress')",
                          "parameters/method": "POST",
                          "parameters/uri": "/_api/web/lists/getbytitle('HR365OBGenericAssesment')/items('@{items('Apply_to_each')?['ID']}')",
                          "parameters/headers": {
                            "Accept": "application/json;odata=nometadata",
                            "Content-type": "application/json;odata=nometadata",
                            "odata-version": "",
                            "IF-MATCH": "*",
                            "X-HTTP-Method": "MERGE"
                          },
                          "parameters/body": "{\n\"Title\":\"@{items('Apply_to_each')?['Title']}\",\n\"AssignedAssessment\":\"@{string(variables('VarJson'))}\"\n}"
                        },
                        "host": {
                          "apiId": "/providers/Microsoft.PowerApps/apis/shared_sharepointonline",
                          "operationId": "HttpRequest",
                          "connectionName": "shared_sharepointonline_2"
                        }
                      },
                      "runAfter": {
                        "AssignedAssessment": [
                          "Succeeded"
                        ]
                      },
                      "metadata": {
                        "operationMetadataId": "d9f2089b-261d-41de-9efa-226af4732f6a"
                      }
                    }
                  },
                  "else": {
                    "actions": {}
                  },
                  "runAfter": {
                    "Apply_to_each_2": [
                      "Succeeded"
                    ]
                  },
                  "metadata": {
                    "operationMetadataId": "a75f47e7-28ca-450f-a6f0-67f6afbfd084"
                  }
                }
              },
              "runAfter": {
                "Get_items": [
                  "Succeeded"
                ]
              },
              "metadata": {
                "operationMetadataId": "ffe2f2f8-a945-4854-b337-53627603b51a"
              }
            },
            "Give_App_Catalogue_Access": {
              "type": "OpenApiConnection",
              "inputs": {
                "parameters": {
                  "dataset": "@string('https://megazap.sharepoint.com/sites/appcatalog/')",
                  "parameters/method": "POST",
                  "parameters/uri": "/_api/Web/SiteGroups/GetByName('@{parameters('EO365AppCatalogue (HRMS365) (hrms365_EO365AppCatalogueHRMS365)')}')/Users",
                  "parameters/headers": {
                    "accept": "application/json;odata=verbose",
                    "content-type": "application/json;odata=verbose"
                  },
                  "parameters/body": "{\n          \"__metadata\": {\"type\":\"SP.User\"},\n          \"LoginName\": \"@{concat('i:0#.f|membership|', outputs('Get_user_profile_of_guest_user')?['body/userPrincipalName'])}\"        }"
                },
                "host": {
                  "apiId": "/providers/Microsoft.PowerApps/apis/shared_sharepointonline",
                  "operationId": "HttpRequest",
                  "connectionName": "shared_sharepointonline"
                }
              },
              "runAfter": {
                "Give_site_access_to_the_guest_user": [
                  "Succeeded"
                ]
              },
              "metadata": {
                "operationMetadataId": "b4c317bb-e5d5-4fd4-a8d4-56554ed09093"
              }
            },
            "Send_an_email_(V2)": {
              "type": "OpenApiConnection",
              "inputs": {
                "parameters": {
                  "emailMessage/To": "@variables('MSEmail')",
                  "emailMessage/Subject": "Inviting you to complete your technical assessment - @{parameters('Assessment Name (HRMS365) (hrms365_AssessmentNameHRMS365)')}",
                  "emailMessage/Body": "<p>@{variables('EmailBody')}</p>",
                  "emailMessage/Importance": "Normal"
                },
                "host": {
                  "apiId": "/providers/Microsoft.PowerApps/apis/shared_office365",
                  "operationId": "SendEmailV2",
                  "connectionName": "shared_office365"
                }
              },
              "runAfter": {
                "Set_Emailbody": [
                  "Succeeded"
                ]
              },
              "metadata": {
                "operationMetadataId": "44b01456-53e7-46fa-9f41-d2630d33caed"
              }
            },
            "Set_variable_8": {
              "type": "SetVariable",
              "inputs": {
                "name": "UserAssignedAssessment",
                "value": "[{\n  \"AssessmentGID\": \"@{variables('AssessmentGUID')}\",\n  \"AssessmentTitle\": \"@{parameters('Assessment Name (HRMS365) (hrms365_AssessmentNameHRMS365)')}\",\n  \"EmployeeName\": \"@{variables('MSFullName')}\",\n  \"EmployeeEmail\": \"@{variables('MSEmail')}\",\n  \"EmployeeGuid\": \"@{outputs('Guest_user_ID')}\",\n  \"Department\": \"\",\n  \"Manager\": \"\",\n  \"StartDate\": \"@{utcNow()}\",\n  \"Status\": \"Not Started\"\n}]"
              },
              "runAfter": {
                "Get_user": [
                  "Succeeded"
                ]
              },
              "metadata": {
                "operationMetadataId": "4c1160e6-59e4-480e-997a-50884fcaeef2"
              }
            },
            "Condition_5": {
              "type": "If",
              "expression": {
                "not": {
                  "equals": [
                    "@variables('MSEmail')",
                    null
                  ]
                }
              },
              "actions": {
                "Delay_2": {
                  "type": "Wait",
                  "inputs": {
                    "interval": {
                      "count": 5,
                      "unit": "Minute"
                    }
                  },
                  "metadata": {
                    "operationMetadataId": "571f7418-6af9-44ca-9fc6-f639bcbf8130"
                  }
                },
                "Send_an_HTTP_request_to_SharePoint_7": {
                  "type": "OpenApiConnection",
                  "inputs": {
                    "parameters": {
                      "dataset": "@variables('SiteAddress')",
                      "parameters/method": "POST",
                      "parameters/uri": "_api/web/ensureuser",
                      "parameters/headers": {
                        "accept": "application/json;odata=verbose",
                        "Content-Type": "application/json;odata=nometadata"
                      },
                      "parameters/body": "{\n    \"logonName\": \"i:0#.f|membership|@{variables('MSEmail')}\"\n  }\n"
                    },
                    "host": {
                      "apiId": "/providers/Microsoft.PowerApps/apis/shared_sharepointonline",
                      "operationId": "HttpRequest",
                      "connectionName": "shared_sharepointonline_1"
                    }
                  },
                  "runAfter": {
                    "Delay_2": [
                      "Succeeded"
                    ]
                  },
                  "metadata": {
                    "operationMetadataId": "761bd908-0961-4404-96f4-c6cd48dfc6fd"
                  }
                },
                "Send_an_HTTP_request_to_SharePoint_6": {
                  "type": "OpenApiConnection",
                  "inputs": {
                    "parameters": {
                      "dataset": "@variables('SiteAddress')",
                      "parameters/method": "POST",
                      "parameters/uri": "_api/web/lists/getbytitle('@{parameters('UserListName (HRMS365) (hrms365_UserListNameHRMS365)')}')/items",
                      "parameters/headers": {
                        "accept": "application/json;odata=verbose",
                        "content-type": "application/json;odata=verbose"
                      },
                      "parameters/body": "{\n '__metadata': { 'type': 'SP.Data.HR365OBUsersListItem' },\n  \"UserId\": @{body('Send_an_HTTP_request_to_SharePoint_7')?['d']?['Id']},\n      \"UserRole\": \"User\",\n      \"GuidID\": \"@{outputs('Guest_user_ID')}\",\n      \"Email\": \"@{variables('MSEmail')}\",\n      \"UserStatus\": \"Active\"\n      }  "
                    },
                    "host": {
                      "apiId": "/providers/Microsoft.PowerApps/apis/shared_sharepointonline",
                      "operationId": "HttpRequest",
                      "connectionName": "shared_sharepointonline_1"
                    }
                  },
                  "runAfter": {
                    "Send_an_HTTP_request_to_SharePoint_7": [
                      "Succeeded"
                    ]
                  },
                  "metadata": {
                    "operationMetadataId": "2072bb50-59ec-46e6-8d5f-b94e07e02f83"
                  }
                }
              },
              "else": {
                "actions": {}
              },
              "runAfter": {
                "Check_if_user_exist_or_not_in_HR365EOEmployeeOnboard": [
                  "Succeeded"
                ]
              },
              "metadata": {
                "operationMetadataId": "d93731d8-d8b1-4b03-961b-6d189f95118b"
              }
            }
          },
          "else": {
            "actions": {
              "Terminate": {
                "type": "Terminate",
                "inputs": {
                  "runStatus": "Succeeded"
                },
                "metadata": {
                  "operationMetadataId": "54cad313-df3e-4b54-8887-85e6471a8353"
                }
              }
            }
          },
          "runAfter": {
            "Parse_JSON": [
              "Succeeded"
            ]
          },
          "metadata": {
            "operationMetadataId": "d88da66f-939b-4a2c-b683-ceb17ed0551b"
          }
        },
        "SiteName": {
          "type": "InitializeVariable",
          "inputs": {
            "variables": [
              {
                "name": "SiteName",
                "type": "string"
              }
            ]
          },
          "runAfter": {
            "Client_Secret": [
              "Succeeded"
            ]
          },
          "metadata": {
            "operationMetadataId": "e7757e64-6ffa-44bc-b6a1-713f660871b3"
          }
        },
        "EmailBody": {
          "type": "InitializeVariable",
          "inputs": {
            "variables": [
              {
                "name": "EmailBody",
                "type": "string"
              }
            ]
          },
          "runAfter": {
            "SiteAddress": [
              "Succeeded"
            ]
          },
          "metadata": {
            "operationMetadataId": "eb5a945c-67d2-41ed-86d8-3c84b64f2776"
          }
        },
        "SiteAddress": {
          "type": "InitializeVariable",
          "inputs": {
            "variables": [
              {
                "name": "SiteAddress",
                "type": "string",
                "value": "@parameters('SiteAddress (HRMS365) (hrms365_SiteAddressHRMS365)')"
              }
            ]
          },
          "runAfter": {
            "SiteName": [
              "Succeeded"
            ]
          },
          "metadata": {
            "operationMetadataId": "8c387c5d-512c-4ec9-b1ab-9d6c9596b2ce"
          }
        },
        "AssessmentTitle": {
          "type": "InitializeVariable",
          "inputs": {
            "variables": [
              {
                "name": "AssessmentTitle",
                "type": "string"
              }
            ]
          },
          "runAfter": {
            "EmailBody": [
              "Succeeded"
            ]
          },
          "metadata": {
            "operationMetadataId": "eda9d58d-1ba1-4f1b-99a7-84188992a5f4"
          }
        },
        "VarJson": {
          "type": "InitializeVariable",
          "inputs": {
            "variables": [
              {
                "name": "VarJson",
                "type": "object"
              }
            ]
          },
          "runAfter": {
            "AssessmentTitle": [
              "Succeeded"
            ]
          },
          "metadata": {
            "operationMetadataId": "203b7bfd-996c-404c-815f-fc82ec3a7e8b"
          }
        },
        "Initialize_variable": {
          "type": "InitializeVariable",
          "inputs": {
            "variables": [
              {
                "name": "UserData",
                "type": "array"
              }
            ]
          },
          "runAfter": {
            "VarJson": [
              "Succeeded"
            ]
          },
          "metadata": {
            "operationMetadataId": "3f13ca03-75c0-441a-b0e7-33df4406a7f4"
          }
        },
        "Initialize_variable_2": {
          "type": "InitializeVariable",
          "inputs": {
            "variables": [
              {
                "name": "AssignedAssessment",
                "type": "object"
              }
            ]
          },
          "runAfter": {
            "Initialize_variable": [
              "Succeeded"
            ]
          },
          "metadata": {
            "operationMetadataId": "84bd4ec6-4f97-4e0f-8e30-13448134b59c"
          }
        },
        "MS_Form_Full_Name": {
          "type": "InitializeVariable",
          "inputs": {
            "variables": [
              {
                "name": "MSFullName",
                "type": "string",
                "value": "@{trim(outputs('Get_response_details')?['body/r79b9696bc3444df88fce76f2650e66e4'])}"
              }
            ]
          },
          "runAfter": {
            "MS_Form_First_Name": [
              "Succeeded"
            ]
          },
          "metadata": {
            "operationMetadataId": "e328444b-1af0-4fcc-ad4a-8191188a8aa5"
          }
        },
        "MS_Form_Last_Name": {
          "type": "InitializeVariable",
          "inputs": {
            "variables": [
              {
                "name": "MSLastName",
                "type": "string"
              }
            ]
          },
          "runAfter": {
            "MS_Form_Full_Name": [
              "Succeeded"
            ]
          },
          "metadata": {
            "operationMetadataId": "65f730fe-2276-4596-b767-f70537971e11"
          }
        },
        "MS_Form_Email": {
          "type": "InitializeVariable",
          "inputs": {
            "variables": [
              {
                "name": "MSEmail",
                "type": "string",
                "value": "@outputs('Get_response_details')?['body/re3031d496d904047a3cf7ac78b7831d8']"
              }
            ]
          },
          "runAfter": {
            "MS_Form_Last_Name": [
              "Succeeded"
            ]
          },
          "metadata": {
            "operationMetadataId": "a9fddabc-3b9a-47de-8037-1c658d0fb2b6"
          }
        },
        "MS_Form_Mobile_Number": {
          "type": "InitializeVariable",
          "inputs": {
            "variables": [
              {
                "name": "MSMobileNumber",
                "type": "string",
                "value": "@outputs('Get_response_details')?['body/re3031d496d904047a3cf7ac78b7831d8']"
              }
            ]
          },
          "runAfter": {
            "MS_Form_Email": [
              "Succeeded"
            ]
          },
          "metadata": {
            "operationMetadataId": "06c9476e-c48f-43de-b917-8ec03ec3b6f8"
          }
        },
        "MS_Form_Gender": {
          "type": "InitializeVariable",
          "inputs": {
            "variables": [
              {
                "name": "MSGender",
                "type": "string"
              }
            ]
          },
          "runAfter": {
            "MS_Form_Mobile_Number": [
              "Succeeded"
            ]
          },
          "metadata": {
            "operationMetadataId": "8d9b29e1-7c37-466c-85a1-8e9fad956ff1"
          }
        },
        "MS_Form_Dateofbirth": {
          "type": "InitializeVariable",
          "inputs": {
            "variables": [
              {
                "name": "MSDateOfBirth",
                "type": "string"
              }
            ]
          },
          "runAfter": {
            "MS_Form_Gender": [
              "Succeeded"
            ]
          },
          "metadata": {
            "operationMetadataId": "5b3d6107-3433-45fa-ba3d-a3c7981ce4e6"
          }
        },
        "Student_Registration_Number": {
          "type": "InitializeVariable",
          "inputs": {
            "variables": [
              {
                "name": "MSRegistrationNumber",
                "type": "string",
                "value": "@outputs('Get_response_details')?['body/rc41e8c01979d49b8b217a863c45476e1']"
              }
            ]
          },
          "runAfter": {
            "MS_Form_Dateofbirth": [
              "Succeeded"
            ]
          },
          "metadata": {
            "operationMetadataId": "5b3d6107-3433-45fa-ba3d-a3c7981ce4e6"
          }
        },
        "MS_Form_First_Name": {
          "type": "InitializeVariable",
          "inputs": {
            "variables": [
              {
                "name": "MSFirstName",
                "type": "string",
                "value": "@{trim(outputs('Get_response_details')?['body/r79b9696bc3444df88fce76f2650e66e4'])}"
              }
            ]
          },
          "runAfter": {
            "Initialize_variable_2": [
              "Succeeded"
            ]
          },
          "metadata": {
            "operationMetadataId": "e328444b-1af0-4fcc-ad4a-8191188a8aa5"
          }
        },
        "Assigned_Assessment_for_user": {
          "type": "InitializeVariable",
          "inputs": {
            "variables": [
              {
                "name": "UserAssignedAssessment",
                "type": "string"
              }
            ]
          },
          "runAfter": {
            "Student_Registration_Number": [
              "Succeeded"
            ]
          },
          "metadata": {
            "operationMetadataId": "ec85fae7-9767-4cff-81f0-4682506aec7f"
          }
        },
        "Assessment_GUID": {
          "type": "InitializeVariable",
          "inputs": {
            "variables": [
              {
                "name": "AssessmentGUID",
                "type": "string"
              }
            ]
          },
          "runAfter": {
            "Assigned_Assessment_for_user": [
              "Succeeded"
            ]
          },
          "metadata": {
            "operationMetadataId": "37d014e1-7f0a-4c37-94d7-b9f3869114a5"
          }
        }
      }
    },
    "templateName": null
  },
  "schemaVersion": "1.0.0.0"
}