{
  "properties": {
    "connectionReferences": {
      "shared_sharepointonline_1": {
        "api": {
          "name": "shared_sharepointonline"
        },
        "connection": {
          "connectionReferenceLogicalName": "hr365_sharedsharepointonline_16b6d"
        },
        "runtimeSource": "embedded"
      },
      "shared_sharepointonline_2": {
        "api": {
          "name": "shared_sharepointonline"
        },
        "connection": {
          "connectionReferenceLogicalName": "hr365_sharedsharepointonline_94d5b"
        },
        "runtimeSource": "embedded"
      }
    },
    "definition": {
      "$schema": "https://schema.management.azure.com/providers/Microsoft.Logic/schemas/2016-06-01/workflowdefinition.json#",
      "contentVersion": "1.0.0.0",
      "parameters": {
        "$authentication": {
          "defaultValue": {},
          "type": "SecureObject"
        },
        "$connections": {
          "defaultValue": {},
          "type": "Object"
        },
        "SiteAddress (HRMS365) (hrms365_SiteAddressHRMS365)": {
          "defaultValue": "https://zw4fg.sharepoint.com/sites/HRMS001",
          "type": "String",
          "metadata": {
            "schemaName": "hrms365_SiteAddressHRMS365",
            "description": "HRMS New Variable for SiteAddress(TMM)(hr365_SiteAddressTMM)"
          }
        }
      },
      "triggers": {
        "Recurrence": {
          "type": "Recurrence",
          "recurrence": {
            "frequency": "Minute",
            "interval": 30,
            "startTime": "2023-02-16T04:30:00Z"
          },
          "metadata": {
            "operationMetadataId": "193f059d-5d95-498a-ab3f-f7fe8bc44edf"
          }
        }
      },
      "actions": {
        "Get_items": {
          "type": "OpenApiConnection",
          "inputs": {
            "parameters": {
              "dataset": "@parameters('SiteAddress (HRMS365) (hrms365_SiteAddressHRMS365)')",
              "table": "HR365PMXOneToOne"
            },
            "host": {
              "apiId": "/providers/Microsoft.PowerApps/apis/shared_sharepointonline",
              "operationId": "GetItems",
              "connectionName": "shared_sharepointonline_1"
            }
          },
          "runAfter": {},
          "metadata": {
            "operationMetadataId": "01deff04-b197-45a0-a209-5e9288776ac8"
          }
        },
        "Apply_to_each": {
          "type": "Foreach",
          "foreach": "@outputs('Get_items')?['body/value']",
          "actions": {
            "Condition": {
              "type": "If",
              "expression": {
                "and": [
                  {
                    "equals": [
                      "@items('Apply_to_each')?['Status']",
                      "Did not happened"
                    ]
                  },
                  {
                    "less": [
                      "@items('Apply_to_each')?['StartTime']",
                      "@utcNow()"
                    ]
                  },
                  {
                    "not": {
                      "equals": [
                        "@items('Apply_to_each')?['Reminder']",
                        "Yes"
                      ]
                    }
                  }
                ]
              },
              "actions": {
                "Update_item": {
                  "type": "OpenApiConnection",
                  "inputs": {
                    "parameters": {
                      "dataset": "@parameters('SiteAddress (HRMS365) (hrms365_SiteAddressHRMS365)')",
                      "table": "HR365PMXOneToOne",
                      "id": "@items('Apply_to_each')?['ID']",
                      "item/Title": "@items('Apply_to_each')?['Title']"
                    },
                    "host": {
                      "apiId": "/providers/Microsoft.PowerApps/apis/shared_sharepointonline",
                      "operationId": "PatchItem",
                      "connectionName": "shared_sharepointonline_2"
                    }
                  },
                  "metadata": {
                    "operationMetadataId": "6b55443d-0419-4c3e-b524-e0dc20d66776"
                  }
                }
              },
              "else": {
                "actions": {}
              },
              "metadata": {
                "operationMetadataId": "cf6be7e0-9232-4cb1-be09-41f3839fa432"
              }
            },
            "Compose": {
              "type": "Compose",
              "inputs": "@items('Apply_to_each')?['StartTime']",
              "runAfter": {
                "Condition": [
                  "Succeeded"
                ]
              },
              "metadata": {
                "operationMetadataId": "a2220df0-03c2-4944-94bd-d3a383449b3a"
              }
            }
          },
          "runAfter": {
            "Get_items": [
              "Succeeded"
            ]
          },
          "metadata": {
            "operationMetadataId": "0be7b5e5-241f-42d1-b2c3-e091560887f4"
          }
        }
      }
    },
    "templateName": null
  },
  "schemaVersion": "1.0.0.0"
}