{
  "properties": {
    "connectionReferences": {
      "shared_sharepointonline": {
        "runtimeSource": "embedded",
        "connection": {
          "connectionReferenceLogicalName": "hr365_sharedsharepointonline_5e805"
        },
        "api": {
          "name": "shared_sharepointonline"
        }
      },
      "shared_office365": {
        "runtimeSource": "embedded",
        "connection": {
          "connectionReferenceLogicalName": "hr365_sharedoffice365_088b3"
        },
        "api": {
          "name": "shared_office365"
        }
      }
    },
    "definition": {
      "$schema": "https://schema.management.azure.com/providers/Microsoft.Logic/schemas/2016-06-01/workflowdefinition.json#",
      "contentVersion": "1.0.0.0",
      "parameters": {
        "$connections": {
          "defaultValue": {},
          "type": "Object"
        },
        "$authentication": {
          "defaultValue": {},
          "type": "SecureObject"
        },
        "SiteAddress (HRMS365) (hrms365_SiteAddressHRMS365)": {
          "defaultValue": "https://zw4fg.sharepoint.com/sites/HRMS001",
          "type": "String",
          "metadata": {
            "schemaName": "hrms365_SiteAddressHRMS365",
            "description": "HRMS New Variable for SiteAddress(TMM)(hr365_SiteAddressTMM)"
          }
        }
      },
      "triggers": {
        "When_an_item_is_created_or_modified": {
          "recurrence": {
            "interval": 1,
            "frequency": "Minute"
          },
          "splitOn": "@triggerOutputs()?['body/value']",
          "metadata": {
            "operationMetadataId": "31cfe25e-1a59-4b0e-9ec4-e3ecd5ee20d1"
          },
          "type": "OpenApiConnection",
          "inputs": {
            "host": {
              "connectionName": "shared_sharepointonline",
              "operationId": "GetOnUpdatedItems",
              "apiId": "/providers/Microsoft.PowerApps/apis/shared_sharepointonline"
            },
            "parameters": {
              "dataset": "@parameters('SiteAddress (HRMS365) (hrms365_SiteAddressHRMS365)')",
              "table": "RM365JobRequisition"
            },
            "authentication": "@parameters('$authentication')"
          }
        }
      },
      "actions": {
        "Item_ID": {
          "runAfter": {},
          "metadata": {
            "operationMetadataId": "7c1d7344-f5e4-490f-99c8-bd0ebdebdd32"
          },
          "type": "InitializeVariable",
          "inputs": {
            "variables": [
              {
                "name": "ItemID",
                "type": "string",
                "value": "@{triggerOutputs()?['body/ID']}"
              }
            ]
          }
        },
        "site_address": {
          "runAfter": {
            "Item_ID": [
              "Succeeded"
            ]
          },
          "metadata": {
            "operationMetadataId": "a002cebe-eb9d-4264-836a-a44f09e32946"
          },
          "type": "InitializeVariable",
          "inputs": {
            "variables": [
              {
                "name": "SiteAddress",
                "type": "string",
                "value": "@parameters('SiteAddress (HRMS365) (hrms365_SiteAddressHRMS365)')"
              }
            ]
          }
        },
        "Scope_-_try": {
          "actions": {
            "Get_item_permission_call": {
              "runAfter": {},
              "metadata": {
                "operationMetadataId": "49667214-f644-4c2e-97e5-d9621f456b60"
              },
              "type": "OpenApiConnection",
              "inputs": {
                "host": {
                  "connectionName": "shared_sharepointonline",
                  "operationId": "HttpRequest",
                  "apiId": "/providers/Microsoft.PowerApps/apis/shared_sharepointonline"
                },
                "parameters": {
                  "dataset": "@variables('SiteAddress')",
                  "parameters/method": "GET",
                  "parameters/uri": "_api/web/lists/getbytitle('RM365JobRequisition')/items?$select=ID,ItemPermission/ID&$expand=ItemPermission&$filter=ID eq '@{triggerOutputs()?['body/ID']}'"
                },
                "authentication": "@parameters('$authentication')"
              }
            },
            "Send_an_HTTP_request_to_SharePoint": {
              "runAfter": {
                "Get_item_permission_call": [
                  "Succeeded"
                ]
              },
              "metadata": {
                "operationMetadataId": "f28b1ab4-28ed-4582-884e-8c6f56a78d60"
              },
              "type": "OpenApiConnection",
              "inputs": {
                "host": {
                  "connectionName": "shared_sharepointonline",
                  "operationId": "HttpRequest",
                  "apiId": "/providers/Microsoft.PowerApps/apis/shared_sharepointonline"
                },
                "parameters": {
                  "dataset": "@variables('SiteAddress')",
                  "parameters/method": "POST",
                  "parameters/uri": "_api/lists/getByTitle('RM365JobRequisition')/items(@{triggerOutputs()?['body/ID']})/breakroleinheritance(copyRoleAssignments=false,clearSubscopes=true)"
                },
                "authentication": "@parameters('$authentication')"
              }
            },
            "Compose": {
              "runAfter": {
                "Send_an_HTTP_request_to_SharePoint": [
                  "Succeeded"
                ]
              },
              "metadata": {
                "operationMetadataId": "f57528ee-497e-41a7-9438-5a69d572df6b"
              },
              "type": "Compose",
              "inputs": "@outputs('Get_Item_Permission_call')?['body']?['d']?['results']"
            },
            "Post_permissions": {
              "foreach": "@outputs('Compose')",
              "actions": {
                "Apply_to_each": {
                  "foreach": "@items('Post_Permissions')?['ItemPermission']?['results']",
                  "actions": {
                    "Send_an_HTTP_request_to_SharePoint_3": {
                      "runAfter": {},
                      "metadata": {
                        "operationMetadataId": "22dd15c6-ca4b-407e-ad2d-d099b7e55748"
                      },
                      "type": "OpenApiConnection",
                      "inputs": {
                        "host": {
                          "connectionName": "shared_sharepointonline",
                          "operationId": "HttpRequest",
                          "apiId": "/providers/Microsoft.PowerApps/apis/shared_sharepointonline"
                        },
                        "parameters": {
                          "dataset": "@variables('SiteAddress')",
                          "parameters/method": "POST",
                          "parameters/uri": "/_api/web/lists/getbytitle('RM365JobRequisition')/items(@{triggerOutputs()?['body/ID']})/roleassignments/addroleassignment(principalid=@{items('Apply_to_each')?['ID']},roledefid=@{variables('ContributeID')})"
                        },
                        "authentication": "@parameters('$authentication')"
                      }
                    }
                  },
                  "runAfter": {},
                  "metadata": {
                    "operationMetadataId": "3b09a5bd-34e1-4dc9-8c6b-341003959d74"
                  },
                  "type": "Foreach"
                }
              },
              "runAfter": {
                "Compose": [
                  "Succeeded"
                ]
              },
              "metadata": {
                "operationMetadataId": "cdbd6a22-0480-4245-8534-27f45e7fd71a"
              },
              "type": "Foreach"
            }
          },
          "runAfter": {
            "Contribute_ID": [
              "Succeeded"
            ]
          },
          "metadata": {
            "operationMetadataId": "276aedbd-3cad-4385-9e70-433d3fc1a945"
          },
          "type": "Scope"
        },
        "Get_a_contribute_call": {
          "runAfter": {
            "site_address": [
              "Succeeded"
            ]
          },
          "metadata": {
            "operationMetadataId": "c36a6ac1-0b59-4d31-8d06-326223b8abe5"
          },
          "type": "OpenApiConnection",
          "inputs": {
            "host": {
              "connectionName": "shared_sharepointonline",
              "operationId": "HttpRequest",
              "apiId": "/providers/Microsoft.PowerApps/apis/shared_sharepointonline"
            },
            "parameters": {
              "dataset": "@variables('SiteAddress')",
              "parameters/method": "GET",
              "parameters/uri": "/_api/web/roledefinitions/getbyname('Contribute')"
            },
            "authentication": "@parameters('$authentication')"
          }
        },
        "Contribute_ID": {
          "runAfter": {
            "Get_a_contribute_call": [
              "Succeeded"
            ]
          },
          "metadata": {
            "operationMetadataId": "ac92959a-4d71-4d2f-81f9-4387a0f04ee9"
          },
          "type": "InitializeVariable",
          "inputs": {
            "variables": [
              {
                "name": "ContributeID",
                "type": "string",
                "value": "@{body('Get_a_contribute_call')?['d']?['Id']}"
              }
            ]
          }
        },
        "Scope_-_catch": {
          "actions": {
            "Send_an_email_(V2)": {
              "runAfter": {},
              "metadata": {
                "operationMetadataId": "643e92e3-4f8e-4528-b97f-b2c0f56c6d15"
              },
              "type": "OpenApiConnection",
              "inputs": {
                "host": {
                  "connectionName": "shared_office365",
                  "operationId": "SendEmailV2",
                  "apiId": "/providers/Microsoft.PowerApps/apis/shared_office365"
                },
                "parameters": {
                  "emailMessage/To": "Nestor@clayfly.com",
                  "emailMessage/Subject": "HR365 - RM365 Item Level Permissions flow failure",
                  "emailMessage/Body": "<p>Your flow has failed. You can find the run failure details by clicking on Url below.</p><br>\n<br>\n<a href=\"@{concat('https://flow.microsoft.com/manage/environments/', workflow()?['tags']['environmentName'], '/flows/', workflow()?['name'], '/runs/', workflow()?['run']['name'])}\">Run History</a>",
                  "emailMessage/Importance": "Normal"
                },
                "authentication": "@parameters('$authentication')"
              }
            }
          },
          "runAfter": {
            "Scope_-_try": [
              "Failed",
              "TimedOut"
            ]
          },
          "metadata": {
            "operationMetadataId": "62e37266-e6e4-4abd-8734-a9bc2c19dbf6"
          },
          "type": "Scope"
        }
      }
    },
    "templateName": ""
  },
  "schemaVersion": "1.0.0.0"
}