{
  "properties": {
    "connectionReferences": {
      "shared_sharepointonline_1": {
        "runtimeSource": "embedded",
        "connection": {
          "connectionReferenceLogicalName": "hr365_sharedsharepointonline_31bba"
        },
        "api": {
          "name": "shared_sharepointonline"
        }
      },
      "shared_sharepointonline": {
        "runtimeSource": "embedded",
        "connection": {
          "connectionReferenceLogicalName": "hr365_sharedsharepointonline_c0ca5"
        },
        "api": {
          "name": "shared_sharepointonline"
        }
      }
    },
    "definition": {
      "$schema": "https://schema.management.azure.com/providers/Microsoft.Logic/schemas/2016-06-01/workflowdefinition.json#",
      "contentVersion": "1.0.0.0",
      "parameters": {
        "$connections": {
          "defaultValue": {},
          "type": "Object"
        },
        "$authentication": {
          "defaultValue": {},
          "type": "SecureObject"
        },
        "SiteAddress (HRMS365) (hrms365_SiteAddressHRMS365)": {
          "defaultValue": "https://zw4fg.sharepoint.com/sites/HRMS001",
          "type": "String",
          "metadata": {
            "schemaName": "hrms365_SiteAddressHRMS365",
            "description": "HRMS New Variable for SiteAddress(TMM)(hr365_SiteAddressTMM)"
          }
        }
      },
      "triggers": {
        "Recurrence": {
          "recurrence": {
            "frequency": "Day",
            "interval": 1,
            "startTime": "2023-12-18T03:30:00Z"
          },
          "metadata": {
            "operationMetadataId": "5ded89c1-38ed-49cc-b1d3-46d1bed507d9"
          },
          "type": "Recurrence"
        }
      },
      "actions": {
        "Recurrence_Data_From_Appraisal_List": {
          "runAfter": {},
          "metadata": {
            "operationMetadataId": "8294cece-0647-43e2-ac01-f81771c3c592"
          },
          "type": "OpenApiConnection",
          "inputs": {
            "host": {
              "connectionName": "shared_sharepointonline_1",
              "operationId": "GetItems",
              "apiId": "/providers/Microsoft.PowerApps/apis/shared_sharepointonline"
            },
            "parameters": {
              "dataset": "@parameters('SiteAddress (HRMS365) (hrms365_SiteAddressHRMS365)')",
              "table": "HR365PMXAppraisal",
              "$filter": "Recurrence eq 'Yes' "
            },
            "authentication": "@parameters('$authentication')"
          }
        },
        "review_Start_Date": {
          "runAfter": {
            "Recurrence_Data_From_Appraisal_List": [
              "Succeeded"
            ]
          },
          "metadata": {
            "operationMetadataId": "705f60d4-3d2f-428e-b9ba-f0f0b31a99a6"
          },
          "type": "InitializeVariable",
          "inputs": {
            "variables": [
              {
                "name": "StartDate",
                "type": "string"
              }
            ]
          }
        },
        "review_End_Date_": {
          "runAfter": {
            "review_Start_Date": [
              "Succeeded"
            ]
          },
          "metadata": {
            "operationMetadataId": "2505cc7f-6718-41d2-9609-123599bfee8d"
          },
          "type": "InitializeVariable",
          "inputs": {
            "variables": [
              {
                "name": "EndDate",
                "type": "string"
              }
            ]
          }
        },
        "Number_of_Recurrence": {
          "runAfter": {
            "review_End_Date_": [
              "Succeeded"
            ]
          },
          "metadata": {
            "operationMetadataId": "b924c381-47f2-4661-977f-9ab14dd10fcd"
          },
          "type": "InitializeVariable",
          "inputs": {
            "variables": [
              {
                "name": "NumberOfRecurrence",
                "type": "integer"
              }
            ]
          }
        },
        "Total_Recurrence": {
          "runAfter": {
            "Number_of_Recurrence": [
              "Succeeded"
            ]
          },
          "metadata": {
            "operationMetadataId": "6a05f9b8-41fa-4454-b7c6-93acc96edeab"
          },
          "type": "InitializeVariable",
          "inputs": {
            "variables": [
              {
                "name": "TotalRecurrence",
                "type": "integer"
              }
            ]
          }
        },
        "Apply_to_each": {
          "foreach": "@array(outputs('Recurrence_Data_From_Appraisal_List')?['body/value'])",
          "actions": {
            "Compose": {
              "runAfter": {},
              "metadata": {
                "operationMetadataId": "024a21f0-86c4-4d23-8074-4e5de1f48103"
              },
              "type": "Compose",
              "inputs": "@items('Apply_to_each')"
            },
            "Duration_eq_to_Quarterly": {
              "actions": {
                "Set_variable": {
                  "runAfter": {},
                  "metadata": {
                    "operationMetadataId": "159f6e6e-f0a6-4dfb-82f3-7e82452197f0"
                  },
                  "type": "SetVariable",
                  "inputs": {
                    "name": "TotalRecurrence",
                    "value": "@int(mul(variables('NumberOfRecurrence'), 3))"
                  }
                },
                "Compose_2": {
                  "runAfter": {
                    "Set_variable": [
                      "Succeeded"
                    ]
                  },
                  "metadata": {
                    "operationMetadataId": "e282cc91-8250-46d6-9f3e-2253fd6d5099"
                  },
                  "type": "Compose",
                  "inputs": "@formatDateTime(addDays(variables('StartDate'), mul(variables('TotalRecurrence'), 30)), 'yyyy-MM-dd')"
                },
                "Apply_to_each_2": {
                  "foreach": "@array(outputs('Compose_4'))",
                  "actions": {
                    "Compose_5": {
                      "runAfter": {},
                      "metadata": {
                        "operationMetadataId": "ef478b6d-e35f-428e-a7ff-b75844272e38"
                      },
                      "type": "Compose",
                      "inputs": "@formatDateTime(addDays(variables('StartDate'), mul(30, mul(3, items('Apply_to_each_2')))), 'yyyy-MM-dd')"
                    },
                    "Condition": {
                      "actions": {
                        "Create_item": {
                          "runAfter": {},
                          "metadata": {
                            "operationMetadataId": "e207bf15-2b4e-481b-ba82-30ff4c2606da"
                          },
                          "type": "OpenApiConnection",
                          "inputs": {
                            "host": {
                              "connectionName": "shared_sharepointonline",
                              "operationId": "PostItem",
                              "apiId": "/providers/Microsoft.PowerApps/apis/shared_sharepointonline"
                            },
                            "parameters": {
                              "dataset": "@parameters('SiteAddress (HRMS365) (hrms365_SiteAddressHRMS365)')",
                              "table": "HR365PMXAppraisal",
                              "item/Title": "@items('Apply_to_each')?['AppraisalName']",
                              "item/AppraisalName": "@items('Apply_to_each')?['AppraisalName']",
                              "item/ApprisalCycle": "@outputs('Compose_5')",
                              "item/ApprisalCycleEnd": "@formatDateTime(addDays(outputs('Compose_5'), mul(30, 3)), 'yyyy-MM-dd')",
                              "item/Description": "@items('Apply_to_each')?['Description']",
                              "item/StartDate": "@outputs('Compose_5')",
                              "item/SelfReview": "@items('Apply_to_each')?['SelfReview']",
                              "item/AppraisersReview": "@items('Apply_to_each')?['AppraisersReview']",
                              "item/Collaboration": "@items('Apply_to_each')?['Collaboration']",
                              "item/ReviewConclusion": "@items('Apply_to_each')?['ReviewConclusion']",
                              "item/RatingScale": "@items('Apply_to_each')?['RatingScale']",
                              "item/Status": "Not Started",
                              "item/HideAndShowData": "@items('Apply_to_each')?['HideAndShowData']",
                              "item/HideAndShowName": "@items('Apply_to_each')?['HideAndShowName']",
                              "item/HideRating": "@items('Apply_to_each')?['HideRating']",
                              "item/Weightage": "@items('Apply_to_each')?['Weightage']",
                              "item/Recurrence": "No",
                              "item/Duration": "@items('Apply_to_each')?['Duration']"
                            },
                            "authentication": "@parameters('$authentication')"
                          }
                        },
                        "Apply_to_each_3": {
                          "foreach": "@array(outputs('Get_items')?['body/value'])",
                          "actions": {
                            "Create_item_2": {
                              "runAfter": {},
                              "metadata": {
                                "operationMetadataId": "f74cd1bf-5d7b-4088-a4a4-34fd45155558"
                              },
                              "type": "OpenApiConnection",
                              "inputs": {
                                "host": {
                                  "connectionName": "shared_sharepointonline",
                                  "operationId": "PostItem",
                                  "apiId": "/providers/Microsoft.PowerApps/apis/shared_sharepointonline"
                                },
                                "parameters": {
                                  "dataset": "@parameters('SiteAddress (HRMS365) (hrms365_SiteAddressHRMS365)')",
                                  "table": "HR365PMXReviewList",
                                  "item/Title": "@outputs('Create_item')?['body/Title']",
                                  "item/Name": "@items('Apply_to_each_3')?['Name']",
                                  "item/ReviewCycle": "@outputs('Create_item')?['body/AppraisalName']",
                                  "item/ReviewStatus": "Not Started",
                                  "item/ManagerName": "@items('Apply_to_each_3')?['ManagerName']",
                                  "item/Titles": "@items('Apply_to_each_3')?['Titles']",
                                  "item/UserRole": "@items('Apply_to_each_3')?['UserRole']",
                                  "item/UserMail": "@items('Apply_to_each_3')?['UserMail']",
                                  "item/RatingScale": "@items('Apply_to_each_3')?['RatingScale']",
                                  "item/UserGUID": "@items('Apply_to_each_3')?['UserGUID']",
                                  "item/ManagerGUID": "@items('Apply_to_each_3')?['ManagerGUID']",
                                  "item/Department": "@items('Apply_to_each_3')?['Department']",
                                  "item/Status": "Not Started",
                                  "item/Location": "@items('Apply_to_each_3')?['Location']",
                                  "item/ReviewCycleID": "@outputs('Create_item')?['body/ID']",
                                  "item/Manager": "@items('Apply_to_each_3')?['Manager']",
                                  "item/company": "@items('Apply_to_each_3')?['company']"
                                },
                                "authentication": "@parameters('$authentication')"
                              }
                            }
                          },
                          "runAfter": {
                            "Create_item": [
                              "Succeeded"
                            ]
                          },
                          "metadata": {
                            "operationMetadataId": "080e4a31-a7ac-4c8b-bb4e-7bc2df4ce4e9"
                          },
                          "type": "Foreach"
                        }
                      },
                      "runAfter": {
                        "Compose_6": [
                          "Succeeded"
                        ]
                      },
                      "expression": {
                        "equals": [
                          "@formatDateTime(addDays(outputs('Compose_5'), -30), 'yyyy-MM-dd')",
                          "@formatDateTime(utcNow(), 'yyyy-MM-dd')"
                        ]
                      },
                      "metadata": {
                        "operationMetadataId": "a25bc3aa-9bf2-4a7e-a9be-1242a479f019"
                      },
                      "type": "If"
                    },
                    "Compose_6": {
                      "runAfter": {
                        "Compose_5": [
                          "Succeeded"
                        ]
                      },
                      "metadata": {
                        "operationMetadataId": "395da19b-0777-4303-8c51-2e3752a8b1a2"
                      },
                      "type": "Compose",
                      "inputs": "@formatDateTime(addDays(outputs('Compose_5'), -30), 'yyyy-MM-dd')"
                    }
                  },
                  "runAfter": {
                    "Compose_2": [
                      "Succeeded"
                    ]
                  },
                  "metadata": {
                    "operationMetadataId": "166386ff-e02b-48bb-b2ac-5b81c5e30429"
                  },
                  "type": "Foreach"
                }
              },
              "runAfter": {
                "Set_Recurrence": [
                  "Succeeded"
                ]
              },
              "expression": {
                "equals": [
                  "@items('Apply_to_each')?['Duration']",
                  "Quarterly"
                ]
              },
              "metadata": {
                "operationMetadataId": "43de6bdc-ab71-40a7-b8f8-023b34619e7e"
              },
              "type": "If"
            },
            "Set_Start_Date": {
              "runAfter": {
                "Compose_4": [
                  "Succeeded"
                ]
              },
              "metadata": {
                "operationMetadataId": "27286343-55d9-4c4a-8cae-12ced5c739f7"
              },
              "type": "SetVariable",
              "inputs": {
                "name": "StartDate",
                "value": "@{items('Apply_to_each')?['ApprisalCycle']}"
              }
            },
            "Set_End_Date": {
              "runAfter": {
                "Set_Start_Date": [
                  "Succeeded"
                ]
              },
              "metadata": {
                "operationMetadataId": "3a07d64b-b3f8-49ac-86f1-4fe73a586b1a"
              },
              "type": "SetVariable",
              "inputs": {
                "name": "EndDate",
                "value": "@{items('Apply_to_each')?['ApprisalCycleEnd']}"
              }
            },
            "Set_Recurrence": {
              "runAfter": {
                "Compose_3": [
                  "Succeeded"
                ]
              },
              "metadata": {
                "operationMetadataId": "c5b0d229-5293-4b1a-90be-bd93871e4d9c"
              },
              "type": "SetVariable",
              "inputs": {
                "name": "NumberOfRecurrence",
                "value": "@int(outputs('Compose_3'))"
              }
            },
            "Compose_3": {
              "runAfter": {
                "Set_End_Date": [
                  "Succeeded"
                ]
              },
              "metadata": {
                "operationMetadataId": "5c54dc0f-303e-4c53-ba55-b329e621144f"
              },
              "type": "Compose",
              "inputs": "@int(string(items('Apply_to_each')?['Recurrenceday']))"
            },
            "Compose_4": {
              "runAfter": {
                "Get_items": [
                  "Succeeded"
                ]
              },
              "metadata": {
                "operationMetadataId": "3cf1fb72-8096-43e2-a115-fc31ace0e110"
              },
              "type": "Compose",
              "inputs": "@json(items('Apply_to_each')?['RecurrenceLoopData'])"
            },
            "Get_items": {
              "runAfter": {
                "Compose": [
                  "Succeeded"
                ]
              },
              "metadata": {
                "operationMetadataId": "ea005bc5-d42b-4a7d-8d42-5cb7d2932d36"
              },
              "type": "OpenApiConnection",
              "inputs": {
                "host": {
                  "connectionName": "shared_sharepointonline_1",
                  "operationId": "GetItems",
                  "apiId": "/providers/Microsoft.PowerApps/apis/shared_sharepointonline"
                },
                "parameters": {
                  "dataset": "@parameters('SiteAddress (HRMS365) (hrms365_SiteAddressHRMS365)')",
                  "table": "HR365PMXReviewList",
                  "$filter": "ReviewCycleID eq '@{items('Apply_to_each')?['ID']}' "
                },
                "authentication": "@parameters('$authentication')"
              }
            },
            "Duration_eq_to_Half_Yearly": {
              "actions": {
                "Set_variable_2": {
                  "runAfter": {},
                  "metadata": {
                    "operationMetadataId": "159f6e6e-f0a6-4dfb-82f3-7e82452197f0"
                  },
                  "type": "SetVariable",
                  "inputs": {
                    "name": "TotalRecurrence",
                    "value": "@int(mul(variables('NumberOfRecurrence'), 6))"
                  }
                },
                "Compose_7": {
                  "runAfter": {
                    "Set_variable_2": [
                      "Succeeded"
                    ]
                  },
                  "metadata": {
                    "operationMetadataId": "e282cc91-8250-46d6-9f3e-2253fd6d5099"
                  },
                  "type": "Compose",
                  "inputs": "@formatDateTime(addDays(variables('StartDate'), mul(variables('TotalRecurrence'), 30)), 'yyyy-MM-dd')"
                },
                "Apply_to_each_4": {
                  "foreach": "@array(outputs('Compose_4'))",
                  "actions": {
                    "Compose_8": {
                      "runAfter": {},
                      "metadata": {
                        "operationMetadataId": "ef478b6d-e35f-428e-a7ff-b75844272e38"
                      },
                      "type": "Compose",
                      "inputs": "@formatDateTime(addDays(variables('StartDate'), mul(30, mul(6, items('Apply_to_each_4')))), 'yyyy-MM-dd')"
                    },
                    "Condition_2": {
                      "actions": {
                        "Create_item_3": {
                          "runAfter": {},
                          "metadata": {
                            "operationMetadataId": "009fb1bf-40c3-4911-8714-5df59773ae43"
                          },
                          "type": "OpenApiConnection",
                          "inputs": {
                            "host": {
                              "connectionName": "shared_sharepointonline",
                              "operationId": "PostItem",
                              "apiId": "/providers/Microsoft.PowerApps/apis/shared_sharepointonline"
                            },
                            "parameters": {
                              "dataset": "@parameters('SiteAddress (HRMS365) (hrms365_SiteAddressHRMS365)')",
                              "table": "HR365PMXAppraisal",
                              "item/Title": "@items('Apply_to_each')?['AppraisalName']",
                              "item/AppraisalName": "@items('Apply_to_each')?['AppraisalName']",
                              "item/ApprisalCycle": "@outputs('Compose_8')",
                              "item/ApprisalCycleEnd": "@formatDateTime(addDays(outputs('Compose_8'), mul(30, 6)), 'yyyy-MM-dd')",
                              "item/Description": "@items('Apply_to_each')?['Description']",
                              "item/StartDate": "@outputs('Compose_8')",
                              "item/SelfReview": "@items('Apply_to_each')?['SelfReview']",
                              "item/AppraisersReview": "@items('Apply_to_each')?['AppraisersReview']",
                              "item/Collaboration": "@items('Apply_to_each')?['Collaboration']",
                              "item/ReviewConclusion": "@items('Apply_to_each')?['ReviewConclusion']",
                              "item/RatingScale": "@items('Apply_to_each')?['RatingScale']",
                              "item/Status": "Not Started",
                              "item/HideAndShowData": "@items('Apply_to_each')?['HideAndShowData']",
                              "item/HideAndShowName": "@items('Apply_to_each')?['HideAndShowName']",
                              "item/HideRating": "@items('Apply_to_each')?['HideRating']",
                              "item/Weightage": "@items('Apply_to_each')?['Weightage']",
                              "item/Recurrence": "No",
                              "item/Duration": "@items('Apply_to_each')?['Duration']"
                            },
                            "authentication": "@parameters('$authentication')"
                          }
                        },
                        "Apply_to_each_5": {
                          "foreach": "@array(outputs('Get_items')?['body/value'])",
                          "actions": {
                            "Create_item_4": {
                              "runAfter": {},
                              "metadata": {
                                "operationMetadataId": "6437c2a3-8e6a-4789-86fe-6ad63564d231"
                              },
                              "type": "OpenApiConnection",
                              "inputs": {
                                "host": {
                                  "connectionName": "shared_sharepointonline",
                                  "operationId": "PostItem",
                                  "apiId": "/providers/Microsoft.PowerApps/apis/shared_sharepointonline"
                                },
                                "parameters": {
                                  "dataset": "@parameters('SiteAddress (HRMS365) (hrms365_SiteAddressHRMS365)')",
                                  "table": "HR365PMXReviewList",
                                  "item/Title": "@outputs('Create_item_3')?['body/Title']",
                                  "item/Name": "@items('Apply_to_each_5')?['Name']",
                                  "item/ReviewCycle": "@outputs('Create_item_3')?['body/AppraisalName']",
                                  "item/ReviewStatus": "Not Started",
                                  "item/ManagerName": "@items('Apply_to_each_5')?['ManagerName']",
                                  "item/Titles": "@items('Apply_to_each_5')?['Titles']",
                                  "item/UserRole": "@items('Apply_to_each_5')?['UserRole']",
                                  "item/UserMail": "@items('Apply_to_each_5')?['UserMail']",
                                  "item/RatingScale": "@items('Apply_to_each_5')?['RatingScale']",
                                  "item/UserGUID": "@items('Apply_to_each_5')?['UserGUID']",
                                  "item/ManagerGUID": "@items('Apply_to_each_5')?['ManagerGUID']",
                                  "item/Department": "@items('Apply_to_each_5')?['Department']",
                                  "item/Status": "Not Started",
                                  "item/Location": "@items('Apply_to_each_5')?['Location']",
                                  "item/ReviewCycleID": "@outputs('Create_item_3')?['body/ID']",
                                  "item/Manager": "@items('Apply_to_each_5')?['Manager']",
                                  "item/company": "@items('Apply_to_each_5')?['company']"
                                },
                                "authentication": "@parameters('$authentication')"
                              }
                            }
                          },
                          "runAfter": {
                            "Create_item_3": [
                              "Succeeded"
                            ]
                          },
                          "metadata": {
                            "operationMetadataId": "3430aba2-e9d3-4333-9e7b-ace65c3b3da2"
                          },
                          "type": "Foreach"
                        }
                      },
                      "runAfter": {
                        "Compose_9": [
                          "Succeeded"
                        ]
                      },
                      "expression": {
                        "equals": [
                          "@formatDateTime(addDays(outputs('Compose_8'), -60), 'yyyy-MM-dd')",
                          "@formatDateTime(utcNow(), 'yyyy-MM-dd')"
                        ]
                      },
                      "metadata": {
                        "operationMetadataId": "48783903-d6fb-4b56-82f6-a8ced7b3cb05"
                      },
                      "type": "If"
                    },
                    "Compose_9": {
                      "runAfter": {
                        "Compose_8": [
                          "Succeeded"
                        ]
                      },
                      "metadata": {
                        "operationMetadataId": "f12f9506-644f-4af7-8ce9-61530988413c"
                      },
                      "type": "Compose",
                      "inputs": "@formatDateTime(addDays(outputs('Compose_8'), -60), 'yyyy-MM-dd')"
                    }
                  },
                  "runAfter": {
                    "Compose_7": [
                      "Succeeded"
                    ]
                  },
                  "metadata": {
                    "operationMetadataId": "166386ff-e02b-48bb-b2ac-5b81c5e30429"
                  },
                  "type": "Foreach"
                }
              },
              "runAfter": {
                "Duration_eq_to_Quarterly": [
                  "Succeeded"
                ]
              },
              "expression": {
                "equals": [
                  "@items('Apply_to_each')?['Duration']",
                  "Half yearly"
                ]
              },
              "metadata": {
                "operationMetadataId": "40a1ef59-ef9b-4d15-b694-0ced7163b3ba"
              },
              "type": "If"
            },
            "Duration_eq_to_Yearly": {
              "actions": {
                "Set_variable_3": {
                  "runAfter": {},
                  "metadata": {
                    "operationMetadataId": "159f6e6e-f0a6-4dfb-82f3-7e82452197f0"
                  },
                  "type": "SetVariable",
                  "inputs": {
                    "name": "TotalRecurrence",
                    "value": "@int(mul(variables('NumberOfRecurrence'), 12))"
                  }
                },
                "Compose_10": {
                  "runAfter": {
                    "Set_variable_3": [
                      "Succeeded"
                    ]
                  },
                  "metadata": {
                    "operationMetadataId": "e282cc91-8250-46d6-9f3e-2253fd6d5099"
                  },
                  "type": "Compose",
                  "inputs": "@formatDateTime(addDays(variables('StartDate'), mul(variables('TotalRecurrence'), 30)), 'yyyy-MM-dd')"
                },
                "Apply_to_each_6": {
                  "foreach": "@array(outputs('Compose_4'))",
                  "actions": {
                    "Compose_11": {
                      "runAfter": {},
                      "metadata": {
                        "operationMetadataId": "ef478b6d-e35f-428e-a7ff-b75844272e38"
                      },
                      "type": "Compose",
                      "inputs": "@formatDateTime(addDays(variables('StartDate'), mul(30, mul(12, items('Apply_to_each_6')))), 'yyyy-MM-dd')"
                    },
                    "Condition_3": {
                      "actions": {
                        "Create_item_5": {
                          "runAfter": {},
                          "metadata": {
                            "operationMetadataId": "14e7d9f1-ecca-4e45-beda-56dc938a05a0"
                          },
                          "type": "OpenApiConnection",
                          "inputs": {
                            "host": {
                              "connectionName": "shared_sharepointonline",
                              "operationId": "PostItem",
                              "apiId": "/providers/Microsoft.PowerApps/apis/shared_sharepointonline"
                            },
                            "parameters": {
                              "dataset": "@parameters('SiteAddress (HRMS365) (hrms365_SiteAddressHRMS365)')",
                              "table": "HR365PMXAppraisal",
                              "item/Title": "@items('Apply_to_each')?['AppraisalName']",
                              "item/AppraisalName": "@items('Apply_to_each')?['AppraisalName']",
                              "item/ApprisalCycle": "@outputs('Compose_11')",
                              "item/ApprisalCycleEnd": "@formatDateTime(addDays(outputs('Compose_11'), mul(30, 12)), 'yyyy-MM-dd')",
                              "item/Description": "@items('Apply_to_each')?['Description']",
                              "item/StartDate": "@outputs('Compose_11')",
                              "item/SelfReview": "@items('Apply_to_each')?['SelfReview']",
                              "item/AppraisersReview": "@items('Apply_to_each')?['AppraisersReview']",
                              "item/Collaboration": "@items('Apply_to_each')?['Collaboration']",
                              "item/ReviewConclusion": "@items('Apply_to_each')?['ReviewConclusion']",
                              "item/RatingScale": "@items('Apply_to_each')?['RatingScale']",
                              "item/Status": "Not Started",
                              "item/HideAndShowData": "@items('Apply_to_each')?['HideAndShowData']",
                              "item/HideAndShowName": "@items('Apply_to_each')?['HideAndShowName']",
                              "item/HideRating": "@items('Apply_to_each')?['HideRating']",
                              "item/Weightage": "@items('Apply_to_each')?['Weightage']",
                              "item/Recurrence": "No",
                              "item/Duration": "@items('Apply_to_each')?['Duration']"
                            },
                            "authentication": "@parameters('$authentication')"
                          }
                        },
                        "Apply_to_each_7": {
                          "foreach": "@array(outputs('Get_items')?['body/value'])",
                          "actions": {
                            "Create_item_6": {
                              "runAfter": {},
                              "metadata": {
                                "operationMetadataId": "59fbf243-dc22-4897-a11b-48f793b8e2bf"
                              },
                              "type": "OpenApiConnection",
                              "inputs": {
                                "host": {
                                  "connectionName": "shared_sharepointonline",
                                  "operationId": "PostItem",
                                  "apiId": "/providers/Microsoft.PowerApps/apis/shared_sharepointonline"
                                },
                                "parameters": {
                                  "dataset": "@parameters('SiteAddress (HRMS365) (hrms365_SiteAddressHRMS365)')",
                                  "table": "HR365PMXReviewList",
                                  "item/Title": "@outputs('Create_item_5')?['body/Title']",
                                  "item/Name": "@items('Apply_to_each_7')?['Name']",
                                  "item/ReviewCycle": "@outputs('Create_item_5')?['body/AppraisalName']",
                                  "item/ReviewStatus": "Not Started",
                                  "item/ManagerName": "@items('Apply_to_each_7')?['ManagerName']",
                                  "item/Titles": "@items('Apply_to_each_7')?['Titles']",
                                  "item/UserRole": "@items('Apply_to_each_7')?['UserRole']",
                                  "item/UserMail": "@items('Apply_to_each_7')?['UserMail']",
                                  "item/RatingScale": "@items('Apply_to_each_7')?['RatingScale']",
                                  "item/UserGUID": "@items('Apply_to_each_7')?['UserGUID']",
                                  "item/ManagerGUID": "@items('Apply_to_each_7')?['ManagerGUID']",
                                  "item/Department": "@items('Apply_to_each_7')?['Department']",
                                  "item/Status": "Not Started",
                                  "item/Location": "@items('Apply_to_each_7')?['Location']",
                                  "item/ReviewCycleID": "@outputs('Create_item_5')?['body/ID']",
                                  "item/Manager": "@items('Apply_to_each_7')?['Manager']",
                                  "item/company": "@items('Apply_to_each_7')?['company']"
                                },
                                "authentication": "@parameters('$authentication')"
                              }
                            }
                          },
                          "runAfter": {
                            "Create_item_5": [
                              "Succeeded"
                            ]
                          },
                          "metadata": {
                            "operationMetadataId": "a6511be8-69df-48b4-b48f-f85a9cafda63"
                          },
                          "type": "Foreach"
                        }
                      },
                      "runAfter": {
                        "Compose_12": [
                          "Succeeded"
                        ]
                      },
                      "expression": {
                        "equals": [
                          "@formatDateTime(addDays(outputs('Compose_11'), -90), 'yyyy-MM-dd')",
                          "@formatDateTime(utcNow(), 'yyyy-MM-dd')"
                        ]
                      },
                      "metadata": {
                        "operationMetadataId": "cb1f83eb-313c-4017-ae94-b52815297a87"
                      },
                      "type": "If"
                    },
                    "Compose_12": {
                      "runAfter": {
                        "Compose_11": [
                          "Succeeded"
                        ]
                      },
                      "metadata": {
                        "operationMetadataId": "ea5569b0-8110-48e9-b062-c0637c84f8c6"
                      },
                      "type": "Compose",
                      "inputs": "@formatDateTime(addDays(outputs('Compose_11'), -90), 'yyyy-MM-dd')"
                    }
                  },
                  "runAfter": {
                    "Compose_10": [
                      "Succeeded"
                    ]
                  },
                  "metadata": {
                    "operationMetadataId": "166386ff-e02b-48bb-b2ac-5b81c5e30429"
                  },
                  "type": "Foreach"
                }
              },
              "runAfter": {
                "Duration_eq_to_Half_Yearly": [
                  "Succeeded"
                ]
              },
              "expression": {
                "equals": [
                  "@items('Apply_to_each')?['Duration']",
                  "yearly"
                ]
              },
              "metadata": {
                "operationMetadataId": "43de6bdc-ab71-40a7-b8f8-023b34619e7e"
              },
              "type": "If"
            }
          },
          "runAfter": {
            "Total_Recurrence": [
              "Succeeded"
            ]
          },
          "metadata": {
            "operationMetadataId": "8b944aa0-899e-4b22-b6ac-5452ec221cac"
          },
          "type": "Foreach"
        }
      }
    },
    "templateName": ""
  },
  "schemaVersion": "1.0.0.0"
}