{
  "properties": {
    "connectionReferences": {
      "shared_sharepointonline_1": {
        "runtimeSource": "embedded",
        "connection": {
          "connectionReferenceLogicalName": "hr365_sharedsharepointonline_b2616"
        },
        "api": {
          "name": "shared_sharepointonline"
        }
      }
    },
    "definition": {
      "$schema": "https://schema.management.azure.com/providers/Microsoft.Logic/schemas/2016-06-01/workflowdefinition.json#",
      "contentVersion": "1.0.0.0",
      "parameters": {
        "$connections": {
          "defaultValue": {},
          "type": "Object"
        },
        "$authentication": {
          "defaultValue": {},
          "type": "SecureObject"
        },
        "SiteAddress (HRMS365) (hrms365_SiteAddressHRMS365)": {
          "defaultValue": "https://zw4fg.sharepoint.com/sites/HRMS001",
          "type": "String",
          "metadata": {
            "schemaName": "hrms365_SiteAddressHRMS365",
            "description": "HRMS New Variable for SiteAddress(TMM)(hr365_SiteAddressTMM)"
          }
        }
      },
      "triggers": {
        "When_an_item_is_created_or_modified": {
          "recurrence": {
            "interval": 1,
            "frequency": "Minute"
          },
          "splitOn": "@triggerOutputs()?['body/value']",
          "metadata": {
            "operationMetadataId": "86a54bcf-af17-46c9-b6cd-ded3a75d43ab"
          },
          "type": "OpenApiConnection",
          "inputs": {
            "host": {
              "connectionName": "shared_sharepointonline_1",
              "operationId": "GetOnUpdatedItems",
              "apiId": "/providers/Microsoft.PowerApps/apis/shared_sharepointonline"
            },
            "parameters": {
              "dataset": "@parameters('SiteAddress (HRMS365) (hrms365_SiteAddressHRMS365)')",
              "table": "HR365PMXOneToOne"
            },
            "authentication": "@parameters('$authentication')"
          }
        }
      },
      "actions": {
        "Send_an_HTTP_request_to_SharePoint": {
          "runAfter": {},
          "metadata": {
            "operationMetadataId": "e0f9ca58-8509-43f1-b5f9-5f7bc557146a"
          },
          "type": "OpenApiConnection",
          "inputs": {
            "host": {
              "connectionName": "shared_sharepointonline_1",
              "operationId": "HttpRequest",
              "apiId": "/providers/Microsoft.PowerApps/apis/shared_sharepointonline"
            },
            "parameters": {
              "dataset": "@parameters('SiteAddress (HRMS365) (hrms365_SiteAddressHRMS365)')",
              "parameters/method": "POST",
              "parameters/uri": "/_api/lists/getByTitle('HR365PMXOneToOne')/items(@{triggerOutputs()?['body/ID']})/breakroleinheritance(copyRoleAssignments=false,clearSubscopes=true)"
            },
            "authentication": "@parameters('$authentication')"
          }
        },
        "Get_users_details": {
          "runAfter": {
            "Created_By_Email": [
              "Succeeded"
            ]
          },
          "metadata": {
            "operationMetadataId": "c92ab1be-e72f-4583-bd2c-4549679bd21a"
          },
          "type": "OpenApiConnection",
          "inputs": {
            "host": {
              "connectionName": "shared_sharepointonline_1",
              "operationId": "HttpRequest",
              "apiId": "/providers/Microsoft.PowerApps/apis/shared_sharepointonline"
            },
            "parameters": {
              "dataset": "@parameters('SiteAddress (HRMS365) (hrms365_SiteAddressHRMS365)')",
              "parameters/method": "POST",
              "parameters/uri": "_api/web/ensureuser",
              "parameters/body": "{\n      'logonName': \"@{outputs('Created_By_Email')}\"\n    }"
            },
            "authentication": "@parameters('$authentication')"
          }
        },
        "Get_Group_Detail": {
          "runAfter": {
            "Get_users_details": [
              "Succeeded"
            ]
          },
          "metadata": {
            "operationMetadataId": "840285fc-8092-40f3-8814-4be607a19ec2"
          },
          "type": "OpenApiConnection",
          "inputs": {
            "host": {
              "connectionName": "shared_sharepointonline_1",
              "operationId": "HttpRequest",
              "apiId": "/providers/Microsoft.PowerApps/apis/shared_sharepointonline"
            },
            "parameters": {
              "dataset": "@parameters('SiteAddress (HRMS365) (hrms365_SiteAddressHRMS365)')",
              "parameters/method": "GET",
              "parameters/uri": "/_api/web/SiteGroups/getByName('PM365Admins')"
            },
            "authentication": "@parameters('$authentication')"
          }
        },
        "Initialize_variable": {
          "runAfter": {
            "Get_Group_Detail": [
              "Succeeded"
            ]
          },
          "metadata": {
            "operationMetadataId": "d9ba7fd2-f0fd-4f26-b74e-0e528728fb9e"
          },
          "type": "InitializeVariable",
          "inputs": {
            "variables": [
              {
                "name": "UserPrincpID",
                "type": "string",
                "value": "@{body('Get_users_details')['d']['id']}"
              }
            ]
          }
        },
        "Group_Detail": {
          "runAfter": {
            "Initialize_variable_3": [
              "Succeeded"
            ]
          },
          "metadata": {
            "operationMetadataId": "eaa596ad-1063-4000-9c26-0b01ed8b486b"
          },
          "type": "InitializeVariable",
          "inputs": {
            "variables": [
              {
                "name": "GroupDetail",
                "type": "string",
                "value": "@{body('Get_Group_Detail')['d']['id']}"
              }
            ]
          }
        },
        "Compose": {
          "runAfter": {
            "meeting_variabe": [
              "Succeeded"
            ]
          },
          "metadata": {
            "operationMetadataId": "636e8c86-6ead-438c-a866-d538c16996c2"
          },
          "type": "Compose",
          "inputs": "@json(triggerOutputs()?['body/MeetingWith'])"
        },
        "Apply_to_each": {
          "foreach": "@array(outputs('Compose'))",
          "actions": {
            "Set_variable_2": {
              "runAfter": {},
              "metadata": {
                "operationMetadataId": "a57ce8ff-ebc5-43ab-b437-a246afd8efdd"
              },
              "type": "SetVariable",
              "inputs": {
                "name": "Meeting With",
                "value": "i:0#.f|membership|@{items('Apply_to_each')['Email']}"
              }
            }
          },
          "runAfter": {
            "Compose": [
              "Succeeded"
            ]
          },
          "metadata": {
            "operationMetadataId": "9557d081-fdaa-4ea3-a354-93e4d4d7cfae"
          },
          "type": "Foreach"
        },
        "meeting_variabe": {
          "runAfter": {
            "Group_Detail": [
              "Succeeded"
            ]
          },
          "metadata": {
            "operationMetadataId": "a80fbf77-c993-428a-8b43-4691643358f5"
          },
          "type": "InitializeVariable",
          "inputs": {
            "variables": [
              {
                "name": "Meeting With",
                "type": "string"
              }
            ]
          }
        },
        "get_meeting_with_users": {
          "runAfter": {
            "Apply_to_each": [
              "Succeeded"
            ]
          },
          "metadata": {
            "operationMetadataId": "f31897f4-76f9-47c9-9cbb-26d43bd7f2e1"
          },
          "type": "OpenApiConnection",
          "inputs": {
            "host": {
              "connectionName": "shared_sharepointonline_1",
              "operationId": "HttpRequest",
              "apiId": "/providers/Microsoft.PowerApps/apis/shared_sharepointonline"
            },
            "parameters": {
              "dataset": "@parameters('SiteAddress (HRMS365) (hrms365_SiteAddressHRMS365)')",
              "parameters/method": "POST",
              "parameters/uri": "_api/web/ensureuser",
              "parameters/body": "{\n      'logonName': \"@{variables('Meeting With')}\"\n    }"
            },
            "authentication": "@parameters('$authentication')"
          }
        },
        "Initialize_variable_2": {
          "runAfter": {
            "get_meeting_with_users": [
              "Succeeded"
            ]
          },
          "metadata": {
            "operationMetadataId": "a6740408-62c5-4462-a7dc-c4e4c14b63bd"
          },
          "type": "InitializeVariable",
          "inputs": {
            "variables": [
              {
                "name": "meeting all members",
                "type": "string",
                "value": "@{body('get_meeting_with_users')['d']['id']}"
              }
            ]
          }
        },
        "Set_permissions_for_meeting_user": {
          "runAfter": {
            "Initialize_variable_2": [
              "Succeeded"
            ]
          },
          "metadata": {
            "operationMetadataId": "8be1535d-d11f-4104-9132-a1dee70971af"
          },
          "type": "OpenApiConnection",
          "inputs": {
            "host": {
              "connectionName": "shared_sharepointonline_1",
              "operationId": "HttpRequest",
              "apiId": "/providers/Microsoft.PowerApps/apis/shared_sharepointonline"
            },
            "parameters": {
              "dataset": "@parameters('SiteAddress (HRMS365) (hrms365_SiteAddressHRMS365)')",
              "parameters/method": "POST",
              "parameters/uri": "/_api/web/lists/getbytitle('HR365PMXOneToOne')/items(@{triggerOutputs()?['body/ID']})/roleassignments/addroleassignment(principalid=@{variables('meeting all members')},roledefid=1073741827)"
            },
            "authentication": "@parameters('$authentication')"
          }
        },
        "Set_permissions_for_created_user": {
          "runAfter": {
            "Set_permissions_for_meeting_user": [
              "Succeeded"
            ]
          },
          "metadata": {
            "operationMetadataId": "502cb5d7-f2e8-4b27-8f47-48e452cf7b05"
          },
          "type": "OpenApiConnection",
          "inputs": {
            "host": {
              "connectionName": "shared_sharepointonline_1",
              "operationId": "HttpRequest",
              "apiId": "/providers/Microsoft.PowerApps/apis/shared_sharepointonline"
            },
            "parameters": {
              "dataset": "@parameters('SiteAddress (HRMS365) (hrms365_SiteAddressHRMS365)')",
              "parameters/method": "POST",
              "parameters/uri": "/_api/web/lists/getbytitle('HR365PMXOneToOne')/items(@{triggerOutputs()?['body/ID']})/roleassignments/addroleassignment(principalid=@{variables('UserPrincpID')},roledefid=1073741827)"
            },
            "authentication": "@parameters('$authentication')"
          }
        },
        "Send_an_HTTP_request_to_SharePoint_2": {
          "runAfter": {
            "Set_permissions_for_created_user": [
              "Succeeded"
            ]
          },
          "metadata": {
            "operationMetadataId": "4408b0ab-2c2b-4dfd-942b-43e65d91e78b"
          },
          "type": "OpenApiConnection",
          "inputs": {
            "host": {
              "connectionName": "shared_sharepointonline_1",
              "operationId": "HttpRequest",
              "apiId": "/providers/Microsoft.PowerApps/apis/shared_sharepointonline"
            },
            "parameters": {
              "dataset": "@parameters('SiteAddress (HRMS365) (hrms365_SiteAddressHRMS365)')",
              "parameters/method": "POST",
              "parameters/uri": "/_api/web/lists/getbytitle('HR365PMXOneToOne')/items(@{triggerOutputs()?['body/ID']})/roleassignments/addroleassignment(principalid=@{variables('GroupDetail')},roledefid=1073741827)"
            },
            "authentication": "@parameters('$authentication')"
          }
        },
        "Initialize_variable_4": {
          "runAfter": {
            "Send_an_HTTP_request_to_SharePoint_2": [
              "Succeeded"
            ]
          },
          "metadata": {
            "operationMetadataId": "4968cc78-ae2e-4226-8296-e2e302b8bdae"
          },
          "type": "InitializeVariable",
          "inputs": {
            "variables": [
              {
                "name": "Task owner",
                "type": "array"
              }
            ]
          }
        },
        "Compose_2_Task_Owner": {
          "runAfter": {
            "Initialize_variable_4": [
              "Succeeded"
            ]
          },
          "metadata": {
            "operationMetadataId": "673f29a1-fd98-4c0b-88f0-66cb69dacdb3"
          },
          "type": "Compose",
          "inputs": "@json(triggerOutputs()?['body/TemplateDescription'])"
        },
        "Apply_to_each_2": {
          "foreach": "@array(outputs('Compose_2_Task_Owner')['Eachtemplate'])",
          "actions": {
            "Condition": {
              "actions": {
                "Compose_2_pesonadata": {
                  "runAfter": {},
                  "metadata": {
                    "operationMetadataId": "6291e5ad-4d24-4c48-960a-fe997e82fb66"
                  },
                  "type": "Compose",
                  "inputs": "@items('Apply_to_each_2')['personadata']"
                },
                "Compose_3": {
                  "runAfter": {
                    "Compose_2_pesonadata": [
                      "Succeeded"
                    ]
                  },
                  "metadata": {
                    "operationMetadataId": "ce495a7e-0229-4a1b-b39c-c790e01fbfab"
                  },
                  "type": "Compose",
                  "inputs": "@outputs('Compose_2_pesonadata')"
                },
                "Apply_to_each_3": {
                  "foreach": "@outputs('Compose_3')",
                  "actions": {
                    "Compose_2": {
                      "runAfter": {},
                      "metadata": {
                        "operationMetadataId": "48d587ee-9608-4a63-8375-87b2482ddb23"
                      },
                      "type": "Compose",
                      "inputs": "@items('Apply_to_each_3')['value']"
                    },
                    "Condition_2": {
                      "actions": {
                        "Append_to_array_variable": {
                          "runAfter": {},
                          "metadata": {
                            "operationMetadataId": "64e00736-c286-4025-b27b-8d90f5ac59c6"
                          },
                          "type": "AppendToArrayVariable",
                          "inputs": {
                            "name": "Task owner",
                            "value": "@outputs('Compose_2')"
                          }
                        }
                      },
                      "runAfter": {
                        "Compose_2": [
                          "Succeeded"
                        ]
                      },
                      "expression": {
                        "and": [
                          {
                            "not": {
                              "equals": [
                                "@outputs('Compose_2')",
                                ""
                              ]
                            }
                          },
                          {
                            "not": {
                              "equals": [
                                "@outputs('Compose_2')",
                                "@null"
                              ]
                            }
                          }
                        ]
                      },
                      "metadata": {
                        "operationMetadataId": "6b6033be-ba46-4e9b-9168-6f93b6c85121"
                      },
                      "type": "If"
                    }
                  },
                  "runAfter": {
                    "Compose_3": [
                      "Succeeded"
                    ]
                  },
                  "metadata": {
                    "operationMetadataId": "81feb688-4e93-4cf7-ac52-af59033abfb2"
                  },
                  "type": "Foreach"
                }
              },
              "runAfter": {},
              "expression": {
                "equals": [
                  "@items('Apply_to_each_2')['Name']",
                  "Action Point(s)"
                ]
              },
              "metadata": {
                "operationMetadataId": "e9c925fb-4783-4eff-9338-c758623eb675"
              },
              "type": "If"
            }
          },
          "runAfter": {
            "Compose_2_Task_Owner": [
              "Succeeded"
            ]
          },
          "metadata": {
            "operationMetadataId": "8b9a9a7e-69cb-4d9d-bca0-8f72399addb4"
          },
          "type": "Foreach"
        },
        "Apply_to_each_4": {
          "foreach": "@variables('Task owner')",
          "actions": {
            "Send_an_HTTP_request_to_SharePoint_3": {
              "runAfter": {
                "Get_Value_of_Task_Owner": [
                  "Succeeded"
                ]
              },
              "metadata": {
                "operationMetadataId": "949f673c-ccb4-4dc7-a2bd-423b549189c1"
              },
              "type": "OpenApiConnection",
              "inputs": {
                "host": {
                  "connectionName": "shared_sharepointonline_1",
                  "operationId": "HttpRequest",
                  "apiId": "/providers/Microsoft.PowerApps/apis/shared_sharepointonline"
                },
                "parameters": {
                  "dataset": "@parameters('SiteAddress (HRMS365) (hrms365_SiteAddressHRMS365)')",
                  "parameters/method": "POST",
                  "parameters/uri": "/_api/web/lists/getbytitle('HR365PMXOneToOne')/items(@{triggerOutputs()?['body/ID']})/roleassignments/addroleassignment(principalid=@{body('Get_Value_of_Task_Owner')['d']['id']},roledefid=1073741827)"
                },
                "authentication": "@parameters('$authentication')"
              }
            },
            "Set_variable": {
              "runAfter": {},
              "metadata": {
                "operationMetadataId": "44f33af6-10fc-48f9-9f3b-c07f6edf17cc"
              },
              "type": "SetVariable",
              "inputs": {
                "name": "Task Owner Array val",
                "value": "i:0#.f|membership|@{items('Apply_to_each_4')}"
              }
            },
            "Get_Value_of_Task_Owner": {
              "runAfter": {
                "Set_variable": [
                  "Succeeded"
                ]
              },
              "metadata": {
                "operationMetadataId": "0e637220-ad72-4c0c-b086-9fc8478c7992"
              },
              "type": "OpenApiConnection",
              "inputs": {
                "host": {
                  "connectionName": "shared_sharepointonline_1",
                  "operationId": "HttpRequest",
                  "apiId": "/providers/Microsoft.PowerApps/apis/shared_sharepointonline"
                },
                "parameters": {
                  "dataset": "@parameters('SiteAddress (HRMS365) (hrms365_SiteAddressHRMS365)')",
                  "parameters/method": "POST",
                  "parameters/uri": "_api/web/ensureuser",
                  "parameters/body": "{\n      'logonName': \"@{variables('Task Owner Array val')}\"\n    }"
                },
                "authentication": "@parameters('$authentication')"
              }
            }
          },
          "runAfter": {
            "Apply_to_each_2": [
              "Succeeded"
            ]
          },
          "metadata": {
            "operationMetadataId": "1974ca5b-6077-4132-ad88-4d43d9db3a0a"
          },
          "type": "Foreach"
        },
        "Created_By_Email": {
          "runAfter": {
            "Send_an_HTTP_request_to_SharePoint": [
              "Succeeded"
            ]
          },
          "metadata": {
            "operationMetadataId": "7db8e890-3cb5-4d86-ad83-e7fb6b8e2844"
          },
          "type": "Compose",
          "inputs": "i:0#.f|membership|@{triggerOutputs()?['body/Author/Email']}"
        },
        "Initialize_variable_3": {
          "runAfter": {
            "Initialize_variable": [
              "Succeeded"
            ]
          },
          "metadata": {
            "operationMetadataId": "a73e9172-b502-459d-8149-c35fe6d24e92"
          },
          "type": "InitializeVariable",
          "inputs": {
            "variables": [
              {
                "name": "Task Owner Array val",
                "type": "string"
              }
            ]
          }
        }
      }
    },
    "templateName": ""
  },
  "schemaVersion": "1.0.0.0"
}