{
  "properties": {
    "connectionReferences": {
      "shared_sharepointonline_2": {
        "runtimeSource": "embedded",
        "connection": {
          "connectionReferenceLogicalName": "hr365_sharedsharepointonline_8e11c"
        },
        "api": {
          "name": "shared_sharepointonline"
        }
      },
      "shared_sharepointonline": {
        "runtimeSource": "embedded",
        "connection": {
          "connectionReferenceLogicalName": "hr365_sharedsharepointonline_31bba"
        },
        "api": {
          "name": "shared_sharepointonline"
        }
      }
    },
    "definition": {
      "$schema": "https://schema.management.azure.com/providers/Microsoft.Logic/schemas/2016-06-01/workflowdefinition.json#",
      "contentVersion": "1.0.0.0",
      "parameters": {
        "$connections": {
          "defaultValue": {},
          "type": "Object"
        },
        "$authentication": {
          "defaultValue": {},
          "type": "SecureObject"
        },
        "SiteAddress (HRMS365) (hrms365_SiteAddressHRMS365)": {
          "defaultValue": "https://zw4fg.sharepoint.com/sites/HRMS001",
          "type": "String",
          "metadata": {
            "schemaName": "hrms365_SiteAddressHRMS365",
            "description": "HRMS New Variable for SiteAddress(TMM)(hr365_SiteAddressTMM)"
          }
        }
      },
      "triggers": {
        "When_an_item_is_created_or_modified": {
          "recurrence": {
            "interval": 1,
            "frequency": "Minute"
          },
          "splitOn": "@triggerOutputs()?['body/value']",
          "metadata": {
            "operationMetadataId": "cb9af1d7-2acd-4d75-b76d-fdd7935e70b7"
          },
          "type": "OpenApiConnection",
          "inputs": {
            "host": {
              "connectionName": "shared_sharepointonline",
              "operationId": "GetOnUpdatedItems",
              "apiId": "/providers/Microsoft.PowerApps/apis/shared_sharepointonline"
            },
            "parameters": {
              "dataset": "@parameters('SiteAddress (HRMS365) (hrms365_SiteAddressHRMS365)')",
              "table": "HR365PMXKPIReviewList"
            },
            "authentication": "@parameters('$authentication')"
          }
        }
      },
      "actions": {
        "Send_an_HTTP_request_to_SharePoint": {
          "runAfter": {
            "Group_Name": [
              "Succeeded"
            ]
          },
          "metadata": {
            "operationMetadataId": "5a2e80b4-107f-43ae-9ca4-225725d0c98d"
          },
          "type": "OpenApiConnection",
          "inputs": {
            "host": {
              "connectionName": "shared_sharepointonline_2",
              "operationId": "HttpRequest",
              "apiId": "/providers/Microsoft.PowerApps/apis/shared_sharepointonline"
            },
            "parameters": {
              "dataset": "@variables('SiteURL')",
              "parameters/method": "POST",
              "parameters/uri": "/_api/lists/getByTitle('HR365PMXKPIReviewList')/items(@{triggerOutputs()?['body/ID']})/breakroleinheritance(copyRoleAssignments=false,clearSubscopes=true)"
            },
            "authentication": "@parameters('$authentication')"
          }
        },
        "NameID": {
          "runAfter": {
            "SetPermissions_For_User": [
              "Succeeded"
            ]
          },
          "metadata": {
            "operationMetadataId": "9f552edc-da45-4f6c-b35a-c2ab2aa2348e"
          },
          "type": "InitializeVariable",
          "inputs": {
            "variables": [
              {
                "name": "NameID",
                "type": "string"
              }
            ]
          }
        },
        "Compose": {
          "runAfter": {
            "Scope": [
              "Succeeded"
            ]
          },
          "metadata": {
            "operationMetadataId": "5693d1ff-e711-436b-bfbe-b144e7829e2e"
          },
          "type": "Compose",
          "inputs": "i:0#.f|membership|@{triggerOutputs()?['body/ManagerName']}"
        },
        "Send_an_HTTP_request_to_SharePoint_2": {
          "runAfter": {
            "User_Item": [
              "Succeeded"
            ]
          },
          "metadata": {
            "operationMetadataId": "0f52d926-a9b9-4f13-8aba-264f9dc5c65e"
          },
          "type": "OpenApiConnection",
          "inputs": {
            "host": {
              "connectionName": "shared_sharepointonline_2",
              "operationId": "HttpRequest",
              "apiId": "/providers/Microsoft.PowerApps/apis/shared_sharepointonline"
            },
            "parameters": {
              "dataset": "@variables('SiteURL')",
              "parameters/method": "POST",
              "parameters/uri": "_api/web/ensureuser",
              "parameters/body": "{\n      'logonName': \"@{outputs('Compose')}\"\n    }"
            },
            "authentication": "@parameters('$authentication')"
          }
        },
        "SetPermissions_For_Manager": {
          "runAfter": {
            "Send_an_HTTP_request_to_SharePoint_for_user": [
              "Succeeded"
            ]
          },
          "metadata": {
            "operationMetadataId": "54c28203-bf97-447f-b4d5-c9b428ea30ef"
          },
          "type": "OpenApiConnection",
          "inputs": {
            "host": {
              "connectionName": "shared_sharepointonline",
              "operationId": "HttpRequest",
              "apiId": "/providers/Microsoft.PowerApps/apis/shared_sharepointonline"
            },
            "parameters": {
              "dataset": "@variables('SiteURL')",
              "parameters/method": "POST",
              "parameters/uri": "/_api/web/lists/getbytitle('HR365PMXKPIReviewList')/items(@{triggerOutputs()?['body/ID']})/roleassignments/addroleassignment(principalid=@{body('Send_an_HTTP_request_to_SharePoint_2')['d']['Id']},roledefid=1073741827)"
            },
            "authentication": "@parameters('$authentication')"
          }
        },
        "Send_an_HTTP_request_to_SharePoint_4": {
          "runAfter": {
            "Group_ID": [
              "Succeeded"
            ]
          },
          "metadata": {
            "operationMetadataId": "6ca5aef3-8735-4792-8120-8323ba72cd5f"
          },
          "type": "OpenApiConnection",
          "inputs": {
            "host": {
              "connectionName": "shared_sharepointonline_2",
              "operationId": "HttpRequest",
              "apiId": "/providers/Microsoft.PowerApps/apis/shared_sharepointonline"
            },
            "parameters": {
              "dataset": "@variables('SiteURL')",
              "parameters/method": "POST",
              "parameters/uri": "/_api/web/lists/getbytitle('HR365PMXKPIReviewList')/items(@{triggerOutputs()?['body/ID']})/roleassignments/addroleassignment(principalid=@{variables('Group ID')},roledefid=1073741827)"
            },
            "authentication": "@parameters('$authentication')"
          }
        },
        "Group_ID": {
          "runAfter": {
            "Get_Admin_Group_data": [
              "Succeeded"
            ]
          },
          "metadata": {
            "operationMetadataId": "8f56e110-cb19-4358-bcca-c155d2d01637"
          },
          "type": "InitializeVariable",
          "inputs": {
            "variables": [
              {
                "name": "Group ID",
                "type": "string",
                "value": "@{body('Get_Admin_Group_data')['d']['id']}"
              }
            ]
          }
        },
        "Get_Admin_Group_data": {
          "runAfter": {
            "NameID": [
              "Succeeded"
            ]
          },
          "metadata": {
            "operationMetadataId": "49ef78d6-e798-418c-bf6b-708ab536214f"
          },
          "type": "OpenApiConnection",
          "inputs": {
            "host": {
              "connectionName": "shared_sharepointonline_2",
              "operationId": "HttpRequest",
              "apiId": "/providers/Microsoft.PowerApps/apis/shared_sharepointonline"
            },
            "parameters": {
              "dataset": "@variables('SiteURL')",
              "parameters/method": "GET",
              "parameters/uri": "/_api/web/SiteGroups/getByName('@{variables('GroupName')}')"
            },
            "authentication": "@parameters('$authentication')"
          }
        },
        "Initialize_variable": {
          "runAfter": {},
          "metadata": {
            "operationMetadataId": "cb6ced97-2948-451d-95e3-8ca4c6317677"
          },
          "type": "InitializeVariable",
          "inputs": {
            "variables": [
              {
                "name": "SiteURL",
                "type": "string",
                "value": "@parameters('SiteAddress (HRMS365) (hrms365_SiteAddressHRMS365)')"
              }
            ]
          }
        },
        "User_Item": {
          "runAfter": {
            "Compose": [
              "Succeeded"
            ]
          },
          "metadata": {
            "operationMetadataId": "f73909a6-d66f-4747-ac29-03a197ddf777"
          },
          "type": "Compose",
          "inputs": "i:0#.f|membership|@{triggerOutputs()?['body/UserMail']}"
        },
        "Send_an_HTTP_request_to_SharePoint_for_user": {
          "runAfter": {
            "Send_an_HTTP_request_to_SharePoint_2": [
              "Succeeded"
            ]
          },
          "metadata": {
            "operationMetadataId": "0f52d926-a9b9-4f13-8aba-264f9dc5c65e"
          },
          "type": "OpenApiConnection",
          "inputs": {
            "host": {
              "connectionName": "shared_sharepointonline_2",
              "operationId": "HttpRequest",
              "apiId": "/providers/Microsoft.PowerApps/apis/shared_sharepointonline"
            },
            "parameters": {
              "dataset": "@variables('SiteURL')",
              "parameters/method": "POST",
              "parameters/uri": "_api/web/ensureuser",
              "parameters/body": "{\n      'logonName': \"@{outputs('User_Item')}\"\n    }"
            },
            "authentication": "@parameters('$authentication')"
          }
        },
        "SetPermissions_For_User": {
          "runAfter": {
            "SetPermissions_For_Manager": [
              "Succeeded"
            ]
          },
          "metadata": {
            "operationMetadataId": "54c28203-bf97-447f-b4d5-c9b428ea30ef"
          },
          "type": "OpenApiConnection",
          "inputs": {
            "host": {
              "connectionName": "shared_sharepointonline_2",
              "operationId": "HttpRequest",
              "apiId": "/providers/Microsoft.PowerApps/apis/shared_sharepointonline"
            },
            "parameters": {
              "dataset": "@variables('SiteURL')",
              "parameters/method": "POST",
              "parameters/uri": "/_api/web/lists/getbytitle('HR365PMXKPIReviewList')/items(@{triggerOutputs()?['body/ID']})/roleassignments/addroleassignment(principalid=@{outputs('Send_an_HTTP_request_to_SharePoint_for_user')?['body']['d']['Id']},roledefid=1073741827)"
            },
            "authentication": "@parameters('$authentication')"
          }
        },
        "Scope": {
          "actions": {
            "Check_Existing_Group": {
              "runAfter": {},
              "metadata": {
                "operationMetadataId": "49ef78d6-e798-418c-bf6b-708ab536214f"
              },
              "type": "OpenApiConnection",
              "inputs": {
                "host": {
                  "connectionName": "shared_sharepointonline_2",
                  "operationId": "HttpRequest",
                  "apiId": "/providers/Microsoft.PowerApps/apis/shared_sharepointonline"
                },
                "parameters": {
                  "dataset": "@variables('SiteURL')",
                  "parameters/method": "GET",
                  "parameters/uri": "/_api/web/SiteGroups/getByName('PM365ListPermission')"
                },
                "authentication": "@parameters('$authentication')"
              }
            },
            "Condition": {
              "actions": {
                "Set_variable": {
                  "runAfter": {},
                  "metadata": {
                    "operationMetadataId": "46828c78-2031-4db3-b56f-b46dfbe9124e"
                  },
                  "type": "SetVariable",
                  "inputs": {
                    "name": "GroupName",
                    "value": "PM365ListPermission"
                  }
                }
              },
              "runAfter": {
                "Compose_2": [
                  "Succeeded"
                ]
              },
              "else": {
                "actions": {
                  "Set_variable_2": {
                    "runAfter": {},
                    "metadata": {
                      "operationMetadataId": "468036fd-7e25-4634-9d25-9a897b95a970"
                    },
                    "type": "SetVariable",
                    "inputs": {
                      "name": "GroupName",
                      "value": "HR365EPAdmin"
                    }
                  }
                }
              },
              "expression": {
                "and": [
                  {
                    "equals": [
                      "@body('Check_Existing_Group')['d']['LoginName']",
                      "PM365ListPermission"
                    ]
                  },
                  {
                    "not": {
                      "equals": [
                        "@body('Check_Existing_Group')['d']['Id']",
                        "@null"
                      ]
                    }
                  }
                ]
              },
              "metadata": {
                "operationMetadataId": "17d75d9e-1aee-4cb7-b82d-f7080f5bfeff"
              },
              "type": "If"
            },
            "Compose_2": {
              "runAfter": {
                "Check_Existing_Group": [
                  "Succeeded",
                  "TimedOut",
                  "Skipped",
                  "Failed"
                ]
              },
              "metadata": {
                "operationMetadataId": "db32fa72-d92a-466a-ac05-409072254e0b"
              },
              "type": "Compose",
              "inputs": "@body('Check_Existing_Group')['d']['LoginName']"
            }
          },
          "runAfter": {
            "Send_an_HTTP_request_to_SharePoint": [
              "Succeeded"
            ]
          },
          "metadata": {
            "operationMetadataId": "fe378aa6-1a25-46ad-a3fb-5939130959e6"
          },
          "type": "Scope"
        },
        "Group_Name": {
          "runAfter": {
            "Initialize_variable": [
              "Succeeded"
            ]
          },
          "metadata": {
            "operationMetadataId": "561b3b25-5c8a-41f4-94a4-148c06491233"
          },
          "type": "InitializeVariable",
          "inputs": {
            "variables": [
              {
                "name": "GroupName",
                "type": "string"
              }
            ]
          }
        }
      }
    },
    "templateName": "46f84231d76e4eb4ab5895dcdaef187d"
  },
  "schemaVersion": "1.0.0.0"
}