{
  "properties": {
    "connectionReferences": {
      "shared_sharepointonline": {
        "api": {
          "name": "shared_sharepointonline"
        },
        "connection": {
          "connectionReferenceLogicalName": "hr365_sharedsharepointonline_4f72f"
        },
        "runtimeSource": "embedded"
      },
      "shared_sharepointonline_1": {
        "api": {
          "name": "shared_sharepointonline"
        },
        "connection": {
          "connectionReferenceLogicalName": "hr365_sharedsharepointonline_ccea1"
        },
        "runtimeSource": "embedded"
      }
    },
    "definition": {
      "$schema": "https://schema.management.azure.com/providers/Microsoft.Logic/schemas/2016-06-01/workflowdefinition.json#",
      "contentVersion": "1.0.0.0",
      "parameters": {
        "$authentication": {
          "defaultValue": {},
          "type": "SecureObject"
        },
        "$connections": {
          "defaultValue": {},
          "type": "Object"
        },
        "SiteAddress (HRMS365) (hrms365_SiteAddressHRMS365)": {
          "defaultValue": "https://zw4fg.sharepoint.com/sites/HRMS001",
          "type": "String",
          "metadata": {
            "schemaName": "hrms365_SiteAddressHRMS365",
            "description": "HRMS New Variable for SiteAddress(TMM)(hr365_SiteAddressTMM)"
          }
        }
      },
      "triggers": {
        "When_an_item_is_created_in_Apps365Groups": {
          "type": "OpenApiConnection",
          "inputs": {
            "parameters": {
              "dataset": "@parameters('SiteAddress (HRMS365) (hrms365_SiteAddressHRMS365)')",
              "table": "Apps365Groups"
            },
            "host": {
              "apiId": "/providers/Microsoft.PowerApps/apis/shared_sharepointonline",
              "operationId": "GetOnNewItems",
              "connectionName": "shared_sharepointonline"
            }
          },
          "recurrence": {
            "interval": 1,
            "frequency": "Minute"
          },
          "splitOn": "@triggerOutputs()?['body/value']",
          "metadata": {
            "operationMetadataId": "13a8c9ac-1a82-46fc-88ec-3b1373768315"
          }
        }
      },
      "actions": {
        "Compose_Created_Groups_Ids_array": {
          "type": "Compose",
          "inputs": "@variables('createdGroupsIds')",
          "runAfter": {
            "Try_-_create_group_from_groupsToCreate": [
              "Succeeded"
            ]
          },
          "metadata": {
            "operationMetadataId": "b1f47a8e-7239-4220-85f2-80561c24b104"
          }
        },
        "Compose_body_of_new_Item": {
          "type": "Compose",
          "inputs": "@triggerOutputs()?['body']",
          "runAfter": {},
          "metadata": {
            "operationMetadataId": "5cb16dba-efc8-45bd-90ca-78fc7b8e963e"
          }
        },
        "Condition_if_Create_is_not_null_extract_values": {
          "type": "If",
          "expression": {
            "not": {
              "equals": [
                "@triggerOutputs()?['body/Create']",
                "@null"
              ]
            }
          },
          "actions": {
            "Apply_to_each_Group_Name_in_Create_Column_and_store_in_Array": {
              "type": "Foreach",
              "foreach": "@split(triggerOutputs()?['body/Create'],'|')",
              "actions": {
                "Append_to_array_variable_groupsToCreate_the_name_of_Current_Group": {
                  "type": "AppendToArrayVariable",
                  "inputs": {
                    "name": "groupsToCreate",
                    "value": "@items('Apply_to_each_Group_Name_in_Create_Column_and_store_in_Array')"
                  },
                  "metadata": {
                    "operationMetadataId": "0b19748a-5090-4dcb-a767-bf4f8fed5f6d"
                  }
                }
              },
              "metadata": {
                "operationMetadataId": "e52f212c-c982-44f1-b82c-c2b06186e0a7"
              }
            }
          },
          "else": {
            "actions": {
              "Create_is_Null_check_Add_is_not_null": {
                "type": "If",
                "expression": {
                  "not": {
                    "equals": [
                      "@triggerOutputs()?['body/Add']",
                      "@null"
                    ]
                  }
                },
                "actions": {
                  "Apply_to_each_group_name_in_Add_Column_and_store_in_Array": {
                    "type": "Foreach",
                    "foreach": "@split(triggerOutputs()?['body/Add'],'|')",
                    "actions": {
                      "Append_to_array_variable_groupsToCreate_the_name_of_current_Group_in_Add": {
                        "type": "AppendToArrayVariable",
                        "inputs": {
                          "name": "groupsToCreate",
                          "value": "@items('Apply_to_each_group_name_in_Add_Column_and_store_in_Array')"
                        },
                        "metadata": {
                          "operationMetadataId": "d15f8cf6-0a6f-44a5-a2a8-3e5aaf6c3c83"
                        }
                      }
                    },
                    "metadata": {
                      "operationMetadataId": "ddda4e52-17c6-4029-ad90-8d2a813b474e"
                    }
                  }
                },
                "else": {
                  "actions": {
                    "Compose_2": {
                      "type": "Compose",
                      "inputs": "Nothing to Create or Add",
                      "metadata": {
                        "operationMetadataId": "124f827a-8182-4e60-ab71-15ec6ac4bc57"
                      }
                    }
                  }
                },
                "metadata": {
                  "operationMetadataId": "6d248168-572b-4caf-b648-437d0a9e7cee"
                }
              }
            }
          },
          "runAfter": {
            "Initialize_variable_fetchedUserLoginName": [
              "Succeeded"
            ]
          },
          "metadata": {
            "operationMetadataId": "56019e72-4a07-48ca-8f4d-088ea9fedd17"
          }
        },
        "Initialize_Array_groupsToAdd": {
          "type": "InitializeVariable",
          "inputs": {
            "variables": [
              {
                "name": "groupsToAdd",
                "type": "array"
              }
            ]
          },
          "runAfter": {
            "Initialize_Array_groupsToCreate": [
              "Succeeded"
            ]
          },
          "metadata": {
            "operationMetadataId": "713b76f4-f531-4dc2-85a8-d576550c4577"
          }
        },
        "Initialize_Object_removeResponse_": {
          "type": "InitializeVariable",
          "inputs": {
            "variables": [
              {
                "name": "removeResponse",
                "type": "object"
              }
            ]
          },
          "runAfter": {
            "Initialize_Array_groupsToAdd": [
              "Succeeded"
            ]
          },
          "metadata": {
            "operationMetadataId": "dffa8bc1-f447-4512-983f-5eda35066dbe"
          }
        },
        "Apply_to_each_groupsToAdd_for_adding_User_to_Group": {
          "type": "Foreach",
          "foreach": "@variables('groupsToAdd')",
          "actions": {
            "Send_an_HTTP_request_to_SharePoint_to_add_user": {
              "type": "OpenApiConnection",
              "inputs": {
                "parameters": {
                  "dataset": "@variables('HrmsSiteAddress')",
                  "parameters/method": "POST",
                  "parameters/uri": "_api/web/sitegroups/GetByName('@{items('Apply_to_each_groupsToAdd_for_adding_User_to_Group')}')/users",
                  "parameters/headers": {
                    "Accept": "application/json;odata=verbose",
                    "Content-type": "application/json;odata=verbose"
                  },
                  "parameters/body": "{\n\"__metadata\": {\n       \"type\":\"SP.User\"\n},\n\"LoginName\":\"@{variables('fetchedUserLoginName')}\"\n}"
                },
                "host": {
                  "apiId": "/providers/Microsoft.PowerApps/apis/shared_sharepointonline",
                  "operationId": "HttpRequest",
                  "connectionName": "shared_sharepointonline"
                }
              },
              "metadata": {
                "operationMetadataId": "90399ef2-9d1f-4ca7-a31d-9b6038e76cae"
              }
            },
            "Compose_Adding_User_Result": {
              "type": "Compose",
              "inputs": "@body('Send_an_HTTP_request_to_SharePoint_to_add_user')",
              "runAfter": {
                "Send_an_HTTP_request_to_SharePoint_to_add_user": [
                  "Succeeded"
                ]
              },
              "metadata": {
                "operationMetadataId": "5fe6e6e3-abd8-4d6a-a64e-0612a31324ff"
              }
            }
          },
          "runAfter": {
            "Compose_fetchedUserLoginName": [
              "Succeeded"
            ]
          },
          "metadata": {
            "operationMetadataId": "482c51bd-d9e4-4195-8cbc-d4682857791e"
          }
        },
        "Initialize_Array_to_store_created_groups_IDs": {
          "type": "InitializeVariable",
          "inputs": {
            "variables": [
              {
                "name": "createdGroupsIds",
                "type": "array"
              }
            ]
          },
          "runAfter": {
            "Initialize_Object_removeResponse_": [
              "Succeeded"
            ]
          },
          "metadata": {
            "operationMetadataId": "01b10be9-baad-40f8-98b1-3b631372aec2"
          }
        },
        "Initialize_Array_groupsToCreate": {
          "type": "InitializeVariable",
          "inputs": {
            "variables": [
              {
                "name": "groupsToCreate",
                "type": "array"
              }
            ]
          },
          "runAfter": {
            "Compose_UserPrincipalName_in_userUPN": [
              "Succeeded"
            ]
          },
          "metadata": {
            "operationMetadataId": "c9725e97-4284-4ee8-8f90-d0667ab6a8cf"
          }
        },
        "Apply_to_Each_Group_Name_in_Splitted_Array_from_Add_Column": {
          "type": "Foreach",
          "foreach": "@split(triggerOutputs()?['body/Add'],'|')",
          "actions": {
            "Append_to_array_variable_groupsToAdd": {
              "type": "AppendToArrayVariable",
              "inputs": {
                "name": "groupsToAdd",
                "value": "@items('Apply_to_Each_Group_Name_in_Splitted_Array_from_Add_Column')"
              },
              "metadata": {
                "operationMetadataId": "c76bb55d-c462-4a67-a0e8-a9d01c667028"
              }
            }
          },
          "runAfter": {
            "Compose_Created_Groups_Ids_array": [
              "Succeeded"
            ]
          },
          "metadata": {
            "operationMetadataId": "9656a4bc-7962-4127-b33f-3a99cc18fbe3"
          }
        },
        "Apply_to_each_Group_Name_in_Remove_Column_and_Remove_User": {
          "type": "Foreach",
          "foreach": "@split(triggerOutputs()?['body/Remove'],'|')",
          "actions": {
            "Send_an_HTTP_request_to_SharePoint_to_check_group_Exists_or_not": {
              "type": "OpenApiConnection",
              "inputs": {
                "parameters": {
                  "dataset": "@variables('HrmsSiteAddress')",
                  "parameters/method": "GET",
                  "parameters/uri": "_api/web/sitegroups?$filter=Title eq '@{items('Apply_to_each_Group_Name_in_Remove_Column_and_Remove_User')}'",
                  "parameters/headers": {
                    "Accept": "application/json"
                  }
                },
                "host": {
                  "apiId": "/providers/Microsoft.PowerApps/apis/shared_sharepointonline",
                  "operationId": "HttpRequest",
                  "connectionName": "shared_sharepointonline"
                }
              },
              "metadata": {
                "operationMetadataId": "a5958bad-f211-48db-b61c-2023d4dd4608"
              }
            },
            "Condition": {
              "type": "If",
              "expression": {
                "not": {
                  "equals": [
                    "@outputs('Send_an_HTTP_request_to_SharePoint_to_check_group_Exists_or_not')?['body']?['value']?[0]?['Id']",
                    "@null"
                  ]
                }
              },
              "actions": {
                "Send_an_HTTP_request_to_SharePoint_to_Remove_User": {
                  "type": "OpenApiConnection",
                  "inputs": {
                    "parameters": {
                      "dataset": "@variables('HrmsSiteAddress')",
                      "parameters/method": "POST",
                      "parameters/uri": "_api/web/sitegroups/getByName('@{items('Apply_to_each_Group_Name_in_Remove_Column_and_Remove_User')}')/users/removeByLoginName",
                      "parameters/headers": {
                        "Accept ": "application/json;odata=nometadata",
                        "Content-Type": "application/json;odata=verbose"
                      },
                      "parameters/body": "{\"loginName\" :\"@{variables('fetchedUserLoginName')}\"}"
                    },
                    "host": {
                      "apiId": "/providers/Microsoft.PowerApps/apis/shared_sharepointonline",
                      "operationId": "HttpRequest",
                      "connectionName": "shared_sharepointonline"
                    }
                  },
                  "metadata": {
                    "operationMetadataId": "ebd096a7-570c-4c12-8d2b-afc2e90ba038"
                  }
                },
                "Set_Remove_response_in_removeResponse_variable_": {
                  "type": "SetVariable",
                  "inputs": {
                    "name": "removeResponse",
                    "value": "@body('Send_an_HTTP_request_to_SharePoint_to_Remove_User')"
                  },
                  "runAfter": {
                    "Send_an_HTTP_request_to_SharePoint_to_Remove_User": [
                      "Succeeded"
                    ]
                  },
                  "metadata": {
                    "operationMetadataId": "6af45599-c282-4d1f-bf29-079055a66e3e"
                  }
                }
              },
              "else": {
                "actions": {
                  "Compose": {
                    "type": "Compose",
                    "inputs": "'@{items('Apply_to_each_Group_Name_in_Remove_Column_and_Remove_User')}' Group Does Not Exitst ",
                    "metadata": {
                      "operationMetadataId": "f73c97e3-3885-45e8-8960-a8386884ee89"
                    }
                  }
                }
              },
              "runAfter": {
                "Send_an_HTTP_request_to_SharePoint_to_check_group_Exists_or_not": [
                  "Succeeded"
                ]
              },
              "metadata": {
                "operationMetadataId": "cae0cbc4-6f09-4416-96f1-a99090c949c5"
              }
            }
          },
          "runAfter": {
            "Apply_to_each_groupsToAdd_for_adding_User_to_Group": [
              "Succeeded"
            ]
          },
          "metadata": {
            "operationMetadataId": "67bcf171-b1ed-4eca-8d10-79c4f1d4f36e"
          }
        },
        "Compose_removeResponse_Value": {
          "type": "Compose",
          "inputs": "removeR@{variables('removeResponse')}",
          "runAfter": {
            "Apply_to_each_Group_Name_in_Remove_Column_and_Remove_User": [
              "Succeeded"
            ]
          },
          "metadata": {
            "operationMetadataId": "fbfd7d0b-c2e7-4108-894f-0581ac2b319a"
          }
        },
        "Compose_groupsToCreate_Array_Value": {
          "type": "Compose",
          "inputs": "@variables('groupsToCreate')",
          "runAfter": {
            "Condition_if_Create_is_not_null_extract_values": [
              "Succeeded"
            ]
          },
          "metadata": {
            "operationMetadataId": "4925821c-5532-4679-b771-6b20726a0f38"
          }
        },
        "Compose_array_groupsToAdd": {
          "type": "Compose",
          "inputs": "@variables('groupsToAdd')",
          "runAfter": {
            "Apply_to_Each_Group_Name_in_Splitted_Array_from_Add_Column": [
              "Succeeded"
            ]
          },
          "metadata": {
            "operationMetadataId": "23a2f132-50b7-4125-831b-bb2518d1ca6b"
          }
        },
        "Initialize_variable_spuserClaims_and_store_Claims": {
          "type": "InitializeVariable",
          "inputs": {
            "variables": [
              {
                "name": "spuserClaims",
                "type": "string",
                "value": "@{triggerOutputs()?['body']?['SPUser']?['Claims']}"
              }
            ]
          },
          "runAfter": {
            "Compose_createdItemID": [
              "Succeeded"
            ]
          },
          "metadata": {
            "operationMetadataId": "d051fc8c-545b-4b6d-a9cd-52e85298e72f"
          }
        },
        "Compose_spuserClaims": {
          "type": "Compose",
          "inputs": "@variables('spuserClaims')",
          "runAfter": {
            "Initialize_variable_spuserClaims_and_store_Claims": [
              "Succeeded"
            ]
          },
          "metadata": {
            "operationMetadataId": "19c25468-8789-4773-bb87-a7264bb5dc2a"
          }
        },
        "Initialize_variable_to_store_userUPN": {
          "type": "InitializeVariable",
          "inputs": {
            "variables": [
              {
                "name": "userUPN",
                "type": "string",
                "value": "@{split(variables('spuserClaims'),'membership|')?[1]}"
              }
            ]
          },
          "runAfter": {
            "Compose_spuserClaims": [
              "Succeeded"
            ]
          },
          "metadata": {
            "operationMetadataId": "cd04c08b-7c0c-4749-87ce-b69a6ef146da"
          }
        },
        "Compose_UserPrincipalName_in_userUPN": {
          "type": "Compose",
          "inputs": "@variables('userUPN')",
          "runAfter": {
            "Initialize_variable_to_store_userUPN": [
              "Succeeded"
            ]
          },
          "metadata": {
            "operationMetadataId": "be9784b1-cd54-4d23-a1a6-4c95460468dc"
          }
        },
        "Compose_fetchedUserLoginName": {
          "type": "Compose",
          "inputs": "@variables('fetchedUserLoginName')",
          "runAfter": {
            "Try_-_get_user_data_based_on_UPN": [
              "Succeeded"
            ]
          },
          "metadata": {
            "operationMetadataId": "b13baf57-a982-4c25-aa9a-b95d75cbb807"
          }
        },
        "Initialize_variable_createdItemID": {
          "type": "InitializeVariable",
          "inputs": {
            "variables": [
              {
                "name": "createdItemID",
                "type": "integer",
                "value": "@outputs('Compose_body_of_new_Item')?['ID']"
              }
            ]
          },
          "runAfter": {
            "Initialize_variable_HrmsSiteAddress": [
              "Succeeded"
            ]
          },
          "metadata": {
            "operationMetadataId": "5a41b599-97e8-482a-a53d-5bbc4f1c31ec"
          }
        },
        "Compose_createdItemID": {
          "type": "Compose",
          "inputs": "@variables('createdItemID')",
          "runAfter": {
            "Initialize_variable_createdItemID": [
              "Succeeded"
            ]
          },
          "metadata": {
            "operationMetadataId": "fca48430-fb0b-413e-aa2c-fb2825d90bf2"
          }
        },
        "Try_-_Delete_Created_Item": {
          "type": "Scope",
          "actions": {
            "Send_an_HTTP_request_to_SharePoint_to_Delete_currently_Created_Item_when_done": {
              "type": "OpenApiConnection",
              "inputs": {
                "parameters": {
                  "dataset": "@variables('HrmsSiteAddress')",
                  "parameters/method": "DELETE",
                  "parameters/uri": "_api/lists/getbytitle('Apps365Groups')/items('@{variables('createdItemID')}')",
                  "parameters/headers": {
                    "accept": "application/json",
                    "If-Match": "*"
                  }
                },
                "host": {
                  "apiId": "/providers/Microsoft.PowerApps/apis/shared_sharepointonline",
                  "operationId": "HttpRequest",
                  "connectionName": "shared_sharepointonline_1"
                }
              },
              "metadata": {
                "operationMetadataId": "a89204d0-a69a-4c4d-b12a-d91010b3e938"
              }
            },
            "Compose_Item_delete_result": {
              "type": "Compose",
              "inputs": "@body('Send_an_HTTP_request_to_SharePoint_to_Delete_currently_Created_Item_when_done')",
              "runAfter": {
                "Send_an_HTTP_request_to_SharePoint_to_Delete_currently_Created_Item_when_done": [
                  "Succeeded"
                ]
              },
              "metadata": {
                "operationMetadataId": "ac000967-cc7b-4ce6-85cb-18a0815e2d18"
              }
            },
            "Set_variable_deleteItemResponse": {
              "type": "SetVariable",
              "inputs": {
                "name": "deleteItemResponse",
                "value": "@body('Send_an_HTTP_request_to_SharePoint_to_Delete_currently_Created_Item_when_done')"
              },
              "runAfter": {
                "Compose_Item_delete_result": [
                  "Succeeded"
                ]
              },
              "metadata": {
                "operationMetadataId": "e46b3f0e-7327-4bb9-a09f-e80979dc933b"
              }
            }
          },
          "runAfter": {
            "Initialize_variable_to_store_deleteItemResponse": [
              "Succeeded"
            ]
          },
          "metadata": {
            "operationMetadataId": "5da7e7ae-1373-47bb-bf82-eb80f0d4276c"
          }
        },
        "Catch_-_Delete_Created_Item": {
          "type": "Scope",
          "actions": {
            "Compose_Deletion_failed_error_message": {
              "type": "Compose",
              "inputs": "@outputs('Send_an_HTTP_request_to_SharePoint_to_Delete_currently_Created_Item_when_done')?['body']?['message']",
              "metadata": {
                "operationMetadataId": "e2fb1e60-2a43-48dd-b098-6ebac2439111"
              }
            },
            "Set_variable_deleteItemResponse_in_catch": {
              "type": "SetVariable",
              "inputs": {
                "name": "deleteItemResponse",
                "value": "@body('Send_an_HTTP_request_to_SharePoint_to_Delete_currently_Created_Item_when_done')"
              },
              "runAfter": {
                "Compose_Deletion_failed_error_message": [
                  "Succeeded"
                ]
              },
              "metadata": {
                "operationMetadataId": "27d33c31-16c9-4521-b00e-e5003007cd84"
              }
            }
          },
          "runAfter": {
            "Try_-_Delete_Created_Item": [
              "Failed"
            ]
          },
          "metadata": {
            "operationMetadataId": "d1204d5a-96b7-4bd6-b356-f78c02ba5e56"
          }
        },
        "Compose_Delete_Item_Body": {
          "type": "Compose",
          "inputs": "@body('Send_an_HTTP_request_to_SharePoint_to_Delete_currently_Created_Item_when_done')",
          "runAfter": {
            "Catch_-_Delete_Created_Item": [
              "Succeeded",
              "Skipped"
            ]
          },
          "metadata": {
            "operationMetadataId": "f3e6c50f-2dff-4695-b747-785c4825b5a3"
          }
        },
        "Initialize_variable_to_store_deleteItemResponse": {
          "type": "InitializeVariable",
          "inputs": {
            "variables": [
              {
                "name": "deleteItemResponse",
                "type": "object"
              }
            ]
          },
          "runAfter": {
            "Compose_removeResponse_Value": [
              "Succeeded"
            ]
          },
          "metadata": {
            "operationMetadataId": "66459c2c-e7e7-4a5d-9a0e-4bfc4fb905be"
          }
        },
        "Try_-_create_group_from_groupsToCreate": {
          "type": "Scope",
          "actions": {
            "Condition_check_groupsToCreate_contains_some_groups_to_create_them_": {
              "type": "If",
              "expression": {
                "greater": [
                  "@length(variables('groupsToCreate'))",
                  0
                ]
              },
              "actions": {
                "Create_Groups_From_Array": {
                  "type": "Foreach",
                  "foreach": "@variables('groupsToCreate')",
                  "actions": {
                    "Condition_if_group_Id_is_not_null": {
                      "type": "If",
                      "expression": {
                        "not": {
                          "equals": [
                            "@outputs('Check_Group_With_Title_Exists')?['body']?['value']?[0]?['Id']",
                            "@null"
                          ]
                        }
                      },
                      "actions": {
                        "Append_to_array_createdGroupsIds": {
                          "type": "AppendToArrayVariable",
                          "inputs": {
                            "name": "createdGroupsIds",
                            "value": "@outputs('Check_Group_With_Title_Exists')?['body']?['value']?[0]?['Id']"
                          },
                          "metadata": {
                            "operationMetadataId": "19e6f1fa-6c26-41f0-9648-40984e93444b"
                          }
                        }
                      },
                      "else": {
                        "actions": {
                          "Try_-_POST_to_create_Group": {
                            "type": "Scope",
                            "actions": {
                              "Send_an_HTTP_request_to_SharePoint_to_create_that_group": {
                                "type": "OpenApiConnection",
                                "inputs": {
                                  "parameters": {
                                    "dataset": "@variables('HrmsSiteAddress')",
                                    "parameters/method": "POST",
                                    "parameters/uri": "_api/web/sitegroups",
                                    "parameters/headers": {
                                      "Accept": "application/json;odata=verbose"
                                    },
                                    "parameters/body": "{\n\"__metadata\": {\n \"type\": \"SP.Group\" \n},\n 'Title': \"@{items('Create_Groups_From_Array')}\"\n}"
                                  },
                                  "host": {
                                    "apiId": "/providers/Microsoft.PowerApps/apis/shared_sharepointonline",
                                    "operationId": "HttpRequest",
                                    "connectionName": "shared_sharepointonline"
                                  }
                                },
                                "metadata": {
                                  "operationMetadataId": "218155c4-8b03-4274-bc46-12ea3ea5e2f3"
                                }
                              },
                              "Append_new_Id_to_Array": {
                                "type": "AppendToArrayVariable",
                                "inputs": {
                                  "name": "createdGroupsIds",
                                  "value": "@outputs('Send_an_HTTP_request_to_SharePoint_to_create_that_group')?['body']?['Id']"
                                },
                                "runAfter": {
                                  "Send_an_HTTP_request_to_SharePoint_to_create_that_group": [
                                    "Succeeded"
                                  ]
                                },
                                "metadata": {
                                  "operationMetadataId": "14e4dccb-a59e-4781-94a2-3505372a2809"
                                }
                              }
                            },
                            "metadata": {
                              "operationMetadataId": "2eefa87c-c791-4021-a840-14d9febd1a20"
                            }
                          },
                          "Catch_-_POST_to_create_Group_Fail": {
                            "type": "Scope",
                            "actions": {
                              "Compose_Error_Message_of_Group_POST": {
                                "type": "Compose",
                                "inputs": "@outputs('Send_an_HTTP_request_to_SharePoint_to_create_that_group')?['body']?['message']",
                                "metadata": {
                                  "operationMetadataId": "9682141e-7388-42a1-833e-64ffff6a0f09"
                                }
                              }
                            },
                            "runAfter": {
                              "Try_-_POST_to_create_Group": [
                                "Failed"
                              ]
                            },
                            "metadata": {
                              "operationMetadataId": "08f5d10f-474f-4152-b75b-926ed3de03bb"
                            }
                          },
                          "Compose_Groups_Call_Complete_Body_(To_handle_Try-catch)": {
                            "type": "Compose",
                            "inputs": "@body('Send_an_HTTP_request_to_SharePoint_to_create_that_group')",
                            "runAfter": {
                              "Catch_-_POST_to_create_Group_Fail": [
                                "Succeeded",
                                "Skipped"
                              ]
                            },
                            "metadata": {
                              "operationMetadataId": "8bbacb02-f7db-48e5-899d-ff0507c7ee7f"
                            }
                          }
                        }
                      },
                      "runAfter": {
                        "catch_-_Check_group_with_LoginName_Exists_Fail": [
                          "Succeeded",
                          "Skipped"
                        ]
                      },
                      "metadata": {
                        "operationMetadataId": "5cb1b172-ef69-4e92-93be-4538522b11c4"
                      }
                    },
                    "Try_-_Check_group_with_LoginName_Exists": {
                      "type": "Scope",
                      "actions": {
                        "Check_Group_With_Title_Exists": {
                          "type": "OpenApiConnection",
                          "inputs": {
                            "parameters": {
                              "dataset": "@variables('HrmsSiteAddress')",
                              "parameters/method": "GET",
                              "parameters/uri": "_api/web/sitegroups?$filter=LoginName eq '@{items('Create_Groups_From_Array')}'",
                              "parameters/headers": {
                                "Accept": "Application/json"
                              }
                            },
                            "host": {
                              "apiId": "/providers/Microsoft.PowerApps/apis/shared_sharepointonline",
                              "operationId": "HttpRequest",
                              "connectionName": "shared_sharepointonline"
                            }
                          },
                          "metadata": {
                            "operationMetadataId": "4da72947-867f-4ba6-b710-07edb508c2db"
                          }
                        },
                        "Compose_Existance_Result_Id_Value": {
                          "type": "Compose",
                          "inputs": "@outputs('Check_Group_With_Title_Exists')?['body']?['Id']",
                          "runAfter": {
                            "Check_Group_With_Title_Exists": [
                              "Succeeded"
                            ]
                          },
                          "metadata": {
                            "operationMetadataId": "400d50ed-bfd6-45bc-a1bb-27cc51c03f0d"
                          }
                        }
                      },
                      "metadata": {
                        "operationMetadataId": "cd1c8489-208b-411e-8aaf-7a8fe45f4042"
                      }
                    },
                    "catch_-_Check_group_with_LoginName_Exists_Fail": {
                      "type": "Scope",
                      "actions": {
                        "Compose_Error_Message_": {
                          "type": "Compose",
                          "inputs": "@outputs('Check_Group_With_Title_Exists')?['body']?['message']",
                          "metadata": {
                            "operationMetadataId": "ff53af78-d282-4788-882d-5cdd840d8dd5"
                          }
                        }
                      },
                      "runAfter": {
                        "Try_-_Check_group_with_LoginName_Exists": [
                          "Failed"
                        ]
                      },
                      "metadata": {
                        "operationMetadataId": "85e121f0-328d-459e-bef4-9faf0b532d4c"
                      }
                    }
                  },
                  "metadata": {
                    "operationMetadataId": "fff2eb9f-86d7-4eb2-84c4-0bba6856d471"
                  }
                }
              },
              "else": {
                "actions": {}
              },
              "metadata": {
                "operationMetadataId": "3bfa3187-7157-4a47-a0bf-2b3eda33a115"
              }
            }
          },
          "runAfter": {
            "Compose_groupsToCreate_Array_Value": [
              "Succeeded"
            ]
          },
          "metadata": {
            "operationMetadataId": "a5132d94-8ecb-4456-bf4f-1615efc1f15e"
          }
        },
        "Try_-_get_user_data_based_on_UPN": {
          "type": "Scope",
          "actions": {
            "Send_an_HTTP_request_to_SharePoint_to_get_user_data_based_on_UserPrincipalName": {
              "type": "OpenApiConnection",
              "inputs": {
                "parameters": {
                  "dataset": "@variables('HrmsSiteAddress')",
                  "parameters/method": "GET",
                  "parameters/uri": "_api/web/siteUsers?$filter= UserPrincipalName eq '@{variables('userUPN')}'",
                  "parameters/headers": {
                    "Accept": "Application/json"
                  }
                },
                "host": {
                  "apiId": "/providers/Microsoft.PowerApps/apis/shared_sharepointonline",
                  "operationId": "HttpRequest",
                  "connectionName": "shared_sharepointonline"
                }
              },
              "metadata": {
                "operationMetadataId": "b9e16a19-440d-465d-9f59-405b41dc2a33"
              }
            },
            "Set_variable_fetchedUserLoginName": {
              "type": "SetVariable",
              "inputs": {
                "name": "fetchedUserLoginName",
                "value": "@{outputs('Send_an_HTTP_request_to_SharePoint_to_get_user_data_based_on_UserPrincipalName')?['body']?['value']?[0]?['LoginName']}"
              },
              "runAfter": {
                "Send_an_HTTP_request_to_SharePoint_to_get_user_data_based_on_UserPrincipalName": [
                  "Succeeded"
                ]
              },
              "metadata": {
                "operationMetadataId": "e451d824-c97f-44be-b19d-096b11f37bdd"
              }
            }
          },
          "runAfter": {
            "Compose_array_groupsToAdd": [
              "Succeeded"
            ]
          },
          "metadata": {
            "operationMetadataId": "2e4e1bb5-8741-4234-b6d9-6f02e21a64a0"
          }
        },
        "Initialize_variable_fetchedUserLoginName": {
          "type": "InitializeVariable",
          "inputs": {
            "variables": [
              {
                "name": "fetchedUserLoginName",
                "type": "string"
              }
            ]
          },
          "runAfter": {
            "Initialize_Array_to_store_created_groups_IDs": [
              "Succeeded"
            ]
          },
          "metadata": {
            "operationMetadataId": "100c161e-85f5-431b-8b2a-013235f2b6c9"
          }
        },
        "Initialize_variable_HrmsSiteAddress": {
          "type": "InitializeVariable",
          "inputs": {
            "variables": [
              {
                "name": "HrmsSiteAddress",
                "type": "string",
                "value": "@parameters('SiteAddress (HRMS365) (hrms365_SiteAddressHRMS365)')"
              }
            ]
          },
          "runAfter": {
            "Compose_body_of_new_Item": [
              "Succeeded"
            ]
          }
        }
      }
    },
    "templateName": null
  },
  "schemaVersion": "1.0.0.0"
}