{
  "properties": {
    "connectionReferences": {
      "shared_sharepointonline_1": {
        "api": {
          "name": "shared_sharepointonline"
        },
        "connection": {
          "connectionReferenceLogicalName": "hr365_sharedsharepointonline_37696"
        },
        "runtimeSource": "embedded"
      },
      "shared_office365_1": {
        "api": {
          "name": "shared_office365"
        },
        "connection": {
          "connectionReferenceLogicalName": "hr365_sharedoffice365_6e36d"
        },
        "runtimeSource": "embedded"
      },
      "shared_office365": {
        "api": {
          "name": "shared_office365"
        },
        "connection": {
          "connectionReferenceLogicalName": "hr365_sharedoffice365_088b3"
        },
        "runtimeSource": "embedded"
      }
    },
    "definition": {
      "$schema": "https://schema.management.azure.com/providers/Microsoft.Logic/schemas/2016-06-01/workflowdefinition.json#",
      "contentVersion": "1.0.0.0",
      "parameters": {
        "$authentication": {
          "defaultValue": {},
          "type": "SecureObject"
        },
        "$connections": {
          "defaultValue": {},
          "type": "Object"
        },
        "GraphAPiList (HRMS365) (hrms365_GraphAPiListHRMS365)": {
          "defaultValue": "HR365HCMGraphAPIEmails",
          "type": "String",
          "metadata": {
            "schemaName": "hrms365_GraphAPiListHRMS365",
            "description": "HRMS New Variable for GraphAPiList(hr365_GraphAPiList)"
          }
        },
        "SiteAddress (HRMS365) (hrms365_SiteAddressHRMS365)": {
          "defaultValue": "https://zw4fg.sharepoint.com/sites/HRMS0109",
          "type": "String",
          "metadata": {
            "schemaName": "hrms365_SiteAddressHRMS365",
            "description": "HRMS New Variable for SiteAddress(TMM)(hr365_SiteAddressTMM)"
          }
        },
        "SettingListName (HRMS365) (hrms365_SettingListNameHRMS365)": {
          "defaultValue": "HRMS365AdvanceSettings",
          "type": "String",
          "metadata": {
            "schemaName": "hrms365_SettingListNameHRMS365",
            "description": "HRMS New Variable for SettingListName(hr365_SettingListName)"
          }
        },
        "SharedMailBoxEmail (HRMS365) (hrms365_SharedMailBoxEmailHRMS365)": {
          "defaultValue": "supporthrms@zw4fg.onmicrosoft.com",
          "type": "String",
          "metadata": {
            "schemaName": "hrms365_SharedMailBoxEmailHRMS365",
            "description": "HRMS New Variable for SharedMailBoxEmail(hr365_SharedMailBoxEmail)"
          }
        }
      },
      "triggers": {
        "When_an_item_is_created": {
          "type": "OpenApiConnection",
          "inputs": {
            "parameters": {
              "dataset": "@parameters('SiteAddress (HRMS365) (hrms365_SiteAddressHRMS365)')",
              "table": "@parameters('GraphAPiList (HRMS365) (hrms365_GraphAPiListHRMS365)')"
            },
            "host": {
              "apiId": "/providers/Microsoft.PowerApps/apis/shared_sharepointonline",
              "operationId": "GetOnNewItems",
              "connectionName": "shared_sharepointonline_1"
            }
          },
          "recurrence": {
            "interval": 1,
            "frequency": "Minute"
          },
          "splitOn": "@triggerOutputs()?['body/value']",
          "metadata": {
            "operationMetadataId": "35480103-5812-4de4-a93a-f150e98a2385"
          }
        }
      },
      "actions": {
        "Attachments": {
          "type": "InitializeVariable",
          "inputs": {
            "variables": [
              {
                "name": "EmailAttachements",
                "type": "array",
                "value": []
              }
            ]
          },
          "runAfter": {
            "Setting_list_name": [
              "Succeeded"
            ]
          },
          "metadata": {
            "operationMetadataId": "4d1bcf32-01c8-47a3-a261-768e514fdefd"
          }
        },
        "_site_URL": {
          "type": "InitializeVariable",
          "inputs": {
            "variables": [
              {
                "name": "SiteUrl",
                "type": "string",
                "value": "@parameters('SiteAddress (HRMS365) (hrms365_SiteAddressHRMS365)')"
              }
            ]
          },
          "runAfter": {
            "Shared_mail_box_email_id": [
              "Succeeded"
            ]
          },
          "metadata": {
            "operationMetadataId": "54d42063-ad64-4045-af0c-c49f03607abf"
          }
        },
        "Setting_list_name": {
          "type": "InitializeVariable",
          "inputs": {
            "variables": [
              {
                "name": "SettingListName",
                "type": "string",
                "value": "@parameters('SettingListName (HRMS365) (hrms365_SettingListNameHRMS365)')"
              }
            ]
          },
          "runAfter": {
            "_site_URL": [
              "Succeeded"
            ]
          },
          "metadata": {
            "operationMetadataId": "2c7cc7cb-c18c-4d21-92b1-c0192693c509"
          }
        },
        "Shared_mail_box_email_id": {
          "type": "InitializeVariable",
          "inputs": {
            "variables": [
              {
                "name": "SharedMailBoxEmail",
                "type": "string",
                "value": "@parameters('SharedMailBoxEmail (HRMS365) (hrms365_SharedMailBoxEmailHRMS365)')"
              }
            ]
          },
          "runAfter": {
            "GraphAPIEmail_list_name": [
              "Succeeded"
            ]
          },
          "metadata": {
            "operationMetadataId": "cb55f181-e10b-4862-b231-a9032c05b8a6"
          }
        },
        "GraphAPIEmail_list_name": {
          "type": "InitializeVariable",
          "inputs": {
            "variables": [
              {
                "name": "GrpahAPIEmaiListName",
                "type": "string",
                "value": "@parameters('GraphAPiList (HRMS365) (hrms365_GraphAPiListHRMS365)')"
              }
            ]
          },
          "runAfter": {},
          "metadata": {
            "operationMetadataId": "8125a618-14a2-406c-932b-eb80a41f22c6"
          }
        },
        "Scope_-_try": {
          "type": "Scope",
          "actions": {
            "Compose": {
              "type": "Compose",
              "inputs": "@triggerOutputs()?['body/EmailData']",
              "metadata": {
                "operationMetadataId": "bf5cf472-b994-4312-b689-803c5c63bd9f"
              }
            },
            "Check_Title_for_validating_email": {
              "type": "If",
              "expression": {
                "equals": [
                  "@triggerOutputs()?['body/Title']",
                  "Validating Email"
                ]
              },
              "actions": {
                "Get_Setting_list_Data": {
                  "type": "OpenApiConnection",
                  "inputs": {
                    "parameters": {
                      "dataset": "@variables('SiteUrl')",
                      "parameters/method": "GET",
                      "parameters/uri": "_api/web/lists/getbytitle('@{variables('SettingListName')}')/items",
                      "parameters/headers": {
                        "Accept": "application/json;odata=nometadata",
                        "odata-version\n": "",
                        "X-HTTP-Method": "GET"
                      }
                    },
                    "host": {
                      "apiId": "/providers/Microsoft.PowerApps/apis/shared_sharepointonline",
                      "operationId": "HttpRequest",
                      "connectionName": "shared_sharepointonline_1"
                    }
                  },
                  "metadata": {
                    "operationMetadataId": "33833531-0144-4c6f-9356-fdd2bb3934fd"
                  }
                },
                "Post_Shared_mail_box_id": {
                  "type": "OpenApiConnection",
                  "inputs": {
                    "parameters": {
                      "dataset": "@variables('SiteUrl')",
                      "parameters/method": "POST",
                      "parameters/uri": "/_api/web/lists/getbytitle('@{variables('SettingListName')}')/items(@{outputs('Get_Setting_list_Data')?['body']?['value']?[0]?['Id']})",
                      "parameters/headers": {
                        "accept": "application/json;odata=nometadata",
                        "content-type": "application/json;odata=nometadata",
                        "IF-MATCH": "*",
                        "X-HTTP-Method": "PATCH"
                      },
                      "parameters/body": "{\n\"ValidatingMailBoxEmail\":'@{variables('SharedMailBoxEmail')}'\n}"
                    },
                    "host": {
                      "apiId": "/providers/Microsoft.PowerApps/apis/shared_sharepointonline",
                      "operationId": "HttpRequest",
                      "connectionName": "shared_sharepointonline_1"
                    }
                  },
                  "runAfter": {
                    "Compose_4": [
                      "Succeeded"
                    ]
                  },
                  "metadata": {
                    "operationMetadataId": "6c544f20-ca02-4fb4-aec1-557ccf18dfea"
                  }
                },
                "Compose_4": {
                  "type": "Compose",
                  "inputs": "@outputs('Get_Setting_list_Data')?['body']",
                  "runAfter": {
                    "Get_Setting_list_Data": [
                      "Succeeded"
                    ]
                  },
                  "metadata": {
                    "operationMetadataId": "f9fe4d06-8e51-4793-90a7-de948101c8d2"
                  }
                }
              },
              "else": {
                "actions": {
                  "Is_Attachments_exists": {
                    "type": "If",
                    "expression": {
                      "equals": [
                        "@triggerOutputs()?['body/AttachmentExists']",
                        "false"
                      ]
                    },
                    "actions": {
                      "Validating_Email_Data": {
                        "type": "If",
                        "expression": {
                          "and": [
                            {
                              "equals": [
                                "@triggerOutputs()?['body/EmailData']",
                                ""
                              ]
                            },
                            {
                              "equals": [
                                "@triggerOutputs()?['body/EmailData']",
                                "@null"
                              ]
                            }
                          ]
                        },
                        "actions": {},
                        "else": {
                          "actions": {
                            "EmailData_Array": {
                              "type": "Compose",
                              "inputs": "@json(triggerOutputs()?['body/EmailData'])[0]",
                              "metadata": {
                                "operationMetadataId": "5fa92743-a862-446c-b68d-820f521e2cd4"
                              }
                            },
                            "Send_an_email_from_a_shared_mailbox_(V2)_2": {
                              "type": "OpenApiConnection",
                              "inputs": {
                                "parameters": {
                                  "emailMessage/MailboxAddress": "@variables('SharedMailBoxEmail')",
                                  "emailMessage/To": "@outputs('EmailData_Array')?['to']",
                                  "emailMessage/Subject": "@outputs('EmailData_Array')?['subject']",
                                  "emailMessage/Body": "<p>@{outputs('EmailData_Array')?['body']}</p>",
                                  "emailMessage/Cc": "@outputs('EmailData_Array')?['cc']",
                                  "emailMessage/Importance": "Normal"
                                },
                                "host": {
                                  "apiId": "/providers/Microsoft.PowerApps/apis/shared_office365",
                                  "operationId": "SharedMailboxSendEmailV2",
                                  "connectionName": "shared_office365_1"
                                }
                              },
                              "runAfter": {
                                "EmailData_Array": [
                                  "Succeeded"
                                ]
                              },
                              "metadata": {
                                "operationMetadataId": "b2357fc1-5c11-48b3-86e7-f7b66e39b69d"
                              }
                            }
                          }
                        },
                        "metadata": {
                          "operationMetadataId": "11b24739-c96d-4ad6-89f0-432cb7fab102"
                        }
                      }
                    },
                    "else": {
                      "actions": {
                        "Delay": {
                          "type": "Wait",
                          "inputs": {
                            "interval": {
                              "count": 30,
                              "unit": "Second"
                            }
                          },
                          "metadata": {
                            "operationMetadataId": "319e678c-426f-48b0-9ad9-c26ac0c8fea5"
                          }
                        },
                        "Get_attachments_from_list": {
                          "type": "OpenApiConnection",
                          "inputs": {
                            "parameters": {
                              "dataset": "@variables('SiteUrl')",
                              "table": "@variables('GrpahAPIEmaiListName')",
                              "itemId": "@triggerOutputs()?['body/ID']"
                            },
                            "host": {
                              "apiId": "/providers/Microsoft.PowerApps/apis/shared_sharepointonline",
                              "operationId": "GetItemAttachments",
                              "connectionName": "shared_sharepointonline_1"
                            }
                          },
                          "runAfter": {
                            "Delay": [
                              "Succeeded"
                            ]
                          },
                          "metadata": {
                            "operationMetadataId": "67e644c7-06d1-47bb-8e75-214c55ff952c"
                          }
                        },
                        "Is_Email_Data_valid": {
                          "type": "If",
                          "expression": {
                            "and": [
                              {
                                "equals": [
                                  "@triggerOutputs()?['body/EmailData']",
                                  ""
                                ]
                              },
                              {
                                "equals": [
                                  "@triggerOutputs()?['body/EmailData']",
                                  "@null"
                                ]
                              }
                            ]
                          },
                          "actions": {},
                          "else": {
                            "actions": {
                              "Send_an_email_from_a_shared_mailbox_(V2)_3": {
                                "type": "OpenApiConnection",
                                "inputs": {
                                  "parameters": {
                                    "emailMessage/MailboxAddress": "@variables('SharedMailBoxEmail')",
                                    "emailMessage/To": "@outputs('EmailData')?['to']",
                                    "emailMessage/Subject": "@outputs('EmailData')?['subject']",
                                    "emailMessage/Body": "<p>@{outputs('EmailData')?['body']}</p>",
                                    "emailMessage/Cc": "@outputs('EmailData')?['cc']",
                                    "emailMessage/Attachments": "@variables('EmailAttachements')",
                                    "emailMessage/Importance": "Normal"
                                  },
                                  "host": {
                                    "apiId": "/providers/Microsoft.PowerApps/apis/shared_office365",
                                    "operationId": "SharedMailboxSendEmailV2",
                                    "connectionName": "shared_office365_1"
                                  }
                                },
                                "runAfter": {
                                  "EmailData": [
                                    "Succeeded"
                                  ]
                                },
                                "metadata": {
                                  "operationMetadataId": "b2357fc1-5c11-48b3-86e7-f7b66e39b69d"
                                }
                              },
                              "EmailData": {
                                "type": "Compose",
                                "inputs": "@json(triggerOutputs()?['body/EmailData'])?[0]",
                                "metadata": {
                                  "operationMetadataId": "3b76a8ef-eb48-44b6-b6cf-66bdcc65ab48"
                                }
                              }
                            }
                          },
                          "runAfter": {
                            "Check_body": [
                              "Succeeded"
                            ]
                          },
                          "metadata": {
                            "operationMetadataId": "11b24739-c96d-4ad6-89f0-432cb7fab102"
                          }
                        },
                        "Check_body": {
                          "type": "If",
                          "expression": {
                            "and": [
                              {
                                "not": {
                                  "equals": [
                                    "@body('Get_attachments_from_list')",
                                    null
                                  ]
                                }
                              },
                              {
                                "not": {
                                  "equals": [
                                    "@body('Get_attachments_from_list')",
                                    "@null"
                                  ]
                                }
                              }
                            ]
                          },
                          "actions": {
                            "Loop_on_attachments": {
                              "type": "Foreach",
                              "foreach": "@body('Get_attachments_from_list')",
                              "actions": {
                                "Get_attachments": {
                                  "type": "OpenApiConnection",
                                  "inputs": {
                                    "parameters": {
                                      "dataset": "@variables('SiteUrl')",
                                      "table": "@variables('GrpahAPIEmaiListName')",
                                      "itemId": "@triggerOutputs()?['body/ID']",
                                      "attachmentId": "@items('Loop_on_attachments')?['Id']"
                                    },
                                    "host": {
                                      "apiId": "/providers/Microsoft.PowerApps/apis/shared_sharepointonline",
                                      "operationId": "GetAttachmentContent",
                                      "connectionName": "shared_sharepointonline_1"
                                    }
                                  },
                                  "metadata": {
                                    "operationMetadataId": "59a4100d-7f9a-421f-a61f-b66e60ec5035"
                                  }
                                },
                                "Append_to_attachment_array": {
                                  "type": "AppendToArrayVariable",
                                  "inputs": {
                                    "name": "EmailAttachements",
                                    "value": {
                                      "name": "@{items('Loop_on_attachments')?['DisplayName']}",
                                      "contentBytes": {
                                        "$content-type": "@{body('Get_attachments')?['$content-type']}",
                                        "$content": "@{body('Get_attachments')?['$content']}"
                                      }
                                    }
                                  },
                                  "runAfter": {
                                    "Compose_2": [
                                      "Succeeded"
                                    ]
                                  },
                                  "metadata": {
                                    "operationMetadataId": "2453d099-19c7-4579-8c4d-893c3ebb2947"
                                  }
                                },
                                "Compose_2": {
                                  "type": "Compose",
                                  "inputs": "@body('Get_attachments')",
                                  "runAfter": {
                                    "Get_attachments": [
                                      "Succeeded"
                                    ]
                                  },
                                  "metadata": {
                                    "operationMetadataId": "f801b5f3-9099-4cfb-a50c-7da8250bae0a"
                                  }
                                }
                              },
                              "metadata": {
                                "operationMetadataId": "8d0da8a9-9a8b-421c-a916-ea7ab73beb8a"
                              }
                            }
                          },
                          "else": {
                            "actions": {}
                          },
                          "runAfter": {
                            "Get_attachments_from_list": [
                              "Succeeded"
                            ]
                          },
                          "metadata": {
                            "operationMetadataId": "d58d6d36-3ce7-4ca4-84ea-2472472431ca"
                          }
                        }
                      }
                    },
                    "metadata": {
                      "operationMetadataId": "43304a62-9bf2-4bc4-9012-a65c20519d3d"
                    }
                  }
                }
              },
              "runAfter": {
                "Compose": [
                  "Succeeded"
                ]
              },
              "metadata": {
                "operationMetadataId": "85022a85-53a1-4a9e-8be4-7a608a639ff9"
              }
            },
            "Delete_item": {
              "type": "OpenApiConnection",
              "inputs": {
                "parameters": {
                  "dataset": "@variables('SiteUrl')",
                  "table": "@variables('GrpahAPIEmaiListName')",
                  "id": "@triggerOutputs()?['body/ID']"
                },
                "host": {
                  "apiId": "/providers/Microsoft.PowerApps/apis/shared_sharepointonline",
                  "operationId": "DeleteItem",
                  "connectionName": "shared_sharepointonline_1"
                }
              },
              "runAfter": {
                "Check_Title_for_validating_email": [
                  "Succeeded"
                ]
              },
              "metadata": {
                "operationMetadataId": "8fa5e725-9b21-4fad-b291-9d59362b5422"
              }
            }
          },
          "runAfter": {
            "Attachments": [
              "Succeeded"
            ]
          },
          "metadata": {
            "operationMetadataId": "381f7cb2-9c05-4bd0-bcef-ce04a159b22b"
          }
        },
        "Scope_-_catch": {
          "type": "Scope",
          "actions": {
            "Send_an_email_(V2)": {
              "type": "OpenApiConnection",
              "inputs": {
                "parameters": {
                  "emailMessage/To": "Rajveer.k@cubiclogics.com",
                  "emailMessage/Subject": "HRMS365 - TM365 Send Email from Graph API flow failure",
                  "emailMessage/Body": "<p>Your flow has failed. You can find the run failure details by clicking on Url below.</p><br>\n<br>\n<a href=\"@{concat('https://flow.microsoft.com/manage/environments/', workflow()?['tags']['environmentName'], '/flows/', workflow()?['name'], '/runs/', workflow()?['run']['name'])}\">Run History</a>",
                  "emailMessage/Importance": "Normal"
                },
                "host": {
                  "apiId": "/providers/Microsoft.PowerApps/apis/shared_office365",
                  "operationId": "SendEmailV2",
                  "connectionName": "shared_office365"
                }
              },
              "metadata": {
                "operationMetadataId": "3b45068b-21c1-4b42-8d81-6467fe2da379"
              }
            }
          },
          "runAfter": {
            "Scope_-_try": [
              "Failed",
              "TimedOut"
            ]
          },
          "metadata": {
            "operationMetadataId": "9634ac45-c312-4f74-b8d3-316eb24a4511"
          }
        }
      },
      "description": "Send Email from Graph Api"
    },
    "templateName": null
  },
  "schemaVersion": "1.0.0.0"
}