{
  "properties": {
    "connectionReferences": {
      "shared_sharepointonline_1": {
        "api": {
          "name": "shared_sharepointonline"
        },
        "connection": {
          "connectionReferenceLogicalName": "new_sharedsharepointonline_1b827"
        },
        "runtimeSource": "embedded"
      },
      "shared_sharepointonline_3": {
        "api": {
          "name": "shared_sharepointonline"
        },
        "connection": {
          "connectionReferenceLogicalName": "new_sharedsharepointonline_129e5"
        },
        "runtimeSource": "embedded"
      },
      "shared_sharepointonline_4": {
        "api": {
          "name": "shared_sharepointonline"
        },
        "connection": {
          "connectionReferenceLogicalName": "new_sharedsharepointonline_e9cb1"
        },
        "runtimeSource": "embedded"
      },
      "shared_sharepointonline_5": {
        "api": {
          "name": "shared_sharepointonline"
        },
        "connection": {
          "connectionReferenceLogicalName": "new_sharedsharepointonline_ed3f8"
        },
        "runtimeSource": "embedded"
      },
      "shared_sharepointonline_2": {
        "api": {
          "name": "shared_sharepointonline"
        },
        "connection": {
          "connectionReferenceLogicalName": "new_sharedsharepointonline_01804"
        },
        "runtimeSource": "embedded"
      },
      "shared_office365": {
        "api": {
          "name": "shared_office365"
        },
        "connection": {
          "connectionReferenceLogicalName": "hr365_sharedoffice365_088b3"
        },
        "runtimeSource": "embedded"
      }
    },
    "definition": {
      "$schema": "https://schema.management.azure.com/providers/Microsoft.Logic/schemas/2016-06-01/workflowdefinition.json#",
      "contentVersion": "1.0.0.0",
      "parameters": {
        "$authentication": {
          "defaultValue": {},
          "type": "SecureObject"
        },
        "$connections": {
          "defaultValue": {},
          "type": "Object"
        },
        "SiteAddress (HRMS365) (hrms365_SiteAddressHRMS365)": {
          "defaultValue": "https://zw4fg.sharepoint.com/sites/HRMS001",
          "type": "String",
          "metadata": {
            "schemaName": "hrms365_SiteAddressHRMS365",
            "description": "HRMS New Variable for SiteAddress(TMM)(hr365_SiteAddressTMM)"
          }
        }
      },
      "triggers": {
        "When_an_item_is_created_or_modified": {
          "type": "OpenApiConnection",
          "inputs": {
            "parameters": {
              "dataset": "@parameters('SiteAddress (HRMS365) (hrms365_SiteAddressHRMS365)')",
              "table": "HR365TMPLeavetracker"
            },
            "host": {
              "apiId": "/providers/Microsoft.PowerApps/apis/shared_sharepointonline",
              "operationId": "GetOnUpdatedItems",
              "connectionName": "shared_sharepointonline_1"
            }
          },
          "recurrence": {
            "interval": 1,
            "frequency": "Minute"
          },
          "splitOn": "@triggerOutputs()?['body/value']",
          "metadata": {
            "operationMetadataId": "31cfe25e-1a59-4b0e-9ec4-e3ecd5ee20d1"
          }
        }
      },
      "actions": {
        "Item_ID": {
          "type": "InitializeVariable",
          "inputs": {
            "variables": [
              {
                "name": "ItemID",
                "type": "string",
                "value": "@{triggerOutputs()?['body/ID']}"
              }
            ]
          },
          "runAfter": {},
          "metadata": {
            "operationMetadataId": "7c1d7344-f5e4-490f-99c8-bd0ebdebdd32"
          }
        },
        "site_address": {
          "type": "InitializeVariable",
          "inputs": {
            "variables": [
              {
                "name": "SiteAddress",
                "type": "string",
                "value": "@parameters('SiteAddress (HRMS365) (hrms365_SiteAddressHRMS365)')"
              }
            ]
          },
          "runAfter": {
            "Item_ID": [
              "Succeeded"
            ]
          },
          "metadata": {
            "operationMetadataId": "a002cebe-eb9d-4264-836a-a44f09e32946"
          }
        },
        "Scope_-_try": {
          "type": "Scope",
          "actions": {
            "Get_item_permission_call": {
              "type": "OpenApiConnection",
              "inputs": {
                "parameters": {
                  "dataset": "@variables('SiteAddress')",
                  "parameters/method": "GET",
                  "parameters/uri": "_api/web/lists/getbytitle('HR365TMPLeavetracker')/items?$select=ID,ItemPermission/ID&$expand=ItemPermission&$filter=ID eq '@{triggerOutputs()?['body/ID']}'"
                },
                "host": {
                  "apiId": "/providers/Microsoft.PowerApps/apis/shared_sharepointonline",
                  "operationId": "HttpRequest",
                  "connectionName": "shared_sharepointonline_3"
                }
              },
              "metadata": {
                "operationMetadataId": "49667214-f644-4c2e-97e5-d9621f456b60"
              }
            },
            "Send_an_HTTP_request_to_SharePoint": {
              "type": "OpenApiConnection",
              "inputs": {
                "parameters": {
                  "dataset": "@variables('SiteAddress')",
                  "parameters/method": "POST",
                  "parameters/uri": "_api/lists/getByTitle('HR365TMPLeavetracker')/items(@{triggerOutputs()?['body/ID']})/breakroleinheritance(copyRoleAssignments=false,clearSubscopes=true)"
                },
                "host": {
                  "apiId": "/providers/Microsoft.PowerApps/apis/shared_sharepointonline",
                  "operationId": "HttpRequest",
                  "connectionName": "shared_sharepointonline_4"
                }
              },
              "runAfter": {
                "Get_item_permission_call": [
                  "Succeeded"
                ]
              },
              "metadata": {
                "operationMetadataId": "f28b1ab4-28ed-4582-884e-8c6f56a78d60"
              }
            },
            "Compose": {
              "type": "Compose",
              "inputs": "@outputs('Get_Item_Permission_call')?['body']?['d']?['results']",
              "runAfter": {
                "Send_an_HTTP_request_to_SharePoint": [
                  "Succeeded"
                ]
              },
              "metadata": {
                "operationMetadataId": "f57528ee-497e-41a7-9438-5a69d572df6b"
              }
            },
            "Post_permissions": {
              "type": "Foreach",
              "foreach": "@outputs('Compose')",
              "actions": {
                "Apply_to_each": {
                  "type": "Foreach",
                  "foreach": "@items('Post_Permissions')?['ItemPermission']?['results']",
                  "actions": {
                    "Send_an_HTTP_request_to_SharePoint_3": {
                      "type": "OpenApiConnection",
                      "inputs": {
                        "parameters": {
                          "dataset": "@variables('SiteAddress')",
                          "parameters/method": "POST",
                          "parameters/uri": "/_api/web/lists/getbytitle('HR365TMPLeavetracker')/items(@{triggerOutputs()?['body/ID']})/roleassignments/addroleassignment(principalid=@{items('Apply_to_each')?['ID']},roledefid=@{variables('ContributeID')})"
                        },
                        "host": {
                          "apiId": "/providers/Microsoft.PowerApps/apis/shared_sharepointonline",
                          "operationId": "HttpRequest",
                          "connectionName": "shared_sharepointonline_5"
                        }
                      },
                      "metadata": {
                        "operationMetadataId": "22dd15c6-ca4b-407e-ad2d-d099b7e55748"
                      }
                    }
                  },
                  "metadata": {
                    "operationMetadataId": "3b09a5bd-34e1-4dc9-8c6b-341003959d74"
                  }
                }
              },
              "runAfter": {
                "Compose": [
                  "Succeeded"
                ]
              },
              "metadata": {
                "operationMetadataId": "cdbd6a22-0480-4245-8534-27f45e7fd71a"
              }
            }
          },
          "runAfter": {
            "Contribute_ID": [
              "Succeeded"
            ]
          },
          "metadata": {
            "operationMetadataId": "392d553d-d5b2-4463-aba9-0a8b850a2146"
          }
        },
        "Get_a_contribute_call": {
          "type": "OpenApiConnection",
          "inputs": {
            "parameters": {
              "dataset": "@variables('SiteAddress')",
              "parameters/method": "GET",
              "parameters/uri": "/_api/web/roledefinitions/getbyname('Contribute')"
            },
            "host": {
              "apiId": "/providers/Microsoft.PowerApps/apis/shared_sharepointonline",
              "operationId": "HttpRequest",
              "connectionName": "shared_sharepointonline_2"
            }
          },
          "runAfter": {
            "site_address": [
              "Succeeded"
            ]
          },
          "metadata": {
            "operationMetadataId": "c36a6ac1-0b59-4d31-8d06-326223b8abe5"
          }
        },
        "Contribute_ID": {
          "type": "InitializeVariable",
          "inputs": {
            "variables": [
              {
                "name": "ContributeID",
                "type": "string",
                "value": "@{body('Get_a_contribute_call')?['d']?['Id']}"
              }
            ]
          },
          "runAfter": {
            "Get_a_contribute_call": [
              "Succeeded"
            ]
          },
          "metadata": {
            "operationMetadataId": "ac92959a-4d71-4d2f-81f9-4387a0f04ee9"
          }
        },
        "Scope_-_catch": {
          "type": "Scope",
          "actions": {
            "Send_an_email_(V2)": {
              "type": "OpenApiConnection",
              "inputs": {
                "parameters": {
                  "emailMessage/To": "rajveer.k@cubiclogics.com",
                  "emailMessage/Subject": "HRMS365 - TM365 Item Level Permissions flow failure",
                  "emailMessage/Body": "<p>Your flow has failed. You can find the run failure details by clicking on Url below.</p><br>\n<br>\n<a href=\"@{concat('https://flow.microsoft.com/manage/environments/', workflow()?['tags']['environmentName'], '/flows/', workflow()?['name'], '/runs/', workflow()?['run']['name'])}\">Run History</a>",
                  "emailMessage/Importance": "Normal"
                },
                "host": {
                  "apiId": "/providers/Microsoft.PowerApps/apis/shared_office365",
                  "operationId": "SendEmailV2",
                  "connectionName": "shared_office365"
                }
              },
              "metadata": {
                "operationMetadataId": "65575301-29a0-4e38-820c-162052860dcb"
              }
            }
          },
          "runAfter": {
            "Scope_-_try": [
              "Failed",
              "TimedOut"
            ]
          },
          "metadata": {
            "operationMetadataId": "fbc39bda-8f30-4324-b1fc-48beb2d51ce8"
          }
        }
      }
    },
    "templateName": null
  },
  "schemaVersion": "1.0.0.0"
}