{
  "properties": {
    "connectionReferences": {
      "shared_sharepointonline": {
        "api": {
          "name": "shared_sharepointonline"
        },
        "connection": {
          "connectionReferenceLogicalName": "hr365_sharedsharepointonline_fbf4e"
        },
        "runtimeSource": "embedded"
      },
      "shared_sharepointonline-2": {
        "api": {
          "name": "shared_sharepointonline"
        },
        "connection": {
          "connectionReferenceLogicalName": "hrms365_sharedsharepointonline_a1f1a"
        },
        "runtimeSource": "embedded"
      },
      "shared_office365-1": {
        "api": {
          "name": "shared_office365"
        },
        "connection": {
          "connectionReferenceLogicalName": "hrms365_sharedoffice365_4d260"
        },
        "runtimeSource": "embedded"
      }
    },
    "definition": {
      "$schema": "https://schema.management.azure.com/providers/Microsoft.Logic/schemas/2016-06-01/workflowdefinition.json#",
      "contentVersion": "1.0.0.0",
      "parameters": {
        "$authentication": {
          "defaultValue": {},
          "type": "SecureObject"
        },
        "$connections": {
          "defaultValue": {},
          "type": "Object"
        },
        "SiteAddress (HRMS365) (hrms365_SiteAddressHRMS365)": {
          "defaultValue": "https://zw4fg.sharepoint.com/sites/HRMS0109",
          "type": "String",
          "metadata": {
            "schemaName": "hrms365_SiteAddressHRMS365",
            "description": "HRMS New Variable for SiteAddress(TMM)(hr365_SiteAddressTMM)"
          }
        },
        "SharedMailBoxEmail (HRMS365) (hrms365_SharedMailBoxEmailHRMS365)": {
          "defaultValue": "supporthrms@zw4fg.onmicrosoft.com",
          "type": "String",
          "metadata": {
            "schemaName": "hrms365_SharedMailBoxEmailHRMS365",
            "description": "HRMS New Variable for SharedMailBoxEmail(hr365_SharedMailBoxEmail)"
          }
        }
      },
      "triggers": {
        "When_an_item_is_created": {
          "type": "OpenApiConnection",
          "inputs": {
            "parameters": {
              "dataset": "https://zw4fg.sharepoint.com",
              "table": "HR365TSGraphAPIEmails"
            },
            "host": {
              "apiId": "/providers/Microsoft.PowerApps/apis/shared_sharepointonline",
              "operationId": "GetOnNewItems",
              "connectionName": "shared_sharepointonline"
            }
          },
          "recurrence": {
            "interval": 1,
            "frequency": "Minute"
          },
          "splitOn": "@triggerOutputs()?['body/value']",
          "metadata": {
            "operationMetadataId": "90341f73-4a17-4fd0-aaa3-aedb9f96f043"
          }
        }
      },
      "actions": {
        "SharedMailBoxEmail": {
          "type": "Compose",
          "inputs": "@parameters('SharedMailBoxEmail (HRMS365) (hrms365_SharedMailBoxEmailHRMS365)')",
          "runAfter": {
            "GraphAPIEmail_list_name": [
              "Succeeded"
            ]
          },
          "metadata": {
            "operationMetadataId": "93905e73-7c97-4aa5-824a-528a17ddccad"
          }
        },
        "Setting_list_name": {
          "type": "InitializeVariable",
          "inputs": {
            "variables": [
              {
                "name": "SettingListName",
                "type": "string",
                "value": "HR365TSSettings"
              }
            ]
          },
          "runAfter": {
            "SharedMailBoxEmail": [
              "Succeeded"
            ]
          },
          "metadata": {
            "operationMetadataId": "2c7cc7cb-c18c-4d21-92b1-c0192693c509"
          }
        },
        "Attachments": {
          "type": "InitializeVariable",
          "inputs": {
            "variables": [
              {
                "name": "EmailAttachements",
                "type": "array",
                "value": []
              }
            ]
          },
          "runAfter": {
            "Setting_list_name": [
              "Succeeded"
            ]
          },
          "metadata": {
            "operationMetadataId": "4d1bcf32-01c8-47a3-a261-768e514fdefd"
          }
        },
        "Compose_1": {
          "type": "Compose",
          "inputs": "@triggerOutputs()?['body/EmailData']",
          "runAfter": {
            "Attachments": [
              "Succeeded"
            ]
          },
          "metadata": {
            "operationMetadataId": "bf5cf472-b994-4312-b689-803c5c63bd9f"
          }
        },
        "Check_Title_for_validating_email": {
          "type": "If",
          "expression": {
            "and": [
              {
                "equals": [
                  "@triggerOutputs()?['body/Title']",
                  "Validating Email"
                ]
              }
            ]
          },
          "actions": {
            "Get_Setting_list_Data": {
              "type": "OpenApiConnection",
              "inputs": {
                "parameters": {
                  "dataset": "@variables('SiteAddress')",
                  "parameters/method": "GET",
                  "parameters/uri": "_api/web/lists/getbytitle('@{variables('SettingListName')}')/items",
                  "parameters/headers": {
                    "Accept": "application/json;odata=nometadata",
                    "odata-version\n": "",
                    "X-HTTP-Method": "GET"
                  }
                },
                "host": {
                  "apiId": "/providers/Microsoft.PowerApps/apis/shared_sharepointonline",
                  "operationId": "HttpRequest",
                  "connectionName": "shared_sharepointonline-2"
                }
              },
              "metadata": {
                "operationMetadataId": "33833531-0144-4c6f-9356-fdd2bb3934fd"
              }
            },
            "Post_Shared_mail_box_id": {
              "type": "OpenApiConnection",
              "inputs": {
                "parameters": {
                  "dataset": "@variables('SiteAddress')",
                  "parameters/method": "POST",
                  "parameters/uri": "/_api/web/lists/getbytitle('@{variables('SettingListName')}')/items(@{outputs('Get_Setting_list_Data')?['body']?['value']?[0]?['Id']})",
                  "parameters/headers": {
                    "accept": "application/json;odata=nometadata",
                    "content-type": "application/json;odata=nometadata",
                    "IF-MATCH": "*",
                    "X-HTTP-Method": "PATCH"
                  },
                  "parameters/body": "{\n\"ValidatingMailBoxEmail\":'@{outputs('SharedMailBoxEmail')}',\n\"GraphEmailFlowExists\":'Yes'\n}"
                },
                "host": {
                  "apiId": "/providers/Microsoft.PowerApps/apis/shared_sharepointonline",
                  "operationId": "HttpRequest",
                  "connectionName": "shared_sharepointonline-2"
                }
              },
              "runAfter": {
                "Compose_4": [
                  "Succeeded"
                ]
              },
              "metadata": {
                "operationMetadataId": "6c544f20-ca02-4fb4-aec1-557ccf18dfea"
              }
            },
            "Compose_4": {
              "type": "Compose",
              "inputs": "@outputs('Get_Setting_list_Data')?['body']",
              "runAfter": {
                "Get_Setting_list_Data": [
                  "Succeeded"
                ]
              },
              "metadata": {
                "operationMetadataId": "f9fe4d06-8e51-4793-90a7-de948101c8d2"
              }
            }
          },
          "else": {
            "actions": {
              "Is_Attachments_exists": {
                "type": "If",
                "expression": {
                  "and": [
                    {
                      "equals": [
                        "@triggerOutputs()?['body/AttachmentExists']",
                        false
                      ]
                    }
                  ]
                },
                "actions": {
                  "Validating_Email_Data": {
                    "type": "If",
                    "expression": {
                      "and": [
                        {
                          "equals": [
                            "@triggerOutputs()?['body/EmailData']",
                            ""
                          ]
                        },
                        {
                          "equals": [
                            "@triggerOutputs()?['body/EmailData']",
                            "@null"
                          ]
                        }
                      ]
                    },
                    "actions": {},
                    "else": {
                      "actions": {
                        "EmailData_Array": {
                          "type": "Compose",
                          "inputs": "@json(triggerOutputs()?['body/EmailData'])[0]",
                          "metadata": {
                            "operationMetadataId": "5fa92743-a862-446c-b68d-820f521e2cd4"
                          }
                        },
                        "Send_an_email_from_a_shared_mailbox_(V2)_2": {
                          "type": "OpenApiConnection",
                          "inputs": {
                            "parameters": {
                              "emailMessage/MailboxAddress": "@outputs('SharedMailBoxEmail')",
                              "emailMessage/To": "@replace(trim(replace(outputs('EmailData_Array')?['to'], '\"', '')), ',', ';')\r\n",
                              "emailMessage/Subject": "@outputs('EmailData_Array')?['subject']",
                              "emailMessage/Body": "<p>@{outputs('EmailData_Array')?['body']}</p>",
                              "emailMessage/Cc": "@outputs('EmailData_Array')?['cc']",
                              "emailMessage/Importance": "Normal"
                            },
                            "host": {
                              "apiId": "/providers/Microsoft.PowerApps/apis/shared_office365",
                              "operationId": "SharedMailboxSendEmailV2",
                              "connectionName": "shared_office365-1"
                            }
                          },
                          "runAfter": {
                            "EmailData_Array": [
                              "Succeeded"
                            ]
                          },
                          "metadata": {
                            "operationMetadataId": "b2357fc1-5c11-48b3-86e7-f7b66e39b69d"
                          }
                        }
                      }
                    },
                    "metadata": {
                      "operationMetadataId": "11b24739-c96d-4ad6-89f0-432cb7fab102"
                    }
                  }
                },
                "else": {
                  "actions": {
                    "Delay": {
                      "type": "Wait",
                      "inputs": {
                        "interval": {
                          "count": 30,
                          "unit": "Second"
                        }
                      },
                      "metadata": {
                        "operationMetadataId": "319e678c-426f-48b0-9ad9-c26ac0c8fea5"
                      }
                    },
                    "Get_attachments_from_list": {
                      "type": "OpenApiConnection",
                      "inputs": {
                        "parameters": {
                          "dataset": "@variables('SiteAddress')",
                          "table": "@variables('GrpahAPIEmaiListName')",
                          "itemId": "@triggerOutputs()?['body/ID']"
                        },
                        "host": {
                          "apiId": "/providers/Microsoft.PowerApps/apis/shared_sharepointonline",
                          "operationId": "GetItemAttachments",
                          "connectionName": "shared_sharepointonline-2"
                        }
                      },
                      "runAfter": {
                        "Delay": [
                          "Succeeded"
                        ]
                      },
                      "metadata": {
                        "operationMetadataId": "67e644c7-06d1-47bb-8e75-214c55ff952c"
                      }
                    },
                    "Is_Email_Data_valid": {
                      "type": "If",
                      "expression": {
                        "and": [
                          {
                            "equals": [
                              "@triggerOutputs()?['body/EmailData']",
                              ""
                            ]
                          },
                          {
                            "equals": [
                              "@triggerOutputs()?['body/EmailData']",
                              "@null"
                            ]
                          }
                        ]
                      },
                      "actions": {},
                      "else": {
                        "actions": {
                          "Send_an_email_from_a_shared_mailbox_(V2)_3": {
                            "type": "OpenApiConnection",
                            "inputs": {
                              "parameters": {
                                "emailMessage/MailboxAddress": "@outputs('SharedMailBoxEmail')",
                                "emailMessage/To": "@outputs('EmailData')?['to']",
                                "emailMessage/Subject": "@outputs('EmailData')?['subject']",
                                "emailMessage/Body": "<p>@{outputs('EmailData')?['body']}</p>",
                                "emailMessage/Cc": "@outputs('EmailData')?['cc']",
                                "emailMessage/Attachments": "@variables('EmailAttachements')",
                                "emailMessage/Importance": "Normal"
                              },
                              "host": {
                                "apiId": "/providers/Microsoft.PowerApps/apis/shared_office365",
                                "operationId": "SharedMailboxSendEmailV2",
                                "connectionName": "shared_office365-1"
                              }
                            },
                            "runAfter": {
                              "Compose_2": [
                                "Succeeded"
                              ]
                            },
                            "metadata": {
                              "operationMetadataId": "b2357fc1-5c11-48b3-86e7-f7b66e39b69d"
                            }
                          },
                          "EmailData": {
                            "type": "Compose",
                            "inputs": "@json(triggerOutputs()?['body/EmailData'])?[0]",
                            "metadata": {
                              "operationMetadataId": "3b76a8ef-eb48-44b6-b6cf-66bdcc65ab48"
                            }
                          },
                          "Compose_2": {
                            "type": "Compose",
                            "inputs": "@outputs('EmailData')",
                            "runAfter": {
                              "EmailData": [
                                "Succeeded"
                              ]
                            },
                            "metadata": {
                              "operationMetadataId": "be08eb82-5273-467f-a6a2-0b093967b7d0"
                            }
                          }
                        }
                      },
                      "runAfter": {
                        "Check_body": [
                          "Succeeded"
                        ]
                      },
                      "metadata": {
                        "operationMetadataId": "11b24739-c96d-4ad6-89f0-432cb7fab102"
                      }
                    },
                    "Check_body": {
                      "type": "If",
                      "expression": {
                        "and": [
                          {
                            "not": {
                              "equals": [
                                "item",
                                ""
                              ]
                            }
                          },
                          {
                            "not": {
                              "equals": [
                                "item",
                                "@null"
                              ]
                            }
                          }
                        ]
                      },
                      "actions": {
                        "Loop_on_attachments": {
                          "type": "Foreach",
                          "foreach": "@body('Get_attachments_from_list')",
                          "actions": {
                            "Get_attachments": {
                              "type": "OpenApiConnection",
                              "inputs": {
                                "parameters": {
                                  "dataset": "@variables('SiteAddress')",
                                  "table": "@variables('GrpahAPIEmaiListName')",
                                  "itemId": "@triggerOutputs()?['body/ID']",
                                  "attachmentId": "@items('Loop_on_attachments')?['Id']"
                                },
                                "host": {
                                  "apiId": "/providers/Microsoft.PowerApps/apis/shared_sharepointonline",
                                  "operationId": "GetAttachmentContent",
                                  "connectionName": "shared_sharepointonline-2"
                                }
                              },
                              "metadata": {
                                "operationMetadataId": "59a4100d-7f9a-421f-a61f-b66e60ec5035"
                              }
                            },
                            "Append_to_attachment_array": {
                              "type": "AppendToArrayVariable",
                              "inputs": {
                                "name": "EmailAttachements",
                                "value": {
                                  "name": "@{items('Loop_on_attachments')?['DisplayName']}",
                                  "contentBytes": {
                                    "$content-type": "@{body('Get_attachments')?['$content-type']}",
                                    "$content": "@{body('Get_attachments')?['$content']}"
                                  }
                                }
                              },
                              "runAfter": {
                                "Compose_3": [
                                  "Succeeded"
                                ]
                              },
                              "metadata": {
                                "operationMetadataId": "2453d099-19c7-4579-8c4d-893c3ebb2947"
                              }
                            },
                            "Compose_3": {
                              "type": "Compose",
                              "inputs": "@body('Get_attachments')",
                              "runAfter": {
                                "Get_attachments": [
                                  "Succeeded"
                                ]
                              },
                              "metadata": {
                                "operationMetadataId": "f801b5f3-9099-4cfb-a50c-7da8250bae0a"
                              }
                            }
                          },
                          "metadata": {
                            "operationMetadataId": "8d0da8a9-9a8b-421c-a916-ea7ab73beb8a"
                          }
                        }
                      },
                      "else": {
                        "actions": {}
                      },
                      "runAfter": {
                        "Get_attachments_from_list": [
                          "Succeeded"
                        ]
                      },
                      "metadata": {
                        "operationMetadataId": "d58d6d36-3ce7-4ca4-84ea-2472472431ca"
                      }
                    }
                  }
                },
                "metadata": {
                  "operationMetadataId": "43304a62-9bf2-4bc4-9012-a65c20519d3d"
                }
              }
            }
          },
          "runAfter": {
            "Initialize_variable_SiteAddress": [
              "Succeeded"
            ]
          },
          "metadata": {
            "operationMetadataId": "85022a85-53a1-4a9e-8be4-7a608a639ff9"
          }
        },
        "Delete_item": {
          "type": "OpenApiConnection",
          "inputs": {
            "parameters": {
              "dataset": "@parameters('SiteAddress (HRMS365) (hrms365_SiteAddressHRMS365)')",
              "table": "@variables('GrpahAPIEmaiListName')",
              "id": "@triggerOutputs()?['body/ID']"
            },
            "host": {
              "apiId": "/providers/Microsoft.PowerApps/apis/shared_sharepointonline",
              "operationId": "DeleteItem",
              "connectionName": "shared_sharepointonline"
            }
          },
          "runAfter": {
            "Check_Title_for_validating_email": [
              "Succeeded"
            ]
          },
          "metadata": {
            "operationMetadataId": "b98dcf46-08cb-4aa0-91e4-c218a51b5da0"
          }
        },
        "GraphAPIEmail_list_name": {
          "type": "InitializeVariable",
          "inputs": {
            "variables": [
              {
                "name": "GrpahAPIEmaiListName",
                "type": "string",
                "value": "HR365TSGraphAPIEmails"
              }
            ]
          },
          "runAfter": {},
          "metadata": {
            "operationMetadataId": "8125a618-14a2-406c-932b-eb80a41f22c6"
          }
        },
        "Initialize_variable_SiteAddress": {
          "type": "InitializeVariable",
          "inputs": {
            "variables": [
              {
                "name": "SiteAddress",
                "type": "string",
                "value": "@parameters('SiteAddress (HRMS365) (hrms365_SiteAddressHRMS365)')"
              }
            ]
          },
          "runAfter": {
            "Compose_1": [
              "Succeeded"
            ]
          }
        }
      }
    },
    "templateName": null
  },
  "schemaVersion": "1.0.0.0"
}