{
  "properties": {
    "connectionReferences": {},
    "definition": {
      "$schema": "https://schema.management.azure.com/providers/Microsoft.Logic/schemas/2016-06-01/workflowdefinition.json#",
      "contentVersion": "1.0.0.0",
      "parameters": {
        "$authentication": {
          "defaultValue": {},
          "type": "SecureObject"
        },
        "$connections": {
          "defaultValue": {},
          "type": "Object"
        }
      },
      "triggers": {
        "manual": {
          "type": "Request",
          "kind": "Button",
          "inputs": {
            "schema": {
              "type": "object",
              "properties": {
                "text": {
                  "description": "WorkflowData",
                  "title": "WorkflowData",
                  "type": "string",
                  "x-ms-content-hint": "TEXT",
                  "x-ms-dynamically-added": true
                },
                "text_1": {
                  "description": "Users",
                  "title": "Users",
                  "type": "string",
                  "x-ms-content-hint": "TEXT",
                  "x-ms-dynamically-added": true
                },
                "text_2": {
                  "description": "Admins",
                  "title": "Admins",
                  "type": "string",
                  "x-ms-content-hint": "TEXT",
                  "x-ms-dynamically-added": true
                },
                "text_3": {
                  "description": "ProjectAdminGUID",
                  "title": "ProjectAdminGUID",
                  "type": "string",
                  "x-ms-content-hint": "TEXT",
                  "x-ms-dynamically-added": true
                },
                "text_4": {
                  "description": "ProjectGUID",
                  "title": "ProjectGUID",
                  "type": "string",
                  "x-ms-content-hint": "TEXT",
                  "x-ms-dynamically-added": true
                },
                "text_5": {
                  "description": "UserWhoSubmitted",
                  "title": "UserWhoSubmitted",
                  "type": "string",
                  "x-ms-content-hint": "TEXT",
                  "x-ms-dynamically-added": true
                },
                "text_6": {
                  "description": "Level",
                  "title": "Level",
                  "type": "string",
                  "x-ms-content-hint": "TEXT",
                  "x-ms-dynamically-added": true
                },
                "text_7": {
                  "description": "Coordinator",
                  "title": "Coordinator",
                  "type": "string",
                  "x-ms-content-hint": "TEXT",
                  "x-ms-dynamically-added": true
                },
                "text_8": {
                  "description": "programManager",
                  "title": "programManager",
                  "type": "string",
                  "x-ms-content-hint": "TEXT",
                  "x-ms-dynamically-added": true
                },
                "text_9": {
                  "description": "projectObserver",
                  "title": "projectObserver",
                  "type": "string",
                  "x-ms-content-hint": "TEXT",
                  "x-ms-dynamically-added": true
                },
                "text_10": {
                  "description": "projectManager",
                  "title": "projectManager",
                  "type": "string",
                  "x-ms-content-hint": "TEXT",
                  "x-ms-dynamically-added": true
                }
              },
              "required": [
                "text",
                "text_1",
                "text_2",
                "text_3",
                "text_4",
                "text_5",
                "text_6",
                "text_7",
                "text_8",
                "text_9",
                "text_10"
              ]
            }
          },
          "metadata": {
            "operationMetadataId": "f3541267-37b3-4396-b560-5e6e48d42bb4"
          }
        }
      },
      "actions": {
        "WorkflowData": {
          "type": "Compose",
          "inputs": "@json(triggerBody()['text'])",
          "runAfter": {},
          "metadata": {
            "operationMetadataId": "8e48d899-787e-4a49-bc44-1998a23beca4"
          }
        },
        "Users": {
          "type": "Compose",
          "inputs": "@json(triggerBody()['text_1'])",
          "runAfter": {
            "WorkflowData": [
              "Succeeded"
            ]
          },
          "metadata": {
            "operationMetadataId": "29baabb0-fd25-46d8-a97d-d75143d80352"
          }
        },
        "Admin_Users": {
          "type": "Compose",
          "inputs": "@triggerBody()?['text_2']",
          "runAfter": {
            "Users": [
              "Succeeded"
            ]
          },
          "metadata": {
            "operationMetadataId": "1b4baede-e03e-4144-99ee-9bea101bc706"
          }
        },
        "Respond_to_a_Power_App_or_flow-_send_email_array": {
          "type": "Response",
          "kind": "PowerApp",
          "inputs": {
            "schema": {
              "type": "object",
              "properties": {
                "thisapproversvalues": {
                  "title": "thisApproversValues",
                  "x-ms-dynamically-added": true,
                  "type": "string"
                }
              },
              "additionalProperties": {}
            },
            "statusCode": 200,
            "body": {
              "thisapproversvalues": "@{variables('ThisApprovers')}"
            }
          },
          "runAfter": {
            "thisApproversValues": [
              "Succeeded"
            ]
          },
          "metadata": {
            "operationMetadataId": "7ff4c689-9eaf-471a-8efe-46154d91296d"
          }
        },
        "Sequential": {
          "type": "If",
          "expression": {
            "and": [
              {
                "equals": [
                  "@outputs('workflowData')?['Type']",
                  "Sequential"
                ]
              }
            ]
          },
          "actions": {
            "ApprovalListAll": {
              "type": "Compose",
              "inputs": "@outputs('workflowData')?['ApprovalList']",
              "metadata": {
                "operationMetadataId": "e9984eb6-cb96-41ae-959f-77cfb279fec1"
              }
            },
            "Each_from_approvalList": {
              "type": "Foreach",
              "foreach": "@outputs('ApprovalListAll')",
              "actions": {
                "IsApprovers": {
                  "type": "If",
                  "expression": {
                    "and": [
                      {
                        "equals": [
                          "@item()?['IsApprovers']",
                          true
                        ]
                      }
                    ]
                  },
                  "actions": {
                    "Approvers": {
                      "type": "Compose",
                      "inputs": "@item()?['Approvers']",
                      "metadata": {
                        "operationMetadataId": "20205341-477d-4020-bcd7-c225318622a3"
                      }
                    },
                    "Each_Approvers": {
                      "type": "Foreach",
                      "foreach": "@outputs('Approvers')",
                      "actions": {
                        "find_user_from_user_list": {
                          "type": "Query",
                          "inputs": {
                            "from": "@json(triggerBody()['text_1'])",
                            "where": "@equals(item()?['GID'],outputs('approver_GUID'))"
                          },
                          "runAfter": {
                            "Compose": [
                              "Succeeded"
                            ]
                          },
                          "metadata": {
                            "operationMetadataId": "f603eb23-39c2-495f-9966-76421ef2947c"
                          }
                        },
                        "approver_GUID": {
                          "type": "Compose",
                          "inputs": "@item()?['key']",
                          "metadata": {
                            "operationMetadataId": "772b69bc-3826-432e-b25b-1aed628eb242"
                          }
                        },
                        "Compose": {
                          "type": "Compose",
                          "inputs": "@item()?['GID']",
                          "runAfter": {
                            "approver_GUID": [
                              "Succeeded"
                            ]
                          },
                          "metadata": {
                            "operationMetadataId": "209d3c04-75ca-4155-a552-be54a8cd7f11"
                          }
                        },
                        "user_foundd": {
                          "type": "If",
                          "expression": {
                            "and": [
                              {
                                "not": {
                                  "equals": [
                                    "@length(outputs('find_user_from_user_list')?['body'])",
                                    0
                                  ]
                                }
                              }
                            ]
                          },
                          "actions": {
                            "check_active": {
                              "type": "Compose",
                              "inputs": "@outputs('user_found')?[0]?['Status']\r\n",
                              "metadata": {
                                "operationMetadataId": "4fc43b34-503a-469a-a15f-e4b83b8e1032"
                              }
                            },
                            "Active_user": {
                              "type": "If",
                              "expression": {
                                "and": [
                                  {
                                    "equals": [
                                      "@outputs('user_found')[0]?['Status']",
                                      "Active"
                                    ]
                                  }
                                ]
                              },
                              "actions": {
                                "Append_to_array_variable": {
                                  "type": "AppendToArrayVariable",
                                  "inputs": {
                                    "name": "ThisApprovers",
                                    "value": "@outputs('user_found')?[0]?['User']?['Email']\r\n"
                                  },
                                  "metadata": {
                                    "operationMetadataId": "845a6697-5922-47c2-ba8a-37fca1cc49f8"
                                  }
                                }
                              },
                              "else": {
                                "actions": {
                                  "to_all_admins": {
                                    "type": "Foreach",
                                    "foreach": "@outputs('Admin_Users')",
                                    "actions": {
                                      "Append_to_array_values": {
                                        "type": "AppendToArrayVariable",
                                        "inputs": {
                                          "name": "ThisApprovers",
                                          "value": "@item()?['User']?['Email']"
                                        },
                                        "metadata": {
                                          "operationMetadataId": "e607dca2-59da-49b0-8e90-6b45cc959cde"
                                        }
                                      }
                                    },
                                    "metadata": {
                                      "operationMetadataId": "50bdb911-f9f8-43eb-bfe5-0f950d77498d"
                                    }
                                  }
                                }
                              },
                              "runAfter": {
                                "check_active": [
                                  "Succeeded"
                                ]
                              },
                              "metadata": {
                                "operationMetadataId": "c6918516-9646-4953-af26-34735e34629c"
                              }
                            }
                          },
                          "else": {
                            "actions": {
                              "to_all_admins-copy": {
                                "type": "Foreach",
                                "foreach": "@outputs('Admin_Users')",
                                "actions": {
                                  "Append_to_array_values_2": {
                                    "type": "AppendToArrayVariable",
                                    "inputs": {
                                      "name": "ThisApprovers",
                                      "value": "@item()?['User']?['Email']"
                                    },
                                    "metadata": {
                                      "operationMetadataId": "9d37f25a-14b6-48f3-a189-483f59d57497"
                                    }
                                  }
                                },
                                "metadata": {
                                  "operationMetadataId": "7a621333-c7fb-4b18-8af9-fb2c792b98ca"
                                }
                              }
                            }
                          },
                          "runAfter": {
                            "user_found": [
                              "Succeeded"
                            ]
                          },
                          "metadata": {
                            "operationMetadataId": "346d3a50-26ee-49f8-9ab4-276f04128549"
                          }
                        },
                        "user_found": {
                          "type": "Compose",
                          "inputs": "@outputs('find_user_from_user_list')?['body']",
                          "runAfter": {
                            "find_user_from_user_list": [
                              "Succeeded"
                            ]
                          },
                          "metadata": {
                            "operationMetadataId": "0b87d036-1be7-48a2-9653-51877a32e76b"
                          }
                        }
                      },
                      "runAfter": {
                        "Approvers": [
                          "Succeeded"
                        ]
                      },
                      "metadata": {
                        "operationMetadataId": "fdb25686-678d-4a31-896b-14ae801a1b0d"
                      }
                    }
                  },
                  "else": {
                    "actions": {}
                  },
                  "runAfter": {
                    "Each_Item": [
                      "Succeeded"
                    ]
                  },
                  "metadata": {
                    "operationMetadataId": "bcbc2a02-6411-4f6f-bb03-195567fff143"
                  }
                },
                "isRole": {
                  "type": "If",
                  "expression": {
                    "and": [
                      {
                        "equals": [
                          "@item()?['IsRole']",
                          true
                        ]
                      }
                    ]
                  },
                  "actions": {
                    "SelectRole": {
                      "type": "Compose",
                      "inputs": "@item()?['SelectRole']",
                      "metadata": {
                        "operationMetadataId": "284233ce-d18b-4614-a14b-9903c48abe26"
                      }
                    },
                    "for_each_role": {
                      "type": "Foreach",
                      "foreach": "@outputs('SelectRole')",
                      "actions": {
                        "The_role": {
                          "type": "Compose",
                          "inputs": "@item()?['key']",
                          "metadata": {
                            "operationMetadataId": "affec799-7dc3-4e23-941b-2e931cbe5de7"
                          }
                        },
                        "Switch_1-copy": {
                          "type": "Switch",
                          "expression": "@item()['key']",
                          "default": {
                            "actions": {}
                          },
                          "cases": {
                            "projectManager_": {
                              "actions": {
                                "project_manager_1": {
                                  "type": "Foreach",
                                  "foreach": "@outputs('projectManager_users')",
                                  "actions": {
                                    "Append_to_array_values_7": {
                                      "type": "AppendToArrayVariable",
                                      "inputs": {
                                        "name": "ThisApprovers",
                                        "value": "@item()?['User']?['Email']"
                                      },
                                      "runAfter": {
                                        "Compose_2": [
                                          "Succeeded"
                                        ]
                                      },
                                      "metadata": {
                                        "operationMetadataId": "666c5944-739b-45ad-9d34-ca91bc038ce5"
                                      }
                                    },
                                    "Compose_2": {
                                      "type": "Compose",
                                      "inputs": "@item()?['User']?['Email']",
                                      "metadata": {
                                        "operationMetadataId": "60b57ee1-5b90-49b9-9c24-66db47215389"
                                      }
                                    }
                                  },
                                  "metadata": {
                                    "operationMetadataId": "af0a26b6-a219-400a-b5b6-139cd2bba68b"
                                  }
                                }
                              },
                              "case": "projectManager"
                            },
                            "projectObserver_": {
                              "actions": {
                                "projectObserver_1": {
                                  "type": "Foreach",
                                  "foreach": "@outputs('projectObserver_users')",
                                  "actions": {
                                    "Append_to_array_values_8": {
                                      "type": "AppendToArrayVariable",
                                      "inputs": {
                                        "name": "ThisApprovers",
                                        "value": "@item()?['User']?['Email']"
                                      },
                                      "runAfter": {
                                        "Compose_7": [
                                          "Succeeded"
                                        ]
                                      },
                                      "metadata": {
                                        "operationMetadataId": "688a848a-2d41-4448-8828-6e9c7c2e78a0"
                                      }
                                    },
                                    "Compose_7": {
                                      "type": "Compose",
                                      "inputs": "@item()?['User']?['Email']",
                                      "metadata": {
                                        "operationMetadataId": "caea61cc-4839-4921-923a-9d110744ced0"
                                      }
                                    }
                                  },
                                  "metadata": {
                                    "operationMetadataId": "f6ee0a31-e245-4198-a1c4-0f7f6a5a141f"
                                  }
                                }
                              },
                              "case": "projectObserver"
                            },
                            "programManager": {
                              "actions": {
                                "projectmanager_1": {
                                  "type": "Foreach",
                                  "foreach": "@outputs('programManager_users')",
                                  "actions": {
                                    "Append_to_array_values_9": {
                                      "type": "AppendToArrayVariable",
                                      "inputs": {
                                        "name": "ThisApprovers",
                                        "value": "@item()?['User']?['Email']"
                                      },
                                      "runAfter": {
                                        "Compose_8": [
                                          "Succeeded"
                                        ]
                                      },
                                      "metadata": {
                                        "operationMetadataId": "789ac6f1-632a-463b-bfe1-77940dfdd101"
                                      }
                                    },
                                    "Compose_8": {
                                      "type": "Compose",
                                      "inputs": "@item()?['User']?['Email']",
                                      "metadata": {
                                        "operationMetadataId": "5ec358a6-8ab4-45bf-a537-2171d387417a"
                                      }
                                    }
                                  },
                                  "metadata": {
                                    "operationMetadataId": "66928c27-db9d-4e79-8a8b-1b58a9c337b1"
                                  }
                                }
                              },
                              "case": "programManager"
                            },
                            "coordinator": {
                              "actions": {
                                "coodinators": {
                                  "type": "Foreach",
                                  "foreach": "@outputs('coordinator_users')",
                                  "actions": {
                                    "Append_to_array_values_10": {
                                      "type": "AppendToArrayVariable",
                                      "inputs": {
                                        "name": "ThisApprovers",
                                        "value": "@item()?['User']?['Email']"
                                      },
                                      "runAfter": {
                                        "Compose_9": [
                                          "Succeeded"
                                        ]
                                      },
                                      "metadata": {
                                        "operationMetadataId": "0c860d6c-51b7-459f-84ad-bd58be52966f"
                                      }
                                    },
                                    "Compose_9": {
                                      "type": "Compose",
                                      "inputs": "@item()?['User']?['Email']",
                                      "metadata": {
                                        "operationMetadataId": "e1ad1603-cc36-4522-942a-dead19cc081f"
                                      }
                                    }
                                  },
                                  "metadata": {
                                    "operationMetadataId": "fad6fc1d-67ac-4431-826d-fcbac224568d"
                                  }
                                }
                              },
                              "case": "coordinator"
                            }
                          },
                          "runAfter": {
                            "The_role": [
                              "Succeeded"
                            ]
                          },
                          "metadata": {
                            "operationMetadataId": "fbc4dcdb-df57-402f-8bdb-d2f2e19b4768"
                          }
                        }
                      },
                      "runAfter": {
                        "SelectRole": [
                          "Succeeded"
                        ]
                      },
                      "metadata": {
                        "operationMetadataId": "3c168252-abbc-4606-8cc5-d578f3efede8"
                      }
                    }
                  },
                  "else": {
                    "actions": {}
                  },
                  "runAfter": {
                    "IsApprovers": [
                      "Succeeded"
                    ]
                  },
                  "metadata": {
                    "operationMetadataId": "336a06ed-a1f4-42c4-aac1-23d25a78e12b"
                  }
                },
                "Manager": {
                  "type": "If",
                  "expression": {
                    "and": [
                      {
                        "equals": [
                          "@item()?['Manager']",
                          true
                        ]
                      }
                    ]
                  },
                  "actions": {
                    "Project_managers": {
                      "type": "Compose",
                      "inputs": "@triggerBody()?['text_3']",
                      "metadata": {
                        "operationMetadataId": "6f45ed0b-1da2-4ca9-b9f5-5b78c5643e7b"
                      }
                    },
                    "for_Each_active_Pm,_add_in_the_email_array": {
                      "type": "Foreach",
                      "foreach": "@outputs('project_managers')",
                      "actions": {
                        "active_ones": {
                          "type": "If",
                          "expression": {
                            "and": [
                              {
                                "equals": [
                                  "@body('filter_full_pm')[0]['UserStatus']",
                                  "Active"
                                ]
                              }
                            ]
                          },
                          "actions": {
                            "Append_to_array_variable_2": {
                              "type": "AppendToArrayVariable",
                              "inputs": {
                                "name": "ThisApprovers",
                                "value": "@outputs('email')"
                              },
                              "runAfter": {
                                "Email": [
                                  "Succeeded"
                                ]
                              },
                              "metadata": {
                                "operationMetadataId": "c33fa93b-225f-4d22-8184-fedbe339886c"
                              }
                            },
                            "Email": {
                              "type": "Compose",
                              "inputs": "@body('filter_full_pm')[0]['email']",
                              "metadata": {
                                "operationMetadataId": "bdf5869d-d901-495d-ac55-52447866636c"
                              }
                            }
                          },
                          "else": {
                            "actions": {}
                          },
                          "runAfter": {
                            "Filter_full_pm": [
                              "Succeeded"
                            ]
                          },
                          "metadata": {
                            "operationMetadataId": "3555b9ee-2f31-4813-b3b3-e8e8a28f7aab"
                          }
                        },
                        "Filter_full_pm": {
                          "type": "Query",
                          "inputs": {
                            "from": "@outputs('users')",
                            "where": "@equals(item()['GuidID'],outputs('pm_id'))"
                          },
                          "runAfter": {
                            "pm_id": [
                              "Succeeded"
                            ]
                          }
                        },
                        "pm_id": {
                          "type": "Compose",
                          "inputs": "@item()"
                        }
                      },
                      "runAfter": {
                        "Project_managers": [
                          "Succeeded"
                        ]
                      },
                      "metadata": {
                        "operationMetadataId": "123019fe-ed4f-4792-b91f-88c3562b32b5"
                      }
                    }
                  },
                  "else": {
                    "actions": {}
                  },
                  "runAfter": {
                    "isRole": [
                      "Succeeded"
                    ]
                  },
                  "metadata": {
                    "operationMetadataId": "6b7fe691-c2a2-47b8-b778-9cb0ed501d8e"
                  }
                },
                "ManagerManager": {
                  "type": "If",
                  "expression": {
                    "and": [
                      {
                        "equals": [
                          "@item()?['ManagerManager']",
                          true
                        ]
                      }
                    ]
                  },
                  "actions": {
                    "user_submitted_from_the_input": {
                      "type": "Compose",
                      "inputs": "@triggerBody()?['text_5']",
                      "metadata": {
                        "operationMetadataId": "f0e7bcaa-9fb7-4d54-836f-d7112b2c1b82"
                      }
                    },
                    "Find_This_user": {
                      "type": "Query",
                      "inputs": {
                        "from": "@json(triggerBody()['text_1'])",
                        "where": "@equals(item()?['GID'],triggerBody()?['text_5'])"
                      },
                      "runAfter": {
                        "user_submitted_from_the_input": [
                          "Succeeded"
                        ]
                      },
                      "metadata": {
                        "operationMetadataId": "b4f60757-7492-45b3-b686-0392cd4520b4"
                      }
                    },
                    "User's_Manager": {
                      "type": "Compose",
                      "inputs": "@json(body('Find_This_user')[0]?['Data'])?['Title']",
                      "runAfter": {
                        "Find_This_user": [
                          "Succeeded"
                        ]
                      },
                      "metadata": {
                        "operationMetadataId": "359b8732-64c9-4ac6-a3f9-cfd4103fb382"
                      }
                    },
                    "Manager's_Manager": {
                      "type": "Query",
                      "inputs": {
                        "from": "@outputs('Users')",
                        "where": "@equals(item()?['User'],outputs('User''s_Manager'))"
                      },
                      "runAfter": {
                        "User's_Manager": [
                          "Succeeded"
                        ]
                      },
                      "metadata": {
                        "operationMetadataId": "40dfba55-2b30-4b8b-b36b-16094a00565c"
                      }
                    },
                    "Active": {
                      "type": "If",
                      "expression": {
                        "and": [
                          {
                            "equals": [
                              "@outputs('Manager''s_Manager')",
                              "Active"
                            ]
                          }
                        ]
                      },
                      "actions": {
                        "Append_to_array_variable_3": {
                          "type": "AppendToArrayVariable",
                          "inputs": {
                            "name": "ThisApprovers",
                            "value": "@body('Manager''s_Manager')['Email']"
                          },
                          "metadata": {
                            "operationMetadataId": "0bc4b32b-a490-4475-ac95-837495d0ba66"
                          }
                        }
                      },
                      "else": {
                        "actions": {
                          "to_all_admins_1": {
                            "type": "Foreach",
                            "foreach": "@outputs('Admin_Users')",
                            "actions": {
                              "Set_AllAdmins_1": {
                                "type": "SetVariable",
                                "inputs": {
                                  "name": "ThisApprovers",
                                  "value": "@outputs('BuildNewApprovers_1')"
                                },
                                "runAfter": {
                                  "BuildNewApprovers_1": [
                                    "Succeeded"
                                  ]
                                },
                                "metadata": {
                                  "operationMetadataId": "2057b931-24e9-4f94-a424-de2a6566253a"
                                }
                              },
                              "BuildNewApprovers_1": {
                                "type": "Compose",
                                "inputs": "@union(variables('ThisApprovers'), createArray(item()?['Email']))",
                                "metadata": {
                                  "operationMetadataId": "8f55d309-5af5-4bf5-a522-96c28fbb5e58"
                                }
                              }
                            },
                            "metadata": {
                              "operationMetadataId": "a09b8e8b-1cf0-4fb6-8cae-106f396e97ba"
                            }
                          }
                        }
                      },
                      "runAfter": {
                        "Manager's_Manager": [
                          "Succeeded"
                        ]
                      },
                      "metadata": {
                        "operationMetadataId": "1e0b449f-57e3-4f6f-a7d7-0e7f5c237394"
                      }
                    }
                  },
                  "else": {
                    "actions": {}
                  },
                  "runAfter": {
                    "Manager": [
                      "Succeeded"
                    ]
                  },
                  "metadata": {
                    "operationMetadataId": "25328ee8-c674-4873-be87-c772663645ca"
                  }
                },
                "Each_Item": {
                  "type": "Compose",
                  "inputs": "@item()",
                  "metadata": {
                    "operationMetadataId": "fb953415-76f1-4c1a-a9c5-c511f757fd1d"
                  }
                }
              },
              "runAfter": {
                "ApprovalList": [
                  "Succeeded"
                ]
              },
              "metadata": {
                "operationMetadataId": "4cf35fd6-68c1-41e5-b235-ec6f2faa9496"
              }
            },
            "ApprovalList": {
              "type": "Compose",
              "inputs": "@skip(outputs('ApprovalListAll'), coalesce(outputs('nextLevels'), 0))",
              "runAfter": {
                "ApprovalListAll": [
                  "Succeeded"
                ]
              },
              "metadata": {
                "operationMetadataId": "e9984eb6-cb96-41ae-959f-77cfb279fec1"
              }
            }
          },
          "else": {
            "actions": {
              "Parallel": {
                "type": "If",
                "expression": {
                  "and": [
                    {
                      "equals": [
                        "@outputs('workflowData')?['Type']",
                        "Parallel"
                      ]
                    }
                  ]
                },
                "actions": {
                  "ApprovalList_p": {
                    "type": "Compose",
                    "inputs": "@outputs('workflowData')?['ApprovalList']",
                    "metadata": {
                      "operationMetadataId": "e9984eb6-cb96-41ae-959f-77cfb279fec1"
                    }
                  },
                  "Each_from_approvalList_p": {
                    "type": "Foreach",
                    "foreach": "@outputs('ApprovalList_p')",
                    "actions": {
                      "IsApprovers_p": {
                        "type": "If",
                        "expression": {
                          "and": [
                            {
                              "equals": [
                                "@item()?['IsApprovers']",
                                true
                              ]
                            }
                          ]
                        },
                        "actions": {
                          "Approvers_1": {
                            "type": "Compose",
                            "inputs": "@item()?['Approvers']",
                            "metadata": {
                              "operationMetadataId": "20205341-477d-4020-bcd7-c225318622a3"
                            }
                          },
                          "Each_Approvers_1": {
                            "type": "Foreach",
                            "foreach": "@outputs('Approvers_1')",
                            "actions": {
                              "find_user_from_user_list_1": {
                                "type": "Query",
                                "inputs": {
                                  "from": "@json(triggerBody()['text_1'])",
                                  "where": "@equals(item()?['GID'],outputs('approver_GUID_1'))"
                                },
                                "runAfter": {
                                  "approver_GUID_1": [
                                    "Succeeded"
                                  ]
                                },
                                "metadata": {
                                  "operationMetadataId": "f603eb23-39c2-495f-9966-76421ef2947c"
                                }
                              },
                              "approver_GUID_1": {
                                "type": "Compose",
                                "inputs": "@item()?['key']",
                                "metadata": {
                                  "operationMetadataId": "772b69bc-3826-432e-b25b-1aed628eb242"
                                }
                              },
                              "user_found_1": {
                                "type": "Compose",
                                "inputs": "@outputs('find_user_from_user_list_1')",
                                "runAfter": {
                                  "find_user_from_user_list_1": [
                                    "Succeeded"
                                  ]
                                },
                                "metadata": {
                                  "operationMetadataId": "0b87d036-1be7-48a2-9653-51877a32e76b"
                                }
                              },
                              "check_active_1": {
                                "type": "Compose",
                                "inputs": "@body('user_found_1')[0]?['Status']",
                                "runAfter": {
                                  "user_found_1": [
                                    "Succeeded"
                                  ]
                                },
                                "metadata": {
                                  "operationMetadataId": "4fc43b34-503a-469a-a15f-e4b83b8e1032"
                                }
                              },
                              "Active_user_1": {
                                "type": "If",
                                "expression": {
                                  "and": [
                                    {
                                      "equals": [
                                        "@body('user_found_1')[0]?['Status']",
                                        "Active"
                                      ]
                                    }
                                  ]
                                },
                                "actions": {
                                  "Append_to_array_variable_1": {
                                    "type": "AppendToArrayVariable",
                                    "inputs": {
                                      "name": "ThisApprovers",
                                      "value": "@body('user_found_1')?[0]?['User']?['Email']\r\n"
                                    },
                                    "metadata": {
                                      "operationMetadataId": "3c8ecc63-cd21-4f30-bf71-08bdbfceab71"
                                    }
                                  }
                                },
                                "else": {
                                  "actions": {
                                    "to_all_admins_2": {
                                      "type": "Foreach",
                                      "foreach": "@outputs('Admin_Users')",
                                      "actions": {
                                        "Append_to_array_values_1": {
                                          "type": "AppendToArrayVariable",
                                          "inputs": {
                                            "name": "ThisApprovers",
                                            "value": "@item()?['Email']"
                                          },
                                          "metadata": {
                                            "operationMetadataId": "7244950c-304d-4dab-a722-1b23b7525dff"
                                          }
                                        }
                                      },
                                      "metadata": {
                                        "operationMetadataId": "f67b9744-584a-419e-b709-edee1d8e4368"
                                      }
                                    }
                                  }
                                },
                                "runAfter": {
                                  "check_active_1": [
                                    "Succeeded"
                                  ]
                                },
                                "metadata": {
                                  "operationMetadataId": "666b6b70-1f3d-4bb6-ad59-0e380b1f94b8"
                                }
                              }
                            },
                            "runAfter": {
                              "Approvers_1": [
                                "Succeeded"
                              ]
                            },
                            "metadata": {
                              "operationMetadataId": "fdb25686-678d-4a31-896b-14ae801a1b0d"
                            }
                          }
                        },
                        "else": {
                          "actions": {}
                        },
                        "runAfter": {
                          "Each_Item_1": [
                            "Succeeded"
                          ]
                        },
                        "metadata": {
                          "operationMetadataId": "bcbc2a02-6411-4f6f-bb03-195567fff143"
                        }
                      },
                      "isRole_p": {
                        "type": "If",
                        "expression": {
                          "and": [
                            {
                              "equals": [
                                "@item()?['IsRole']",
                                true
                              ]
                            }
                          ]
                        },
                        "actions": {
                          "SelectRole_1": {
                            "type": "Compose",
                            "inputs": "@item()?['SelectRole']",
                            "metadata": {
                              "operationMetadataId": "9735acd8-6884-4f18-b86a-ab6ef757d2e8"
                            }
                          },
                          "for_each_role_1": {
                            "type": "Foreach",
                            "foreach": "@outputs('SelectRole_1')",
                            "actions": {
                              "The_role_1": {
                                "type": "Compose",
                                "inputs": "@item()?['key']",
                                "metadata": {
                                  "operationMetadataId": "6cbfea3e-41c5-43ff-a2d2-16b7e159c793"
                                }
                              },
                              "Switch-copy": {
                                "type": "Switch",
                                "expression": "@item()['key']",
                                "default": {
                                  "actions": {}
                                },
                                "cases": {
                                  "projectManager_r": {
                                    "actions": {
                                      "project_manager": {
                                        "type": "Foreach",
                                        "foreach": "@outputs('projectmanager_users')",
                                        "actions": {
                                          "Append_to_array_values_6": {
                                            "type": "AppendToArrayVariable",
                                            "inputs": {
                                              "name": "ThisApprovers",
                                              "value": "@item()?['User']?['Email']"
                                            },
                                            "runAfter": {
                                              "Compose_6": [
                                                "Succeeded"
                                              ]
                                            },
                                            "metadata": {
                                              "operationMetadataId": "1d26fe02-c4b5-49fe-b8fa-1b6174082eaa"
                                            }
                                          },
                                          "Compose_6": {
                                            "type": "Compose",
                                            "inputs": "@item()?['User']?['Email']",
                                            "metadata": {
                                              "operationMetadataId": "00261648-8c86-4a8c-a86b-df9e45735f28"
                                            }
                                          }
                                        },
                                        "metadata": {
                                          "operationMetadataId": "41e602c9-72f7-47db-ada8-902cf94bd1d9"
                                        }
                                      }
                                    },
                                    "case": "projectManager"
                                  },
                                  "projectObserver_r": {
                                    "actions": {
                                      "projectObserver": {
                                        "type": "Foreach",
                                        "foreach": "@outputs('projectObserver_users')",
                                        "actions": {
                                          "Append_to_array_values_5": {
                                            "type": "AppendToArrayVariable",
                                            "inputs": {
                                              "name": "ThisApprovers",
                                              "value": "@item()?['User']?['Email']"
                                            },
                                            "runAfter": {
                                              "Compose_5": [
                                                "Succeeded"
                                              ]
                                            },
                                            "metadata": {
                                              "operationMetadataId": "46a9b450-f244-49be-8d84-cd9881180991"
                                            }
                                          },
                                          "Compose_5": {
                                            "type": "Compose",
                                            "inputs": "@item()?['User']?['Email']",
                                            "metadata": {
                                              "operationMetadataId": "374ae2c8-d784-40dc-80e1-0dc596684ab2"
                                            }
                                          }
                                        },
                                        "metadata": {
                                          "operationMetadataId": "2a2dab14-2b6f-4a69-9f88-b8bd830e24ba"
                                        }
                                      }
                                    },
                                    "case": "projectObserver"
                                  },
                                  "programManager_r": {
                                    "actions": {
                                      "projectmanager": {
                                        "type": "Foreach",
                                        "foreach": "@outputs('programManager_users')",
                                        "actions": {
                                          "Append_to_array_values_4": {
                                            "type": "AppendToArrayVariable",
                                            "inputs": {
                                              "name": "ThisApprovers",
                                              "value": "@item()?['User']?['Email']"
                                            },
                                            "runAfter": {
                                              "Compose_4": [
                                                "Succeeded"
                                              ]
                                            },
                                            "metadata": {
                                              "operationMetadataId": "b04e348d-15b4-40fc-894e-d76138c3fa12"
                                            }
                                          },
                                          "Compose_4": {
                                            "type": "Compose",
                                            "inputs": "@item()?['User']?['Email']",
                                            "metadata": {
                                              "operationMetadataId": "4038a867-ed6e-448b-a310-610b52b7ce08"
                                            }
                                          }
                                        },
                                        "metadata": {
                                          "operationMetadataId": "029fb079-47ed-43b9-b56a-7fff5618503d"
                                        }
                                      }
                                    },
                                    "case": "programManager"
                                  },
                                  "coordinator_r": {
                                    "actions": {
                                      "coordinator_check_compose": {
                                        "type": "Compose",
                                        "inputs": "yes coordinator",
                                        "metadata": {
                                          "operationMetadataId": "c98c55ce-0d20-4c85-884c-9981eda261c1"
                                        }
                                      },
                                      "to_all_coodinators": {
                                        "type": "Foreach",
                                        "foreach": "@outputs('coordinator_users')",
                                        "actions": {
                                          "Append_to_array_values_3": {
                                            "type": "AppendToArrayVariable",
                                            "inputs": {
                                              "name": "ThisApprovers",
                                              "value": "@item()?['User']?['Email']"
                                            },
                                            "runAfter": {
                                              "Compose_1": [
                                                "Succeeded"
                                              ]
                                            },
                                            "metadata": {
                                              "operationMetadataId": "0e6108de-3ea6-4e7b-ab9c-c4909088b741"
                                            }
                                          },
                                          "Compose_1": {
                                            "type": "Compose",
                                            "inputs": "@item()?['User']?['Email']",
                                            "metadata": {
                                              "operationMetadataId": "b0be6db0-94c8-42aa-b943-940d9672eda4"
                                            }
                                          }
                                        },
                                        "runAfter": {
                                          "coordinator_check_compose": [
                                            "Succeeded"
                                          ]
                                        },
                                        "metadata": {
                                          "operationMetadataId": "c1fad6fd-6274-4ada-a42f-c745c5487c61"
                                        }
                                      }
                                    },
                                    "case": "coordinator"
                                  }
                                },
                                "runAfter": {
                                  "The_role_1": [
                                    "Succeeded"
                                  ]
                                },
                                "metadata": {
                                  "operationMetadataId": "93182f0a-9e90-47fb-badf-04bced09d606"
                                }
                              }
                            },
                            "runAfter": {
                              "SelectRole_1": [
                                "Succeeded"
                              ]
                            },
                            "metadata": {
                              "operationMetadataId": "6950b70f-8ba8-4109-a59e-801641c4709a"
                            }
                          }
                        },
                        "else": {
                          "actions": {}
                        },
                        "runAfter": {
                          "IsApprovers_p": [
                            "Succeeded"
                          ]
                        },
                        "metadata": {
                          "operationMetadataId": "336a06ed-a1f4-42c4-aac1-23d25a78e12b"
                        }
                      },
                      "Manager_p": {
                        "type": "If",
                        "expression": {
                          "and": [
                            {
                              "equals": [
                                "@item()?['Manager']",
                                true
                              ]
                            }
                          ]
                        },
                        "actions": {
                          "Project_managers_1": {
                            "type": "Compose",
                            "inputs": "@triggerBody()?['text_3']",
                            "metadata": {
                              "operationMetadataId": "3f6af152-c45f-4f9a-8ff2-064440f9ced7"
                            }
                          },
                          "Project_M_Data_1": {
                            "type": "Query",
                            "inputs": {
                              "from": "@outputs('Users')",
                              "where": "@contains(outputs('Project_managers_1'),item()?['GID'])"
                            },
                            "runAfter": {
                              "Project_managers_1": [
                                "Succeeded"
                              ]
                            },
                            "metadata": {
                              "operationMetadataId": "b9015a4c-95b3-420f-8282-19060019b738"
                            }
                          },
                          "print_PM_data_1": {
                            "type": "Compose",
                            "inputs": "@outputs('Project_M_Data_1')",
                            "runAfter": {
                              "Project_M_Data_1": [
                                "Succeeded"
                              ]
                            },
                            "metadata": {
                              "operationMetadataId": "a0f6f555-d8aa-4128-ab36-12f42cca4e62"
                            }
                          },
                          "for_Each_active_Pm,_add_in_the_email_array_1": {
                            "type": "Foreach",
                            "foreach": "@body('Project_M_Data_1')",
                            "actions": {
                              "active_ones_1": {
                                "type": "If",
                                "expression": {
                                  "and": [
                                    {
                                      "equals": [
                                        "@item()?['status']",
                                        "Active"
                                      ]
                                    }
                                  ]
                                },
                                "actions": {
                                  "Append_to_array_variable_4": {
                                    "type": "AppendToArrayVariable",
                                    "inputs": {
                                      "name": "ThisApprovers",
                                      "value": "@item()?['User']?['Email']"
                                    },
                                    "runAfter": {
                                      "Error_1": [
                                        "Succeeded"
                                      ]
                                    },
                                    "metadata": {
                                      "operationMetadataId": "d17bf2ee-9c70-413d-bc56-03fececa02d7"
                                    }
                                  },
                                  "Error_1": {
                                    "type": "Compose",
                                    "inputs": "@item()?['User']?['Email']",
                                    "metadata": {
                                      "operationMetadataId": "2faafb4e-23e0-417a-bf20-6f52a2de01f1"
                                    }
                                  }
                                },
                                "else": {
                                  "actions": {}
                                },
                                "metadata": {
                                  "operationMetadataId": "6b9444d6-e5a7-4aa9-b056-6a0ce3f107ed"
                                }
                              }
                            },
                            "runAfter": {
                              "print_PM_data_1": [
                                "Succeeded"
                              ]
                            },
                            "metadata": {
                              "operationMetadataId": "ebe0caa3-6753-4eda-91e4-0ae805c4e7a9"
                            }
                          }
                        },
                        "else": {
                          "actions": {}
                        },
                        "runAfter": {
                          "isRole_p": [
                            "Succeeded"
                          ]
                        },
                        "metadata": {
                          "operationMetadataId": "6b7fe691-c2a2-47b8-b778-9cb0ed501d8e"
                        }
                      },
                      "ManagerManager_p": {
                        "type": "If",
                        "expression": {
                          "and": [
                            {
                              "equals": [
                                "@item()?['ManagerManager']",
                                true
                              ]
                            }
                          ]
                        },
                        "actions": {
                          "user_submitted_from_the_input_1": {
                            "type": "Compose",
                            "inputs": "@triggerBody()?['text_5']",
                            "metadata": {
                              "operationMetadataId": "89d1e843-8ae4-4c18-8f05-9912846e9fc3"
                            }
                          },
                          "Find_This_user_1": {
                            "type": "Query",
                            "inputs": {
                              "from": "@json(triggerBody()['text_1'])",
                              "where": "@equals(item()?['GID'],triggerBody()?['text_5'])"
                            },
                            "runAfter": {
                              "user_submitted_from_the_input_1": [
                                "Succeeded"
                              ]
                            },
                            "metadata": {
                              "operationMetadataId": "4510eee2-0710-4ad8-8edc-b23be54952ee"
                            }
                          },
                          "User's_Manager_1": {
                            "type": "Compose",
                            "inputs": "@json(body('Find_This_user_1')[0]?['Data'])?['Title']",
                            "runAfter": {
                              "Find_This_user_1": [
                                "Succeeded"
                              ]
                            },
                            "metadata": {
                              "operationMetadataId": "b4b56d07-f5ef-4fbe-a9ba-c4ca1db02234"
                            }
                          },
                          "Manager's_Manager_1": {
                            "type": "Query",
                            "inputs": {
                              "from": "@outputs('Users')",
                              "where": "@equals(item()?['User'],outputs('User''s_Manager_1'))"
                            },
                            "runAfter": {
                              "User's_Manager_1": [
                                "Succeeded"
                              ]
                            },
                            "metadata": {
                              "operationMetadataId": "fa084f3a-7c83-4a9c-b643-1b17f5cea732"
                            }
                          },
                          "Active_1": {
                            "type": "If",
                            "expression": {
                              "and": [
                                {
                                  "equals": [
                                    "@outputs('Manager''s_Manager_1')",
                                    "Active"
                                  ]
                                }
                              ]
                            },
                            "actions": {
                              "Append_to_array_variable_5": {
                                "type": "AppendToArrayVariable",
                                "inputs": {
                                  "name": "ThisApprovers",
                                  "value": "@body('Manager''s_Manager_1')['Email']"
                                },
                                "metadata": {
                                  "operationMetadataId": "b5de4054-2b4d-4ab4-ac02-79f88274d69b"
                                }
                              }
                            },
                            "else": {
                              "actions": {
                                "to_all_admins_3": {
                                  "type": "Foreach",
                                  "foreach": "@outputs('Admin_Users')",
                                  "actions": {
                                    "Set_AllAdmins_2": {
                                      "type": "SetVariable",
                                      "inputs": {
                                        "name": "ThisApprovers",
                                        "value": "@outputs('BuildNewApprovers_2')"
                                      },
                                      "runAfter": {
                                        "BuildNewApprovers_2": [
                                          "Succeeded"
                                        ]
                                      },
                                      "metadata": {
                                        "operationMetadataId": "d6fc8f6d-3b3c-40a6-bceb-70bdd3db5dd5"
                                      }
                                    },
                                    "BuildNewApprovers_2": {
                                      "type": "Compose",
                                      "inputs": "@union(variables('ThisApprovers'), createArray(item()?['Email']))",
                                      "metadata": {
                                        "operationMetadataId": "d6dc27f4-ade4-486c-bdc1-2bd8dce1c244"
                                      }
                                    }
                                  },
                                  "metadata": {
                                    "operationMetadataId": "e8cf7df6-1956-4fff-89d9-8ef53eb2643c"
                                  }
                                }
                              }
                            },
                            "runAfter": {
                              "Manager's_Manager_1": [
                                "Succeeded"
                              ]
                            },
                            "metadata": {
                              "operationMetadataId": "1220c845-344b-4b16-86e0-589c662065c9"
                            }
                          }
                        },
                        "else": {
                          "actions": {}
                        },
                        "runAfter": {
                          "Manager_p": [
                            "Succeeded"
                          ]
                        },
                        "metadata": {
                          "operationMetadataId": "25328ee8-c674-4873-be87-c772663645ca"
                        }
                      },
                      "Each_Item_1": {
                        "type": "Compose",
                        "inputs": "@item()",
                        "metadata": {
                          "operationMetadataId": "8bb29dcd-393f-46e2-8f30-22c72d5b3e37"
                        }
                      }
                    },
                    "runAfter": {
                      "ApprovalList_p": [
                        "Succeeded"
                      ]
                    },
                    "metadata": {
                      "operationMetadataId": "4cf35fd6-68c1-41e5-b235-ec6f2faa9496"
                    }
                  }
                },
                "else": {
                  "actions": {}
                },
                "metadata": {
                  "operationMetadataId": "9c8ecfd3-4eda-48bc-ad8e-295add0b98f5"
                }
              }
            }
          },
          "runAfter": {
            "Initialize_ThisApprovars": [
              "Succeeded"
            ]
          },
          "metadata": {
            "operationMetadataId": "c7740a61-98f1-411b-9fd7-0bc15a5c9315"
          }
        },
        "Initialize_ThisApprovars": {
          "type": "InitializeVariable",
          "inputs": {
            "variables": [
              {
                "name": "ThisApprovers",
                "type": "array",
                "value": []
              }
            ]
          },
          "runAfter": {
            "nextLevels": [
              "Succeeded"
            ]
          },
          "metadata": {
            "operationMetadataId": "adf583cf-b4f8-474f-9079-6b6663ee2538"
          }
        },
        "nextLevels": {
          "type": "Compose",
          "inputs": "@triggerBody()?['text_6']",
          "runAfter": {
            "projectManager_users": [
              "Succeeded"
            ]
          },
          "metadata": {
            "operationMetadataId": "1233112e-dcd7-457d-a463-23639c0077c4"
          }
        },
        "thisApproversValues": {
          "type": "Compose",
          "inputs": "@variables('ThisApprovers')",
          "runAfter": {
            "Sequential": [
              "Succeeded"
            ]
          },
          "metadata": {
            "operationMetadataId": "8dc51131-5271-4ee5-af9c-5ec9578dd175"
          }
        },
        "Coordinator_Users": {
          "type": "Compose",
          "inputs": "@triggerBody()?['text_7']",
          "runAfter": {
            "Admin_Users": [
              "Succeeded"
            ]
          },
          "metadata": {
            "operationMetadataId": "2503ea34-3d5e-4077-8c26-3ba003ef94b8"
          }
        },
        "programManager_users": {
          "type": "Compose",
          "inputs": "@triggerBody()?['text_8']",
          "runAfter": {
            "Coordinator_Users": [
              "Succeeded"
            ]
          },
          "metadata": {
            "operationMetadataId": "14357547-73c7-41d2-b263-becf1b35f907"
          }
        },
        "projectObserver_users": {
          "type": "Compose",
          "inputs": "@triggerBody()?['text_9']",
          "runAfter": {
            "programManager_users": [
              "Succeeded"
            ]
          },
          "metadata": {
            "operationMetadataId": "55e230ca-1137-454e-a43e-3be87b2364ff"
          }
        },
        "projectManager_users": {
          "type": "Compose",
          "inputs": "@triggerBody()?['text_10']",
          "runAfter": {
            "projectObserver_users": [
              "Succeeded"
            ]
          },
          "metadata": {
            "operationMetadataId": "a82ab190-5634-4483-b71f-06e53ea236a9"
          }
        }
      }
    },
    "templateName": null
  },
  "schemaVersion": "1.0.0.0"
}