{
  "properties": {
    "connectionReferences": {
      "shared_sharepointonline_1": {
        "api": {
          "name": "shared_sharepointonline"
        },
        "connection": {
          "connectionReferenceLogicalName": "hr365_sharedsharepointonline_4a75f"
        },
        "runtimeSource": "embedded"
      },
      "shared_sharepointonline": {
        "api": {
          "name": "shared_sharepointonline"
        },
        "connection": {
          "connectionReferenceLogicalName": "hrms365_sharedsharepointonline_cc399"
        },
        "runtimeSource": "embedded"
      },
      "shared_sharepointonline-2": {
        "api": {
          "name": "shared_sharepointonline"
        },
        "connection": {
          "connectionReferenceLogicalName": "hrms365_sharedsharepointonline_b65e2"
        },
        "runtimeSource": "embedded"
      },
      "shared_office365_1": {
        "api": {
          "name": "shared_office365"
        },
        "connection": {
          "connectionReferenceLogicalName": "hr365_sharedoffice365_088b3"
        },
        "runtimeSource": "embedded"
      }
    },
    "definition": {
      "$schema": "https://schema.management.azure.com/providers/Microsoft.Logic/schemas/2016-06-01/workflowdefinition.json#",
      "contentVersion": "1.0.0.0",
      "parameters": {
        "$authentication": {
          "defaultValue": {},
          "type": "SecureObject"
        },
        "$connections": {
          "defaultValue": {},
          "type": "Object"
        },
        "ApplicationURL (hrms365_ApplicationURL)": {
          "defaultValue": "https://zw4fg.sharepoint.com/sites/HRMS0109/SitePages/HRMS0109.aspx",
          "type": "String",
          "metadata": {
            "schemaName": "hrms365_ApplicationURL"
          }
        },
        "SharedMailBoxEmail (HRMS365) (hrms365_SharedMailBoxEmailHRMS365)": {
          "defaultValue": "supporthrms@zw4fg.onmicrosoft.com",
          "type": "String",
          "metadata": {
            "schemaName": "hrms365_SharedMailBoxEmailHRMS365",
            "description": "HRMS New Variable for SharedMailBoxEmail(hr365_SharedMailBoxEmail)"
          }
        },
        "SiteAddress (HRMS365) (hrms365_SiteAddressHRMS365)": {
          "defaultValue": "https://zw4fg.sharepoint.com/sites/HRMS0109",
          "type": "String",
          "metadata": {
            "schemaName": "hrms365_SiteAddressHRMS365",
            "description": "HRMS New Variable for SiteAddress(TMM)(hr365_SiteAddressTMM)"
          }
        }
      },
      "triggers": {
        "Recurrence": {
          "type": "Recurrence",
          "recurrence": {
            "frequency": "Day",
            "interval": 1,
            "timeZone": "India Standard Time",
            "startTime": "2024-02-15T03:30:00Z"
          },
          "metadata": {
            "operationMetadataId": "5bc6f29b-bcf4-4b4e-b8f8-85d6cadc6c96"
          }
        }
      },
      "actions": {
        "Get_items_from_HR365TSSettings": {
          "type": "OpenApiConnection",
          "inputs": {
            "parameters": {
              "dataset": "@variables('SiteAddressHRMS')",
              "table": "HR365TSSettings",
              "$top": 5000
            },
            "host": {
              "apiId": "/providers/Microsoft.PowerApps/apis/shared_sharepointonline",
              "operationId": "GetItems",
              "connectionName": "shared_sharepointonline_1"
            }
          },
          "runAfter": {
            "PendingTimesheetNotification": [
              "Succeeded"
            ]
          },
          "metadata": {
            "operationMetadataId": "cdec7d46-1e8c-4463-8fa9-aabed0748f38"
          }
        },
        "Filter_email_template_for_pending_timesheet": {
          "type": "Query",
          "inputs": {
            "from": "@json(outputs('Get_items_from_HR365TSSettings')?['body/value'][0]['ManagerTempelate'])",
            "where": "@equals(item()?['key'], 'Pending weekly timesheet')"
          },
          "runAfter": {
            "ApprovalUrl": [
              "Succeeded"
            ]
          },
          "metadata": {
            "operationMetadataId": "8e7f418b-c5f4-49e0-a8a3-d7743635184f"
          }
        },
        "DayOfWeek": {
          "type": "Compose",
          "inputs": "@dayOfWeek(utcNow())",
          "runAfter": {},
          "metadata": {
            "operationMetadataId": "e941ed2d-0f20-4c13-9b13-7d4109a80673"
          }
        },
        "EndWeekNotificationDay": {
          "type": "InitializeVariable",
          "inputs": {
            "variables": [
              {
                "name": "EndWeekNotificationDay",
                "type": "string"
              }
            ]
          },
          "runAfter": {
            "Initialize_variable_SiteAddressHRMS": [
              "SUCCEEDED"
            ]
          },
          "metadata": {
            "operationMetadataId": "00fc3a8b-99da-4d8a-b8f0-ee3a102e548b"
          }
        },
        "DayNotification": {
          "type": "InitializeVariable",
          "inputs": {
            "variables": [
              {
                "name": "DayNotification",
                "type": "string"
              }
            ]
          },
          "runAfter": {
            "EndWeekNotificationDay": [
              "Succeeded"
            ]
          },
          "metadata": {
            "operationMetadataId": "71d3fb9d-dbfe-4a55-96c8-867c6f1b5a09"
          }
        },
        "EndWeekSettings": {
          "type": "InitializeVariable",
          "inputs": {
            "variables": [
              {
                "name": "EndWeekSettings",
                "type": "string"
              }
            ]
          },
          "runAfter": {
            "DayNotification": [
              "Succeeded"
            ]
          },
          "metadata": {
            "operationMetadataId": "43d81a82-239a-4992-9677-1ae391588ad9"
          }
        },
        "Following_Day": {
          "type": "InitializeVariable",
          "inputs": {
            "variables": [
              {
                "name": "FollowingDay",
                "type": "string"
              }
            ]
          },
          "runAfter": {
            "EndWeekSettings": [
              "Succeeded"
            ]
          },
          "metadata": {
            "operationMetadataId": "e5578ca5-d481-4850-8be7-3bf6e0366c9e"
          }
        },
        "EmailBody": {
          "type": "InitializeVariable",
          "inputs": {
            "variables": [
              {
                "name": "EmailBody",
                "type": "string"
              }
            ]
          },
          "runAfter": {
            "Following_Day": [
              "Succeeded"
            ]
          },
          "metadata": {
            "operationMetadataId": "61d66fc5-a622-4fce-8190-fa4792c1bb81"
          }
        },
        "EmailSubject": {
          "type": "InitializeVariable",
          "inputs": {
            "variables": [
              {
                "name": "EmailSubject",
                "type": "string"
              }
            ]
          },
          "runAfter": {
            "EmailBody": [
              "Succeeded"
            ]
          },
          "metadata": {
            "operationMetadataId": "86bb8197-4921-4643-a007-882c43350507"
          }
        },
        "WeekRange": {
          "type": "InitializeVariable",
          "inputs": {
            "variables": [
              {
                "name": "WeekRange",
                "type": "string"
              }
            ]
          },
          "runAfter": {
            "EmailSubject": [
              "Succeeded"
            ]
          },
          "metadata": {
            "operationMetadataId": "7c29c709-2c82-4449-8a07-7ee5a57ab016"
          }
        },
        "Get_Timesheets": {
          "type": "OpenApiConnection",
          "inputs": {
            "parameters": {
              "dataset": "@variables('SiteAddressHRMS')",
              "table": "HR365TSTimesheets"
            },
            "host": {
              "apiId": "/providers/Microsoft.PowerApps/apis/shared_sharepointonline",
              "operationId": "GetItems",
              "connectionName": "shared_sharepointonline_1"
            }
          },
          "runAfter": {
            "Set_projectManager": [
              "Succeeded"
            ]
          },
          "metadata": {
            "operationMetadataId": "4b26a7c9-e778-4784-a22c-ead282de0d8c"
          }
        },
        "CurrentWeek": {
          "type": "InitializeVariable",
          "inputs": {
            "variables": [
              {
                "name": "CurrentWeek",
                "type": "string",
                "value": "@concat('Week', variables('WeekNumber'))"
              }
            ]
          },
          "runAfter": {
            "WeekNumber": [
              "Succeeded"
            ]
          },
          "metadata": {
            "operationMetadataId": "268b5f69-d41a-422a-b9d5-fdf079e3af3f"
          }
        },
        "Get_fields_from_HR365_Timesheet": {
          "type": "OpenApiConnection",
          "inputs": {
            "parameters": {
              "dataset": "@variables('SiteAddressHRMS')",
              "parameters/method": "GET",
              "parameters/uri": "/_api/Web/Lists/GetByTitle('HR365TSTimesheets')/Fields",
              "parameters/headers": {
                "Accept": "application/json"
              }
            },
            "host": {
              "apiId": "/providers/Microsoft.PowerApps/apis/shared_sharepointonline",
              "operationId": "HttpRequest",
              "connectionName": "shared_sharepointonline_1"
            }
          },
          "runAfter": {
            "Compose_getitems_value": [
              "Succeeded"
            ]
          },
          "metadata": {
            "operationMetadataId": "e3478fdb-3213-4341-bc23-aa111f65d0e7"
          }
        },
        "Get_Notification_settings": {
          "type": "Foreach",
          "foreach": "@array(outputs('Get_items_from_HR365TSSettings')?['body/value'][0]['Settings'])",
          "actions": {
            "End_Week_Settings": {
              "type": "SetVariable",
              "inputs": {
                "name": "EndWeekSettings",
                "value": "@{json(item())?['EndWeekSettings']}"
              },
              "metadata": {
                "operationMetadataId": "344c6774-1635-417a-aff7-5627e6ae5e53"
              }
            },
            "Set_Day_Notification": {
              "type": "SetVariable",
              "inputs": {
                "name": "DayNotification",
                "value": "@{json(item())?['DayNotification']}"
              },
              "runAfter": {
                "End_Week_Settings": [
                  "Succeeded"
                ]
              },
              "metadata": {
                "operationMetadataId": "4ac0e73e-5392-45c9-869b-6ac07489573a"
              }
            },
            "set_end_week_notification_day": {
              "type": "SetVariable",
              "inputs": {
                "name": "EndWeekNotificationDay",
                "value": "@{json(item())?['EndWeekNotification']}"
              },
              "runAfter": {
                "Set_Day_Notification": [
                  "Succeeded"
                ]
              },
              "metadata": {
                "operationMetadataId": "752ac399-dae7-4568-b68e-9a64c46a9008"
              }
            },
            "set_PendingTimesheetNotification": {
              "type": "SetVariable",
              "inputs": {
                "name": "PendingTimesheetNotification",
                "value": "@json(item())?['PendingTimesheetNotification']"
              },
              "runAfter": {
                "set_end_week_notification_day": [
                  "Succeeded"
                ]
              },
              "metadata": {
                "operationMetadataId": "42be4d33-9916-4078-a7d3-7fbd9f69e6e5"
              }
            },
            "Set_LocalSharedMailBoxIDEnabled": {
              "type": "SetVariable",
              "inputs": {
                "name": "LocalSharedMailBoxIDEnabled",
                "value": "@coalesce(json(item())?['LocalSharedMailBoxIDEnabled'], false)"
              },
              "runAfter": {
                "set_PendingTimesheetNotification": [
                  "Succeeded"
                ]
              },
              "metadata": {
                "operationMetadataId": "be937ba2-7f63-484b-9f3a-1d71bc083cd9"
              }
            },
            "set_LocalSharedMailBoxID": {
              "type": "SetVariable",
              "inputs": {
                "name": "LocalSharedMailBoxID",
                "value": "@json(item())?['LocalSharedMailBoxID']"
              },
              "runAfter": {
                "Set_LocalSharedMailBoxIDEnabled": [
                  "Succeeded"
                ]
              },
              "metadata": {
                "operationMetadataId": "62d4dfc1-92ae-4517-8725-3ec67397fae2"
              }
            },
            "Set_PendingWeeksNotifs": {
              "type": "SetVariable",
              "inputs": {
                "name": "PendingWeeksNotifs",
                "value": "@coalesce(json(item())?['PendingWeeksNotifs'], 4)\r\n"
              },
              "runAfter": {
                "set_LocalSharedMailBoxID": [
                  "Succeeded"
                ]
              },
              "metadata": {
                "operationMetadataId": "6c6081a6-327e-4a7c-ad6c-5fe6e5c1039c"
              }
            }
          },
          "runAfter": {
            "PendingWeeksNotifs": [
              "Succeeded"
            ]
          },
          "metadata": {
            "operationMetadataId": "a732c2ed-e991-4ed5-b1d4-6d1e2952e492"
          }
        },
        "AssignedToEmail": {
          "type": "InitializeVariable",
          "inputs": {
            "variables": [
              {
                "name": "AssignedToEmail",
                "type": "array"
              }
            ]
          },
          "runAfter": {
            "CurrentWeek": [
              "Succeeded"
            ]
          },
          "metadata": {
            "operationMetadataId": "f0ad4594-fd4f-40d8-8532-f344fbe34907"
          }
        },
        "AssignedToName": {
          "type": "InitializeVariable",
          "inputs": {
            "variables": [
              {
                "name": "AssignedToName",
                "type": "array"
              }
            ]
          },
          "runAfter": {
            "AssignedToEmail": [
              "Succeeded"
            ]
          },
          "metadata": {
            "operationMetadataId": "68365b57-2eea-46ba-a3ee-d735aa97e4a9"
          }
        },
        "ProjectManagerEmail": {
          "type": "InitializeVariable",
          "inputs": {
            "variables": [
              {
                "name": "ProjectManagerEmail",
                "type": "array"
              }
            ]
          },
          "runAfter": {
            "AssignedToName": [
              "Succeeded"
            ]
          },
          "metadata": {
            "operationMetadataId": "8ea2e93a-5d13-45e2-8a19-0620f743c458"
          }
        },
        "LocalSharedMailBoxIDEnabled": {
          "type": "InitializeVariable",
          "inputs": {
            "variables": [
              {
                "name": "LocalSharedMailBoxIDEnabled",
                "type": "boolean"
              }
            ]
          },
          "runAfter": {
            "ProjectManagerName": [
              "Succeeded"
            ]
          },
          "metadata": {
            "operationMetadataId": "bcd0b0b9-8f6b-45d5-890d-52d640a88a37"
          }
        },
        "LocalSharedMailBoxID": {
          "type": "InitializeVariable",
          "inputs": {
            "variables": [
              {
                "name": "LocalSharedMailBoxID",
                "type": "string"
              }
            ]
          },
          "runAfter": {
            "LocalSharedMailBoxIDEnabled": [
              "Succeeded"
            ]
          },
          "metadata": {
            "operationMetadataId": "ac6eab2a-4957-462b-8823-78c9267471fd"
          }
        },
        "ProjectManagerName": {
          "type": "InitializeVariable",
          "inputs": {
            "variables": [
              {
                "name": "ProjectManagerName",
                "type": "array"
              }
            ]
          },
          "runAfter": {
            "ProjectManagerEmail": [
              "Succeeded"
            ]
          },
          "metadata": {
            "operationMetadataId": "621629a4-64b8-49c1-89c3-b4258afe0f57"
          }
        },
        "workflow_item_value": {
          "type": "InitializeVariable",
          "inputs": {
            "variables": [
              {
                "name": "WorkFlowGUID",
                "type": "string"
              }
            ]
          },
          "runAfter": {
            "Initialize_From_Mail": [
              "Succeeded"
            ]
          },
          "metadata": {
            "operationMetadataId": "8c1b2dc1-74c9-4437-958b-82d846901b26"
          }
        },
        "Get_items_from_HR365TSApprovalWorkFlowInternal": {
          "type": "OpenApiConnection",
          "inputs": {
            "parameters": {
              "dataset": "@variables('SiteAddressHRMS')",
              "table": "HR365TSApprovalWorkFlowInternal"
            },
            "host": {
              "apiId": "/providers/Microsoft.PowerApps/apis/shared_sharepointonline",
              "operationId": "GetItems",
              "connectionName": "shared_sharepointonline"
            }
          },
          "runAfter": {
            "Get_Timesheets": [
              "Succeeded"
            ]
          },
          "runtimeConfiguration": {
            "paginationPolicy": {
              "minimumItemCount": 500
            }
          },
          "metadata": {
            "operationMetadataId": "275d23d9-57f8-4c6a-a2f6-e2dee387ca74"
          }
        },
        "Compose_getitems_value": {
          "type": "Compose",
          "inputs": "@outputs('Get_items_from_HR365TSApprovalWorkFlowInternal')?['body/value']",
          "runAfter": {
            "Get_items_from_HR365TSApprovalWorkFlowInternal": [
              "Succeeded"
            ]
          },
          "metadata": {
            "operationMetadataId": "6c4943f9-20ee-41f7-aa14-b232e1e6aad7"
          }
        },
        "Get_users": {
          "type": "OpenApiConnection",
          "inputs": {
            "parameters": {
              "dataset": "@variables('SiteAddressHRMS')",
              "table": "HRMS365Users"
            },
            "host": {
              "apiId": "/providers/Microsoft.PowerApps/apis/shared_sharepointonline",
              "operationId": "GetItems",
              "connectionName": "shared_sharepointonline-2"
            }
          },
          "runAfter": {
            "Get_items_from_HR365TSSettings": [
              "Succeeded"
            ]
          },
          "runtimeConfiguration": {
            "paginationPolicy": {
              "minimumItemCount": 1000
            }
          },
          "metadata": {
            "operationMetadataId": "bd9c4585-6974-43b7-8dd9-47d45817e36d"
          }
        },
        "Admins": {
          "type": "InitializeVariable",
          "inputs": {
            "variables": [
              {
                "name": "AdminUsers",
                "type": "array"
              }
            ]
          },
          "runAfter": {
            "Get_users": [
              "Succeeded"
            ]
          },
          "metadata": {
            "operationMetadataId": "b536a1f2-9542-44e3-875e-cd793761452e"
          }
        },
        "Filter_admins_from_users": {
          "type": "Query",
          "inputs": {
            "from": "@body('get_users')?['value']",
            "where": "@equals(item()?['Role'],'admin')"
          },
          "runAfter": {
            "Admins": [
              "Succeeded"
            ]
          },
          "metadata": {
            "operationMetadataId": "ef805b1f-c16d-4ebc-9d33-3f885e1bca30"
          }
        },
        "setAdmins": {
          "type": "SetVariable",
          "inputs": {
            "name": "AdminUsers",
            "value": "@body('filter_admins_from_users')"
          },
          "runAfter": {
            "Filter_admins_from_users": [
              "Succeeded"
            ]
          },
          "metadata": {
            "operationMetadataId": "cd8b88a8-8f5a-41c2-b132-e74e560f5283"
          }
        },
        "EmailsForThisTask": {
          "type": "InitializeVariable",
          "inputs": {
            "variables": [
              {
                "name": "EmailsToForThisTask",
                "type": "array"
              }
            ]
          },
          "runAfter": {
            "Filter_email_template_for_user_pending_TS": [
              "Succeeded"
            ]
          },
          "metadata": {
            "operationMetadataId": "0b09b078-c5be-4a6a-88f6-3631eb40ff7f"
          }
        },
        "Template_Values": {
          "type": "InitializeVariable",
          "inputs": {
            "variables": [
              {
                "name": "TemplateValues",
                "type": "object",
                "value": {
                  "EmployeeName": "",
                  "WeekNumber": "",
                  "WeekRange": ""
                }
              }
            ]
          },
          "runAfter": {
            "workflow_item_value": [
              "Succeeded"
            ]
          },
          "metadata": {
            "operationMetadataId": "548a03d9-1071-4bb8-80c4-9698c8b07fe6"
          }
        },
        "Set_Week_range": {
          "type": "SetVariable",
          "inputs": {
            "name": "WeekRange",
            "value": "@{formatDateTime(addDays(utcNow(), sub(0, mod(add(dayOfWeek(utcNow()), 6), 7))), 'MM/dd/yyyy') } to @{formatDateTime(addDays(utcNow(), sub(6, mod(add(dayOfWeek(utcNow()), 6), 7))), 'MM/dd/yyyy')}"
          },
          "runAfter": {
            "Get_fields_from_HR365_Timesheet": [
              "Succeeded"
            ]
          },
          "metadata": {
            "operationMetadataId": "d2727654-0b7f-4028-b25d-feb9a011ad4c"
          }
        },
        "ApprovalUrl": {
          "type": "InitializeVariable",
          "inputs": {
            "variables": [
              {
                "name": "ApprovalUrl",
                "type": "string",
                "value": "@concat(concat(concat(concat(concat (concat(split(parameters('ApplicationURL (hrms365_ApplicationURL)'), '.aspx')[0], '.aspx'),'?Hr365RouteTS365=#/ApprovalLink/'),variables('CurrentWeek')),'/'),formatDateTime(utcNow(), 'yyyy')),'/')"
              }
            ]
          },
          "runAfter": {
            "Set_Week_range": [
              "Succeeded"
            ]
          },
          "metadata": {
            "operationMetadataId": "3cab33ea-ed61-4771-8664-b26ebd6a2c4f"
          }
        },
        "PendingTimesheetNotification": {
          "type": "InitializeVariable",
          "inputs": {
            "variables": [
              {
                "name": "PendingTimesheetNotification",
                "type": "integer"
              }
            ]
          },
          "runAfter": {
            "Template_Values": [
              "Succeeded"
            ]
          },
          "metadata": {
            "operationMetadataId": "6da76961-f743-4c45-99e1-d37723010672"
          }
        },
        "Filter_email_template_for_user_pending_TS": {
          "type": "Query",
          "inputs": {
            "from": "@json(outputs('Get_items_from_HR365TSSettings')?['body/value'][0]['UserTempelate'])",
            "where": "@equals(item()?['key'], 'Pending weekly timesheet')"
          },
          "runAfter": {
            "Filter_email_template_for_pending_timesheet": [
              "Succeeded"
            ]
          },
          "metadata": {
            "operationMetadataId": "8e7f418b-c5f4-49e0-a8a3-d7743635184f"
          }
        },
        "Filter_by_this_year": {
          "type": "Query",
          "inputs": {
            "from": "@outputs('Get_Timesheets')?['body/value']",
            "where": "@equals(item()?['Title'],formatDateTime(utcNow(), 'yyyy'))"
          },
          "runAfter": {
            "Set_from_Mail": [
              "Succeeded"
            ]
          },
          "metadata": {
            "operationMetadataId": "c70373d8-a1f0-40f8-a539-e5f8337ae9f4"
          }
        },
        "Initialize_From_Mail": {
          "type": "InitializeVariable",
          "inputs": {
            "variables": [
              {
                "name": "From Mail",
                "type": "string"
              }
            ]
          },
          "runAfter": {
            "LocalSharedMailBoxID": [
              "Succeeded"
            ]
          },
          "metadata": {
            "operationMetadataId": "e9142571-144a-4044-934e-3e001dc61d26"
          }
        },
        "Set_from_Mail": {
          "type": "If",
          "expression": {
            "and": [
              {
                "equals": [
                  "@variables('LocalSharedMailBoxIDEnabled')",
                  true
                ]
              }
            ]
          },
          "actions": {
            "LocalSharedMailId": {
              "type": "SetVariable",
              "inputs": {
                "name": "From Mail",
                "value": "@variables('LocalSharedMailBoxID')"
              },
              "metadata": {
                "operationMetadataId": "5047ab92-cd1f-405b-be5c-1875ccaff08d"
              }
            }
          },
          "else": {
            "actions": {
              "SharedMailBox_From_Parameter": {
                "type": "SetVariable",
                "inputs": {
                  "name": "From Mail",
                  "value": "@parameters('SharedMailBoxEmail (HRMS365) (hrms365_SharedMailBoxEmailHRMS365)')"
                },
                "metadata": {
                  "operationMetadataId": "50f4d7b6-116f-4e7c-9e6b-5e727f098d36"
                }
              }
            }
          },
          "runAfter": {
            "Get_Notification_settings": [
              "Succeeded"
            ]
          },
          "metadata": {
            "operationMetadataId": "75749fd4-9556-41b4-9641-71c7de00b532"
          }
        },
        "PendingWeeksNotifs": {
          "type": "InitializeVariable",
          "inputs": {
            "variables": [
              {
                "name": "PendingWeeksNotifs",
                "type": "integer",
                "value": 4
              }
            ]
          },
          "runAfter": {
            "EmailsForThisTask": [
              "Succeeded"
            ]
          },
          "metadata": {
            "operationMetadataId": "b3ebc123-37ff-442c-9817-bce4150512b1"
          }
        },
        "WeekNumber": {
          "type": "InitializeVariable",
          "inputs": {
            "variables": [
              {
                "name": "WeekNumber",
                "type": "integer",
                "value": "@add(div(dayOfYear(utcNow()),7),1)"
              }
            ]
          },
          "runAfter": {
            "WeekRange": [
              "Succeeded"
            ]
          },
          "metadata": {
            "operationMetadataId": "168a712f-aa93-4fa3-9545-0cc205a28edf"
          }
        },
        "Do_until": {
          "type": "Until",
          "expression": "@equals(variables('PendingWeeksNotifs'),0)",
          "limit": {
            "count": 60,
            "timeout": "PT1H"
          },
          "actions": {
            "PendingTimesheetNotification_": {
              "type": "If",
              "expression": {
                "and": [
                  {
                    "equals": [
                      "@variables('PendingTimesheetNotification')",
                      "@outputs('DayOfWeek')"
                    ]
                  }
                ]
              },
              "actions": {
                "Iterate_over_tasks_for_approver": {
                  "type": "Foreach",
                  "foreach": "@outputs('Filter_by_this_week')['body']",
                  "actions": {
                    "Current_week_timesheet_of_user": {
                      "type": "Compose",
                      "inputs": "@json(items('Iterate_over_tasks_for_approver')?[variables('CurrentWeek')])",
                      "runAfter": {
                        "set_Template_Values_here": [
                          "Succeeded"
                        ]
                      },
                      "metadata": {
                        "operationMetadataId": "647f72c8-8fae-4f65-86f8-d14fabb94c4d"
                      }
                    },
                    "Timesheets_with_status_submitted_or_partially_submitted": {
                      "type": "Query",
                      "inputs": {
                        "from": "@outputs('Current_week_timesheet_of_user')",
                        "where": "@or(equals(item()?['Status'], 'Submitted'),\r\n  equals(item()?['Status'], 'Partially Approved')\r\n)\r\n"
                      },
                      "runAfter": {
                        "Current_week_timesheet_of_user": [
                          "Succeeded"
                        ]
                      },
                      "metadata": {
                        "operationMetadataId": "4cd0df6a-03b9-4b74-a589-f4509139175d"
                      }
                    },
                    "each_task_in_the_week": {
                      "type": "Foreach",
                      "foreach": "@body('Timesheets_with_status_submitted_or_partially_submitted')",
                      "actions": {
                        "WAutoApprove_check": {
                          "type": "If",
                          "expression": {
                            "and": [
                              {
                                "equals": [
                                  "@item()?['WAutoApprove']",
                                  true
                                ]
                              }
                            ]
                          },
                          "actions": {},
                          "else": {
                            "actions": {
                              "not_autoapprove_Compose": {
                                "type": "Compose",
                                "inputs": "Do other checks\n",
                                "metadata": {
                                  "operationMetadataId": "a0bb27bb-2675-43a0-b658-e3f8b368f804"
                                }
                              },
                              "ApprovalWorkFlow_check": {
                                "type": "If",
                                "expression": {
                                  "and": [
                                    {
                                      "equals": [
                                        "@item()?['ClientProject']?['ApprovalWorkFlow']",
                                        true
                                      ]
                                    }
                                  ]
                                },
                                "actions": {
                                  "ThisWorkFlowGUID": {
                                    "type": "SetVariable",
                                    "inputs": {
                                      "name": "WorkFlowGUID",
                                      "value": "@item()?['WorkFlowGUID']"
                                    },
                                    "metadata": {
                                      "operationMetadataId": "c6244ad8-203a-483a-b205-3517ad8b5fd7"
                                    }
                                  },
                                  "print": {
                                    "type": "Compose",
                                    "inputs": "@variables('WorkFlowGUID')",
                                    "runAfter": {
                                      "ThisWorkFlowGUID": [
                                        "Succeeded"
                                      ]
                                    },
                                    "metadata": {
                                      "operationMetadataId": "c2189ea0-1fc8-4351-a0cd-d92fc66bacb6"
                                    }
                                  },
                                  "find_the_workflow": {
                                    "type": "Query",
                                    "inputs": {
                                      "from": "@outputs('Get_items_from_HR365TSApprovalWorkFlowInternal')?['body/value']",
                                      "where": "@equals(item()?['GID'],variables('WorkFlowGUID'))"
                                    },
                                    "runAfter": {
                                      "print": [
                                        "Succeeded"
                                      ]
                                    },
                                    "metadata": {
                                      "operationMetadataId": "a1f33ad9-e434-4198-8c9a-e1bd81b732fb"
                                    }
                                  },
                                  "Fetch_workflow_Data": {
                                    "type": "Compose",
                                    "inputs": "@coalesce(body('find_the_workflow')?[0]?['Data'],'')",
                                    "runAfter": {
                                      "find_the_workflow": [
                                        "Succeeded"
                                      ]
                                    },
                                    "metadata": {
                                      "operationMetadataId": "dc0c77f5-32e9-4a54-b883-b549e9c565be"
                                    }
                                  },
                                  "Workflow_Exists": {
                                    "type": "If",
                                    "expression": {
                                      "and": [
                                        {
                                          "not": {
                                            "equals": [
                                              "@length(outputs('Fetch_workflow_Data'))",
                                              0
                                            ]
                                          }
                                        }
                                      ]
                                    },
                                    "actions": {
                                      "Run_a_Child_Flow": {
                                        "type": "Workflow",
                                        "inputs": {
                                          "host": {
                                            "workflowReferenceName": "bec05d3c-2f20-f011-998a-6045bda5cbfa"
                                          },
                                          "body": {
                                            "text": "@body('find_the_workflow')[0]?['Data']\r\n",
                                            "text_1": "@string(body('Get_users')?['value'])",
                                            "text_2": "@variables('AdminUsers')",
                                            "text_3": "@item()?['ClientProject']?['ProjectManager']",
                                            "text_4": "@item()?['ClientProject']?['value']",
                                            "text_5": "@outputs('current_user_GUID')",
                                            "text_6": "@item()?['LevelNumber']",
                                            "text_7": "@variables('Coordinators')",
                                            "text_8": "@variables('programManager')",
                                            "text_9": "@variables('projectObserver')",
                                            "text_10": "@variables('projectManager')"
                                          }
                                        },
                                        "metadata": {
                                          "operationMetadataId": "d9ed8124-be56-446f-9989-4c6fb279506e"
                                        }
                                      },
                                      "Emails": {
                                        "type": "Compose",
                                        "inputs": "@outputs('Run_a_Child_flow')?['body']['thisapproversvalues']",
                                        "runAfter": {
                                          "Run_a_Child_Flow": [
                                            "Succeeded"
                                          ]
                                        },
                                        "metadata": {
                                          "operationMetadataId": "8fd9e18d-c919-4ab1-9f50-3795caa20563"
                                        }
                                      }
                                    },
                                    "else": {
                                      "actions": {
                                        "Printerrr": {
                                          "type": "Compose",
                                          "inputs": "Workflow does not exist in the List, hence , skipping",
                                          "metadata": {
                                            "operationMetadataId": "46345f23-386f-447c-8e31-462f7d3513e4"
                                          }
                                        }
                                      }
                                    },
                                    "runAfter": {
                                      "Printer": [
                                        "Succeeded"
                                      ]
                                    },
                                    "metadata": {
                                      "operationMetadataId": "a0f600ed-c9c7-4ba1-a406-b1028dd213dd"
                                    }
                                  },
                                  "Printer": {
                                    "type": "Compose",
                                    "inputs": "@{outputs('find_the_workflow')} @{outputs('Fetch_workflow_Data')\r\n}",
                                    "runAfter": {
                                      "Fetch_workflow_Data": [
                                        "Succeeded"
                                      ]
                                    },
                                    "metadata": {
                                      "operationMetadataId": "6b75a1ea-c117-40ec-a670-f8adfe7c9d37"
                                    }
                                  }
                                },
                                "else": {
                                  "actions": {}
                                },
                                "runAfter": {
                                  "not_autoapprove_Compose": [
                                    "Succeeded"
                                  ]
                                },
                                "metadata": {
                                  "operationMetadataId": "6d60145d-e1ad-45c6-9d0e-6131856057bd"
                                }
                              }
                            }
                          },
                          "runAfter": {
                            "current_item": [
                              "Succeeded"
                            ]
                          },
                          "metadata": {
                            "operationMetadataId": "62a05643-23f3-47db-82f9-97777f5d90a6"
                          }
                        },
                        "current_item": {
                          "type": "Compose",
                          "inputs": "@item()",
                          "metadata": {
                            "operationMetadataId": "5a1b5cf4-c423-4306-97d1-6b82c75c028b"
                          }
                        },
                        "EmailBod": {
                          "type": "SetVariable",
                          "inputs": {
                            "name": "EmailBody",
                            "value": "@{body('Filter_email_template_for_pending_timesheet')[0]['Tempelate']}"
                          },
                          "runAfter": {
                            "WAutoApprove_check": [
                              "Succeeded"
                            ]
                          },
                          "metadata": {
                            "operationMetadataId": "a23861b8-9a8e-4364-94cc-79ddb5846127"
                          }
                        },
                        "EmailSub": {
                          "type": "SetVariable",
                          "inputs": {
                            "name": "EmailSubject",
                            "value": "@{body('Filter_email_template_for_pending_timesheet')[0]['Subject']}"
                          },
                          "runAfter": {
                            "RealEmailBod": [
                              "Succeeded"
                            ]
                          },
                          "metadata": {
                            "operationMetadataId": "b944c29b-8a38-4698-8ea3-9f877732ea22"
                          }
                        },
                        "RealEmailBod": {
                          "type": "Compose",
                          "inputs": "@replace(\r\n  replace(\r\n    replace(\r\n      replace(\r\n        variables('emailbody'),\r\n        '[EmployeeName]',\r\n        variables('TemplateValues')['EmployeeName']\r\n      ),\r\n      '[WeekNumber]',\r\n      variables('TemplateValues')['WeekNumber']\r\n    ),\r\n    '[WeekRange]',\r\n    variables('TemplateValues')['WeekRange']\r\n  ),\r\n  '[Approval]',\r\n  outputs('Link')\r\n)\r\n",
                          "runAfter": {
                            "EmailBod": [
                              "Succeeded"
                            ]
                          },
                          "metadata": {
                            "operationMetadataId": "442bcd14-0892-4452-a8d7-2baa3c96c07d"
                          }
                        },
                        "Not_Empty": {
                          "type": "If",
                          "expression": {
                            "and": [
                              {
                                "not": {
                                  "equals": [
                                    "@length(outputs('Recipients'))",
                                    0
                                  ]
                                }
                              },
                              {
                                "not": {
                                  "equals": [
                                    "@item()?['WAutoApprove']",
                                    true
                                  ]
                                }
                              }
                            ]
                          },
                          "actions": {
                            "Send_an_email_from_a_shared_mailbox_(V2)": {
                              "type": "OpenApiConnection",
                              "inputs": {
                                "parameters": {
                                  "emailMessage/MailboxAddress": " @{variables('From Mail')}",
                                  "emailMessage/To": "@outputs('Recipients')",
                                  "emailMessage/Subject": "@variables('EmailSubject')",
                                  "emailMessage/Body": "<p class=\"editor-paragraph\">@{outputs('RealEmailBod')}</p>",
                                  "emailMessage/Importance": "Normal"
                                },
                                "host": {
                                  "apiId": "/providers/Microsoft.PowerApps/apis/shared_office365",
                                  "operationId": "SharedMailboxSendEmailV2",
                                  "connectionName": "shared_office365_1"
                                }
                              },
                              "metadata": {
                                "operationMetadataId": "9cb5b494-56ac-4e42-9744-6e5fc57c90f9"
                              }
                            }
                          },
                          "else": {
                            "actions": {}
                          },
                          "runAfter": {
                            "Recipients": [
                              "Succeeded"
                            ]
                          },
                          "metadata": {
                            "operationMetadataId": "15424ccb-de32-464e-9601-10bce04a83e1"
                          }
                        },
                        "Recipients": {
                          "type": "Compose",
                          "inputs": "@if(empty(outputs('Emails')), '', join(json(outputs('Emails')), ';'))\r\n",
                          "runAfter": {
                            "EmailSub": [
                              "Succeeded"
                            ]
                          },
                          "metadata": {
                            "operationMetadataId": "38e232e4-b706-41dd-ac02-de46826b85d0"
                          }
                        }
                      },
                      "runAfter": {
                        "Timesheets_with_status_submitted_or_partially_submitted": [
                          "Succeeded"
                        ]
                      },
                      "metadata": {
                        "operationMetadataId": "164545be-d01b-449d-9467-f27e42abe24a"
                      }
                    },
                    "current_user_GUID": {
                      "type": "Compose",
                      "inputs": "@items('Iterate_over_tasks_for_approver')?['User']",
                      "metadata": {
                        "operationMetadataId": "d6adfe63-850e-4b78-8a61-f4d4a2cab71f"
                      }
                    },
                    "find_This_user": {
                      "type": "Query",
                      "inputs": {
                        "from": "@body('Get_users')?['value']",
                        "where": "@equals(item()['GuidID'],outputs('current_user_GUID'))"
                      },
                      "runAfter": {
                        "Link": [
                          "Succeeded"
                        ]
                      },
                      "metadata": {
                        "operationMetadataId": "f603eb23-39c2-495f-9966-76421ef2947c"
                      }
                    },
                    "set_Template_Values_here": {
                      "type": "SetVariable",
                      "inputs": {
                        "name": "TemplateValues",
                        "value": {
                          "EmployeeName": "@{body('find_This_user')?[0]?['User']?['DisplayName']}",
                          "WeekRange": "@{variables('WeekRange')}",
                          "WeekNumber": "@{variables('CurrentWeek')}"
                        }
                      },
                      "runAfter": {
                        "find_This_user": [
                          "Succeeded"
                        ]
                      },
                      "metadata": {
                        "operationMetadataId": "99d8404b-9b77-4d3f-b7d8-971d6b446eb3"
                      }
                    },
                    "Link": {
                      "type": "Compose",
                      "inputs": "@concat(variables('ApprovalUrl'), items('Iterate_over_tasks_for_approver')?['User'])",
                      "runAfter": {
                        "current_user_GUID": [
                          "Succeeded"
                        ]
                      },
                      "metadata": {
                        "operationMetadataId": "b986663f-fe1f-4486-b30e-4f73b1d4bdd8"
                      }
                    }
                  },
                  "metadata": {
                    "operationMetadataId": "a73ec8b4-e707-4345-a0ac-d4a89ed34690"
                  }
                }
              },
              "else": {
                "actions": {}
              },
              "runAfter": {
                "Filter_by_this_week": [
                  "Succeeded"
                ]
              },
              "metadata": {
                "operationMetadataId": "f3bbca0f-0cd8-4f96-aaff-07a50c6dfb27"
              }
            },
            "Filter_by_this_week": {
              "type": "Query",
              "inputs": {
                "from": "@outputs('Filter_by_this_year')?['body']",
                "where": "@not(empty(item()?[variables('CurrentWeek')]))"
              },
              "runAfter": {
                "Currrent_Week_set_again": [
                  "Succeeded"
                ]
              },
              "metadata": {
                "operationMetadataId": "8e5d69be-3b7d-4b60-be93-5d48031c2056"
              }
            },
            "Currrent_Week_set_again": {
              "type": "SetVariable",
              "inputs": {
                "name": "CurrentWeek",
                "value": "@concat('Week', variables('WeekNumber'))"
              },
              "metadata": {
                "operationMetadataId": "68cc1361-29cc-4246-ac4b-aadb59512047"
              }
            },
            "GenerateWeeknumber": {
              "type": "Compose",
              "inputs": "@sub(variables('StartWeek'), sub(variables('start'), variables('PendingWeeksNotifs')))\r\n",
              "runAfter": {
                "Decrement_variable_pendingweeksnotifs": [
                  "Succeeded"
                ]
              },
              "metadata": {
                "operationMetadataId": "5f049b51-8573-4864-8919-69fa3f6b6744"
              }
            },
            "Set_Weeknumber": {
              "type": "SetVariable",
              "inputs": {
                "name": "WeekNumber",
                "value": "@outputs('GenerateWeeknumber')"
              },
              "runAfter": {
                "GenerateWeeknumber": [
                  "Succeeded"
                ]
              },
              "metadata": {
                "operationMetadataId": "79233602-ab64-4b58-8c2c-0f23cb331ae4"
              }
            },
            "Compose": {
              "type": "Compose",
              "inputs": "@variables('PendingWeeksNotifs')",
              "runAfter": {
                "Set_WeekRange": [
                  "Succeeded"
                ]
              },
              "metadata": {
                "operationMetadataId": "686bf9eb-8be5-4ba7-8d3c-9debd3340cb1"
              }
            },
            "Decrement_variable_pendingweeksnotifs": {
              "type": "DecrementVariable",
              "inputs": {
                "name": "PendingWeeksNotifs"
              },
              "runAfter": {
                "PendingTimesheetNotification_": [
                  "Succeeded"
                ]
              },
              "metadata": {
                "operationMetadataId": "e7c3317e-7d16-4dc5-be43-9d09d0b8bcab"
              }
            },
            "Set_WeekRange": {
              "type": "SetVariable",
              "inputs": {
                "name": "WeekRange",
                "value": "@{formatDateTime(\r\n  addDays(\r\n    addDays(\r\n      utcNow(), \r\n      sub(0, mod(add(dayOfWeek(utcNow()), 6), 7))\r\n    ),\r\n    mul(sub(variables('start'), variables('PendingWeeksNotifs')), -7)\r\n  ), \r\n  'MM/dd/yyyy'\r\n)\r\n} to @{formatDateTime(\r\n  addDays(\r\n    addDays(\r\n      utcNow(), \r\n      sub(7, mod(add(dayOfWeek(utcNow()), 6), 7))\r\n    ),\r\n    mul(sub(variables('start'), variables('PendingWeeksNotifs')), -7)\r\n  ), \r\n  'MM/dd/yyyy'\r\n)\r\n}"
              },
              "runAfter": {
                "Set_Weeknumber": [
                  "Succeeded"
                ]
              },
              "metadata": {
                "operationMetadataId": "807ec171-094e-42c0-ae47-a7f557bce86e"
              }
            }
          },
          "runAfter": {
            "Initialize_weekStart": [
              "Succeeded"
            ]
          },
          "metadata": {
            "operationMetadataId": "9ae01f87-4136-477d-99be-fac19aac6c2c"
          }
        },
        "Initialize_start": {
          "type": "InitializeVariable",
          "inputs": {
            "variables": [
              {
                "name": "start",
                "type": "integer",
                "value": "@variables('PendingWeeksNotifs')"
              }
            ]
          },
          "runAfter": {
            "Filter_by_this_year": [
              "Succeeded"
            ]
          },
          "metadata": {
            "operationMetadataId": "325226ec-307e-442a-aff5-5ba2ef3cc145"
          }
        },
        "Initialize_weekStart": {
          "type": "InitializeVariable",
          "inputs": {
            "variables": [
              {
                "name": "StartWeek",
                "type": "integer",
                "value": "@variables('WeekNumber')"
              }
            ]
          },
          "runAfter": {
            "Initialize_start": [
              "Succeeded"
            ]
          },
          "metadata": {
            "operationMetadataId": "e7e8cdb2-0d82-4995-9e2a-d18b36b10367"
          }
        },
        "Coordinators": {
          "type": "InitializeVariable",
          "inputs": {
            "variables": [
              {
                "name": "Coordinators",
                "type": "array"
              }
            ]
          },
          "runAfter": {
            "setAdmins": [
              "Succeeded"
            ]
          },
          "metadata": {
            "operationMetadataId": "b536a1f2-9542-44e3-875e-cd793761452e"
          }
        },
        "ProgramManager": {
          "type": "InitializeVariable",
          "inputs": {
            "variables": [
              {
                "name": "ProgramManager",
                "type": "array"
              }
            ]
          },
          "runAfter": {
            "Set_coordinators": [
              "Succeeded"
            ]
          },
          "metadata": {
            "operationMetadataId": "65a40432-9813-415d-bd3f-b2db2768a4da"
          }
        },
        "ProjectObserver": {
          "type": "InitializeVariable",
          "inputs": {
            "variables": [
              {
                "name": "ProjectObserver",
                "type": "array"
              }
            ]
          },
          "runAfter": {
            "Set_programManager": [
              "Succeeded"
            ]
          },
          "metadata": {
            "operationMetadataId": "116feebc-f437-4a74-9fa1-ffc066957a99"
          }
        },
        "ProjectManager": {
          "type": "InitializeVariable",
          "inputs": {
            "variables": [
              {
                "name": "ProjectManager",
                "type": "array"
              }
            ]
          },
          "runAfter": {
            "Set__projectObserver": [
              "Succeeded"
            ]
          },
          "metadata": {
            "operationMetadataId": "7e58921a-6232-44b7-8ef0-6c050e75f24b"
          }
        },
        "Filter_coordinators_from_users": {
          "type": "Query",
          "inputs": {
            "from": "@body('Get_Users')?['value']",
            "where": "@equals(item()?['Role'],'coordinator')"
          },
          "runAfter": {
            "Coordinators": [
              "Succeeded"
            ]
          },
          "metadata": {
            "operationMetadataId": "ef805b1f-c16d-4ebc-9d33-3f885e1bca30"
          }
        },
        "Set_coordinators": {
          "type": "SetVariable",
          "inputs": {
            "name": "Coordinators",
            "value": "@body('filter_coordinators_from_users')"
          },
          "runAfter": {
            "Filter_coordinators_from_users": [
              "Succeeded"
            ]
          },
          "metadata": {
            "operationMetadataId": "458f571e-ab98-44e0-83ba-d863dbb6fc8d"
          }
        },
        "Filter_ProgramManager": {
          "type": "Query",
          "inputs": {
            "from": "@body('Get_Users')?['value']",
            "where": "@equals(item()?['Role'],'programManager')"
          },
          "runAfter": {
            "ProgramManager": [
              "Succeeded"
            ]
          },
          "metadata": {
            "operationMetadataId": "ef805b1f-c16d-4ebc-9d33-3f885e1bca30"
          }
        },
        "Filter_projectObserver": {
          "type": "Query",
          "inputs": {
            "from": "@body('Get_Users')?['value']",
            "where": "@equals(item()?['Role'],'projectObserver')"
          },
          "runAfter": {
            "ProjectObserver": [
              "Succeeded"
            ]
          },
          "metadata": {
            "operationMetadataId": "ef805b1f-c16d-4ebc-9d33-3f885e1bca30"
          }
        },
        "Set_projectManager": {
          "type": "SetVariable",
          "inputs": {
            "name": "ProjectManager",
            "value": "@body('filter_projectManager')"
          },
          "runAfter": {
            "Filter_projectManager": [
              "Succeeded"
            ]
          },
          "metadata": {
            "operationMetadataId": "c56464c7-b635-4807-8748-fa499d429ad9"
          }
        },
        "Filter_projectManager": {
          "type": "Query",
          "inputs": {
            "from": "@body('Get_Users')?['value']",
            "where": "@equals(item()?['Role'],'projectManager')"
          },
          "runAfter": {
            "ProjectManager": [
              "Succeeded"
            ]
          },
          "metadata": {
            "operationMetadataId": "ef805b1f-c16d-4ebc-9d33-3f885e1bca30"
          }
        },
        "Set__projectObserver": {
          "type": "SetVariable",
          "inputs": {
            "name": "ProjectObserver",
            "value": "@body('filter_projectObserver')"
          },
          "runAfter": {
            "Filter_projectObserver": [
              "Succeeded"
            ]
          },
          "metadata": {
            "operationMetadataId": "3d8a85cb-de42-4173-bb96-455c8422ec16"
          }
        },
        "Set_programManager": {
          "type": "SetVariable",
          "inputs": {
            "name": "ProgramManager",
            "value": "@body('filter_programManager')"
          },
          "runAfter": {
            "Filter_ProgramManager": [
              "Succeeded"
            ]
          },
          "metadata": {
            "operationMetadataId": "0e3bdd8c-b8e3-4eab-bc6a-340c3a365d19"
          }
        },
        "Initialize_variable_SiteAddressHRMS": {
          "type": "InitializeVariable",
          "inputs": {
            "variables": [
              {
                "name": "SiteAddressHRMS",
                "type": "string",
                "value": "@parameters('SiteAddress (HRMS365) (hrms365_SiteAddressHRMS365)')"
              }
            ]
          },
          "runAfter": {
            "DayOfWeek": [
              "Succeeded"
            ]
          }
        }
      }
    },
    "templateName": null
  },
  "schemaVersion": "1.0.0.0"
}