{
  "properties": {
    "connectionReferences": {},
    "definition": {
      "$schema": "https://schema.management.azure.com/providers/Microsoft.Logic/schemas/2016-06-01/workflowdefinition.json#",
      "contentVersion": "1.0.0.0",
      "parameters": {
        "$authentication": {
          "defaultValue": {},
          "type": "SecureObject"
        }
      },
      "triggers": {
        "manual": {
          "metadata": {
            "operationMetadataId": "d7b1ab50-38d6-4038-afe5-c6e12a79bbc7"
          },
          "type": "Request",
          "kind": "Http",
          "inputs": {
            "triggerAuthenticationType": "All"
          }
        }
      },
      "actions": {
        "Switch": {
          "runAfter": {
            "Compose": [
              "Succeeded"
            ]
          },
          "cases": {
            "Post_Single_Expense": {
              "case": "PostSingleExp",
              "actions": {
                "HTTP_2": {
                  "runAfter": {},
                  "metadata": {
                    "operationMetadataId": "a659a0a1-462b-467e-ae87-832627b3f899"
                  },
                  "type": "Http",
                  "inputs": {
                    "method": "POST",
                    "uri": "@{triggerBody()?['ZBURL']}@{triggerBody()?['company_id']}",
                    "headers": {
                      "Authorization": "@{triggerBody()?['access_token']}",
                      "Content-Type": "application/json",
                      "Accept": "application/json"
                    },
                    "body": "@triggerBody()?['expense_body']"
                  }
                },
                "Scope_10": {
                  "actions": {
                    "Response_2": {
                      "runAfter": {},
                      "metadata": {
                        "operationMetadataId": "28458d17-ed72-4caa-b0df-053e70c93e03"
                      },
                      "type": "Response",
                      "kind": "Http",
                      "inputs": {
                        "statusCode": "@outputs('HTTP_2')['statusCode']",
                        "body": "@body('HTTP_2')"
                      }
                    }
                  },
                  "runAfter": {
                    "HTTP_2": [
                      "Succeeded",
                      "Failed"
                    ]
                  },
                  "metadata": {
                    "operationMetadataId": "c7137b29-142b-4193-b987-1caff285eea8"
                  },
                  "type": "Scope"
                }
              }
            },
            "Get_Access_token_from_ZB": {
              "case": "exchangeeauthcodeZB",
              "actions": {
                "HTTP_3": {
                  "runAfter": {},
                  "metadata": {
                    "operationMetadataId": "29e7ae24-565d-42eb-a602-314bd4d523e3"
                  },
                  "type": "Http",
                  "inputs": {
                    "method": "POST",
                    "uri": "@{triggerBody()?['Auth_URL']}",
                    "headers": {
                      "Content-Type": "application/x-www-form-urlencoded"
                    },
                    "body": "@triggerBody()?['expense_body']"
                  }
                },
                "Scope": {
                  "actions": {
                    "Response": {
                      "runAfter": {},
                      "metadata": {
                        "operationMetadataId": "27d5e735-2a53-4f4d-a0f6-3c81fc61326e"
                      },
                      "type": "Response",
                      "kind": "Http",
                      "inputs": {
                        "statusCode": "@outputs('HTTP_3')['statusCode']",
                        "body": "@body('HTTP_3')"
                      }
                    }
                  },
                  "runAfter": {
                    "HTTP_3": [
                      "Failed",
                      "Succeeded"
                    ]
                  },
                  "metadata": {
                    "operationMetadataId": "68d7e0a4-9da5-485f-acd6-45bb64130852"
                  },
                  "type": "Scope"
                }
              }
            },
            "Post_Distance_Expense": {
              "case": "PostDistanceExp",
              "actions": {
                "HTTP": {
                  "runAfter": {},
                  "metadata": {
                    "operationMetadataId": "e5f2fdbe-0afd-44fb-8704-81dc7c4c47a9"
                  },
                  "type": "Http",
                  "inputs": {
                    "method": "POST",
                    "uri": "@{triggerBody()?['ZBURL']}@{triggerBody()?['company_id']}",
                    "headers": {
                      "Authorization": "@{triggerBody()?['access_token']}",
                      "Content-Type": "application/json",
                      "Accept": "application/json"
                    },
                    "body": "@triggerBody()?['expense_body']"
                  }
                },
                "Scope_2": {
                  "actions": {
                    "Response_4": {
                      "runAfter": {},
                      "metadata": {
                        "operationMetadataId": "ee73842f-00db-4e2a-a629-c2d265d4d820"
                      },
                      "type": "Response",
                      "kind": "Http",
                      "inputs": {
                        "statusCode": "@outputs('HTTP')['statusCode']",
                        "body": "@body('HTTP')"
                      }
                    }
                  },
                  "runAfter": {
                    "HTTP": [
                      "Succeeded",
                      "Failed"
                    ]
                  },
                  "metadata": {
                    "operationMetadataId": "0735d30c-9436-4e98-b3ef-7de365e72df8"
                  },
                  "type": "Scope"
                }
              }
            },
            "Get_ZB_Expense_Type": {
              "case": "GetZBExptype",
              "actions": {
                "HTTP_4": {
                  "runAfter": {},
                  "metadata": {
                    "operationMetadataId": "24ff70ac-757c-4b3c-8902-464acfe3da8d"
                  },
                  "type": "Http",
                  "inputs": {
                    "method": "GET",
                    "uri": "@{triggerBody()?['ZBURL']}@{triggerBody()?['company_id']}",
                    "headers": {
                      "Authorization": " @{triggerBody()?['access_token']}",
                      "Content-Type": "application/json",
                      "Accept": "application/json"
                    }
                  }
                },
                "Scope_3": {
                  "actions": {
                    "Response_5": {
                      "runAfter": {},
                      "metadata": {
                        "operationMetadataId": "fbd55ea7-cd93-4134-9ade-99c598241703"
                      },
                      "type": "Response",
                      "kind": "Http",
                      "inputs": {
                        "statusCode": "@outputs('HTTP_4')['statusCode']",
                        "body": "@body('HTTP_4')"
                      }
                    }
                  },
                  "runAfter": {
                    "HTTP_4": [
                      "Succeeded",
                      "Failed"
                    ]
                  },
                  "metadata": {
                    "operationMetadataId": "0fa1e69d-1de7-4c7c-ab02-c07ac5e241b5"
                  },
                  "type": "Scope"
                }
              }
            },
            "Get_ZB_Customer_ID": {
              "case": "GetZBCustomerID",
              "actions": {
                "HTTP_5": {
                  "runAfter": {},
                  "metadata": {
                    "operationMetadataId": "e14391fb-775d-4d63-a697-e00da3b8781c"
                  },
                  "type": "Http",
                  "inputs": {
                    "method": "GET",
                    "uri": "@{triggerBody()?['ZBURL']}@{triggerBody()?['company_id']}",
                    "headers": {
                      "Authorization": " @{triggerBody()?['access_token']}",
                      "Content-Type": "application/json",
                      "Accept": "application/json"
                    }
                  }
                },
                "Scope_4": {
                  "actions": {
                    "Response_6": {
                      "runAfter": {},
                      "metadata": {
                        "operationMetadataId": "8f06a940-c286-4c1d-a5a3-959a6e875c4b"
                      },
                      "type": "Response",
                      "kind": "Http",
                      "inputs": {
                        "statusCode": "@outputs('HTTP_5')['statusCode']",
                        "body": "@body('HTTP_5')"
                      }
                    }
                  },
                  "runAfter": {
                    "HTTP_5": [
                      "Succeeded",
                      "Failed"
                    ]
                  },
                  "metadata": {
                    "operationMetadataId": "61f78043-a530-4b5a-ae87-a3bc3f886f87"
                  },
                  "type": "Scope"
                }
              }
            },
            "Post_Multiple_Expense": {
              "case": "PostMultExp",
              "actions": {
                "HTTP_6": {
                  "runAfter": {},
                  "metadata": {
                    "operationMetadataId": "127504fd-1559-431c-8742-9c9543fad2a9"
                  },
                  "type": "Http",
                  "inputs": {
                    "method": "POST",
                    "uri": "@{triggerBody()?['ZBURL']}@{triggerBody()?['company_id']}",
                    "headers": {
                      "Authorization": " @{triggerBody()?['access_token']}",
                      "Content-Type": "application/json",
                      "Accept": "application/json"
                    },
                    "body": "@triggerBody()?['expense_body']"
                  }
                },
                "Scope_5": {
                  "actions": {
                    "Response_7": {
                      "runAfter": {},
                      "metadata": {
                        "operationMetadataId": "ab002532-5422-40bf-bff4-10399b075b34"
                      },
                      "type": "Response",
                      "kind": "Http",
                      "inputs": {
                        "statusCode": "@outputs('HTTP_6')['statusCode']",
                        "body": "@body('HTTP_6')"
                      }
                    }
                  },
                  "runAfter": {
                    "HTTP_6": [
                      "Succeeded",
                      "Failed"
                    ]
                  },
                  "metadata": {
                    "operationMetadataId": "595c55d6-7f06-4164-86ce-2af59c2add9c"
                  },
                  "type": "Scope"
                }
              }
            },
            "Get_Account_Id": {
              "case": "PostDistExp",
              "actions": {
                "HTTP_7": {
                  "runAfter": {},
                  "metadata": {
                    "operationMetadataId": "58c89e38-a6cb-4ab6-94d1-9faa13d45fb8"
                  },
                  "type": "Http",
                  "inputs": {
                    "method": "POST",
                    "uri": "@{triggerBody()?['ZBURL']}@{triggerBody()?['company_id']} ",
                    "headers": {
                      "Authorization": " @{triggerBody()?['access_token']}",
                      "Content-Type": "application/json",
                      "Accept": "application/json"
                    },
                    "body": "@triggerBody()?['expense_body']"
                  }
                },
                "Scope_6": {
                  "actions": {
                    "Response_8": {
                      "runAfter": {},
                      "metadata": {
                        "operationMetadataId": "c1c71934-42ed-4bd1-b180-54f43069be7e"
                      },
                      "type": "Response",
                      "kind": "Http",
                      "inputs": {
                        "statusCode": "@outputs('HTTP_7')['statusCode']",
                        "body": "@body('HTTP_7')"
                      }
                    }
                  },
                  "runAfter": {
                    "HTTP_7": [
                      "Succeeded",
                      "Failed"
                    ]
                  },
                  "metadata": {
                    "operationMetadataId": "56a71fd8-1b2a-43f8-85fc-4c1a0870fcc0"
                  },
                  "type": "Scope"
                }
              }
            },
            "Post_Multiple_Distance_Expense": {
              "case": "PostMultDistExp",
              "actions": {
                "HTTP_10": {
                  "runAfter": {},
                  "metadata": {
                    "operationMetadataId": "829f82d2-b1cc-48b3-ba10-1701151f4828"
                  },
                  "type": "Http",
                  "inputs": {
                    "method": "POST",
                    "uri": "@{triggerBody()?['ZBURL']}@{triggerBody()?['company_id']} ",
                    "headers": {
                      "Authorization": " @{triggerBody()?['access_token']}",
                      "Content-Type": "application/json",
                      "Accept": "application/json"
                    },
                    "body": "@triggerBody()?['expense_body']"
                  }
                },
                "Scope_9": {
                  "actions": {
                    "Response_11": {
                      "runAfter": {},
                      "metadata": {
                        "operationMetadataId": "c06cc0a2-3425-4e98-ab48-8afb16b39df2"
                      },
                      "type": "Response",
                      "kind": "Http",
                      "inputs": {
                        "statusCode": "@outputs('HTTP_10')['statusCode']",
                        "body": "@body('HTTP_10')"
                      }
                    }
                  },
                  "runAfter": {
                    "HTTP_10": [
                      "Failed",
                      "Succeeded"
                    ]
                  },
                  "metadata": {
                    "operationMetadataId": "4fa6f578-b35d-4619-aab7-f0b7ebd4beec"
                  },
                  "type": "Scope"
                }
              }
            },
            "Post_Expense_type_AccID": {
              "case": "PostExptypeAccID",
              "actions": {
                "HTTP_11": {
                  "runAfter": {},
                  "metadata": {
                    "operationMetadataId": "3b4e7453-a5f1-49b1-acf1-ea938447e96b"
                  },
                  "type": "Http",
                  "inputs": {
                    "method": "POST",
                    "uri": "@{triggerBody()?['ZBURL']}@{triggerBody()?['company_id']} ",
                    "headers": {
                      "Authorization": " @{triggerBody()?['access_token']}",
                      "Content-Type": "application/json",
                      "Accept": "application/json"
                    },
                    "body": "@triggerBody()?['expense_body']"
                  }
                },
                "Scope_11": {
                  "actions": {
                    "Response_3": {
                      "runAfter": {},
                      "metadata": {
                        "operationMetadataId": "93a11425-dfd5-40de-b292-52e3ab558684"
                      },
                      "type": "Response",
                      "kind": "Http",
                      "inputs": {
                        "statusCode": "@outputs('HTTP_11')['statusCode']",
                        "body": "@body('HTTP_11')"
                      }
                    }
                  },
                  "runAfter": {
                    "HTTP_11": [
                      "Succeeded",
                      "Failed"
                    ]
                  },
                  "metadata": {
                    "operationMetadataId": "1a692bf3-5ae0-4819-8158-b7c5e16fbd4e"
                  },
                  "type": "Scope"
                }
              }
            },
            "Post_Customer_AccId": {
              "case": "PostCustAccId",
              "actions": {
                "HTTP_8": {
                  "runAfter": {},
                  "metadata": {
                    "operationMetadataId": "d6a43ced-caac-46b8-abaa-0e05cf05e5ad"
                  },
                  "type": "Http",
                  "inputs": {
                    "method": "POST",
                    "uri": "@{triggerBody()?['ZBURL']}@{triggerBody()?['company_id']} ",
                    "headers": {
                      "Authorization": " @{triggerBody()?['access_token']}",
                      "Content-Type": "application/json",
                      "Accept": "application/json"
                    },
                    "body": " @{triggerBody()?['expense_body']}"
                  }
                },
                "Scope_7": {
                  "actions": {
                    "Response_9": {
                      "runAfter": {},
                      "metadata": {
                        "operationMetadataId": "a7da54df-cce4-40c8-a0f7-f693ac7f3fba"
                      },
                      "type": "Response",
                      "kind": "Http",
                      "inputs": {
                        "statusCode": "@outputs('HTTP_8')['statusCode']",
                        "body": "@body('HTTP_8')"
                      }
                    }
                  },
                  "runAfter": {
                    "HTTP_8": [
                      "Succeeded",
                      "Failed"
                    ]
                  },
                  "metadata": {
                    "operationMetadataId": "5da9108b-07ee-47ac-a802-80958def943f"
                  },
                  "type": "Scope"
                }
              }
            }
          },
          "default": {
            "actions": {
              "Response_12": {
                "runAfter": {},
                "metadata": {
                  "operationMetadataId": "49480e3d-3f00-4c57-9335-ae3d6ca34f20"
                },
                "type": "Response",
                "kind": "Http",
                "inputs": {
                  "statusCode": 400,
                  "body": "Query Type is not passed"
                }
              }
            }
          },
          "expression": "@triggerBody()?['QueryType']",
          "metadata": {
            "operationMetadataId": "8f751675-9c77-41c1-85e9-a6b9244d0779"
          },
          "type": "Switch"
        },
        "Compose": {
          "runAfter": {},
          "metadata": {
            "operationMetadataId": "3243d1c4-23ba-4661-a6d9-c7e03a6e8400"
          },
          "type": "Compose",
          "inputs": "@triggerBody()?['QueryType']"
        }
      }
    },
    "templateName": null
  },
  "schemaVersion": "1.0.0.0"
}