{
  "properties": {
    "connectionReferences": {
      "shared_microsoftforms_2": {
        "runtimeSource": "embedded",
        "connection": {
          "connectionReferenceLogicalName": "hr365_sharedmicrosoftforms_542da"
        },
        "api": {
          "name": "shared_microsoftforms"
        }
      },
      "shared_sharepointonline_1": {
        "runtimeSource": "embedded",
        "connection": {
          "connectionReferenceLogicalName": "hr365_sharedsharepointonline_ccea1"
        },
        "api": {
          "name": "shared_sharepointonline"
        }
      },
      "shared_office365_2": {
        "runtimeSource": "embedded",
        "connection": {
          "connectionReferenceLogicalName": "hr365_sharedoffice365_9d278"
        },
        "api": {
          "name": "shared_office365"
        }
      },
      "shared_office365_3": {
        "runtimeSource": "embedded",
        "connection": {
          "connectionReferenceLogicalName": "hr365_sharedoffice365_0c5be"
        },
        "api": {
          "name": "shared_office365"
        }
      },
      "shared_teams": {
        "runtimeSource": "embedded",
        "connection": {
          "connectionReferenceLogicalName": "hr365_sharedteams_da838"
        },
        "api": {
          "name": "shared_teams"
        }
      },
      "shared_office365users_2": {
        "runtimeSource": "embedded",
        "connection": {
          "connectionReferenceLogicalName": "new_sharedoffice365users_05bb2"
        },
        "api": {
          "name": "shared_office365users"
        }
      },
      "shared_office365": {
        "runtimeSource": "embedded",
        "connection": {
          "connectionReferenceLogicalName": "hr365_sharedoffice365_73209"
        },
        "api": {
          "name": "shared_office365"
        }
      }
    },
    "definition": {
      "$schema": "https://schema.management.azure.com/providers/Microsoft.Logic/schemas/2016-06-01/workflowdefinition.json#",
      "contentVersion": "1.0.0.0",
      "parameters": {
        "$connections": {
          "defaultValue": {},
          "type": "Object"
        },
        "$authentication": {
          "defaultValue": {},
          "type": "SecureObject"
        },
        "MSFormId - ExternalUsers (hr365_MSFormIdExternalUsers)": {
          "defaultValue": "4wHPsE_O9E6NFc8eiwgu5OeBdq7bO8hJvW4zmkdbvlZUOVBSRklBOUVaMUQ1SzQ5TVk5RExRVzRKNi4u",
          "type": "String",
          "metadata": {
            "schemaName": "hr365_MSFormIdExternalUsers"
          }
        },
        "SiteURL(HD365) (hr365_SiteURLHD365)": {
          "defaultValue": "https://megazap.sharepoint.com/sites/AM1030",
          "type": "String",
          "metadata": {
            "schemaName": "hr365_SiteURLHD365"
          }
        },
        "SupportMailBoxID (hr365_SupportMailBoxID)": {
          "defaultValue": "support@megazap.onmicrosoft.com",
          "type": "String",
          "metadata": {
            "schemaName": "hr365_SupportMailBoxID",
            "description": "a"
          }
        },
        "SitePageTitle (hr365_SitePageTitle1)": {
          "defaultValue": "HD365",
          "type": "String",
          "metadata": {
            "schemaName": "hr365_SitePageTitle1"
          }
        }
      },
      "triggers": {
        "When_a_new_response_is_submitted": {
          "metadata": {
            "operationMetadataId": "5d10806b-1c17-45d5-bd0a-e575239f21b8",
            "flowSystemMetadata": {
              "swaggerOperationId": "CreateFormWebhook"
            }
          },
          "type": "ApiConnectionWebhook",
          "inputs": {
            "host": {
              "connection": {
                "name": "@parameters('$connections')['shared_microsoftforms_2']['connectionId']"
              }
            },
            "body": {
              "eventType": "responseAdded",
              "notificationUrl": "@{listCallbackUrl()}",
              "source": "ms-connector"
            },
            "path": "/formapi/api/forms/@{encodeURIComponent(parameters('MSFormId - ExternalUsers (hr365_MSFormIdExternalUsers)'))}/webhooks",
            "authentication": "@parameters('$authentication')"
          }
        }
      },
      "actions": {
        "Apply_to_each": {
          "foreach": "@triggerBody()?['value']",
          "actions": {
            "Get_response_details": {
              "runAfter": {},
              "metadata": {
                "operationMetadataId": "2543d877-a4ec-47b1-8005-11679555658f",
                "flowSystemMetadata": {
                  "swaggerOperationId": "GetFormResponseById"
                }
              },
              "type": "ApiConnection",
              "inputs": {
                "host": {
                  "connection": {
                    "name": "@parameters('$connections')['shared_microsoftforms_2']['connectionId']"
                  }
                },
                "method": "get",
                "path": "/formapi/api/forms('@{encodeURIComponent(parameters('MSFormId - ExternalUsers (hr365_MSFormIdExternalUsers)'))}')/responses",
                "queries": {
                  "response_id": "@items('Apply_to_each')?['resourceData']?['responseId']"
                },
                "authentication": "@parameters('$authentication')"
              }
            },
            "Send_an_HTTP_request_to_SharePoint": {
              "runAfter": {
                "Set_variable_4": [
                  "Succeeded",
                  "Failed",
                  "Skipped",
                  "TimedOut"
                ]
              },
              "metadata": {
                "operationMetadataId": "e7ca9a1c-d184-4459-acf0-b69f14a49620",
                "flowSystemMetadata": {
                  "swaggerOperationId": "HttpRequest"
                }
              },
              "type": "ApiConnection",
              "inputs": {
                "host": {
                  "connection": {
                    "name": "@parameters('$connections')['shared_sharepointonline_1']['connectionId']"
                  }
                },
                "method": "post",
                "body": {
                  "method": "POST",
                  "uri": "_api/web/lists/getbytitle('HR365HDMTickets')/items",
                  "headers": {
                    "accept": "application/json;odata=verbose",
                    "content-type": "application/json;odata=verbose"
                  },
                  "body": "{\n            '__metadata': { 'type': 'SP.Data.HR365HDMTicketsListItem' },\n\n\n                       'Title':'@{body('Get_response_details')?['rb040eb1251c1445fb601d52a18ffc9f9']}',\n   'Status':\"@{variables('Status')}\",\n    'Priority':\"@{body('Get_response_details')?['r5ab0d783132e4b8f8c106cfd1b3763e2']}\",\n    'RequestType':\"@{body('Get_response_details')?['r69fadc1662544d138922c2a4501ee9ab']}\",\n'RequesterName': \"@{body('Get_response_details')?['r446c399a79884374b31cf93613fc13b7']}\",\n'TicketDescription':'@{body('Get_response_details')?['re380ed9fb2054d1998cce66080b9bccd']}',\n'AssignedToId':@{variables('AssignToAgentID')},\n    'RequesterEmail':\"@{body('Get_response_details')?['r2abdf8d299b94ebba9d16781151176f9']}\",\n'Services':\"@{body('Get_response_details')?['rf141e33b574544a889b1c51bf90216d5']}\",\n'DepartmentName':\"@{body('Get_response_details')?['ra5fa7afbf973436fb4773ae3d12cf00d']}\",\n'TicketProperties': '@{variables('TicketProperties')}',\n'TicketCreatedDate':'@{utcNow()}',\n'HDPCC4':@{formatDateTime(body('Get_response_details')?['r8771db8deb1e476398ada372d2e8c324'])}\n\n        }"
                },
                "path": "/datasets/@{encodeURIComponent(encodeURIComponent(variables('AppsiteURL')))}/httprequest",
                "authentication": "@parameters('$authentication')"
              }
            },
            "Compose": {
              "runAfter": {
                "IsAutoAssign": [
                  "Succeeded",
                  "Failed",
                  "TimedOut"
                ]
              },
              "metadata": {
                "operationMetadataId": "c1cd1ffc-7d34-4855-8a8d-58d941ee9996"
              },
              "type": "Compose",
              "inputs": "@triggerBody()?['value']"
            },
            "Compose_2": {
              "runAfter": {
                "Compose": [
                  "Succeeded"
                ]
              },
              "metadata": {
                "operationMetadataId": "b28c086f-1428-40eb-95ab-47182a314019"
              },
              "type": "Compose",
              "inputs": "@body('Get_response_details')?['re65bfee09e154b1db06d2ef9b5410032']"
            },
            "Get_user_profile_(V2)": {
              "runAfter": {
                "Set_variable": [
                  "Succeeded"
                ]
              },
              "metadata": {
                "operationMetadataId": "4045b3eb-7556-4802-8069-47b97a56955f"
              },
              "type": "OpenApiConnection",
              "inputs": {
                "host": {
                  "connectionName": "shared_office365users_2",
                  "operationId": "UserProfile_V2",
                  "apiId": "/providers/Microsoft.PowerApps/apis/shared_office365users"
                },
                "parameters": {
                  "id": "@body('Get_response_details')?['r2abdf8d299b94ebba9d16781151176f9']"
                },
                "authentication": "@parameters('$authentication')"
              }
            },
            "Set_variable_3": {
              "runAfter": {
                "Get_user_profile_(V2)": [
                  "Succeeded"
                ]
              },
              "metadata": {
                "operationMetadataId": "ea083a55-4029-4530-856e-a931491333fb"
              },
              "type": "SetVariable",
              "inputs": {
                "name": "UserDisPlayName",
                "value": "@outputs('Get_user_profile_(V2)')?['body/displayName']"
              }
            },
            "Set_variable_4": {
              "runAfter": {
                "Set_variable_3": [
                  "Failed",
                  "Skipped",
                  "TimedOut"
                ]
              },
              "metadata": {
                "operationMetadataId": "00e783dd-0e8b-4146-8855-e147629ce210"
              },
              "type": "SetVariable",
              "inputs": {
                "name": "UserDisPlayName",
                "value": "@{split(triggerOutputs()?['body/from'], '@')[0]}"
              }
            },
            "Send_an_HTTP_request_to_SharePoint_11": {
              "runAfter": {
                "Send_an_HTTP_request_to_SharePoint": [
                  "Succeeded"
                ]
              },
              "metadata": {
                "operationMetadataId": "b4c26775-a414-49f7-8f46-1ebb4c58af4a"
              },
              "type": "OpenApiConnection",
              "inputs": {
                "host": {
                  "connectionName": "shared_sharepointonline_1",
                  "operationId": "HttpRequest",
                  "apiId": "/providers/Microsoft.PowerApps/apis/shared_sharepointonline"
                },
                "parameters": {
                  "dataset": "@variables('AppsiteURL')",
                  "parameters/method": "GET",
                  "parameters/uri": "_api/web/lists/getbytitle('HR365HDMTickets')",
                  "parameters/headers": {
                    "accept": "application/json;odata=verbose",
                    "content-type": "application/json;odata=verbose"
                  }
                },
                "authentication": "@parameters('$authentication')"
              }
            },
            "Set_variable_2": {
              "runAfter": {
                "Send_an_HTTP_request_to_SharePoint_11": [
                  "Succeeded"
                ]
              },
              "metadata": {
                "operationMetadataId": "5318d678-112f-4a16-bbd1-1de94845dc49"
              },
              "type": "SetVariable",
              "inputs": {
                "name": "ListGudID",
                "value": "@{outputs('Send_an_HTTP_request_to_SharePoint_11')?['body']?['d']?['Id']}"
              }
            },
            "Send_an_HTTP_request_to_SharePoint_7": {
              "runAfter": {
                "Set_variable_2": [
                  "Succeeded"
                ]
              },
              "metadata": {
                "operationMetadataId": "1b6f0bac-a584-46b4-a564-98979b85776c"
              },
              "type": "OpenApiConnection",
              "inputs": {
                "host": {
                  "connectionName": "shared_sharepointonline_1",
                  "operationId": "HttpRequest",
                  "apiId": "/providers/Microsoft.PowerApps/apis/shared_sharepointonline"
                },
                "parameters": {
                  "dataset": "@variables('AppsiteURL')",
                  "parameters/method": "POST",
                  "parameters/uri": "_api/web/lists/getbytitle('HR365HDMTickets')/items(@{outputs('Send_an_HTTP_request_to_SharePoint')?['body']?['d']['Id']})",
                  "parameters/headers": {
                    "accept": "application/json;odata=verbose",
                    "content-type": "application/json;odata=verbose",
                    "IF-MATCH": "*",
                    "X-HTTP-Method": "PATCH"
                  },
                  "parameters/body": "{\n            '__metadata': { 'type': 'SP.Data.HR365HDMTicketsListItem' },\n'TicketSeqnumber':\"@{concat(outputs('Send_an_HTTP_request_to_SharePoint_2')?['body']?['d']?['results'][0]['SequenceTitle'],'#',add(int(outputs('Send_an_HTTP_request_to_SharePoint_2')?['body']?['d']?['results'][0]['TicketPrefix']),outputs('Send_an_HTTP_request_to_SharePoint')?['body']?['d']['ID']))}\",\n'TicketseqWOsuffix':\"@{concat(outputs('Send_an_HTTP_request_to_SharePoint_2')?['body']?['d']?['results'][0]['SequenceTitle'],'#',add(int(outputs('Send_an_HTTP_request_to_SharePoint_2')?['body']?['d']?['results'][0]['TicketPrefix']),outputs('Send_an_HTTP_request_to_SharePoint')?['body']?['d']['ID']))}\",\n'TicketID':\"@{concat('Ticket','#',outputs('Send_an_HTTP_request_to_SharePoint')?['body']?['d']['ID'])}\",\n'IssueId':\"@{concat(toUpper(substring(guid(),0,4)),outputs('Send_an_HTTP_request_to_SharePoint')?['body']?['d']['ID'],toUpper(substring(guid(),0,int(sub(12,add(4,int(length(string(outputs('Send_an_HTTP_request_to_SharePoint')?['body']?['d']['ID'])))))))))}\"\n        }"
                },
                "authentication": "@parameters('$authentication')"
              }
            },
            "Get_items": {
              "runAfter": {
                "Send_an_HTTP_request_to_SharePoint_7": [
                  "Succeeded"
                ]
              },
              "metadata": {
                "operationMetadataId": "7326537e-0f77-4a99-88b9-4cb0724d6682"
              },
              "type": "OpenApiConnection",
              "inputs": {
                "host": {
                  "connectionName": "shared_sharepointonline_1",
                  "operationId": "GetItems",
                  "apiId": "/providers/Microsoft.PowerApps/apis/shared_sharepointonline"
                },
                "parameters": {
                  "dataset": "@variables('AppsiteURL')",
                  "table": "HR365HDMUsers",
                  "$filter": "(Roles eq 'Admin') or (Roles eq 'Supervisor')"
                },
                "authentication": "@parameters('$authentication')"
              }
            },
            "Apply_to_each_2": {
              "foreach": "@outputs('Get_items')?['body/value']",
              "actions": {
                "Append_to_array_variable": {
                  "runAfter": {},
                  "metadata": {
                    "operationMetadataId": "b3c7a8ff-3ebc-4d42-a89f-39edfaaa02b8"
                  },
                  "type": "AppendToArrayVariable",
                  "inputs": {
                    "name": "SupervisorEmailids",
                    "value": "@items('Apply_to_each_2')?['Email']"
                  }
                }
              },
              "runAfter": {
                "Get_items": [
                  "Succeeded"
                ]
              },
              "metadata": {
                "operationMetadataId": "90e6028f-f7f1-4e21-98a8-7f8717011796"
              },
              "type": "Foreach"
            },
            "Condition_6": {
              "actions": {
                "Send_an_email_from_a_shared_mailbox_(V2)": {
                  "runAfter": {},
                  "metadata": {
                    "operationMetadataId": "6434076e-f73a-4b0e-ab74-27791316e96b",
                    "flowSystemMetadata": {
                      "swaggerOperationId": "SharedMailboxSendEmailV2"
                    }
                  },
                  "type": "ApiConnection",
                  "inputs": {
                    "host": {
                      "connection": {
                        "name": "@parameters('$connections')['shared_office365_2']['connectionId']"
                      }
                    },
                    "method": "post",
                    "body": {
                      "MailboxAddress": "@variables('SupportMailID')",
                      "To": "@{join(variables('SupervisorEmailids'),';')}",
                      "Subject": "Ticket Received - Help Desk Request - @{body('Get_response_details')?['rb040eb1251c1445fb601d52a18ffc9f9']} - Ticket ID [@{concat(outputs('Send_an_HTTP_request_to_SharePoint_2')?['body']?['d']?['results'][0]['SequenceTitle'],'#',add(int(outputs('Send_an_HTTP_request_to_SharePoint_2')?['body']?['d']?['results'][0]['TicketPrefix']),outputs('Send_an_HTTP_request_to_SharePoint')?['body']?['d']['ID']))}]",
                      "Body": "<p>Hi ,<br>\n<br>\nA new ticket is raised by @{variables('UserDisplayName')},<br>\nPlease to take action accordingly.<br>\n<br>\nwith description:<br>\n<br>\n@{variables('AllDescriptionData')}<br>\n<br>\nRegards,<br>\n<br>\nHelpdesk Services</p>",
                      "Importance": "Normal"
                    },
                    "path": "/v2/SharedMailbox/Mail",
                    "authentication": "@parameters('$authentication')"
                  }
                },
                "Send_an_email_from_a_shared_mailbox_(V2)_2": {
                  "runAfter": {
                    "Send_an_email_from_a_shared_mailbox_(V2)": [
                      "Succeeded"
                    ]
                  },
                  "metadata": {
                    "operationMetadataId": "81b5e3ea-2ce3-4c8d-8ab0-e46ad72edc92",
                    "flowSystemMetadata": {
                      "swaggerOperationId": "SharedMailboxSendEmailV2"
                    }
                  },
                  "type": "ApiConnection",
                  "inputs": {
                    "host": {
                      "connection": {
                        "name": "@parameters('$connections')['shared_office365_3']['connectionId']"
                      }
                    },
                    "method": "post",
                    "body": {
                      "MailboxAddress": "@variables('SupportMailID')",
                      "To": "@body('Get_response_details')?['r2abdf8d299b94ebba9d16781151176f9']",
                      "Subject": "New Ticket Created - @{body('Get_response_details')?['rb040eb1251c1445fb601d52a18ffc9f9']} - Ticket ID [@{concat(outputs('Send_an_HTTP_request_to_SharePoint_2')?['body']?['d']?['results'][0]['SequenceTitle'],'#',add(int(outputs('Send_an_HTTP_request_to_SharePoint_2')?['body']?['d']?['results'][0]['TicketPrefix']),outputs('Send_an_HTTP_request_to_SharePoint')?['body']?['d']['ID']))}]",
                      "Body": "<p>Hi @{body('Get_response_details')?['r446c399a79884374b31cf93613fc13b7']},<br>\n<br>\nWe would like to acknowledge that we have received your request and a ticket has been created with Ticket Id @{concat(outputs('Send_an_HTTP_request_to_SharePoint_2')?['body']?['d']?['results'][0]['SequenceTitle'],'#',add(int(outputs('Send_an_HTTP_request_to_SharePoint_2')?['body']?['d']?['results'][0]['TicketPrefix']),outputs('Send_an_HTTP_request_to_SharePoint')?['body']?['d']['ID']))}.<br>\n<br>\nA support representative will be reviewing your request and will send you a personal response (usually within one business day).<br>\n<br>\nThank you for your patience.<br>\n<br>\nSincerely,<br>\n<br>\nHelpdesk Services</p>",
                      "Importance": "Normal"
                    },
                    "path": "/v2/SharedMailbox/Mail",
                    "authentication": "@parameters('$authentication')"
                  }
                },
                "Condition": {
                  "actions": {
                    "List_teams": {
                      "runAfter": {},
                      "metadata": {
                        "operationMetadataId": "010c8af5-6865-427e-a9f2-47e5c2293d06",
                        "flowSystemMetadata": {
                          "swaggerOperationId": "GetAllTeams"
                        }
                      },
                      "type": "ApiConnection",
                      "inputs": {
                        "host": {
                          "connection": {
                            "name": "@parameters('$connections')['shared_teams']['connectionId']"
                          }
                        },
                        "method": "get",
                        "path": "/beta/me/joinedTeams",
                        "authentication": "@parameters('$authentication')"
                      }
                    },
                    "Filter_array": {
                      "runAfter": {
                        "List_teams": [
                          "Succeeded"
                        ]
                      },
                      "metadata": {
                        "operationMetadataId": "84052728-4e99-42ad-9715-9c7056f821d3"
                      },
                      "type": "Query",
                      "inputs": {
                        "from": "@body('List_teams')?['value']",
                        "where": "@equals(item()?['displayName'], variables('Team'))"
                      }
                    },
                    "Condition_4": {
                      "actions": {
                        "TeamID": {
                          "runAfter": {},
                          "metadata": {
                            "operationMetadataId": "4b4e53bb-25a5-46c9-adcf-8d70f15b31d7"
                          },
                          "type": "Compose",
                          "inputs": "@body('Filter_array')[0]?['id']\r\n"
                        },
                        "List_channels": {
                          "runAfter": {
                            "TeamID": [
                              "Succeeded"
                            ]
                          },
                          "metadata": {
                            "operationMetadataId": "75ac19ba-408a-41f7-8ede-9c2d139bc46e",
                            "flowSystemMetadata": {
                              "swaggerOperationId": "GetChannelsForGroup"
                            }
                          },
                          "type": "ApiConnection",
                          "inputs": {
                            "host": {
                              "connection": {
                                "name": "@parameters('$connections')['shared_teams']['connectionId']"
                              }
                            },
                            "method": "get",
                            "path": "/beta/groups/@{encodeURIComponent(outputs('TeamID'))}/channels",
                            "authentication": "@parameters('$authentication')"
                          }
                        },
                        "Filter_array_2": {
                          "runAfter": {
                            "List_channels": [
                              "Succeeded"
                            ]
                          },
                          "metadata": {
                            "operationMetadataId": "bf49d2e1-4243-4db8-a9f9-bb63574af0d1"
                          },
                          "type": "Query",
                          "inputs": {
                            "from": "@body('List_channels')?['value']",
                            "where": "@equals(item()?['displayName'], variables('Channel'))"
                          }
                        },
                        "Condition_5": {
                          "actions": {
                            "ChannelID": {
                              "runAfter": {},
                              "metadata": {
                                "operationMetadataId": "9c4096ee-e637-46b4-8153-0d4106c41ef7"
                              },
                              "type": "Compose",
                              "inputs": "@body('Filter_array_2')[0]?['id']\r\n"
                            },
                            "Post_card_in_a_chat_or_channel": {
                              "runAfter": {
                                "ChannelID": [
                                  "Succeeded"
                                ]
                              },
                              "metadata": {
                                "operationMetadataId": "8595b6e4-c98a-47d8-b11f-0860de495a53",
                                "flowSystemMetadata": {
                                  "swaggerOperationId": "PostCardToConversation"
                                }
                              },
                              "type": "ApiConnection",
                              "inputs": {
                                "host": {
                                  "connection": {
                                    "name": "@parameters('$connections')['shared_teams']['connectionId']"
                                  }
                                },
                                "method": "post",
                                "body": {
                                  "recipient": {
                                    "groupId": "@{outputs('TeamID')}",
                                    "channelId": "@{outputs('ChannelID')}"
                                  },
                                  "messageBody": "{\n  \"$schema\": \"http://adaptivecards.io/schemas/adaptive-card.json\",\n  \"type\": \"AdaptiveCard\",\n  \"version\": \"1.3\",\n  \"body\": [\n    {\n      \"type\": \"TextBlock\",\n      \"size\": \"Large\",\n      \"weight\": \"Bolder\",\n      \"text\": \"New Ticket Logged (ID -  @{concat(outputs('Send_an_HTTP_request_to_SharePoint_2')?['body']?['d']?['results'][0]['SequenceTitle'],'#',add(int(outputs('Send_an_HTTP_request_to_SharePoint_2')?['body']?['d']?['results'][0]['TicketPrefix']),outputs('Send_an_HTTP_request_to_SharePoint')?['body']?['d']['ID']))})\",\n      \"wrap\": true\n    },\n    {\n      \"type\": \"ColumnSet\",\n      \"columns\": [\n        {\n          \"type\": \"Column\",\n          \"items\": [\n            {\n              \"type\": \"TextBlock\",\n              \"weight\": \"Bolder\",\n              \"text\": \"Department - @{variables('SelectedTeam')}\",\n              \"wrap\": true\n            }\n          ],\n          \"width\": \"stretch\"\n        }\n      ]\n    },\n    {\n      \"type\": \"ColumnSet\",\n      \"columns\": [\n        {\n          \"type\": \"Column\",\n          \"items\": [\n            {\n              \"type\": \"TextBlock\",\n              \"weight\": \"Bolder\",\n              \"text\": \"Title - @{variables('Title')}\",\n              \"wrap\": true\n            }\n          ],\n          \"width\": \"stretch\"\n        }\n      ]\n    },\n    {\n      \"type\": \"TextBlock\",\n      \"text\": \"Description - @{variables('Description')}\",\n      \"wrap\": true\n    },\n    {\n      \"type\": \"FactSet\",\n      \"facts\": [\n        {\n          \"title\": \"Priority:\",\n          \"value\": \"@{variables('Priority')}\"\n        },\n        {\n          \"title\": \"Current Status:\",\n          \"value\": \"@{variables('Status')}\"\n        },\n        {\n          \"title\": \"Logged By:\",\n          \"value\": \"@{variables('UserDisplayName')}\"\n        }\n      ]\n    }\n  ],\n  \"actions\": [\n    {\n      \"type\": \"Action.OpenUrl\",\n      \"title\": \"View\",\n\"url\":\"@{variables('SiteURL')}\"\n    }\n  ]\n}\n"
                                },
                                "path": "/v1.0/teams/conversation/adaptivecard/poster/Flow bot/location/@{encodeURIComponent('Channel')}",
                                "authentication": "@parameters('$authentication')"
                              }
                            }
                          },
                          "runAfter": {
                            "Filter_array_2": [
                              "Succeeded"
                            ]
                          },
                          "expression": {
                            "not": {
                              "equals": [
                                "@length(body('Filter_array_2'))",
                                0
                              ]
                            }
                          },
                          "metadata": {
                            "operationMetadataId": "e94aae39-4948-4794-876d-475a9c4b480d"
                          },
                          "type": "If"
                        }
                      },
                      "runAfter": {
                        "Filter_array": [
                          "Succeeded"
                        ]
                      },
                      "expression": {
                        "not": {
                          "equals": [
                            "@length(body('Filter_array'))",
                            0
                          ]
                        }
                      },
                      "metadata": {
                        "operationMetadataId": "4ef5959a-c3d1-4a92-8b81-020d1cd7f2f1"
                      },
                      "type": "If"
                    }
                  },
                  "runAfter": {
                    "Send_an_email_from_a_shared_mailbox_(V2)_2": [
                      "Succeeded"
                    ]
                  },
                  "expression": {
                    "not": {
                      "equals": [
                        "@variables('TeamCode')",
                        "@null"
                      ]
                    }
                  },
                  "metadata": {
                    "operationMetadataId": "ba27f95d-2054-4ac1-ad9a-a5d156dd39e0"
                  },
                  "type": "If"
                }
              },
              "runAfter": {
                "assigned_agent_email_send": [
                  "Succeeded"
                ]
              },
              "expression": {
                "not": {
                  "equals": [
                    "@length(variables('SupervisorEmailids'))",
                    0
                  ]
                }
              },
              "metadata": {
                "operationMetadataId": "6cde8c4a-c3a7-4b85-aae6-b6d7110fe362"
              },
              "type": "If"
            },
            "Set_variable": {
              "runAfter": {
                "Compose_2": [
                  "Succeeded"
                ]
              },
              "metadata": {
                "operationMetadataId": "a2c86780-0bc7-4883-987c-c67be4053969"
              },
              "type": "SetVariable",
              "inputs": {
                "name": "AllDescriptionData",
                "value": "<b>Name:</b> @{body('Get_response_details')?['r446c399a79884374b31cf93613fc13b7']}</br>\n<b>Email:</b> @{body('Get_response_details')?['r2abdf8d299b94ebba9d16781151176f9']}</br>\n<b>Request Issue:</b> @{body('Get_response_details')?['rb040eb1251c1445fb601d52a18ffc9f9']}</br>\n<b>Team:</b> @{body('Get_response_details')?['ra5fa7afbf973436fb4773ae3d12cf00d']}</br>\n<b>Services:</b> @{body('Get_response_details')?['rf141e33b574544a889b1c51bf90216d5']}</br>\n<b>Request Type:</b> @{body('Get_response_details')?['r69fadc1662544d138922c2a4501ee9ab']}</br>\n<b>Priority:</b> @{body('Get_response_details')?['r5ab0d783132e4b8f8c106cfd1b3763e2']}</br>\n<b>Ticket Description:</b> @{body('Get_response_details')?['re380ed9fb2054d1998cce66080b9bccd']}</br>"
              }
            },
            "IsAutoAssign": {
              "actions": {
                "Condition_12": {
                  "actions": {
                    "Compose_5": {
                      "runAfter": {
                        "Send_an_HTTP_request_to_SharePoint_3": [
                          "Succeeded"
                        ]
                      },
                      "metadata": {
                        "operationMetadataId": "e77c60d3-236f-4dd3-8d32-b45b71b880b2"
                      },
                      "type": "Compose",
                      "inputs": "@outputs('Send_an_HTTP_request_to_SharePoint_3')?['body']?['d']?['results']?[0]"
                    },
                    "Compose_8": {
                      "runAfter": {
                        "Set_variable_6": [
                          "Succeeded"
                        ]
                      },
                      "metadata": {
                        "operationMetadataId": "e6cbd931-2bbc-46da-89db-7ed0f7e0ad30"
                      },
                      "type": "Compose",
                      "inputs": "@outputs('Send_an_HTTP_request_to_SharePoint_3')?['body']?['d']?['results']?[0]?['Teammembers1Id']?['results']"
                    },
                    "Apply_to_each_11": {
                      "foreach": "@reverse(outputs('Compose_8'))",
                      "actions": {
                        "Compose_9": {
                          "runAfter": {},
                          "metadata": {
                            "operationMetadataId": "86bbe739-431f-497c-9332-66f59f3d4de1"
                          },
                          "type": "Compose",
                          "inputs": "@items('Apply_to_each_11')"
                        },
                        "Condition_13": {
                          "actions": {
                            "Append_to_array_variable_5": {
                              "runAfter": {},
                              "metadata": {
                                "operationMetadataId": "10542dae-51b4-4ba1-b76c-342c6fafd719"
                              },
                              "type": "AppendToArrayVariable",
                              "inputs": {
                                "name": "AllAvailableAgents",
                                "value": "@items('Apply_to_each_11')"
                              }
                            }
                          },
                          "runAfter": {
                            "Compose_10": [
                              "Succeeded"
                            ]
                          },
                          "expression": {
                            "and": [
                              {
                                "not": {
                                  "equals": [
                                    "@items('Apply_to_each_11')",
                                    ""
                                  ]
                                }
                              },
                              {
                                "not": {
                                  "equals": [
                                    "@outputs('Send_an_HTTP_request_to_SharePoint_2')?['body']?['d']?['results'][0]['ExcludeAgentsSomePortal']",
                                    "@null"
                                  ]
                                }
                              },
                              {
                                "and": [
                                  {
                                    "not": {
                                      "equals": [
                                        "@items('Apply_to_each_11')",
                                        ""
                                      ]
                                    }
                                  },
                                  {
                                    "not": {
                                      "equals": [
                                        "@outputs('Send_an_HTTP_request_to_SharePoint_2')?['body']?['d']?['results'][0]['ExcludeAgentsSomePortal']",
                                        ""
                                      ]
                                    }
                                  },
                                  {
                                    "not": {
                                      "equals": [
                                        "@outputs('Send_an_HTTP_request_to_SharePoint_2')?['body']?['d']?['results'][0]['ExcludeAgentsSomePortal']",
                                        "@null"
                                      ]
                                    }
                                  },
                                  {
                                    "not": {
                                      "contains": [
                                        "@outputs('Send_an_HTTP_request_to_SharePoint_2')?['body']?['d']?['results'][0]['ExcludeAgentsSomePortal']",
                                        "@string(items('Apply_to_each_11'))"
                                      ]
                                    }
                                  }
                                ]
                              }
                            ]
                          },
                          "metadata": {
                            "operationMetadataId": "72267635-7ae0-45bc-b36e-32c8c7c6f37a"
                          },
                          "type": "If"
                        },
                        "Compose_10": {
                          "runAfter": {
                            "Compose_9": [
                              "Succeeded"
                            ]
                          },
                          "metadata": {
                            "operationMetadataId": "fbcd7697-617b-4f14-a107-1ba6aa9f3ef4"
                          },
                          "type": "Compose",
                          "inputs": "@outputs('Send_an_HTTP_request_to_SharePoint_2')?['body']?['d']?['results'][0]['ExcludeAgentsSomePortal']"
                        }
                      },
                      "runAfter": {
                        "Compose_8": [
                          "Succeeded"
                        ]
                      },
                      "metadata": {
                        "operationMetadataId": "98b0b22a-786b-44cf-b7f9-46e0511a17f3"
                      },
                      "type": "Foreach"
                    },
                    "Condition_15": {
                      "actions": {
                        "Send_an_HTTP_request_to_SharePoint_4": {
                          "runAfter": {},
                          "metadata": {
                            "operationMetadataId": "2927fe1f-bc75-410d-a8fe-5656d2c12905"
                          },
                          "type": "OpenApiConnection",
                          "inputs": {
                            "host": {
                              "connectionName": "shared_sharepointonline_1",
                              "operationId": "HttpRequest",
                              "apiId": "/providers/Microsoft.PowerApps/apis/shared_sharepointonline"
                            },
                            "parameters": {
                              "dataset": "@variables('ApplicationURL')",
                              "parameters/method": "GET",
                              "parameters/uri": "_api/web/lists/getByTitle('HR365HDMUsers')/items?$top=4999&$orderBy=TicketCount%20asc"
                            },
                            "authentication": "@parameters('$authentication')"
                          }
                        },
                        "Compose_11": {
                          "runAfter": {
                            "Send_an_HTTP_request_to_SharePoint_4": [
                              "Succeeded"
                            ]
                          },
                          "metadata": {
                            "operationMetadataId": "6d97b2c1-0243-4fa2-a628-e9795aab9e9b"
                          },
                          "type": "Compose",
                          "inputs": "@outputs('Send_an_HTTP_request_to_SharePoint_4')?['body']?['d']?['results']"
                        },
                        "Filter_array_3": {
                          "runAfter": {
                            "Compose_11": [
                              "Succeeded"
                            ]
                          },
                          "metadata": {
                            "operationMetadataId": "0d4f8828-8780-4a26-a657-1d1a04ab4dda"
                          },
                          "type": "Query",
                          "inputs": {
                            "from": "@outputs('Compose_11')",
                            "where": "@contains(variables('AllAvailableAgents'), item()?['UsersId'])"
                          }
                        },
                        "Set_variable_26": {
                          "runAfter": {
                            "Filter_array_3": [
                              "Succeeded"
                            ]
                          },
                          "metadata": {
                            "operationMetadataId": "dbc8ff8f-ad45-4dd7-9a09-80fb292dd582"
                          },
                          "type": "SetVariable",
                          "inputs": {
                            "name": "AssignToAgentID",
                            "value": "@{body('Filter_array_3')?[0]?['UsersId']}"
                          }
                        },
                        "Set_variable_7": {
                          "runAfter": {
                            "Set_variable_26": [
                              "Succeeded"
                            ]
                          },
                          "metadata": {
                            "operationMetadataId": "c36e736b-cda1-425b-ba9e-b981269e1372"
                          },
                          "type": "SetVariable",
                          "inputs": {
                            "name": "Assigned agent email",
                            "value": "@{body('Filter_array_3')?[0]?['Email']}"
                          }
                        },
                        "Condition_9": {
                          "actions": {
                            "Send_an_HTTP_request_to_SharePoint_13": {
                              "runAfter": {},
                              "metadata": {
                                "operationMetadataId": "c04e47b8-0782-444a-a74f-0baaf269a5df"
                              },
                              "type": "OpenApiConnection",
                              "inputs": {
                                "host": {
                                  "connectionName": "shared_sharepointonline_1",
                                  "operationId": "HttpRequest",
                                  "apiId": "/providers/Microsoft.PowerApps/apis/shared_sharepointonline"
                                },
                                "parameters": {
                                  "dataset": "@variables('ApplicationURL')",
                                  "parameters/method": "POST",
                                  "parameters/uri": "_api/web/lists/getByTitle('HR365HDMUsers')/items('@{body('Filter_array_3')?[0]?['ID']}')",
                                  "parameters/headers": {
                                    "IF-MATCH": "*",
                                    "X-HTTP-Method": "MERGE",
                                    "content-type": "application/json;odata=verbose",
                                    "accept": "application/json;odata=verbose"
                                  },
                                  "parameters/body": "{\n            '__metadata': { 'type': 'SP.Data.HR365HDMUsersListItem' },\n'TicketCount':'1'\n        }"
                                },
                                "authentication": "@parameters('$authentication')"
                              }
                            }
                          },
                          "runAfter": {
                            "Set_variable_7": [
                              "Succeeded"
                            ]
                          },
                          "else": {
                            "actions": {
                              "Send_an_HTTP_request_to_SharePoint_14": {
                                "runAfter": {},
                                "metadata": {
                                  "operationMetadataId": "94ce4879-887e-4387-b1d3-5d89d58635f7"
                                },
                                "type": "OpenApiConnection",
                                "inputs": {
                                  "host": {
                                    "connectionName": "shared_sharepointonline_1",
                                    "operationId": "HttpRequest",
                                    "apiId": "/providers/Microsoft.PowerApps/apis/shared_sharepointonline"
                                  },
                                  "parameters": {
                                    "dataset": "@variables('ApplicationURL')",
                                    "parameters/method": "POST",
                                    "parameters/uri": "_api/web/lists/getByTitle('HR365HDMUsers')/items('@{body('Filter_array_3')?[0]?['ID']}')",
                                    "parameters/headers": {
                                      "IF-MATCH": "*",
                                      "X-HTTP-Method": "MERGE",
                                      "content-type": "application/json;odata=verbose",
                                      "accept": "application/json;odata=verbose"
                                    },
                                    "parameters/body": "{\n            '__metadata': { 'type': 'SP.Data.HR365HDMUsersListItem' },\n'TicketCount':'@{add(int(body('Filter_array_3')?[0]?['TicketCount']), 1)}'\n        }"
                                  },
                                  "authentication": "@parameters('$authentication')"
                                }
                              }
                            }
                          },
                          "expression": {
                            "or": [
                              {
                                "equals": [
                                  "@body('Filter_array_3')?[0]?['TicketCount']",
                                  ""
                                ]
                              },
                              {
                                "equals": [
                                  "@body('Filter_array_3')?[0]?['TicketCount']",
                                  "@null"
                                ]
                              }
                            ]
                          },
                          "metadata": {
                            "operationMetadataId": "1936272e-6306-40ba-ba9c-268afa0f204a"
                          },
                          "type": "If"
                        }
                      },
                      "runAfter": {
                        "Condition_2": [
                          "Succeeded"
                        ]
                      },
                      "else": {
                        "actions": {
                          "Condition_16": {
                            "actions": {
                              "Set_variable_10": {
                                "runAfter": {},
                                "metadata": {
                                  "operationMetadataId": "195e5717-9ba4-491a-92ae-3ed5ca86f572"
                                },
                                "type": "SetVariable",
                                "inputs": {
                                  "name": "AssignToAgentID",
                                  "value": "@{variables('AllAvailableAgents')?[0]}"
                                }
                              }
                            },
                            "runAfter": {
                              "Apply_to_each_12": [
                                "Succeeded"
                              ]
                            },
                            "else": {
                              "actions": {
                                "Set_variable_12": {
                                  "runAfter": {},
                                  "metadata": {
                                    "operationMetadataId": "167ba16f-a056-453d-893e-edb08f210cde"
                                  },
                                  "type": "SetVariable",
                                  "inputs": {
                                    "name": "AssignToAgentID",
                                    "value": "@{variables('AllAvailableAgents')?[variables('IndexOFArray')]}"
                                  }
                                }
                              }
                            },
                            "expression": {
                              "or": [
                                {
                                  "equals": [
                                    "@variables('AllAvailableAgents')?[variables('IndexOFArray')]",
                                    ""
                                  ]
                                },
                                {
                                  "equals": [
                                    "@variables('IndexOFArray')",
                                    -1
                                  ]
                                },
                                {
                                  "equals": [
                                    "@outputs('Compose_8')?[variables('IndexOFArray')]",
                                    "@null"
                                  ]
                                }
                              ]
                            },
                            "metadata": {
                              "operationMetadataId": "f2a9349a-64a7-45ce-b32e-56320f35f004"
                            },
                            "type": "If"
                          },
                          "Apply_to_each_12": {
                            "foreach": "@variables('AllAvailableAgents')",
                            "actions": {
                              "Increment_variable_2": {
                                "runAfter": {},
                                "metadata": {
                                  "operationMetadataId": "05ffc3d9-42b7-49c6-ab87-e4bf4753fe4d"
                                },
                                "type": "IncrementVariable",
                                "inputs": {
                                  "name": "IncrimentableIndex",
                                  "value": 1
                                }
                              },
                              "Condition_17": {
                                "actions": {
                                  "Set_variable_27": {
                                    "runAfter": {},
                                    "metadata": {
                                      "operationMetadataId": "311cef33-33da-44dc-adcc-ea5fc0c2e48d"
                                    },
                                    "type": "SetVariable",
                                    "inputs": {
                                      "name": "IndexOFArray",
                                      "value": "@variables('IncrimentableIndex')"
                                    }
                                  }
                                },
                                "runAfter": {
                                  "Increment_variable_2": [
                                    "Succeeded"
                                  ]
                                },
                                "expression": {
                                  "equals": [
                                    "@items('Apply_to_each_12')",
                                    "@outputs('Compose_5')?['LastAssignTicketId']"
                                  ]
                                },
                                "metadata": {
                                  "operationMetadataId": "9ea46581-e134-4fbd-bfe7-b2cadb103f04"
                                },
                                "type": "If"
                              }
                            },
                            "runAfter": {},
                            "metadata": {
                              "operationMetadataId": "7a407676-f8f3-4af3-816f-feecb807668e"
                            },
                            "type": "Foreach"
                          },
                          "Condition_3": {
                            "actions": {},
                            "runAfter": {
                              "Condition_16": [
                                "Succeeded"
                              ]
                            },
                            "else": {
                              "actions": {
                                "Send_an_HTTP_request_to_SharePoint_5": {
                                  "runAfter": {},
                                  "metadata": {
                                    "operationMetadataId": "eb74243c-821a-496f-a0f6-6f951499830b"
                                  },
                                  "type": "OpenApiConnection",
                                  "inputs": {
                                    "host": {
                                      "connectionName": "shared_sharepointonline_1",
                                      "operationId": "HttpRequest",
                                      "apiId": "/providers/Microsoft.PowerApps/apis/shared_sharepointonline"
                                    },
                                    "parameters": {
                                      "dataset": "@variables('ApplicationURL')",
                                      "parameters/method": "GET",
                                      "parameters/uri": "_api/web/lists/getByTitle('HR365HDMUsers')/items?$filter=UsersId eq '@{variables('AssignToAgentID')}'"
                                    },
                                    "authentication": "@parameters('$authentication')"
                                  }
                                },
                                "Set_variable_9": {
                                  "runAfter": {
                                    "Send_an_HTTP_request_to_SharePoint_5": [
                                      "Succeeded"
                                    ]
                                  },
                                  "metadata": {
                                    "operationMetadataId": "d7628454-13d5-4e8f-bacf-b9b574ba8414"
                                  },
                                  "type": "SetVariable",
                                  "inputs": {
                                    "name": "Assigned agent email",
                                    "value": "@{outputs('Send_an_HTTP_request_to_SharePoint_5')?['body']?['d']?['results']?[0]?['Email']}"
                                  }
                                },
                                "Compose_13": {
                                  "runAfter": {
                                    "Set_variable_9": [
                                      "Succeeded",
                                      "Failed",
                                      "TimedOut"
                                    ]
                                  },
                                  "metadata": {
                                    "operationMetadataId": "39b89bde-f143-4fcb-8b74-40bb29db1d55"
                                  },
                                  "type": "Compose",
                                  "inputs": "Compose"
                                }
                              }
                            },
                            "expression": {
                              "or": [
                                {
                                  "equals": [
                                    "@variables('AssignToAgentID')",
                                    ""
                                  ]
                                },
                                {
                                  "equals": [
                                    "@variables('AssignToAgentID')",
                                    "@null"
                                  ]
                                }
                              ]
                            },
                            "metadata": {
                              "operationMetadataId": "4420c9ab-0862-4695-bf45-624680cb0122"
                            },
                            "type": "If"
                          }
                        }
                      },
                      "expression": {
                        "equals": [
                          "@outputs('Send_an_HTTP_request_to_SharePoint_2')?['body']?['d']?['results'][0]['AutoAssignMethod']",
                          "WeightedRoundRobin"
                        ]
                      },
                      "metadata": {
                        "operationMetadataId": "e8f19845-fd0f-4e52-b472-76e874f4fb04"
                      },
                      "type": "If"
                    },
                    "Condition_27": {
                      "actions": {
                        "Send_an_HTTP_request_to_SharePoint_9": {
                          "runAfter": {},
                          "metadata": {
                            "operationMetadataId": "d17fe469-2a58-4dfe-8e81-2d46d4bab044"
                          },
                          "type": "OpenApiConnection",
                          "inputs": {
                            "host": {
                              "connectionName": "shared_sharepointonline_1",
                              "operationId": "HttpRequest",
                              "apiId": "/providers/Microsoft.PowerApps/apis/shared_sharepointonline"
                            },
                            "parameters": {
                              "dataset": "@variables('ApplicationURL')",
                              "parameters/method": "POST",
                              "parameters/uri": "/_api/web/lists/getbytitle('HR365HDMDepartments')/items('@{outputs('Compose_5')?['ID']}')",
                              "parameters/headers": {
                                "IF-MATCH": "*",
                                "X-HTTP-Method": "MERGE",
                                "content-type": "application/json;odata=verbose",
                                "accept": "application/json;odata=verbose"
                              },
                              "parameters/body": "{\n            '__metadata': { 'type': 'SP.Data.HR365HDMDepartmentsListItem' },\n'LastAssignTicketId':@{variables('AssignToAgentID')}\n        }"
                            },
                            "authentication": "@parameters('$authentication')"
                          }
                        },
                        "Set_variable_13": {
                          "runAfter": {
                            "Send_an_HTTP_request_to_SharePoint_9": [
                              "Succeeded"
                            ]
                          },
                          "metadata": {
                            "operationMetadataId": "28bcb201-9a3c-4c82-9691-6af9bfbc5e90"
                          },
                          "type": "SetVariable",
                          "inputs": {
                            "name": "Status",
                            "value": "Open"
                          }
                        }
                      },
                      "runAfter": {
                        "Condition_15": [
                          "Succeeded"
                        ]
                      },
                      "expression": {
                        "not": {
                          "equals": [
                            "@variables('AssignToAgentID')",
                            ""
                          ]
                        }
                      },
                      "metadata": {
                        "operationMetadataId": "464e6b82-057e-4558-802c-eb698c2a631c"
                      },
                      "type": "If"
                    },
                    "Send_an_HTTP_request_to_SharePoint_3": {
                      "runAfter": {},
                      "metadata": {
                        "operationMetadataId": "a90494e4-7079-4811-91c3-42917646e71b"
                      },
                      "type": "OpenApiConnection",
                      "inputs": {
                        "host": {
                          "connectionName": "shared_sharepointonline_1",
                          "operationId": "HttpRequest",
                          "apiId": "/providers/Microsoft.PowerApps/apis/shared_sharepointonline"
                        },
                        "parameters": {
                          "dataset": "@variables('ApplicationURL')",
                          "parameters/method": "GET",
                          "parameters/uri": "_api/web/lists/getByTitle('HR365HDMDepartments')/items?$top=5000&$filter=Title eq '@{variables('SelectedTeam')}'"
                        },
                        "authentication": "@parameters('$authentication')"
                      }
                    },
                    "Condition_2": {
                      "actions": {
                        "Set_variable_8": {
                          "runAfter": {},
                          "metadata": {
                            "operationMetadataId": "25bc3139-7b2c-4669-930c-c7265b1cf7f3"
                          },
                          "type": "SetVariable",
                          "inputs": {
                            "name": "AllAvailableAgents",
                            "value": "@outputs('Compose_8')"
                          }
                        }
                      },
                      "runAfter": {
                        "Apply_to_each_11": [
                          "Succeeded"
                        ]
                      },
                      "expression": {
                        "or": [
                          {
                            "equals": [
                              "@variables('AllAvailableAgents')",
                              "@null"
                            ]
                          },
                          {
                            "equals": [
                              "@variables('AllAvailableAgents')",
                              ""
                            ]
                          },
                          {
                            "equals": [
                              "@length(variables('AllAvailableAgents'))",
                              0
                            ]
                          }
                        ]
                      },
                      "metadata": {
                        "operationMetadataId": "8e200895-6d1f-4392-8de3-139230827cea"
                      },
                      "type": "If"
                    },
                    "Set_variable_6": {
                      "runAfter": {
                        "Set_variable_11": [
                          "Succeeded"
                        ]
                      },
                      "metadata": {
                        "operationMetadataId": "2e010c67-ce90-4cdc-a0b0-42cd43b52b30"
                      },
                      "type": "SetVariable",
                      "inputs": {
                        "name": "TicketProperties",
                        "value": [
                          {
                            "TicketOpenDate": "",
                            "InternalExtrenal": "",
                            "CCMail": "",
                            "Read": "Unread",
                            "DepartmentCode": "@{outputs('Compose_5')?['Onqueue']}",
                            "SubTickets": "",
                            "LastSubTicketCharacter": "",
                            "MediaSource": "Email",
                            "PushNotification": "Active",
                            "TicketDescription": "Inside"
                          }
                        ]
                      }
                    },
                    "Set_variable_TeamCode": {
                      "runAfter": {
                        "Compose_5": [
                          "Succeeded"
                        ]
                      },
                      "metadata": {
                        "operationMetadataId": "a966fa21-e683-4f2e-bce9-540ca18f291d"
                      },
                      "type": "SetVariable",
                      "inputs": {
                        "name": "TeamCode",
                        "value": "@{outputs('Compose_5')?['Onqueue']}"
                      }
                    },
                    "Set_variable_11": {
                      "runAfter": {
                        "Set_variable_TeamCode": [
                          "Succeeded"
                        ]
                      },
                      "metadata": {
                        "operationMetadataId": "4cc5706f-5a68-4e39-9e29-3fd7b924ff5c"
                      },
                      "type": "SetVariable",
                      "inputs": {
                        "name": "Team",
                        "value": "Helpdesk 365 @{variables('TeamCode')}"
                      }
                    }
                  },
                  "runAfter": {},
                  "expression": {
                    "not": {
                      "equals": [
                        "@variables('SelectedTeam')",
                        ""
                      ]
                    }
                  },
                  "metadata": {
                    "operationMetadataId": "c3d8e399-d1b2-42cc-a618-41cdb841559d"
                  },
                  "type": "If"
                }
              },
              "runAfter": {
                "Set_variable_5": [
                  "Succeeded"
                ]
              },
              "expression": {
                "equals": [
                  "@outputs('Send_an_HTTP_request_to_SharePoint_2')?['body']?['d']?['results'][0]['AutoAssign']",
                  "On"
                ]
              },
              "metadata": {
                "operationMetadataId": "bc2f3e02-ce9c-453b-a993-3cac6306eeea"
              },
              "type": "If"
            },
            "Set_variable_5": {
              "runAfter": {
                "Set_Priority_variable": [
                  "Succeeded"
                ]
              },
              "metadata": {
                "operationMetadataId": "b7843a77-33f9-4c4a-9702-4f7605eae1c9"
              },
              "type": "SetVariable",
              "inputs": {
                "name": "SelectedTeam",
                "value": "@body('Get_response_details')?['ra5fa7afbf973436fb4773ae3d12cf00d']"
              }
            },
            "assigned_agent_email_send": {
              "actions": {},
              "runAfter": {
                "Apply_to_each_2": [
                  "Succeeded",
                  "Failed",
                  "TimedOut"
                ]
              },
              "else": {
                "actions": {
                  "Send_an_email_from_a_shared_mailbox_(V2)_5": {
                    "runAfter": {},
                    "metadata": {
                      "operationMetadataId": "516388db-322f-45ed-aa0d-43ba6fffae36"
                    },
                    "type": "OpenApiConnection",
                    "inputs": {
                      "host": {
                        "connectionName": "shared_office365",
                        "operationId": "SharedMailboxSendEmailV2",
                        "apiId": "/providers/Microsoft.PowerApps/apis/shared_office365"
                      },
                      "parameters": {
                        "emailMessage/MailboxAddress": "@variables('SupportMailID')",
                        "emailMessage/To": "@variables('Assigned agent email')",
                        "emailMessage/Subject": "Ticket Assigned - @{body('Get_response_details')?['rb040eb1251c1445fb601d52a18ffc9f9']} - Ticket ID [@{concat(outputs('Send_an_HTTP_request_to_SharePoint_2')?['body']?['d']?['results'][0]['SequenceTitle'], '#', add(int(outputs('Send_an_HTTP_request_to_SharePoint_2')?['body']?['d']?['results'][0]['TicketPrefix']), outputs('Send_an_HTTP_request_to_SharePoint')?['body']?['d']['ID']))}]",
                        "emailMessage/Body": "<p>Hi ,<br>\n<br>\nA new ticket is raised by @{variables('UserDisplayName')}, has been assigned to you<br>\nPlease to take action accordingly.<br>\n<br>\nwith description:<br>\n<br>\n@{variables('AllDescriptionData')}<br>\n<br>\nRegards,<br>\n<br>\nHelpdesk Services</p>",
                        "emailMessage/Importance": "Normal"
                      },
                      "authentication": "@parameters('$authentication')"
                    }
                  }
                }
              },
              "expression": {
                "or": [
                  {
                    "equals": [
                      "@variables('Assigned agent email')",
                      ""
                    ]
                  },
                  {
                    "equals": [
                      "@variables('Assigned agent email')",
                      "@null"
                    ]
                  }
                ]
              },
              "metadata": {
                "operationMetadataId": "cd7c4541-523e-47cb-96ed-899074763de0"
              },
              "type": "If"
            },
            "Set_Title_variable_": {
              "runAfter": {
                "Get_response_details": [
                  "Succeeded"
                ]
              },
              "metadata": {
                "operationMetadataId": "f3756d83-2f0e-45f0-8fc0-309289de7d22"
              },
              "type": "SetVariable",
              "inputs": {
                "name": "Title",
                "value": "@body('Get_response_details')?['rb040eb1251c1445fb601d52a18ffc9f9']"
              }
            },
            "Set_Description_variable_": {
              "runAfter": {
                "Set_Title_variable_": [
                  "Succeeded"
                ]
              },
              "metadata": {
                "operationMetadataId": "91f3008d-d20f-4b40-8c38-44feef00a7fc"
              },
              "type": "SetVariable",
              "inputs": {
                "name": "Description",
                "value": "@body('Get_response_details')?['re380ed9fb2054d1998cce66080b9bccd']"
              }
            },
            "Set_Priority_variable": {
              "runAfter": {
                "Set_Description_variable_": [
                  "Succeeded"
                ]
              },
              "metadata": {
                "operationMetadataId": "4e0bfa92-2fef-48e2-ab02-d30140bdfa40"
              },
              "type": "SetVariable",
              "inputs": {
                "name": "Priority",
                "value": "@body('Get_response_details')?['r5ab0d783132e4b8f8c106cfd1b3763e2']"
              }
            }
          },
          "runAfter": {
            "Send_an_HTTP_request_to_SharePoint_2": [
              "Succeeded"
            ]
          },
          "metadata": {
            "operationMetadataId": "56b9ed5b-2ced-48b1-ac65-f01a4da06ebd"
          },
          "type": "Foreach"
        },
        "Application_URL": {
          "runAfter": {},
          "metadata": {
            "operationMetadataId": "f512f466-d09d-4e2d-8415-0b979221dbf6"
          },
          "type": "InitializeVariable",
          "inputs": {
            "variables": [
              {
                "name": "AppsiteURL",
                "type": "string",
                "value": "@parameters('SiteURL(HD365) (hr365_SiteURLHD365)')"
              }
            ]
          }
        },
        "AllDescriptionData": {
          "runAfter": {
            "SiteURL": [
              "Succeeded"
            ]
          },
          "metadata": {
            "operationMetadataId": "eaf34017-a535-4bcc-90bf-7c4073cf42b8"
          },
          "type": "InitializeVariable",
          "inputs": {
            "variables": [
              {
                "name": "AllDescriptionData",
                "type": "string"
              }
            ]
          }
        },
        "SupportMailID": {
          "runAfter": {
            "AllDescriptionData": [
              "Succeeded"
            ]
          },
          "metadata": {
            "operationMetadataId": "8ad64995-c05c-4e41-a68e-7630111d0861"
          },
          "type": "InitializeVariable",
          "inputs": {
            "variables": [
              {
                "name": "SupportMailID",
                "type": "string",
                "value": "@parameters('SupportMailBoxID (hr365_SupportMailBoxID)')"
              }
            ]
          }
        },
        "UserDisplayName": {
          "runAfter": {
            "SupportMailID": [
              "Succeeded"
            ]
          },
          "metadata": {
            "operationMetadataId": "77212549-a0b1-44e6-9deb-989f9e27ffb8"
          },
          "type": "InitializeVariable",
          "inputs": {
            "variables": [
              {
                "name": "UserDisplayName",
                "type": "string"
              }
            ]
          }
        },
        "Send_an_HTTP_request_to_SharePoint_2": {
          "runAfter": {
            "Initialize_Channel_variable": [
              "Succeeded"
            ]
          },
          "metadata": {
            "operationMetadataId": "fbadda86-a88c-4b8b-9f63-72dd209ef91d",
            "flowSystemMetadata": {
              "swaggerOperationId": "HttpRequest"
            }
          },
          "type": "ApiConnection",
          "inputs": {
            "host": {
              "connection": {
                "name": "@parameters('$connections')['shared_sharepointonline_1']['connectionId']"
              }
            },
            "method": "post",
            "body": {
              "method": "GET",
              "uri": "_api/web/lists/getbytitle('HR365HDMSettings')/items?$top=1",
              "headers": {
                "Accept": "application/json; odata=verbos",
                "Content-Type": "application/json"
              }
            },
            "path": "/datasets/@{encodeURIComponent(encodeURIComponent(variables('AppsiteURL')))}/httprequest",
            "authentication": "@parameters('$authentication')"
          }
        },
        "ListGudID": {
          "runAfter": {
            "UserDisplayName": [
              "Succeeded"
            ]
          },
          "metadata": {
            "operationMetadataId": "6d4b4f31-6ebd-4651-9a02-aadee45f5b47"
          },
          "type": "InitializeVariable",
          "inputs": {
            "variables": [
              {
                "name": "ListGudID",
                "type": "string"
              }
            ]
          }
        },
        "ConlistGudId": {
          "runAfter": {
            "ListGudID": [
              "Succeeded"
            ]
          },
          "metadata": {
            "operationMetadataId": "6c5713dd-0779-4f32-bd3d-cf38fc67585d"
          },
          "type": "InitializeVariable",
          "inputs": {
            "variables": [
              {
                "name": "ConlistGudId",
                "type": "string"
              }
            ]
          }
        },
        "SupervisorEmailids": {
          "runAfter": {
            "ConlistGudId": [
              "Succeeded"
            ]
          },
          "metadata": {
            "operationMetadataId": "d6797e53-2a5b-4750-9f28-c75cbb4850d2"
          },
          "type": "InitializeVariable",
          "inputs": {
            "variables": [
              {
                "name": "SupervisorEmailids",
                "type": "array"
              }
            ]
          }
        },
        "TicketProperties": {
          "runAfter": {
            "SupervisorEmailids": [
              "Succeeded"
            ]
          },
          "metadata": {
            "operationMetadataId": "44901f99-98dd-41a1-aa0c-3eb6b477cc4a"
          },
          "type": "InitializeVariable",
          "inputs": {
            "variables": [
              {
                "name": "TicketProperties",
                "type": "array",
                "value": [
                  {
                    "TicketOpenDate": "",
                    "InternalExtrenal": "",
                    "CCMail": "",
                    "Read": "Unread",
                    "DepartmentCode": "HR",
                    "SubTickets": "",
                    "LastSubTicketCharacter": "",
                    "MediaSource": "Email",
                    "PushNotification": "Active",
                    "TicketDescription": "Inside"
                  }
                ]
              }
            ]
          }
        },
        "Application": {
          "runAfter": {
            "Application_URL": [
              "Succeeded"
            ]
          },
          "metadata": {
            "operationMetadataId": "c1a64f0a-c2c6-4187-ae7e-b04fb88d9904"
          },
          "type": "InitializeVariable",
          "inputs": {
            "variables": [
              {
                "name": "ApplicationURL",
                "type": "string",
                "value": "@variables('AppsiteURL')"
              }
            ]
          }
        },
        "TeamName": {
          "runAfter": {
            "Initialize_variable_6": [
              "Succeeded"
            ]
          },
          "metadata": {
            "operationMetadataId": "7b5ea285-41a7-42f6-8292-9f016e50a02f"
          },
          "type": "InitializeVariable",
          "inputs": {
            "variables": [
              {
                "name": "TeamName",
                "type": "string"
              }
            ]
          }
        },
        "SelectedTeam": {
          "runAfter": {
            "Priority": [
              "Succeeded"
            ]
          },
          "metadata": {
            "operationMetadataId": "0989f221-9fe5-4d99-ab57-0bb0090f6d54"
          },
          "type": "InitializeVariable",
          "inputs": {
            "variables": [
              {
                "name": "SelectedTeam",
                "type": "string"
              }
            ]
          }
        },
        "AllAvailableAgents": {
          "runAfter": {
            "SelectedTeam": [
              "Succeeded"
            ]
          },
          "metadata": {
            "operationMetadataId": "7dcb3c81-8209-4ff6-845a-cb04456fe6b7"
          },
          "type": "InitializeVariable",
          "inputs": {
            "variables": [
              {
                "name": "AllAvailableAgents",
                "type": "array"
              }
            ]
          }
        },
        "AssignToAgentID": {
          "runAfter": {
            "AllAvailableAgents": [
              "Succeeded"
            ]
          },
          "metadata": {
            "operationMetadataId": "a94d4cbf-d36b-40ed-8ebe-b66d9326bbe4"
          },
          "type": "InitializeVariable",
          "inputs": {
            "variables": [
              {
                "name": "AssignToAgentID",
                "type": "string",
                "value": "null"
              }
            ]
          }
        },
        "IndexOFArray": {
          "runAfter": {
            "AssignToAgentID": [
              "Succeeded"
            ]
          },
          "metadata": {
            "operationMetadataId": "71d28463-e593-4246-9be2-514951457b07"
          },
          "type": "InitializeVariable",
          "inputs": {
            "variables": [
              {
                "name": "IndexOFArray",
                "type": "integer",
                "value": -1
              }
            ]
          }
        },
        "IncrimentableIndex": {
          "runAfter": {
            "IndexOFArray": [
              "Succeeded"
            ]
          },
          "metadata": {
            "operationMetadataId": "486bac2a-d9c9-4c6c-abfd-744aa11bb8c6"
          },
          "type": "InitializeVariable",
          "inputs": {
            "variables": [
              {
                "name": "IncrimentableIndex",
                "type": "integer",
                "value": 0
              }
            ]
          }
        },
        "Assigned_agent_email": {
          "runAfter": {
            "IncrimentableIndex": [
              "Succeeded"
            ]
          },
          "metadata": {
            "operationMetadataId": "f482086a-23c5-4379-9c95-5bc8e754a743"
          },
          "type": "InitializeVariable",
          "inputs": {
            "variables": [
              {
                "name": "Assigned agent email",
                "type": "string"
              }
            ]
          }
        },
        "Initialize_variable": {
          "runAfter": {
            "Assigned_agent_email": [
              "Succeeded"
            ]
          },
          "metadata": {
            "operationMetadataId": "399a8018-f0da-4533-ad3a-5ecf9f829a55"
          },
          "type": "InitializeVariable",
          "inputs": {
            "variables": [
              {
                "name": "Status",
                "type": "string",
                "value": "Unassigned"
              }
            ]
          }
        },
        "Title": {
          "runAfter": {
            "TeamName": [
              "Succeeded"
            ]
          },
          "metadata": {
            "operationMetadataId": "9fde0ec7-b1d4-4607-ba72-b13cc4d379df"
          },
          "type": "InitializeVariable",
          "inputs": {
            "variables": [
              {
                "name": "Title",
                "type": "string"
              }
            ]
          }
        },
        "Description": {
          "runAfter": {
            "Title": [
              "Succeeded"
            ]
          },
          "metadata": {
            "operationMetadataId": "58aa72aa-1708-46cd-b0df-580375f65957"
          },
          "type": "InitializeVariable",
          "inputs": {
            "variables": [
              {
                "name": "Description",
                "type": "string"
              }
            ]
          }
        },
        "Priority": {
          "runAfter": {
            "Description": [
              "Succeeded"
            ]
          },
          "metadata": {
            "operationMetadataId": "6e1e4ad7-c8ed-4c91-96e8-f227aa0b0f87"
          },
          "type": "InitializeVariable",
          "inputs": {
            "variables": [
              {
                "name": "Priority",
                "type": "string"
              }
            ]
          }
        },
        "SiteURL": {
          "runAfter": {
            "Application": [
              "Succeeded"
            ]
          },
          "metadata": {
            "operationMetadataId": "563733da-c993-4247-a3de-a3baff1d8cce"
          },
          "type": "InitializeVariable",
          "inputs": {
            "variables": [
              {
                "name": "SiteURL",
                "type": "string",
                "value": "@{variables('ApplicationURL')}/SitePages/@{parameters('SitePageTitle (hr365_SitePageTitle1)')}.aspx"
              }
            ]
          }
        },
        "Initialize_variable_5": {
          "runAfter": {
            "TicketProperties": [
              "Succeeded"
            ]
          },
          "metadata": {
            "operationMetadataId": "33fdff0a-afd0-46d3-a467-4e36e8490482"
          },
          "type": "InitializeVariable",
          "inputs": {
            "variables": [
              {
                "name": "TeamCode",
                "type": "string"
              }
            ]
          }
        },
        "Initialize_variable_6": {
          "runAfter": {
            "Initialize_variable_5": [
              "Succeeded"
            ]
          },
          "metadata": {
            "operationMetadataId": "23fbc022-1994-4e16-88fd-18a34bc8273b"
          },
          "type": "InitializeVariable",
          "inputs": {
            "variables": [
              {
                "name": "Team",
                "type": "string"
              }
            ]
          }
        },
        "Initialize_Channel_variable": {
          "runAfter": {
            "Initialize_variable": [
              "Succeeded"
            ]
          },
          "metadata": {
            "operationMetadataId": "313a7e7b-408a-4b06-80d6-51b2d1a27bc9"
          },
          "type": "InitializeVariable",
          "inputs": {
            "variables": [
              {
                "name": "Channel",
                "type": "string",
                "value": "General"
              }
            ]
          }
        }
      },
      "outputs": {}
    },
    "templateName": ""
  },
  "schemaVersion": "1.0.0.0"
}