{
  "properties": {
    "connectionReferences": {
      "shared_sharepointonline_1": {
        "runtimeSource": "embedded",
        "connection": {
          "connectionReferenceLogicalName": "hr365_sharedsharepointonline_1192a"
        },
        "api": {
          "name": "shared_sharepointonline"
        }
      },
      "shared_sharepointonline_2": {
        "runtimeSource": "embedded",
        "connection": {
          "connectionReferenceLogicalName": "hr365_sharedsharepointonline_6e1aa"
        },
        "api": {
          "name": "shared_sharepointonline"
        }
      }
    },
    "definition": {
      "$schema": "https://schema.management.azure.com/providers/Microsoft.Logic/schemas/2016-06-01/workflowdefinition.json#",
      "contentVersion": "1.0.0.0",
      "parameters": {
        "$connections": {
          "defaultValue": {},
          "type": "Object"
        },
        "$authentication": {
          "defaultValue": {},
          "type": "SecureObject"
        },
        "SiteURL(HD365) (hr365_SiteURLHD365)": {
          "defaultValue": "https://cubicdirect.sharepoint.com/sites/devsitesachin",
          "type": "String",
          "metadata": {
            "schemaName": "hr365_SiteURLHD365"
          }
        }
      },
      "triggers": {
        "When_an_item_is_created_or_modified": {
          "recurrence": {
            "interval": 1,
            "frequency": "Minute"
          },
          "splitOn": "@triggerOutputs()?['body/value']",
          "metadata": {
            "operationMetadataId": "83c3648c-963f-4224-ad52-baa274df469b"
          },
          "type": "OpenApiConnection",
          "inputs": {
            "host": {
              "connectionName": "shared_sharepointonline_1",
              "operationId": "GetOnUpdatedItems",
              "apiId": "/providers/Microsoft.PowerApps/apis/shared_sharepointonline"
            },
            "parameters": {
              "dataset": "@parameters('SiteURL(HD365) (hr365_SiteURLHD365)')",
              "table": "HR365HDMTickets"
            },
            "authentication": "@parameters('$authentication')"
          }
        }
      },
      "actions": {
        "Item_Id": {
          "runAfter": {},
          "metadata": {
            "operationMetadataId": "2600bb2e-6dfe-4a82-bf98-0fe6daf141b5"
          },
          "type": "InitializeVariable",
          "inputs": {
            "variables": [
              {
                "name": "ItemID",
                "type": "string",
                "value": "@{triggerOutputs()?['body/ID']}"
              }
            ]
          }
        },
        "Site_Address": {
          "runAfter": {
            "Item_Id": [
              "Succeeded"
            ]
          },
          "metadata": {
            "operationMetadataId": "400f244d-02b9-49c4-9cb2-a5663b972a0b"
          },
          "type": "InitializeVariable",
          "inputs": {
            "variables": [
              {
                "name": "SiteAddress",
                "type": "string",
                "value": "@parameters('SiteURL(HD365) (hr365_SiteURLHD365)')"
              }
            ]
          }
        },
        "Get_Contribute_call": {
          "runAfter": {
            "Site_Address": [
              "Succeeded"
            ]
          },
          "metadata": {
            "operationMetadataId": "d0b2dc3a-d3b1-4f63-9cac-21b0f63f37da"
          },
          "type": "OpenApiConnection",
          "inputs": {
            "host": {
              "connectionName": "shared_sharepointonline_1",
              "operationId": "HttpRequest",
              "apiId": "/providers/Microsoft.PowerApps/apis/shared_sharepointonline"
            },
            "parameters": {
              "dataset": "@variables('SiteAddress')",
              "parameters/method": "GET",
              "parameters/uri": "/_api/web/roledefinitions/getbyname('Contribute')"
            },
            "authentication": "@parameters('$authentication')"
          }
        },
        "Contribute_ID": {
          "runAfter": {
            "Get_Contribute_call": [
              "Succeeded"
            ]
          },
          "metadata": {
            "operationMetadataId": "bae6804f-a4fe-43a2-bedc-db5479da23f9"
          },
          "type": "InitializeVariable",
          "inputs": {
            "variables": [
              {
                "name": "ContributeID",
                "type": "string",
                "value": "@{body('Get_Contribute_call')['d']['Id']}"
              }
            ]
          }
        },
        "Get_item_Permission_call": {
          "runAfter": {
            "Contribute_ID": [
              "Succeeded"
            ]
          },
          "metadata": {
            "operationMetadataId": "4f671576-0419-4649-ac0a-005284f87c78"
          },
          "type": "OpenApiConnection",
          "inputs": {
            "host": {
              "connectionName": "shared_sharepointonline_1",
              "operationId": "HttpRequest",
              "apiId": "/providers/Microsoft.PowerApps/apis/shared_sharepointonline"
            },
            "parameters": {
              "dataset": "@variables('SiteAddress')",
              "parameters/method": "GET",
              "parameters/uri": "_api/web/lists/getbytitle('HR365HDMTickets')/items?$select=ID,ItemPermission/ID,RemoveItemPermission/ID&$expand=ItemPermission,RemoveItemPermission&$filter=ID eq '@{variables('ItemID')}'"
            },
            "authentication": "@parameters('$authentication')"
          }
        },
        "Send_an_HTTP_request_to_SharePoint": {
          "runAfter": {
            "Get_item_Permission_call": [
              "Succeeded"
            ]
          },
          "metadata": {
            "operationMetadataId": "4a5aecea-6d1f-4d89-9300-9d88239ca889"
          },
          "type": "OpenApiConnection",
          "inputs": {
            "host": {
              "connectionName": "shared_sharepointonline_1",
              "operationId": "HttpRequest",
              "apiId": "/providers/Microsoft.PowerApps/apis/shared_sharepointonline"
            },
            "parameters": {
              "dataset": "@variables('SiteAddress')",
              "parameters/method": "POST",
              "parameters/uri": "_api/lists/getByTitle('HR365HDMTickets')/items(@{variables('ItemID')})/breakroleinheritance(copyRoleAssignments=false,clearSubscopes=true)"
            },
            "authentication": "@parameters('$authentication')"
          }
        },
        "Compose_3": {
          "runAfter": {
            "Send_an_HTTP_request_to_SharePoint": [
              "Succeeded"
            ]
          },
          "metadata": {
            "operationMetadataId": "265be880-8136-458a-8455-98af8dc86d6b"
          },
          "type": "Compose",
          "inputs": "@outputs('Get_Item_Permission_call')?['body']?['d']?['results']"
        },
        "Delete_Permissions": {
          "foreach": "@outputs('Compose_3')",
          "actions": {
            "Apply_to_each_2": {
              "foreach": "@items('Delete_Permissions')?['RemoveItemPermission']?['results']",
              "actions": {
                "Scope": {
                  "actions": {
                    "Send_an_HTTP_request_to_SharePoint_2": {
                      "runAfter": {},
                      "metadata": {
                        "operationMetadataId": "9f3cdb93-17b8-4a50-a3b7-4784d5f38a9c"
                      },
                      "type": "OpenApiConnection",
                      "inputs": {
                        "host": {
                          "connectionName": "shared_sharepointonline_2",
                          "operationId": "HttpRequest",
                          "apiId": "/providers/Microsoft.PowerApps/apis/shared_sharepointonline"
                        },
                        "parameters": {
                          "dataset": "@variables('SiteAddress')",
                          "parameters/method": "POST",
                          "parameters/uri": "_api/web/lists/getByTitle('HR365HDMTickets')/items(@{variables('ItemID')})/roleassignments/getbyprincipalid(@{variables('ContributeID')})/deleteobject"
                        },
                        "authentication": "@parameters('$authentication')"
                      }
                    }
                  },
                  "runAfter": {},
                  "metadata": {
                    "operationMetadataId": "a6fb9e53-e199-4f2a-b2ab-7a1e35a14c12"
                  },
                  "type": "Scope"
                },
                "Scope_2": {
                  "actions": {},
                  "runAfter": {
                    "Scope": [
                      "Failed",
                      "TimedOut"
                    ]
                  },
                  "metadata": {
                    "operationMetadataId": "b2d942e9-cf75-4e87-97e0-466307a3f89c"
                  },
                  "type": "Scope"
                }
              },
              "runAfter": {},
              "metadata": {
                "operationMetadataId": "935a683c-d6ab-4e99-b9bf-9f45f60df374"
              },
              "type": "Foreach"
            }
          },
          "runAfter": {
            "Compose_3": [
              "Succeeded"
            ]
          },
          "metadata": {
            "operationMetadataId": "87bcdb1e-c351-48df-9c6c-12717c3ecc1f"
          },
          "type": "Foreach"
        },
        "Post_Permissions": {
          "foreach": "@outputs('Compose_3')",
          "actions": {
            "Apply_to_each_3": {
              "foreach": "@items('Post_Permissions')?['ItemPermission']?['results']",
              "actions": {
                "Send_an_HTTP_request_to_SharePoint_3": {
                  "runAfter": {},
                  "metadata": {
                    "operationMetadataId": "c1ec1b3b-6620-411a-941f-39a78452150c"
                  },
                  "type": "OpenApiConnection",
                  "inputs": {
                    "host": {
                      "connectionName": "shared_sharepointonline_1",
                      "operationId": "HttpRequest",
                      "apiId": "/providers/Microsoft.PowerApps/apis/shared_sharepointonline"
                    },
                    "parameters": {
                      "dataset": "@variables('SiteAddress')",
                      "parameters/method": "POST",
                      "parameters/uri": "/_api/web/lists/getbytitle('HR365HDMTickets')/items(@{variables('ItemID')})/roleassignments/addroleassignment(principalid=@{items('Apply_to_each_3')?['ID']},roledefid=@{variables('ContributeID')})"
                    },
                    "authentication": "@parameters('$authentication')"
                  }
                }
              },
              "runAfter": {},
              "metadata": {
                "operationMetadataId": "cfef22d7-a088-4c1c-bd5c-3ab7ec85dcc8"
              },
              "type": "Foreach"
            }
          },
          "runAfter": {
            "Delete_Permissions": [
              "Succeeded"
            ]
          },
          "metadata": {
            "operationMetadataId": "f6b79e2f-399c-491b-8bbd-8356ccfe51a0"
          },
          "type": "Foreach"
        }
      }
    },
    "templateName": ""
  },
  "schemaVersion": "1.0.0.0"
}