{
  "properties": {
    "connectionReferences": {
      "shared_sharepointonline": {
        "runtimeSource": "embedded",
        "connection": {
          "connectionReferenceLogicalName": "hr365_sharedsharepointonline_ccea1"
        },
        "api": {
          "name": "shared_sharepointonline"
        }
      },
      "shared_flowmanagement_1": {
        "runtimeSource": "embedded",
        "connection": {
          "connectionReferenceLogicalName": "hr365_sharedflowmanagement_a6db7"
        },
        "api": {
          "name": "shared_flowmanagement"
        }
      },
      "shared_office365": {
        "runtimeSource": "embedded",
        "connection": {
          "connectionReferenceLogicalName": "hr365_sharedoffice365_2508d"
        },
        "api": {
          "name": "shared_office365"
        }
      }
    },
    "definition": {
      "$schema": "https://schema.management.azure.com/providers/Microsoft.Logic/schemas/2016-06-01/workflowdefinition.json#",
      "contentVersion": "1.0.0.0",
      "parameters": {
        "$connections": {
          "defaultValue": {},
          "type": "Object"
        },
        "$authentication": {
          "defaultValue": {},
          "type": "SecureObject"
        },
        "SupportMailBoxID (hr365_SupportMailBoxID)": {
          "defaultValue": "heldpesk@zw4fg.onmicrosoft.com",
          "type": "String",
          "metadata": {
            "schemaName": "hr365_SupportMailBoxID"
          }
        },
        "SiteURL(HD365) (hr365_SiteURLHD365)": {
          "defaultValue": "‎https://zw4fg.sharepoint.com/sites/‎‎Sachin‎",
          "type": "String",
          "metadata": {
            "schemaName": "hr365_SiteURLHD365"
          }
        }
      },
      "triggers": {
        "When_an_item_is_created": {
          "recurrence": {
            "interval": 5,
            "frequency": "Minute"
          },
          "splitOn": "@triggerOutputs()?['body/value']",
          "metadata": {
            "operationMetadataId": "72d4421b-375b-4dae-98ca-186a04acd2f5"
          },
          "type": "OpenApiConnection",
          "inputs": {
            "host": {
              "connectionName": "shared_sharepointonline",
              "operationId": "GetOnNewItems",
              "apiId": "/providers/Microsoft.PowerApps/apis/shared_sharepointonline"
            },
            "parameters": {
              "dataset": "@parameters('SiteURL(HD365) (hr365_SiteURLHD365)')",
              "table": "HR365HDMExternalEmailData"
            },
            "authentication": "@parameters('$authentication')"
          }
        }
      },
      "actions": {
        "Delete_item": {
          "runAfter": {
            "Condition": [
              "Succeeded",
              "Failed"
            ]
          },
          "metadata": {
            "operationMetadataId": "e6d8635d-d3f2-4c89-938e-9955e4f5dc00"
          },
          "type": "OpenApiConnection",
          "inputs": {
            "host": {
              "connectionName": "shared_sharepointonline",
              "operationId": "DeleteItem",
              "apiId": "/providers/Microsoft.PowerApps/apis/shared_sharepointonline"
            },
            "parameters": {
              "dataset": "@parameters('SiteURL(HD365) (hr365_SiteURLHD365)')",
              "table": "HR365HDMExternalEmailData",
              "id": "@triggerOutputs()?['body/ID']"
            },
            "authentication": "@parameters('$authentication')"
          }
        },
        "Condition": {
          "actions": {
            "Get_Flow": {
              "runAfter": {},
              "metadata": {
                "operationMetadataId": "17c998c7-064f-467e-9b50-569da60442d0"
              },
              "type": "OpenApiConnection",
              "inputs": {
                "host": {
                  "connectionName": "shared_flowmanagement_1",
                  "operationId": "GetFlow",
                  "apiId": "/providers/Microsoft.PowerApps/apis/shared_flowmanagement"
                },
                "parameters": {
                  "environmentName": "Default-3084462b-1885-488c-bf8c-4bd55bf3124c",
                  "flowName": "752cb432-b196-4015-90cc-9841bb5258d6"
                },
                "authentication": "@parameters('$authentication')"
              }
            },
            "Condition_2": {
              "actions": {
                "Send_an_HTTP_request_to_SharePoint": {
                  "runAfter": {},
                  "metadata": {
                    "operationMetadataId": "5f2e88ea-fbb6-4f9b-b961-9320cb067418"
                  },
                  "type": "OpenApiConnection",
                  "inputs": {
                    "host": {
                      "connectionName": "shared_sharepointonline",
                      "operationId": "HttpRequest",
                      "apiId": "/providers/Microsoft.PowerApps/apis/shared_sharepointonline"
                    },
                    "parameters": {
                      "dataset": "@variables('ApplicationURL')",
                      "parameters/method": "POST",
                      "parameters/uri": "/_api/web/lists/getbytitle('HR365HDMSettings')/items('1')",
                      "parameters/headers": {
                        "accept": "application/json;odata=verbose",
                        "content-type": "application/json;odata=verbose",
                        "IF-MATCH": "*",
                        "X-HTTP-Method": "PATCH"
                      },
                      "parameters/body": "{\n\"__metadata\": { \"type\": \"SP.Data.HR365HDMSettingsListItem\" },\n  \"MailBoxID\": \"Valid\",\n  \"DefaultAssignee\": \"@{outputs('Get_Flow')?['body/properties/definition']?['triggers']?['When_a_new_email_arrives_in_a_shared_mailbox_(V2)_2']?['inputs']?['parameters']?['mailboxAddress']}\"\n}"
                    },
                    "authentication": "@parameters('$authentication')"
                  }
                }
              },
              "runAfter": {
                "Get_Flow": [
                  "Succeeded"
                ]
              },
              "else": {
                "actions": {
                  "Send_an_HTTP_request_to_SharePoint_2": {
                    "runAfter": {},
                    "metadata": {
                      "operationMetadataId": "5d8860e3-cea6-412a-9068-bfb3098a8e37"
                    },
                    "type": "OpenApiConnection",
                    "inputs": {
                      "host": {
                        "connectionName": "shared_sharepointonline",
                        "operationId": "HttpRequest",
                        "apiId": "/providers/Microsoft.PowerApps/apis/shared_sharepointonline"
                      },
                      "parameters": {
                        "dataset": "@variables('ApplicationURL')",
                        "parameters/method": "POST",
                        "parameters/uri": "/_api/web/lists/getbytitle('HR365HDMSettings')/items('1')",
                        "parameters/headers": {
                          "accept": "application/json;odata=verbose",
                          "content-type": "application/json;odata=verbose",
                          "IF-MATCH": "*",
                          "X-HTTP-Method": "PATCH"
                        },
                        "parameters/body": "{\n\"__metadata\": { \"type\": \"SP.Data.HR365HDMSettingsListItem\" },\n  \"MailBoxID\": \"Invalid\"\n}"
                      },
                      "authentication": "@parameters('$authentication')"
                    }
                  }
                }
              },
              "expression": {
                "and": [
                  {
                    "not": {
                      "equals": [
                        "@outputs('Get_Flow')?['body/properties/definition']?['triggers']",
                        ""
                      ]
                    }
                  },
                  {
                    "not": {
                      "equals": [
                        "@outputs('Get_Flow')?['body/properties/definition']?['triggers']",
                        "@null"
                      ]
                    }
                  },
                  {
                    "not": {
                      "equals": [
                        "@outputs('Get_Flow')?['body/properties/definition']?['triggers']?['When_a_new_email_arrives_in_a_shared_mailbox_(V2)_2']?['inputs']?['parameters']?['mailboxAddress']",
                        ""
                      ]
                    }
                  },
                  {
                    "not": {
                      "equals": [
                        "@outputs('Get_Flow')?['body/properties/definition']?['triggers']?['When_a_new_email_arrives_in_a_shared_mailbox_(V2)_2']?['inputs']?['parameters']?['mailboxAddress']",
                        "@null"
                      ]
                    }
                  }
                ]
              },
              "metadata": {
                "operationMetadataId": "2ad0d6ad-9add-440a-865f-f9814d2e9dcb"
              },
              "type": "If"
            }
          },
          "runAfter": {
            "Application_URL": [
              "Succeeded"
            ]
          },
          "else": {
            "actions": {
              "Scope": {
                "actions": {
                  "Send_an_email_from_a_shared_mailbox_(V2)": {
                    "runAfter": {},
                    "metadata": {
                      "operationMetadataId": "a2a1cae6-7a3e-40e0-9e6d-9844717fe682"
                    },
                    "type": "OpenApiConnection",
                    "inputs": {
                      "host": {
                        "connectionName": "shared_office365",
                        "operationId": "SharedMailboxSendEmailV2",
                        "apiId": "/providers/Microsoft.PowerApps/apis/shared_office365"
                      },
                      "parameters": {
                        "emailMessage/MailboxAddress": "@triggerOutputs()?['body/From']",
                        "emailMessage/To": "@triggerOutputs()?['body/To']",
                        "emailMessage/Subject": "@triggerOutputs()?['body/Subject']",
                        "emailMessage/Body": "<p>@{triggerOutputs()?['body/Body']}</p>",
                        "emailMessage/Cc": "@if(equals(triggerOutputs()?['body/cC'],null),'',replace(triggerOutputs()?['body/cC'],',',';'))",
                        "emailMessage/Importance": "Normal"
                      },
                      "authentication": "@parameters('$authentication')"
                    }
                  }
                },
                "runAfter": {},
                "metadata": {
                  "operationMetadataId": "af595742-ff53-4d5d-9e12-ba8ef5da1f34"
                },
                "type": "Scope"
              },
              "Scope_2": {
                "actions": {
                  "Send_an_email_from_a_shared_mailbox_(V2)_2": {
                    "runAfter": {},
                    "metadata": {
                      "operationMetadataId": "a2a1cae6-7a3e-40e0-9e6d-9844717fe682"
                    },
                    "type": "OpenApiConnection",
                    "inputs": {
                      "host": {
                        "connectionName": "shared_office365",
                        "operationId": "SharedMailboxSendEmailV2",
                        "apiId": "/providers/Microsoft.PowerApps/apis/shared_office365"
                      },
                      "parameters": {
                        "emailMessage/MailboxAddress": "@parameters('SupportMailBoxID (hr365_SupportMailBoxID)')",
                        "emailMessage/To": "@triggerOutputs()?['body/To']",
                        "emailMessage/Subject": "@triggerOutputs()?['body/Subject']",
                        "emailMessage/Body": "<p>@{triggerOutputs()?['body/Body']}</p>",
                        "emailMessage/Cc": "@if(equals(triggerOutputs()?['body/cC'],null),'',replace(triggerOutputs()?['body/cC'],',',';'))",
                        "emailMessage/Importance": "Normal"
                      },
                      "authentication": "@parameters('$authentication')"
                    }
                  }
                },
                "runAfter": {
                  "Scope": [
                    "Failed",
                    "TimedOut"
                  ]
                },
                "metadata": {
                  "operationMetadataId": "003b00ad-6d77-4d18-99d0-77ddc63d36dd"
                },
                "type": "Scope"
              }
            }
          },
          "expression": {
            "contains": [
              "@triggerOutputs()?['body/Subject']",
              "Validating MailBox ID"
            ]
          },
          "metadata": {
            "operationMetadataId": "fcb77100-5dad-46ef-a54e-5a8787034d10"
          },
          "type": "If"
        },
        "Application_URL": {
          "runAfter": {},
          "metadata": {
            "operationMetadataId": "519f0212-42e5-44c7-8ef7-7f4aa66f1753"
          },
          "type": "InitializeVariable",
          "inputs": {
            "variables": [
              {
                "name": "ApplicationURL",
                "type": "string",
                "value": "@parameters('SiteURL(HD365) (hr365_SiteURLHD365)')"
              }
            ]
          }
        }
      }
    },
    "templateName": ""
  },
  "schemaVersion": "1.0.0.0"
}