{
  "properties": {
    "connectionReferences": {
      "shared_sharepointonline_1": {
        "runtimeSource": "embedded",
        "connection": {
          "connectionReferenceLogicalName": "hr365_sharedsharepointonline_76e96"
        },
        "api": {
          "name": "shared_sharepointonline"
        }
      }
    },
    "definition": {
      "$schema": "https://schema.management.azure.com/providers/Microsoft.Logic/schemas/2016-06-01/workflowdefinition.json#",
      "contentVersion": "1.0.0.0",
      "parameters": {
        "$connections": {
          "defaultValue": {},
          "type": "Object"
        },
        "$authentication": {
          "defaultValue": {},
          "type": "SecureObject"
        },
        "SiteURL(HD365) (hr365_SiteURLHD365)": {
          "defaultValue": "https://thlq2.sharepoint.com/sites/DemoApp",
          "type": "String",
          "metadata": {
            "schemaName": "hr365_SiteURLHD365"
          }
        }
      },
      "triggers": {
        "Recurrence": {
          "recurrence": {
            "frequency": "Hour",
            "interval": 6,
            "timeZone": "India Standard Time",
            "startTime": "2021-10-08T18:30:00Z"
          },
          "metadata": {
            "operationMetadataId": "99a924ea-5537-43d6-98b5-3eea8edbeb67"
          },
          "type": "Recurrence"
        }
      },
      "actions": {
        "AppURL": {
          "runAfter": {},
          "metadata": {
            "operationMetadataId": "22c583bf-eb22-46de-b615-bb2e3d02bac7"
          },
          "type": "InitializeVariable",
          "inputs": {
            "variables": [
              {
                "name": "ApplicationURL",
                "type": "string",
                "value": "@parameters('SiteURL(HD365) (hr365_SiteURLHD365)')"
              }
            ]
          }
        },
        "AutoClose": {
          "runAfter": {
            "AppURL": [
              "Succeeded"
            ]
          },
          "metadata": {
            "operationMetadataId": "233b8201-5b40-4c7a-b32b-5d2b8f480935"
          },
          "type": "InitializeVariable",
          "inputs": {
            "variables": [
              {
                "name": "AutoClose",
                "type": "string"
              }
            ]
          }
        },
        "Autoclose_Time": {
          "runAfter": {
            "ActionOnTicket": [
              "Succeeded"
            ]
          },
          "metadata": {
            "operationMetadataId": "051f0587-a8ce-4688-aae2-4a4c17734cb1"
          },
          "type": "InitializeVariable",
          "inputs": {
            "variables": [
              {
                "name": "AutocloseinHrs",
                "type": "string"
              }
            ]
          }
        },
        "Set_variable": {
          "runAfter": {
            "Send_an_HTTP_request_to_SharePoint": [
              "Succeeded"
            ]
          },
          "metadata": {
            "operationMetadataId": "c619041d-d8ee-4020-9259-df678fe58b2b"
          },
          "type": "SetVariable",
          "inputs": {
            "name": "AutoClose",
            "value": "@{outputs('Send_an_HTTP_request_to_SharePoint')?['body']?['d']?['results'][0]['AutoCloseTicket']}"
          }
        },
        "Send_an_HTTP_request_to_SharePoint": {
          "runAfter": {
            "Autoclose_Time": [
              "Succeeded"
            ]
          },
          "metadata": {
            "operationMetadataId": "3080d23f-b0ac-451a-9ae6-c3f7ca6e1dbf"
          },
          "type": "OpenApiConnection",
          "inputs": {
            "host": {
              "connectionName": "shared_sharepointonline_1",
              "operationId": "HttpRequest",
              "apiId": "/providers/Microsoft.PowerApps/apis/shared_sharepointonline"
            },
            "parameters": {
              "dataset": "@variables('ApplicationURL')",
              "parameters/method": "GET",
              "parameters/uri": "_api/web/lists/getbytitle('HR365HDMSettings')/items?$top=1",
              "parameters/headers": {
                "Accept": "application/json; odata=verbos",
                "Content-Type": "application/json"
              }
            },
            "authentication": "@parameters('$authentication')"
          }
        },
        "Condition": {
          "actions": {
            "Set_variable_2": {
              "runAfter": {},
              "metadata": {
                "operationMetadataId": "7389095c-3680-4238-a4fc-35dad243c4c9"
              },
              "type": "SetVariable",
              "inputs": {
                "name": "AutocloseinHrs",
                "value": "@{outputs('Send_an_HTTP_request_to_SharePoint')?['body']?['d']?['results'][0]['AutoTicketCloseHRS']}"
              }
            },
            "Send_an_HTTP_request_to_SharePoint_2": {
              "runAfter": {
                "Send_an_HTTP_request_to_SharePoint_4": [
                  "Succeeded"
                ]
              },
              "metadata": {
                "operationMetadataId": "71047ac5-dcd4-4ead-9d34-5a4dcb03cd1d"
              },
              "type": "OpenApiConnection",
              "inputs": {
                "host": {
                  "connectionName": "shared_sharepointonline_1",
                  "operationId": "HttpRequest",
                  "apiId": "/providers/Microsoft.PowerApps/apis/shared_sharepointonline"
                },
                "parameters": {
                  "dataset": "@variables('ApplicationURL')",
                  "parameters/method": "GET",
                  "parameters/uri": "_api/web/lists/getbytitle('HR365HDMTickets')/items?$filter=Modified ge '@{addDays(utcNow(),-30)}' &$top=5000",
                  "parameters/headers": {
                    "Accept": "application/json; odata=verbos",
                    "Content-Type": "application/json"
                  }
                },
                "authentication": "@parameters('$authentication')"
              }
            },
            "Apply_to_each": {
              "foreach": "@body('Send_an_HTTP_request_to_SharePoint_2')?['d']?['results']",
              "actions": {
                "Condition_2": {
                  "actions": {
                    "Add_to_time": {
                      "runAfter": {},
                      "metadata": {
                        "operationMetadataId": "26a10a69-5750-4244-8eec-135d3c165197"
                      },
                      "type": "Expression",
                      "kind": "AddToTime",
                      "inputs": {
                        "baseTime": "@{items('Apply_to_each')['Modified']}",
                        "interval": "@variables('AutocloseinHrs')",
                        "timeUnit": "Hour"
                      }
                    },
                    "Condition_3": {
                      "actions": {
                        "Send_an_HTTP_request_to_SharePoint_3": {
                          "runAfter": {
                            "Append_to_array_variable": [
                              "Succeeded"
                            ]
                          },
                          "metadata": {
                            "operationMetadataId": "9d9db9cc-70d0-4610-a046-f1b3fd74256e"
                          },
                          "type": "OpenApiConnection",
                          "inputs": {
                            "host": {
                              "connectionName": "shared_sharepointonline_1",
                              "operationId": "HttpRequest",
                              "apiId": "/providers/Microsoft.PowerApps/apis/shared_sharepointonline"
                            },
                            "parameters": {
                              "dataset": "@variables('ApplicationURL')",
                              "parameters/method": "POST",
                              "parameters/uri": "_api/web/lists/getbytitle('HR365HDMTickets')/items(@{items('Apply_to_each')['Id']})",
                              "parameters/headers": {
                                "accept": "application/json;odata=verbose",
                                "content-type": "application/json;odata=verbose",
                                "IF-MATCH": "*",
                                "X-HTTP-Method": "PATCH"
                              },
                              "parameters/body": "{\n            '__metadata': { 'type': 'SP.Data.HR365HDMTicketsListItem' },\n'Status':\"Closed\",\n'ClosedDate':'@{formatDateTime(utcNow(), 'MM/dd/yyyy')}',\n'ClosedById':@{body('Send_an_HTTP_request_to_SharePoint_4')?['d']?['Id']},\n'ActionOnTicket':'@{string(variables('ActionOnTicket'))}'\n        }"
                            },
                            "authentication": "@parameters('$authentication')"
                          }
                        },
                        "Set_variable_4": {
                          "runAfter": {},
                          "metadata": {
                            "operationMetadataId": "4a5c4f66-a98b-4e28-b3cc-a06622a49b38"
                          },
                          "type": "SetVariable",
                          "inputs": {
                            "name": "ActionOnTicket",
                            "value": "@json(items('Apply_to_each')['ActionOnTicket'])"
                          }
                        },
                        "Append_to_array_variable": {
                          "runAfter": {
                            "Set_variable_4": [
                              "Succeeded"
                            ]
                          },
                          "metadata": {
                            "operationMetadataId": "b1215801-4b1f-48c7-8617-a03bb02f2d61"
                          },
                          "type": "AppendToArrayVariable",
                          "inputs": {
                            "name": "ActionOnTicket",
                            "value": {
                              "action": "Status",
                              "oldvalue": "Resolved",
                              "newvalue": "Closed",
                              "modifiedby": "",
                              "date": "@{utcNow()}"
                            }
                          }
                        }
                      },
                      "runAfter": {
                        "Add_to_time": [
                          "Succeeded"
                        ]
                      },
                      "expression": {
                        "greaterOrEquals": [
                          "@ticks(utcNow())",
                          "@ticks(body('Add_to_time'))"
                        ]
                      },
                      "metadata": {
                        "operationMetadataId": "40a352c4-42ef-4853-9177-ab245b609172"
                      },
                      "type": "If"
                    }
                  },
                  "runAfter": {},
                  "expression": {
                    "equals": [
                      "@items('Apply_to_each')['Status']",
                      "Resolved"
                    ]
                  },
                  "metadata": {
                    "operationMetadataId": "59426716-6c95-4248-ac0c-07a17c711865"
                  },
                  "type": "If"
                }
              },
              "runAfter": {
                "Send_an_HTTP_request_to_SharePoint_2": [
                  "Succeeded"
                ]
              },
              "metadata": {
                "operationMetadataId": "b50929cf-f87b-4f59-a08d-4da32027428d"
              },
              "type": "Foreach"
            },
            "Send_an_HTTP_request_to_SharePoint_4": {
              "runAfter": {
                "Set_variable_2": [
                  "Succeeded"
                ]
              },
              "metadata": {
                "operationMetadataId": "d085eab1-da4e-48de-8806-b866381677a5"
              },
              "type": "OpenApiConnection",
              "inputs": {
                "host": {
                  "connectionName": "shared_sharepointonline_1",
                  "operationId": "HttpRequest",
                  "apiId": "/providers/Microsoft.PowerApps/apis/shared_sharepointonline"
                },
                "parameters": {
                  "dataset": "@variables('ApplicationURL')",
                  "parameters/method": "GET",
                  "parameters/uri": "_api/web/currentuser?$select=ID,Title",
                  "parameters/headers": {
                    "Accept": "application/json; odata=verbos",
                    "Content-Type": "application/json"
                  }
                },
                "authentication": "@parameters('$authentication')"
              }
            }
          },
          "runAfter": {
            "Set_variable_3": [
              "Succeeded"
            ]
          },
          "expression": {
            "and": [
              {
                "equals": [
                  "@variables('AutoClose')",
                  "On"
                ]
              },
              {
                "not": {
                  "equals": [
                    "@variables('AutocloseinHrs')",
                    "@null"
                  ]
                }
              },
              {
                "not": {
                  "equals": [
                    "@variables('AutocloseinHrs')",
                    0
                  ]
                }
              },
              {
                "not": {
                  "equals": [
                    "@variables('AutocloseinHrs')",
                    ""
                  ]
                }
              }
            ]
          },
          "metadata": {
            "operationMetadataId": "ea0d920b-8739-4c2a-a32a-2f76fc8b21d9"
          },
          "type": "If"
        },
        "Set_variable_3": {
          "runAfter": {
            "Set_variable": [
              "Succeeded"
            ]
          },
          "metadata": {
            "operationMetadataId": "52dff495-504c-4b2d-9cf2-a31007881f55"
          },
          "type": "SetVariable",
          "inputs": {
            "name": "AutocloseinHrs",
            "value": "@{outputs('Send_an_HTTP_request_to_SharePoint')?['body']?['d']?['results'][0]['AutoTicketCloseHRS']}"
          }
        },
        "ActionOnTicket": {
          "runAfter": {
            "AutoClose": [
              "Succeeded"
            ]
          },
          "metadata": {
            "operationMetadataId": "b13838b8-4111-4067-ba80-a46567890247"
          },
          "type": "InitializeVariable",
          "inputs": {
            "variables": [
              {
                "name": "ActionOnTicket",
                "type": "array"
              }
            ]
          }
        }
      }
    },
    "templateName": ""
  },
  "schemaVersion": "1.0.0.0"
}