{
  "properties": {
    "connectionReferences": {
      "shared_sharepointonline": {
        "runtimeSource": "embedded",
        "connection": {
          "connectionReferenceLogicalName": "new_sharedsharepointonline_d6b50"
        },
        "api": {
          "name": "shared_sharepointonline"
        }
      },
      "shared_office365users": {
        "runtimeSource": "embedded",
        "connection": {
          "connectionReferenceLogicalName": "new_sharedoffice365users_8f98a"
        },
        "api": {
          "name": "shared_office365users"
        }
      },
      "shared_office365users_2": {
        "runtimeSource": "embedded",
        "connection": {
          "connectionReferenceLogicalName": "new_sharedoffice365users_4a99c"
        },
        "api": {
          "name": "shared_office365users"
        }
      },
      "shared_office365_3": {
        "runtimeSource": "embedded",
        "connection": {
          "connectionReferenceLogicalName": "new_sharedoffice365_bb741"
        },
        "api": {
          "name": "shared_office365"
        }
      }
    },
    "definition": {
      "$schema": "https://schema.management.azure.com/providers/Microsoft.Logic/schemas/2016-06-01/workflowdefinition.json#",
      "contentVersion": "1.0.0.0",
      "parameters": {
        "$connections": {
          "defaultValue": {},
          "type": "Object"
        },
        "$authentication": {
          "defaultValue": {},
          "type": "SecureObject"
        }
      },
      "triggers": {
        "Recurrence": {
          "recurrence": {
            "frequency": "Day",
            "interval": 1,
            "timeZone": "India Standard Time",
            "startTime": "2022-08-07T03:30:00Z"
          },
          "metadata": {
            "operationMetadataId": "07c19477-41e5-4f79-84af-fea1403acea9"
          },
          "type": "Recurrence"
        }
      },
      "actions": {
        "AppURLExternal": {
          "runAfter": {},
          "metadata": {
            "operationMetadataId": "22c583bf-eb22-46de-b615-bb2e3d02bac7"
          },
          "type": "InitializeVariable",
          "inputs": {
            "variables": [
              {
                "name": "ApplicationURL",
                "type": "string",
                "value": "https://megazap.sharepoint.com/sites/0601HD365"
              }
            ]
          }
        },
        "AllagentsArray": {
          "runAfter": {
            "AppunscubscribeURL": [
              "Succeeded"
            ]
          },
          "metadata": {
            "operationMetadataId": "ca4a6aeb-a4cd-40ed-bd82-81bcea7ec1b2"
          },
          "type": "InitializeVariable",
          "inputs": {
            "variables": [
              {
                "name": "AgentaArray",
                "type": "array"
              }
            ]
          }
        },
        "AllsupervisorArray": {
          "runAfter": {
            "AgentsArray": [
              "Succeeded"
            ]
          },
          "metadata": {
            "operationMetadataId": "db354ee6-9a5c-4e8e-9c72-54467b7d5835"
          },
          "type": "InitializeVariable",
          "inputs": {
            "variables": [
              {
                "name": "SupervisorArray",
                "type": "array"
              }
            ]
          }
        },
        "AllAdminArray": {
          "runAfter": {
            "Initialize_variable_3": [
              "Succeeded"
            ]
          },
          "metadata": {
            "operationMetadataId": "cab38c34-2c85-49bf-8e0a-f82feab28a2e"
          },
          "type": "InitializeVariable",
          "inputs": {
            "variables": [
              {
                "name": "AllAdminArray",
                "type": "array"
              }
            ]
          }
        },
        "Send_an_HTTP_request_to_SharePoint": {
          "runAfter": {
            "CCuserEmail": [
              "Succeeded"
            ]
          },
          "metadata": {
            "operationMetadataId": "3080d23f-b0ac-451a-9ae6-c3f7ca6e1dbf"
          },
          "type": "OpenApiConnection",
          "inputs": {
            "host": {
              "connectionName": "shared_sharepointonline",
              "operationId": "HttpRequest",
              "apiId": "/providers/Microsoft.PowerApps/apis/shared_sharepointonline"
            },
            "parameters": {
              "dataset": "@variables('ApplicationURL')",
              "parameters/method": "GET",
              "parameters/uri": "_api/web/lists/getbytitle('HR365HDMSettings')/items?$top=1",
              "parameters/headers": {
                "Accept": "application/json; odata=verbos",
                "Content-Type": "application/json"
              }
            },
            "authentication": "@parameters('$authentication')"
          }
        },
        "Condition": {
          "actions": {
            "Send_an_HTTP_request_to_SharePoint_2": {
              "runAfter": {
                "Send_an_HTTP_request_to_SharePoint_3": [
                  "Succeeded"
                ]
              },
              "metadata": {
                "operationMetadataId": "71047ac5-dcd4-4ead-9d34-5a4dcb03cd1d"
              },
              "type": "OpenApiConnection",
              "inputs": {
                "host": {
                  "connectionName": "shared_sharepointonline",
                  "operationId": "HttpRequest",
                  "apiId": "/providers/Microsoft.PowerApps/apis/shared_sharepointonline"
                },
                "parameters": {
                  "dataset": "@variables('ApplicationURL')",
                  "parameters/method": "GET",
                  "parameters/uri": "_api/web/lists/getbytitle('HR365HDMTickets')/items?$filter=TicketCreatedDate le '@{addDays(utcNow(), mul(int(outputs('Send_an_HTTP_request_to_SharePoint')?['body']?['d']?['results']?[0]['EmailReports']),-1))}' and Status ne 'Closed' and Status ne 'Resolved' and Status ne 'Unassigned' &$top=5000",
                  "parameters/headers": {
                    "Accept": "application/json; odata=verbos",
                    "Content-Type": "application/json"
                  }
                },
                "authentication": "@parameters('$authentication')"
              }
            },
            "Send_an_HTTP_request_to_SharePoint_3": {
              "runAfter": {},
              "metadata": {
                "operationMetadataId": "3080d23f-b0ac-451a-9ae6-c3f7ca6e1dbf"
              },
              "type": "OpenApiConnection",
              "inputs": {
                "host": {
                  "connectionName": "shared_sharepointonline",
                  "operationId": "HttpRequest",
                  "apiId": "/providers/Microsoft.PowerApps/apis/shared_sharepointonline"
                },
                "parameters": {
                  "dataset": "@variables('ApplicationURL')",
                  "parameters/method": "GET",
                  "parameters/uri": "_api/web/lists/getbytitle('HR365HDMEmailNotifications')/items",
                  "parameters/headers": {
                    "Accept": "application/json; odata=verbos",
                    "Content-Type": "application/json"
                  }
                },
                "authentication": "@parameters('$authentication')"
              }
            },
            "Send_an_HTTP_request_to_SharePoint_4": {
              "runAfter": {
                "Compose_25": [
                  "Succeeded"
                ]
              },
              "metadata": {
                "operationMetadataId": "3080d23f-b0ac-451a-9ae6-c3f7ca6e1dbf"
              },
              "type": "OpenApiConnection",
              "inputs": {
                "host": {
                  "connectionName": "shared_sharepointonline",
                  "operationId": "HttpRequest",
                  "apiId": "/providers/Microsoft.PowerApps/apis/shared_sharepointonline"
                },
                "parameters": {
                  "dataset": "@variables('ApplicationURL')",
                  "parameters/method": "GET",
                  "parameters/uri": "_api/web/lists/getbytitle('HR365HDMDepartments')/items?$select=*, Teammembers1/Name,Supervisor1/Name&$expand=Teammembers1,Supervisor1",
                  "parameters/headers": {
                    "Accept": "application/json; odata=verbos",
                    "Content-Type": "application/json"
                  }
                },
                "authentication": "@parameters('$authentication')"
              }
            },
            "Apply_to_each_3": {
              "foreach": "@body('Send_an_HTTP_request_to_SharePoint_4')?['d']?['results']",
              "actions": {
                "Condition_3": {
                  "actions": {
                    "Set_variable_11": {
                      "runAfter": {},
                      "metadata": {
                        "operationMetadataId": "4c75a390-8e3e-4667-a02a-3c0399d44b76"
                      },
                      "type": "SetVariable",
                      "inputs": {
                        "name": "SupervisorEmail",
                        "value": "@{join(variables('SupervisorArray'),';')}"
                      }
                    }
                  },
                  "runAfter": {
                    "Condition_2": [
                      "Succeeded"
                    ]
                  },
                  "expression": {
                    "and": [
                      {
                        "not": {
                          "equals": [
                            "@items('Apply_to_each_3')['Supervisor1']",
                            ""
                          ]
                        }
                      },
                      {
                        "not": {
                          "equals": [
                            "@items('Apply_to_each_3')['Supervisor1']",
                            "Null"
                          ]
                        }
                      },
                      {
                        "not": {
                          "equals": [
                            "@items('Apply_to_each_3')['Supervisor1']",
                            null
                          ]
                        }
                      }
                    ]
                  },
                  "metadata": {
                    "operationMetadataId": "09af229e-6e6d-4ab8-aa87-d043430623b0"
                  },
                  "type": "If"
                },
                "Compose_20": {
                  "runAfter": {},
                  "metadata": {
                    "operationMetadataId": "74836908-6b32-4f27-bf20-5cc697a590a5"
                  },
                  "type": "Compose",
                  "inputs": "@items('Apply_to_each_3')"
                },
                "Condition_2": {
                  "actions": {
                    "Set_variable_9": {
                      "runAfter": {},
                      "metadata": {
                        "operationMetadataId": "33cab314-a743-4148-938b-41a667a6a312"
                      },
                      "type": "SetVariable",
                      "inputs": {
                        "name": "AgentsArray",
                        "value": "@{join(variables('AgentaArray'),';')}"
                      }
                    }
                  },
                  "runAfter": {
                    "Check_if_supervisor_exist_or_not": [
                      "Succeeded"
                    ]
                  },
                  "expression": {
                    "and": [
                      {
                        "not": {
                          "equals": [
                            "@items('Apply_to_each_3')['Teammembers1']",
                            ""
                          ]
                        }
                      },
                      {
                        "not": {
                          "equals": [
                            "@items('Apply_to_each_3')['Teammembers1']",
                            "Null"
                          ]
                        }
                      },
                      {
                        "not": {
                          "equals": [
                            "@items('Apply_to_each_3')['Teammembers1']",
                            null
                          ]
                        }
                      }
                    ]
                  },
                  "metadata": {
                    "operationMetadataId": "d0c2bc85-901d-4bed-9821-80a4a2e7cce6"
                  },
                  "type": "If"
                },
                "Set_variable_10": {
                  "runAfter": {
                    "Compose_20": [
                      "Succeeded"
                    ]
                  },
                  "metadata": {
                    "operationMetadataId": "d475cfd5-215d-42b7-bdb8-74ee24c3d14b"
                  },
                  "type": "SetVariable",
                  "inputs": {
                    "name": "AgentaArray",
                    "value": []
                  }
                },
                "Set_variable_12": {
                  "runAfter": {
                    "Set_variable_10": [
                      "Succeeded"
                    ]
                  },
                  "metadata": {
                    "operationMetadataId": "ab92521c-bfa0-41f7-b5b9-b99656fa7fb6"
                  },
                  "type": "SetVariable",
                  "inputs": {
                    "name": "SupervisorArray",
                    "value": []
                  }
                },
                "Check_if_team_members_exist_or_not": {
                  "actions": {
                    "Apply_to_each_12": {
                      "foreach": "@items('Apply_to_each_3')['Teammembers1']['results']",
                      "actions": {
                        "Compose_19": {
                          "runAfter": {
                            "Compose_17": [
                              "Succeeded"
                            ]
                          },
                          "metadata": {
                            "operationMetadataId": "df0a7c4b-23e8-4011-9531-5e835e4e7257"
                          },
                          "type": "Compose",
                          "inputs": "@trim(split(outputs('Compose_17'), 'i:0#.f|membership|')[1])"
                        },
                        "Get_user_profile_(V2)_2": {
                          "runAfter": {
                            "Compose_19": [
                              "Succeeded"
                            ]
                          },
                          "metadata": {
                            "operationMetadataId": "4f04e911-a918-4f58-a389-6cbbc8c0ae63"
                          },
                          "type": "OpenApiConnection",
                          "inputs": {
                            "host": {
                              "connectionName": "shared_office365users",
                              "operationId": "UserProfile_V2",
                              "apiId": "/providers/Microsoft.PowerApps/apis/shared_office365users"
                            },
                            "parameters": {
                              "id": "@outputs('Compose_19')"
                            },
                            "authentication": "@parameters('$authentication')"
                          }
                        },
                        "Compose_18": {
                          "runAfter": {
                            "Get_user_profile_(V2)_2": [
                              "Succeeded"
                            ]
                          },
                          "metadata": {
                            "operationMetadataId": "31810627-31c3-4f7b-b38f-908816e4bd7e"
                          },
                          "type": "Compose",
                          "inputs": "@outputs('Get_user_profile_(V2)_2')?['body/mail']"
                        },
                        "Compose_2": {
                          "runAfter": {},
                          "metadata": {
                            "operationMetadataId": "8f6bd51f-95e0-4b6a-9262-5a831b224c72"
                          },
                          "type": "Compose",
                          "inputs": "@items('Apply_to_each_12')"
                        },
                        "Compose_17": {
                          "runAfter": {
                            "Compose_2": [
                              "Succeeded"
                            ]
                          },
                          "metadata": {
                            "operationMetadataId": "b4e7d2a0-f324-4c35-a1eb-1f5c5acdf309"
                          },
                          "type": "Compose",
                          "inputs": "@items('Apply_to_each_12')['Name']"
                        },
                        "Condition_23": {
                          "actions": {
                            "Append_to_array_variable_6": {
                              "runAfter": {},
                              "metadata": {
                                "operationMetadataId": "b93b701b-a5e4-4a9b-974d-4ee5999d1ebb"
                              },
                              "type": "AppendToArrayVariable",
                              "inputs": {
                                "name": "AgentaArray",
                                "value": "@outputs('Get_user_profile_(V2)_2')?['body/mail']"
                              }
                            }
                          },
                          "runAfter": {
                            "Compose_18": [
                              "Succeeded"
                            ]
                          },
                          "else": {
                            "actions": {
                              "Append_to_array_variable_7": {
                                "runAfter": {},
                                "metadata": {
                                  "operationMetadataId": "e9df802e-93de-4e3b-b80d-fb3fe79c7632"
                                },
                                "type": "AppendToArrayVariable",
                                "inputs": {
                                  "name": "AgentaArray",
                                  "value": "@outputs('Compose_19')"
                                }
                              }
                            }
                          },
                          "expression": {
                            "and": [
                              {
                                "not": {
                                  "equals": [
                                    "@outputs('Compose_18')",
                                    ""
                                  ]
                                }
                              },
                              {
                                "not": {
                                  "equals": [
                                    "@outputs('Compose_18')",
                                    "@null"
                                  ]
                                }
                              }
                            ]
                          },
                          "metadata": {
                            "operationMetadataId": "a4bf1ca4-1e9b-4293-8a1d-ac0ca8935abe"
                          },
                          "type": "If"
                        }
                      },
                      "runAfter": {},
                      "metadata": {
                        "operationMetadataId": "68e8a15a-65c1-46a9-a81b-d87166886075"
                      },
                      "type": "Foreach"
                    }
                  },
                  "runAfter": {
                    "Set_variable_12": [
                      "Succeeded"
                    ]
                  },
                  "expression": {
                    "contains": [
                      "@items('Apply_to_each_3')['Teammembers1']",
                      "results"
                    ]
                  },
                  "metadata": {
                    "operationMetadataId": "085b2807-82fb-4f52-910d-14c6c9fa78ea"
                  },
                  "type": "If"
                },
                "Check_if_supervisor_exist_or_not": {
                  "actions": {
                    "Apply_to_each_13": {
                      "foreach": "@items('Apply_to_each_3')['Supervisor1']['results']",
                      "actions": {
                        "Compose_21": {
                          "runAfter": {
                            "Compose_24": [
                              "Succeeded"
                            ]
                          },
                          "metadata": {
                            "operationMetadataId": "ef173250-1e03-4f93-a220-31b6a9742bf6"
                          },
                          "type": "Compose",
                          "inputs": "@trim(split(outputs('Compose_24'), 'i:0#.f|membership|')[1])"
                        },
                        "Get_user_profile_(V2)": {
                          "runAfter": {
                            "Compose_21": [
                              "Succeeded"
                            ]
                          },
                          "metadata": {
                            "operationMetadataId": "ef3570c8-3bf8-4ffb-b1ea-69c35235816a"
                          },
                          "type": "OpenApiConnection",
                          "inputs": {
                            "host": {
                              "connectionName": "shared_office365users_2",
                              "operationId": "UserProfile_V2",
                              "apiId": "/providers/Microsoft.PowerApps/apis/shared_office365users"
                            },
                            "parameters": {
                              "id": "@outputs('Compose_21')"
                            },
                            "authentication": "@parameters('$authentication')"
                          }
                        },
                        "Compose_22": {
                          "runAfter": {
                            "Get_user_profile_(V2)": [
                              "Succeeded"
                            ]
                          },
                          "metadata": {
                            "operationMetadataId": "c01752b5-90c3-44b1-a577-a614d6ed4a7d"
                          },
                          "type": "Compose",
                          "inputs": "@outputs('Get_user_profile_(V2)')?['body/mail']"
                        },
                        "Compose_23": {
                          "runAfter": {},
                          "metadata": {
                            "operationMetadataId": "e603a515-930a-4818-a424-cfd1181d1ed3"
                          },
                          "type": "Compose",
                          "inputs": "@items('Apply_to_each_13')"
                        },
                        "Compose_24": {
                          "runAfter": {
                            "Compose_23": [
                              "Succeeded"
                            ]
                          },
                          "metadata": {
                            "operationMetadataId": "f861b0e1-184f-487d-a6ea-55da6fd89237"
                          },
                          "type": "Compose",
                          "inputs": "@items('Apply_to_each_13')['Name']"
                        },
                        "Condition_24": {
                          "actions": {
                            "Append_to_array_variable_8": {
                              "runAfter": {},
                              "metadata": {
                                "operationMetadataId": "d4cd2586-3a3f-4de3-9bc8-794f9b0e3158"
                              },
                              "type": "AppendToArrayVariable",
                              "inputs": {
                                "name": "SupervisorArray",
                                "value": "@outputs('Get_user_profile_(V2)')?['body/mail']"
                              }
                            }
                          },
                          "runAfter": {
                            "Compose_22": [
                              "Succeeded"
                            ]
                          },
                          "else": {
                            "actions": {
                              "Append_to_array_variable_9": {
                                "runAfter": {},
                                "metadata": {
                                  "operationMetadataId": "892569d1-b82b-47c6-a68f-ae1832ddf494"
                                },
                                "type": "AppendToArrayVariable",
                                "inputs": {
                                  "name": "SupervisorArray",
                                  "value": "@outputs('Compose_21')"
                                }
                              }
                            }
                          },
                          "expression": {
                            "and": [
                              {
                                "not": {
                                  "equals": [
                                    "@outputs('Compose_22')",
                                    ""
                                  ]
                                }
                              },
                              {
                                "not": {
                                  "equals": [
                                    "@outputs('Compose_22')",
                                    "@null"
                                  ]
                                }
                              }
                            ]
                          },
                          "metadata": {
                            "operationMetadataId": "0a0ca88b-4810-4fd4-859f-4b1612f9ded6"
                          },
                          "type": "If"
                        }
                      },
                      "runAfter": {},
                      "metadata": {
                        "operationMetadataId": "927dbbd4-5544-47a5-bdda-8fe9ed92b8a3"
                      },
                      "type": "Foreach"
                    }
                  },
                  "runAfter": {
                    "Check_if_team_members_exist_or_not": [
                      "Succeeded"
                    ]
                  },
                  "expression": {
                    "contains": [
                      "@items('Apply_to_each_3')['Supervisor1']",
                      "results"
                    ]
                  },
                  "metadata": {
                    "operationMetadataId": "0b17be2e-5344-4afc-9b7a-9a6706ba3446"
                  },
                  "type": "If"
                }
              },
              "runAfter": {
                "Send_an_HTTP_request_to_SharePoint_4": [
                  "Succeeded"
                ]
              },
              "metadata": {
                "operationMetadataId": "8f4733e8-9ee4-467f-a104-7f254adb19da"
              },
              "type": "Foreach"
            },
            "Set_variable": {
              "runAfter": {
                "Compose_3": [
                  "Succeeded"
                ]
              },
              "metadata": {
                "operationMetadataId": "5be15d5a-2973-4d8a-844d-314f9f5a47a2"
              },
              "type": "SetVariable",
              "inputs": {
                "name": "AgentaArray",
                "value": "@outputs('Compose_3')"
              }
            },
            "Compose_3": {
              "runAfter": {
                "Apply_to_each_3": [
                  "Succeeded"
                ]
              },
              "metadata": {
                "operationMetadataId": "27be9711-b118-45eb-84da-3186a04426ab"
              },
              "type": "Compose",
              "inputs": "@union(variables('AgentaArray'),variables('AgentaArray'))"
            },
            "Compose_4": {
              "runAfter": {
                "Set_variable": [
                  "Succeeded"
                ]
              },
              "metadata": {
                "operationMetadataId": "8d58af53-249a-44f9-97b0-c80106df625e"
              },
              "type": "Compose",
              "inputs": "@union(variables('SupervisorArray'),variables('SupervisorArray'))"
            },
            "Set_variable_2": {
              "runAfter": {
                "Compose_4": [
                  "Succeeded"
                ]
              },
              "metadata": {
                "operationMetadataId": "c9254267-7405-4249-9980-dc27f0993851"
              },
              "type": "SetVariable",
              "inputs": {
                "name": "SupervisorArray",
                "value": "@outputs('Compose_4')"
              }
            },
            "Condition_5": {
              "actions": {
                "Apply_to_each_6": {
                  "foreach": "@variables('AgentaArray')",
                  "actions": {
                    "Apply_to_each": {
                      "foreach": "@outputs('Send_an_HTTP_request_to_SharePoint_2')?['body']?['d']?['results']",
                      "actions": {
                        "Condition_4": {
                          "actions": {
                            "Condition_6": {
                              "actions": {
                                "Append_to_string_variable": {
                                  "runAfter": {},
                                  "metadata": {
                                    "operationMetadataId": "7e4fb405-e514-41b2-830e-4875b0ebe8d5"
                                  },
                                  "type": "AppendToStringVariable",
                                  "inputs": {
                                    "name": "AgentTicketTable",
                                    "value": "<tr>\n<td style='border-left: 1px solid #dddddd;border-bottom: 1px solid #dddddd;padding:8px;width:20%;color:#444;'>@{variables('Counter')}</td>\n<td style='border-left: 1px solid #dddddd;border-bottom: 1px solid #dddddd;padding:8px;width:23%;color:#444;'><a href='@{variables('ApplicationURL')}/SitePages/HDM.aspx?#/Ticket/@{items('Apply_to_each')['IssueId']}'>@{items('Apply_to_each')['TicketSeqnumber']}</a></td>\n<td style='border: 1px solid #dddddd;padding:8px;width:20%;color:#444;'>@{decodeUriComponent(items('Apply_to_each')['Title'])}</td>\n<td style='border: 1px solid #dddddd;padding:8px;width:20%;color:#444;'>@{items('Apply_to_each')['DepartmentName']}</td>\n<td style='border: 1px solid #dddddd;padding:8px;width:20%;color:#444;'>@{items('Apply_to_each')['RequesterEmail']}</td>\n<td style='border: 1px solid #dddddd;padding:8px;width:20%;color:#444;'>@{items('Apply_to_each')['Status']}</td>\n<td style='border: 1px solid #dddddd;padding:8px;width:20%;color:#444;'>@{items('Apply_to_each')['Priority']}</td>\n<td style='border: 1px solid #dddddd;padding:8px;width:20%;color:#444;'>\n@{formatDateTime(items('Apply_to_each')['TicketCreatedDate'],'g')}</td>\n<td style='border: 1px solid #dddddd;padding:8px;width:20%;color:#444;'>\n@{div(sub(ticks(utcNow('yyyy/MM/dd')),ticks(items('Apply_to_each')['TicketCreatedDate'])),864000000000)}</td>\n</tr>"
                                  }
                                },
                                "Increment_variable": {
                                  "runAfter": {
                                    "Append_to_string_variable": [
                                      "Succeeded"
                                    ]
                                  },
                                  "metadata": {
                                    "operationMetadataId": "1a93fa5d-ff59-4dec-ae4a-f5da4c6d4588"
                                  },
                                  "type": "IncrementVariable",
                                  "inputs": {
                                    "name": "Counter",
                                    "value": 1
                                  }
                                }
                              },
                              "runAfter": {},
                              "expression": {
                                "lessOrEquals": [
                                  "@variables('Counter')",
                                  "@int(outputs('Send_an_HTTP_request_to_SharePoint')?['body']?['d']?['results']?[0]['NotifyAgents'])"
                                ]
                              },
                              "metadata": {
                                "operationMetadataId": "cc20f04f-1799-49ee-b5a3-56b672bec2af"
                              },
                              "type": "If"
                            }
                          },
                          "runAfter": {},
                          "expression": {
                            "equals": [
                              "@items('Apply_to_each_6')",
                              "@items('Apply_to_each')['AssignedTomail']"
                            ]
                          },
                          "metadata": {
                            "operationMetadataId": "4b84bd39-2bd4-44bc-8f4f-33d2e19ae854"
                          },
                          "type": "If"
                        }
                      },
                      "runAfter": {},
                      "metadata": {
                        "operationMetadataId": "e4057f6a-c6cf-4769-a3fb-cf0ab4991a3b"
                      },
                      "type": "Foreach"
                    },
                    "Set_variable_3": {
                      "runAfter": {
                        "Condition_14": [
                          "Succeeded"
                        ]
                      },
                      "metadata": {
                        "operationMetadataId": "ee14c721-8fc9-4e72-af46-c7a336a7d992"
                      },
                      "type": "SetVariable",
                      "inputs": {
                        "name": "Counter",
                        "value": 1
                      }
                    },
                    "Append_to_string_variable_2": {
                      "runAfter": {
                        "Apply_to_each": [
                          "Succeeded"
                        ]
                      },
                      "metadata": {
                        "operationMetadataId": "f2d8a580-a967-4566-9501-f13db61fd963"
                      },
                      "type": "AppendToStringVariable",
                      "inputs": {
                        "name": "AgentTicketTable",
                        "value": "</tbody>\n</table>"
                      }
                    },
                    "Set_variable_4": {
                      "runAfter": {
                        "Set_variable_3": [
                          "Succeeded"
                        ]
                      },
                      "metadata": {
                        "operationMetadataId": "165f9593-c6d8-4928-b700-1272e9e217f1"
                      },
                      "type": "SetVariable",
                      "inputs": {
                        "name": "AgentTicketTable",
                        "value": "<table class='historytable' style='border-collapse:collapse;width:100%;' ><tr class='historythrow'><th style ='border: 1px solid #fff;color:#333;padding:8px;'>S. No</th><th style ='border: 1px solid #fff;color:#333;padding:8px;' >Ticket ID</th><th style = 'border: 1px solid #fff;color:#333;padding:8px;' >Title</th><th style = 'border: 1px solid \nsolid #fff;color:#333;padding:8px;' >Department</th><th style ='border: 1px #fff;color:#333;padding:8px;' >Requester Email</th>\n<th style ='border: 1px solid #fff;color:#333;padding:8px;' >Status</th>\n<th style ='border: 1px solid #fff;color:#333;padding:8px;' >Priority</th>\n<th style ='border: 1px solid #fff;color:#333;padding:8px;' >Created On</th><th style ='border: 1px solid #fff;color:#333;padding:8px;' >Ticket Age</th></tr>"
                      }
                    },
                    "Condition_14": {
                      "actions": {
                        "Condition_15": {
                          "actions": {
                            "Compose": {
                              "runAfter": {},
                              "metadata": {
                                "operationMetadataId": "e1d21525-afa8-46f1-b0e8-06d0af674cc3"
                              },
                              "type": "Compose",
                              "inputs": "@replace(body('Filter_array')[0]['Body'], '[ticket.records]', string(sub(variables('Counter'),1)))"
                            },
                            "Send_an_email_(V2)_2": {
                              "runAfter": {
                                "Compose_6": [
                                  "Succeeded"
                                ]
                              },
                              "metadata": {
                                "operationMetadataId": "c7139d54-16fc-40f3-ab1e-4a81480d25b3"
                              },
                              "type": "OpenApiConnection",
                              "inputs": {
                                "host": {
                                  "connectionName": "shared_office365_3",
                                  "operationId": "SendEmailV2",
                                  "apiId": "/providers/Microsoft.PowerApps/apis/shared_office365"
                                },
                                "parameters": {
                                  "emailMessage/To": "@items('Apply_to_each_6')",
                                  "emailMessage/Subject": "@body('Filter_array')[0]['Subject']",
                                  "emailMessage/Body": "<style>\ntable{\nborder-collapse:collapse;\nwidth:100%;\n}\ntable th{\nborder: 1px solid #ddd;\n    color: #333;\n    padding: 8px;\n    background-color: #b2d9e0;\n}\ntable td{\nborder-left: 1px solid #dddddd;\nborder-bottom: 1px solid #dddddd;\npadding:8px;\nwidth:20%;\ncolor:#444;\n}\n</style>\n@{outputs('Compose_6')}",
                                  "emailMessage/From": "johnt@cubiclogics365.com",
                                  "emailMessage/Importance": "Normal"
                                },
                                "authentication": "@parameters('$authentication')"
                              }
                            },
                            "Compose_5": {
                              "runAfter": {
                                "Compose": [
                                  "Succeeded"
                                ]
                              },
                              "metadata": {
                                "operationMetadataId": "33eebda3-e8f7-491e-b35c-cce2930dce66"
                              },
                              "type": "Compose",
                              "inputs": "@replace(outputs('Compose'),'[ticket.reporttable]',variables('AgentTicketTable'))"
                            },
                            "Compose_6": {
                              "runAfter": {
                                "Compose_5": [
                                  "Succeeded"
                                ]
                              },
                              "metadata": {
                                "operationMetadataId": "bb28b6a4-9997-4251-a87f-6bce21ff87d6"
                              },
                              "type": "Compose",
                              "inputs": "@replace(outputs('Compose_5'),'[ticket.reportlink]',variables('AppAnchorTag'))"
                            }
                          },
                          "runAfter": {},
                          "expression": {
                            "greater": [
                              "@variables('Counter')",
                              1
                            ]
                          },
                          "metadata": {
                            "operationMetadataId": "712fa19f-5bf2-49d0-813c-17cbb23704a5"
                          },
                          "type": "If"
                        }
                      },
                      "runAfter": {
                        "Append_to_string_variable_2": [
                          "Succeeded"
                        ]
                      },
                      "expression": {
                        "and": [
                          {
                            "not": {
                              "equals": [
                                "@items('Apply_to_each_6')",
                                ""
                              ]
                            }
                          },
                          {
                            "not": {
                              "equals": [
                                "@items('Apply_to_each_6')",
                                null
                              ]
                            }
                          },
                          {
                            "not": {
                              "equals": [
                                "@items('Apply_to_each_6')",
                                "Null"
                              ]
                            }
                          }
                        ]
                      },
                      "metadata": {
                        "operationMetadataId": "2754ae54-4d66-4e6d-934f-ae3330baf3eb"
                      },
                      "type": "If"
                    }
                  },
                  "runAfter": {},
                  "metadata": {
                    "operationMetadataId": "908810d0-ee6c-4764-b3f6-27cea53abd2c"
                  },
                  "type": "Foreach"
                }
              },
              "runAfter": {
                "Filter_array_3": [
                  "Succeeded"
                ]
              },
              "expression": {
                "equals": [
                  "@body('Filter_array')[0]['IsActive']",
                  "Yes"
                ]
              },
              "metadata": {
                "operationMetadataId": "36ca9d0e-da42-4886-a690-802dacde4ebd"
              },
              "type": "If"
            },
            "Filter_array": {
              "runAfter": {
                "Set_variable_2": [
                  "Succeeded"
                ]
              },
              "metadata": {
                "operationMetadataId": "9babb91c-af50-4b12-a2a8-39c24440dca0"
              },
              "type": "Query",
              "inputs": {
                "from": "@outputs('Send_an_HTTP_request_to_SharePoint_3')?['body']?['d']?['results']",
                "where": "@contains(item()?['Title'], 'Agent - Ticket Aged Notification')"
              }
            },
            "Filter_array_2": {
              "runAfter": {
                "Filter_array": [
                  "Succeeded"
                ]
              },
              "metadata": {
                "operationMetadataId": "5f549c3f-018b-4b35-a776-64503d3a7342"
              },
              "type": "Query",
              "inputs": {
                "from": "@outputs('Send_an_HTTP_request_to_SharePoint_3')?['body']?['d']?['results']",
                "where": "@contains(item()?['Title'], 'Supervisor - Ticket Aged Notification')"
              }
            },
            "Filter_array_3": {
              "runAfter": {
                "Filter_array_2": [
                  "Succeeded"
                ]
              },
              "metadata": {
                "operationMetadataId": "bd2ab886-f169-4874-b320-341a38ce0f3b"
              },
              "type": "Query",
              "inputs": {
                "from": "@outputs('Send_an_HTTP_request_to_SharePoint_3')?['body']?['d']?['results']",
                "where": "@contains(item()?['Title'], 'Admin - Ticket Aged Notification')"
              }
            },
            "Condition_7": {
              "actions": {
                "Apply_to_each_2": {
                  "foreach": "@variables('SupervisorArray')",
                  "actions": {
                    "Apply_to_each_7": {
                      "foreach": "@outputs('Send_an_HTTP_request_to_SharePoint_2')?['body']?['d']?['results']",
                      "actions": {
                        "Condition_8": {
                          "actions": {
                            "Condition_9": {
                              "actions": {
                                "Append_to_string_variable_4": {
                                  "runAfter": {},
                                  "metadata": {
                                    "operationMetadataId": "7e4fb405-e514-41b2-830e-4875b0ebe8d5"
                                  },
                                  "type": "AppendToStringVariable",
                                  "inputs": {
                                    "name": "SuperTicketTable",
                                    "value": "<tr><td style='border-left: 1px solid #dddddd;border-bottom: 1px solid #dddddd;padding:8px;width:20%;color:#444;'>@{variables('Counter')}</td>\n<td style='border-left: 1px solid #dddddd;border-bottom: 1px solid #dddddd;padding:8px;width:23%;color:#444;'><a href='@{variables('ApplicationURL')}/SitePages/HDM.aspx?#/Ticket/@{items('Apply_to_each_7')['IssueId']}'>@{items('Apply_to_each_7')['TicketSeqnumber']}</a></td>\n<td style='border: 1px solid #dddddd;padding:8px;width:20%;color:#444;'>@{decodeUriComponent(items('Apply_to_each_7')['Title'])}</td>\n<td style='border: 1px solid #dddddd;padding:8px;width:20%;color:#444;'>@{items('Apply_to_each_7')['DepartmentName']}</td>\n<td style='border: 1px solid #dddddd;padding:8px;width:20%;color:#444;'>@{items('Apply_to_each_7')['RequesterEmail']}</td>\n<td style='border: 1px solid #dddddd;padding:8px;width:20%;color:#444;'>@{items('Apply_to_each_7')['AssignedTomail']}</td>\n<td style='border: 1px solid #dddddd;padding:8px;width:20%;color:#444;'>@{items('Apply_to_each_7')['Status']}</td>\n<td style='border: 1px solid #dddddd;padding:8px;width:20%;color:#444;'>@{items('Apply_to_each_7')['Priority']}</td>\n<td style='border: 1px solid #dddddd;padding:8px;width:20%;color:#444;'>\n@{div(sub(ticks(utcNow('yyyy/MM/dd')),ticks(items('Apply_to_each_7')['TicketCreatedDate'])),864000000000)}</td>\n<td style='border: 1px solid #dddddd;padding:8px;width:20%;color:#444;'>\n@{formatDateTime(items('Apply_to_each_7')['TicketCreatedDate'], 'g')}</td>\n<td style='border: 1px solid #dddddd;padding:8px;width:20%;color:#444;'>\n@{formatDateTime(items('Apply_to_each_7')['Modified'], 'g')}</td>\n</tr>"
                                  }
                                },
                                "Increment_variable_2": {
                                  "runAfter": {
                                    "Append_to_string_variable_4": [
                                      "Succeeded"
                                    ]
                                  },
                                  "metadata": {
                                    "operationMetadataId": "1a93fa5d-ff59-4dec-ae4a-f5da4c6d4588"
                                  },
                                  "type": "IncrementVariable",
                                  "inputs": {
                                    "name": "Counter",
                                    "value": 1
                                  }
                                }
                              },
                              "runAfter": {},
                              "expression": {
                                "lessOrEquals": [
                                  "@variables('Counter')",
                                  "@int(outputs('Send_an_HTTP_request_to_SharePoint')?['body']?['d']?['results']?[0]['NotifySupervisors'])"
                                ]
                              },
                              "metadata": {
                                "operationMetadataId": "cc20f04f-1799-49ee-b5a3-56b672bec2af"
                              },
                              "type": "If"
                            }
                          },
                          "runAfter": {},
                          "expression": {
                            "equals": [
                              "@items('Apply_to_each_2')",
                              "@items('Apply_to_each_7')['AssignedTomail']"
                            ]
                          },
                          "metadata": {
                            "operationMetadataId": "4b84bd39-2bd4-44bc-8f4f-33d2e19ae854"
                          },
                          "type": "If"
                        }
                      },
                      "runAfter": {},
                      "metadata": {
                        "operationMetadataId": "e4057f6a-c6cf-4769-a3fb-cf0ab4991a3b"
                      },
                      "type": "Foreach"
                    },
                    "Set_variable_5": {
                      "runAfter": {
                        "Condition_16": [
                          "Succeeded"
                        ]
                      },
                      "metadata": {
                        "operationMetadataId": "ee14c721-8fc9-4e72-af46-c7a336a7d992"
                      },
                      "type": "SetVariable",
                      "inputs": {
                        "name": "Counter",
                        "value": 1
                      }
                    },
                    "Append_to_string_variable_3": {
                      "runAfter": {
                        "Apply_to_each_7": [
                          "Succeeded"
                        ]
                      },
                      "metadata": {
                        "operationMetadataId": "f2d8a580-a967-4566-9501-f13db61fd963"
                      },
                      "type": "AppendToStringVariable",
                      "inputs": {
                        "name": "SuperTicketTable",
                        "value": "</tbody>\n</table>"
                      }
                    },
                    "Set_variable_6": {
                      "runAfter": {
                        "Set_variable_5": [
                          "Succeeded"
                        ]
                      },
                      "metadata": {
                        "operationMetadataId": "165f9593-c6d8-4928-b700-1272e9e217f1"
                      },
                      "type": "SetVariable",
                      "inputs": {
                        "name": "SuperTicketTable",
                        "value": "<table class=\"historytable\" style=\"border-collapse:collapse;width:100%;\" >\n<thead>\n<tr style=\"background:#b2d9e0;border: 1px solid #dddddd;\"><th style =\"border: 1px solid #dddddd;color:#333;padding:8px;font-weight: 500;\">S. No</th><th style =\"border: 1px solid #dddddd;color:#333;padding:8px;font-weight: 500;\" >Ticket ID</th><th style = \"border: 1px solid #dddddd;color:#333;padding:8px;font-weight: 500;\" >Title</th><th style =\"border: 1px solid #dddddd;color:#333;padding:8px;font-weight: 500;\" >Department</th><th style = \"border: 1px solid #dddddd;color:#333;padding:8px;font-weight: 500;\" >Requester Email</th><th style =\"border: 1px solid #dddddd;color:#333;padding:8px;font-weight: 500;\" >Assigned To</th>\n<th style =\"border: 1px solid #dddddd;color:#333;padding:8px;font-weight: 500;\" >Status</th><th style =\"border: 1px solid #dddddd;color:#333;padding:8px;font-weight: 500;\" >Priority</th><th style =\"border: 1px solid #dddddd;color:#333;padding:8px;font-weight: 500;\" >Ticket Age</th><th style = \"border: 1px solid #dddddd;color:#333;padding:8px;font-weight: 500;\" >Created On</th><th style = \"border: 1px solid #dddddd;color:#333;padding:8px;font-weight: 500;\" >Modified On</th>\n</tr>\n</thead>\n<tbody>"
                      }
                    },
                    "Condition_16": {
                      "actions": {
                        "Compose_7": {
                          "runAfter": {},
                          "metadata": {
                            "operationMetadataId": "9687e5ab-2682-4d2b-aacd-6177997666cc"
                          },
                          "type": "Compose",
                          "inputs": "@replace(body('Filter_array_2')[0]['Body'], '[ticket.records]', string(sub(variables('Counter'),1)))"
                        },
                        "Compose_8": {
                          "runAfter": {
                            "Compose_7": [
                              "Succeeded"
                            ]
                          },
                          "metadata": {
                            "operationMetadataId": "e81a1db4-cd1f-456e-96d7-37ac54d54438"
                          },
                          "type": "Compose",
                          "inputs": "@replace(outputs('Compose_7'), '[ticket.reporttable]', variables('SuperTicketTable'))"
                        },
                        "Compose_9": {
                          "runAfter": {
                            "Compose_8": [
                              "Succeeded"
                            ]
                          },
                          "metadata": {
                            "operationMetadataId": "226ca184-4b36-4e58-81a7-9e6f553114a4"
                          },
                          "type": "Compose",
                          "inputs": "@replace(outputs('Compose_8'), '[ticket.reportlink]', variables('AppAnchorTag'))"
                        },
                        "Send_an_email_(V2)": {
                          "runAfter": {
                            "Compose_9": [
                              "Succeeded"
                            ]
                          },
                          "metadata": {
                            "operationMetadataId": "c7139d54-16fc-40f3-ab1e-4a81480d25b3"
                          },
                          "type": "OpenApiConnection",
                          "inputs": {
                            "host": {
                              "connectionName": "shared_office365_3",
                              "operationId": "SendEmailV2",
                              "apiId": "/providers/Microsoft.PowerApps/apis/shared_office365"
                            },
                            "parameters": {
                              "emailMessage/To": "@items('Apply_to_each_2')",
                              "emailMessage/Subject": "@body('Filter_array')[0]['Subject']",
                              "emailMessage/Body": "<style>\ntable{\nborder-collapse:collapse;\nwidth:100%;\n}\ntable th{\nborder: 1px solid #fff;\ncolor:#333;\npadding:8px;\n}\ntable td{\nborder-left: 1px solid #dddddd;\nborder-bottom: 1px solid #dddddd;\npadding:8px;\nwidth:20%;\ncolor:#444;\n}\n</style>\n@{outputs('Compose_9')}",
                              "emailMessage/Importance": "Normal"
                            },
                            "authentication": "@parameters('$authentication')"
                          }
                        }
                      },
                      "runAfter": {
                        "Append_to_string_variable_3": [
                          "Succeeded"
                        ]
                      },
                      "expression": {
                        "greater": [
                          "@variables('Counter')",
                          1
                        ]
                      },
                      "metadata": {
                        "operationMetadataId": "4e900d99-aad7-4393-9088-e09adbd63184"
                      },
                      "type": "If"
                    }
                  },
                  "runAfter": {},
                  "metadata": {
                    "operationMetadataId": "908810d0-ee6c-4764-b3f6-27cea53abd2c"
                  },
                  "type": "Foreach"
                }
              },
              "runAfter": {
                "Condition_5": [
                  "Succeeded"
                ]
              },
              "expression": {
                "equals": [
                  "@body('Filter_array_2')[0]['IsActive']",
                  "Yes"
                ]
              },
              "metadata": {
                "operationMetadataId": "36ca9d0e-da42-4886-a690-802dacde4ebd"
              },
              "type": "If"
            },
            "Condition_10": {
              "actions": {
                "Send_an_HTTP_request_to_SharePoint_5": {
                  "runAfter": {},
                  "metadata": {
                    "operationMetadataId": "3080d23f-b0ac-451a-9ae6-c3f7ca6e1dbf"
                  },
                  "type": "OpenApiConnection",
                  "inputs": {
                    "host": {
                      "connectionName": "shared_sharepointonline",
                      "operationId": "HttpRequest",
                      "apiId": "/providers/Microsoft.PowerApps/apis/shared_sharepointonline"
                    },
                    "parameters": {
                      "dataset": "@variables('ApplicationURL')",
                      "parameters/method": "GET",
                      "parameters/uri": "_api/web/lists/getbytitle('HR365HDMUsers')/items?$filter= Roles eq 'Admin'",
                      "parameters/headers": {
                        "Accept": "application/json; odata=verbos",
                        "Content-Type": "application/json"
                      }
                    },
                    "authentication": "@parameters('$authentication')"
                  }
                },
                "Apply_to_each_11": {
                  "foreach": "@body('Send_an_HTTP_request_to_SharePoint_5')?['d']?['results']",
                  "actions": {
                    "Append_to_array_variable_3": {
                      "runAfter": {},
                      "metadata": {
                        "operationMetadataId": "5c82e146-31d4-4b37-920d-dadca81caa5d"
                      },
                      "type": "AppendToArrayVariable",
                      "inputs": {
                        "name": "AllAdminArray",
                        "value": "@items('Apply_to_each_11')['Email']"
                      }
                    }
                  },
                  "runAfter": {
                    "Send_an_HTTP_request_to_SharePoint_5": [
                      "Succeeded"
                    ]
                  },
                  "metadata": {
                    "operationMetadataId": "04e001eb-b5bf-485b-bb62-5033ce8b4221"
                  },
                  "type": "Foreach"
                },
                "Set_variable_8": {
                  "runAfter": {
                    "Set_variable_7": [
                      "Succeeded"
                    ]
                  },
                  "metadata": {
                    "operationMetadataId": "165f9593-c6d8-4928-b700-1272e9e217f1"
                  },
                  "type": "SetVariable",
                  "inputs": {
                    "name": "AdminTicketTable",
                    "value": "<table class=\"historytable\" style=\"border-collapse:collapse;width:100%;\" >\n<thead>\n<tr style=\"background:#b2d9e0;border: 1px solid #dddddd;\"><th style =\"border: 1px solid #dddddd;color:#333;padding:8px;font-weight: 500;\">S. No</th><th style =\"border: 1px solid #dddddd;color:#333;padding:8px;font-weight: 500;\" >Ticket ID</th><th style = \"border: 1px solid #dddddd;color:#333;padding:8px;font-weight: 500;\" >Title</th><th style =\"border: 1px solid #dddddd;color:#333;padding:8px;font-weight: 500;\" >Department</th><th style = \"border: 1px solid #dddddd;color:#333;padding:8px;font-weight: 500;\" >Requester Email</th><th style =\"border: 1px solid #dddddd;color:#333;padding:8px;font-weight: 500;\" >Assigned To</th><th style =\"border: 1px solid #dddddd;color:#333;padding:8px;font-weight: 500;\" >Status</th><th style =\"border: 1px solid #dddddd;color:#333;padding:8px;font-weight: 500;\" >Priority</th><th style =\"border: 1px solid #dddddd;color:#333;padding:8px;font-weight: 500;\" >Ticket Age</th><th style = \"border: 1px solid #dddddd;color:#333;padding:8px;font-weight: 500;\" >Created On</th><th style = \"border: 1px solid #dddddd;color:#333;padding:8px;font-weight: 500;\" >Modified On</th>\n</tr>\n</thead>\n<tbody>"
                  }
                },
                "Set_variable_7": {
                  "runAfter": {
                    "Append_to_string_variable_5": [
                      "Succeeded"
                    ]
                  },
                  "metadata": {
                    "operationMetadataId": "ee14c721-8fc9-4e72-af46-c7a336a7d992"
                  },
                  "type": "SetVariable",
                  "inputs": {
                    "name": "Counter",
                    "value": 1
                  }
                },
                "Apply_to_each_9": {
                  "foreach": "@body('Send_an_HTTP_request_to_SharePoint_2')?['d']?['results']",
                  "actions": {
                    "Condition_12": {
                      "actions": {
                        "Append_to_string_variable_6": {
                          "runAfter": {},
                          "metadata": {
                            "operationMetadataId": "7e4fb405-e514-41b2-830e-4875b0ebe8d5"
                          },
                          "type": "AppendToStringVariable",
                          "inputs": {
                            "name": "AdminTicketTable",
                            "value": "<tr><td style='border-left: 1px solid #dddddd;border-bottom: 1px solid #dddddd;padding:8px;width:20%;color:#444;'>@{variables('Counter')}</td>\n<td style='border-left: 1px solid #dddddd;border-bottom: 1px solid #dddddd;padding:8px;width:23%;color:#444;'><a href='@{variables('ApplicationURL')}/SitePages/HDM.aspx?#/Ticket/@{items('Apply_to_each_9')['IssueId']}'>@{items('Apply_to_each_9')['TicketSeqnumber']}</a></td>\n<td style='border: 1px solid #dddddd;padding:8px;width:20%;color:#444;'>@{decodeUriComponent(items('Apply_to_each_9')['Title'])}</td>\n<td style='border: 1px solid #dddddd;padding:8px;width:20%;color:#444;'>@{items('Apply_to_each_9')['DepartmentName']}</td>\n<td style='border: 1px solid #dddddd;padding:8px;width:20%;color:#444;'>@{items('Apply_to_each_9')['RequesterEmail']}</td>\n<td style='border: 1px solid #dddddd;padding:8px;width:20%;color:#444;'>@{items('Apply_to_each_9')['AssignedTomail']}</td>\n<td style='border: 1px solid #dddddd;padding:8px;width:20%;color:#444;'>@{items('Apply_to_each_9')['Status']}</td>\n<td style='border: 1px solid #dddddd;padding:8px;width:20%;color:#444;'>@{items('Apply_to_each_9')['Priority']}</td>\n<td style='border: 1px solid #dddddd;padding:8px;width:20%;color:#444;'>\n@{div(sub(ticks(utcNow('yyyy/MM/dd')),ticks(items('Apply_to_each_9')['TicketCreatedDate'])),864000000000)}</td>\n<td style='border: 1px solid #dddddd;padding:8px;width:20%;color:#444;'>\n@{formatDateTime(items('Apply_to_each_9')['TicketCreatedDate'], 'g')}</td>\n<td style='border: 1px solid #dddddd;padding:8px;width:20%;color:#444;'>\n@{formatDateTime(items('Apply_to_each_9')['Modified'], 'g')}</td>\n</tr>"
                          }
                        },
                        "Increment_variable_3": {
                          "runAfter": {
                            "Append_to_string_variable_6": [
                              "Succeeded"
                            ]
                          },
                          "metadata": {
                            "operationMetadataId": "1a93fa5d-ff59-4dec-ae4a-f5da4c6d4588"
                          },
                          "type": "IncrementVariable",
                          "inputs": {
                            "name": "Counter",
                            "value": 1
                          }
                        }
                      },
                      "runAfter": {},
                      "expression": {
                        "lessOrEquals": [
                          "@variables('Counter')",
                          "@int(outputs('Send_an_HTTP_request_to_SharePoint')?['body']?['d']?['results']?[0]['NotifyAdmins'])"
                        ]
                      },
                      "metadata": {
                        "operationMetadataId": "cc20f04f-1799-49ee-b5a3-56b672bec2af"
                      },
                      "type": "If"
                    }
                  },
                  "runAfter": {
                    "Apply_to_each_11": [
                      "Succeeded"
                    ]
                  },
                  "metadata": {
                    "operationMetadataId": "e4057f6a-c6cf-4769-a3fb-cf0ab4991a3b"
                  },
                  "type": "Foreach"
                },
                "Append_to_string_variable_5": {
                  "runAfter": {
                    "Condition_11": [
                      "Succeeded"
                    ]
                  },
                  "metadata": {
                    "operationMetadataId": "f2d8a580-a967-4566-9501-f13db61fd963"
                  },
                  "type": "AppendToStringVariable",
                  "inputs": {
                    "name": "AdminTicketTable",
                    "value": "</tbody>\n</table>"
                  }
                },
                "Condition_11": {
                  "actions": {
                    "Condition_17": {
                      "actions": {
                        "Compose_10": {
                          "runAfter": {},
                          "metadata": {
                            "operationMetadataId": "c6d3daa5-eff5-4cfe-bd5d-19fb1f014f50"
                          },
                          "type": "Compose",
                          "inputs": "@replace(body('Filter_array_3')[0]['Body'], '[ticket.records]', string(sub(variables('Counter'),1)))"
                        },
                        "Compose_12": {
                          "runAfter": {
                            "Compose_10": [
                              "Succeeded"
                            ]
                          },
                          "metadata": {
                            "operationMetadataId": "a885d1be-87bb-4203-910b-44e0a0ffa72e"
                          },
                          "type": "Compose",
                          "inputs": "@replace(outputs('Compose_10'), '[ticket.reportlink]', variables('AppAnchorTag'))"
                        },
                        "Compose_11": {
                          "runAfter": {
                            "Compose_16": [
                              "Succeeded"
                            ]
                          },
                          "metadata": {
                            "operationMetadataId": "e9c6917c-1a07-42ac-8cd9-2da15fefdb59"
                          },
                          "type": "Compose",
                          "inputs": "@replace(outputs('Compose_16'), '[ticket.reporttable]', variables('AdminTicketTable'))"
                        },
                        "Compose_16": {
                          "runAfter": {
                            "Compose_12": [
                              "Succeeded"
                            ]
                          },
                          "metadata": {
                            "operationMetadataId": "e8d4a855-ae20-446d-906e-06dff270d1f9"
                          },
                          "type": "Compose",
                          "inputs": "@replace(outputs('Compose_12'), '[unsubscribe_url]', variables('AppunscubscribeURL'))"
                        },
                        "Condition_22": {
                          "actions": {
                            "Send_an_email_(V2)_3": {
                              "runAfter": {},
                              "metadata": {
                                "operationMetadataId": "c7139d54-16fc-40f3-ab1e-4a81480d25b3"
                              },
                              "type": "OpenApiConnection",
                              "inputs": {
                                "host": {
                                  "connectionName": "shared_office365_3",
                                  "operationId": "SendEmailV2",
                                  "apiId": "/providers/Microsoft.PowerApps/apis/shared_office365"
                                },
                                "parameters": {
                                  "emailMessage/To": "@join(variables('AllAdminArray'),';')",
                                  "emailMessage/Subject": "@body('Filter_array_3')[0]['Subject']",
                                  "emailMessage/Body": "<style>\ntable{\nborder-collapse:collapse;\nwidth:100%;\n}\ntable th{\nborder: 1px solid #fff;\ncolor:#333;\npadding:8px;\n}\ntable td{\nborder-left: 1px solid #dddddd;\nborder-bottom: 1px solid #dddddd;\npadding:8px;\nwidth:20%;\ncolor:#444;\n}\n</style>\n@{outputs('Compose_11')}",
                                  "emailMessage/Importance": "Normal"
                                },
                                "authentication": "@parameters('$authentication')"
                              }
                            }
                          },
                          "runAfter": {
                            "Compose_11": [
                              "Succeeded"
                            ]
                          },
                          "else": {
                            "actions": {
                              "Send_an_email_(V2)_5": {
                                "runAfter": {},
                                "metadata": {
                                  "operationMetadataId": "e4ba611e-c00d-4f19-b282-210599c135d8"
                                },
                                "type": "OpenApiConnection",
                                "inputs": {
                                  "host": {
                                    "connectionName": "shared_office365_3",
                                    "operationId": "SendEmailV2",
                                    "apiId": "/providers/Microsoft.PowerApps/apis/shared_office365"
                                  },
                                  "parameters": {
                                    "emailMessage/To": "@join(variables('AllAdminArray'),';')",
                                    "emailMessage/Subject": "@body('Filter_array_3')[0]['Subject']",
                                    "emailMessage/Body": "<style>\ntable{\nborder-collapse:collapse;\nwidth:100%;\n}\ntable th{\nborder: 1px solid #fff;\ncolor:#333;\npadding:8px;\n}\ntable td{\nborder-left: 1px solid #dddddd;\nborder-bottom: 1px solid #dddddd;\npadding:8px;\nwidth:20%;\ncolor:#444;\n}\n</style>\n@{outputs('Compose_11')}",
                                    "emailMessage/Cc": "@join(variables('CCusersforEmail'),';')",
                                    "emailMessage/Importance": "Normal"
                                  },
                                  "authentication": "@parameters('$authentication')"
                                }
                              }
                            }
                          },
                          "expression": {
                            "equals": [
                              "@length(variables('CCusersforEmail'))",
                              0
                            ]
                          },
                          "metadata": {
                            "operationMetadataId": "df2bb2d1-7851-4816-9201-3cd487e45baf"
                          },
                          "type": "If"
                        }
                      },
                      "runAfter": {},
                      "expression": {
                        "greater": [
                          "@variables('Counter')",
                          1
                        ]
                      },
                      "metadata": {
                        "operationMetadataId": "ad37712f-c5bd-4253-9fe5-70b4c98e2607"
                      },
                      "type": "If"
                    }
                  },
                  "runAfter": {
                    "Condition_20": [
                      "Succeeded"
                    ]
                  },
                  "else": {
                    "actions": {
                      "Condition_18": {
                        "actions": {
                          "Compose_13": {
                            "runAfter": {},
                            "metadata": {
                              "operationMetadataId": "f9cd08ca-6751-4cac-ba0f-2162df4cb9e1"
                            },
                            "type": "Compose",
                            "inputs": "@replace(body('Filter_array_3')[0]['MessageBody1'], '[ticket.records]', string(sub(variables('Counter'),1)))"
                          },
                          "Compose_14": {
                            "runAfter": {
                              "Compose_13": [
                                "Succeeded"
                              ]
                            },
                            "metadata": {
                              "operationMetadataId": "cf419e5d-edad-43f7-8dd4-f02f588e119f"
                            },
                            "type": "Compose",
                            "inputs": "@replace(outputs('Compose_13'), '[ticket.reporttable]', variables('AdminTicketTable'))"
                          },
                          "Compose_15": {
                            "runAfter": {
                              "Compose_14": [
                                "Succeeded"
                              ]
                            },
                            "metadata": {
                              "operationMetadataId": "fcb1a82a-b34d-4c5f-9066-a1dab7d7828a"
                            },
                            "type": "Compose",
                            "inputs": "@replace(outputs('Compose_14'), '[ticket.reportlink]', variables('AppAnchorTag'))"
                          },
                          "Send_an_email_(V2)_4": {
                            "runAfter": {
                              "Compose_15": [
                                "Succeeded"
                              ]
                            },
                            "metadata": {
                              "operationMetadataId": "f0942029-541f-49ce-8515-a1ffde107fdf"
                            },
                            "type": "OpenApiConnection",
                            "inputs": {
                              "host": {
                                "connectionName": "shared_office365_3",
                                "operationId": "SendEmailV2",
                                "apiId": "/providers/Microsoft.PowerApps/apis/shared_office365"
                              },
                              "parameters": {
                                "emailMessage/To": "@join(variables('AllAdminArray'),';')",
                                "emailMessage/Subject": "@body('Filter_array_3')[0]['MessageSubject']",
                                "emailMessage/Body": "<p>&lt;style&gt;<br>\ntable{<br>\nborder-collapse:collapse;<br>\nwidth:100%;<br>\n}<br>\ntable th{<br>\nborder: 1px solid #fff;<br>\ncolor:#333;<br>\npadding:8px;<br>\n}<br>\ntable td{<br>\nborder-left: 1px solid #dddddd;<br>\nborder-bottom: 1px solid #dddddd;<br>\npadding:8px;<br>\nwidth:20%;<br>\ncolor:#444;<br>\n}<br>\n&lt;/style&gt;<br>\n@{outputs('Compose_15')}</p>",
                                "emailMessage/Importance": "Normal"
                              },
                              "authentication": "@parameters('$authentication')"
                            }
                          }
                        },
                        "runAfter": {},
                        "expression": {
                          "greater": [
                            "@variables('Counter')",
                            1
                          ]
                        },
                        "metadata": {
                          "operationMetadataId": "5d1b9b99-20c5-4fb5-9260-27c112db1b92"
                        },
                        "type": "If"
                      }
                    }
                  },
                  "expression": {
                    "not": {
                      "equals": [
                        "@body('Filter_array_3')[0]['CcEnabled']",
                        "No"
                      ]
                    }
                  },
                  "metadata": {
                    "operationMetadataId": "99be6693-846d-4459-bcb4-5c46f15d65b2"
                  },
                  "type": "If"
                },
                "Condition_20": {
                  "actions": {
                    "Apply_to_each_10": {
                      "foreach": "@split(body('Filter_array_3')[0]['EmailSentTo'],';')",
                      "actions": {
                        "Condition_21": {
                          "actions": {
                            "Append_to_array_variable_5": {
                              "runAfter": {},
                              "metadata": {
                                "operationMetadataId": "a0851ce3-b4d7-4189-8fa6-de4da8b33823"
                              },
                              "type": "AppendToArrayVariable",
                              "inputs": {
                                "name": "CCusersforEmail",
                                "value": "@items('Apply_to_each_10')"
                              }
                            }
                          },
                          "runAfter": {},
                          "expression": {
                            "not": {
                              "contains": [
                                "@variables('UnsubscribedEmails')",
                                "@items('Apply_to_each_10')"
                              ]
                            }
                          },
                          "metadata": {
                            "operationMetadataId": "41e1faed-56a6-402c-8a2b-e94de3502f2b"
                          },
                          "type": "If"
                        }
                      },
                      "runAfter": {},
                      "metadata": {
                        "operationMetadataId": "e15027db-2913-43ac-a47e-73262d5d8248"
                      },
                      "type": "Foreach"
                    }
                  },
                  "runAfter": {
                    "Apply_to_each_9": [
                      "Succeeded"
                    ]
                  },
                  "expression": {
                    "and": [
                      {
                        "not": {
                          "equals": [
                            "@body('Filter_array_3')[0]['EmailSentTo']",
                            ""
                          ]
                        }
                      },
                      {
                        "not": {
                          "equals": [
                            "@body('Filter_array_3')[0]['EmailSentTo']",
                            null
                          ]
                        }
                      },
                      {
                        "not": {
                          "equals": [
                            "@body('Filter_array_3')[0]['EmailSentTo']",
                            "@null"
                          ]
                        }
                      }
                    ]
                  },
                  "metadata": {
                    "operationMetadataId": "e48e46b5-a81e-4dc3-a8cf-b53111ecdc8b"
                  },
                  "type": "If"
                }
              },
              "runAfter": {
                "Condition_7": [
                  "Succeeded"
                ]
              },
              "expression": {
                "equals": [
                  "@body('Filter_array_3')[0]['IsActive']",
                  "Yes"
                ]
              },
              "metadata": {
                "operationMetadataId": "36ca9d0e-da42-4886-a690-802dacde4ebd"
              },
              "type": "If"
            },
            "Compose_25": {
              "runAfter": {
                "Send_an_HTTP_request_to_SharePoint_2": [
                  "Succeeded"
                ]
              },
              "metadata": {
                "operationMetadataId": "dcfabf5e-b297-4bd3-979c-b41cd8dd360d"
              },
              "type": "Compose",
              "inputs": "@{addDays(utcNow(), mul(int(outputs('Send_an_HTTP_request_to_SharePoint')?['body']?['d']?['results']?[0]['EmailReports']),-1))}, "
            }
          },
          "runAfter": {
            "Check_for_unsubscribed_emails": [
              "Succeeded"
            ]
          },
          "expression": {
            "equals": [
              "@outputs('Send_an_HTTP_request_to_SharePoint')?['body']?['d']?['results']?[0]['TicketAgingReports']",
              "On"
            ]
          },
          "metadata": {
            "operationMetadataId": "4f70a9b3-2feb-4d8d-8d6b-4225091f3578"
          },
          "type": "If"
        },
        "AgentTicketTable": {
          "runAfter": {
            "AllAdminArray": [
              "Succeeded"
            ]
          },
          "metadata": {
            "operationMetadataId": "885e8696-1a2d-4d53-bf90-f53aa172a550"
          },
          "type": "InitializeVariable",
          "inputs": {
            "variables": [
              {
                "name": "AgentTicketTable",
                "type": "string",
                "value": "<table class=\"historytable\" style=\"border-collapse:collapse;width:100%;\" >\n<thead>\n<tr style=\"background:#b2d9e0;border: 1px solid #dddddd;\">\n<th style =\"border: 1px solid #dddddd;color:#333;padding:8px;font-weight: 500;\">S.no</th>\n<th style =\"border: 1px solid #dddddd;color:#333;padding:8px;font-weight: 500;\" >Ticket ID</th>\n<th style = \"border: 1px solid #dddddd;color:#333;padding:8px;font-weight: 500;\" >Title</th>\n<th style =\"border: 1px solid #dddddd;color:#333;padding:8px;font-weight: 500;\" >Department</th>\n<th style = \"border: 1px solid #dddddd;color:#333;padding:8px;font-weight: 500;\" >Email</th>\n<th style =\"border: 1px solid #dddddd;color:#333;padding:8px;font-weight: 500;\" >Status</th>\n<th style =\"border: 1px solid #dddddd;color:#333;padding:8px;font-weight: 500;\" >Priority</th>\n<th style =\"border: 1px solid #dddddd;color:#333;padding:8px;font-weight: 500;\" >Created On</th>\n<th style =\"border: 1px solid #dddddd;color:#333;padding:8px;font-weight: 500;\" >Ticket Age</th>\n</tr>\n</thead>\n<tbody>"
              }
            ]
          }
        },
        "SuperTicketTable": {
          "runAfter": {
            "AgentTicketTable": [
              "Succeeded"
            ]
          },
          "metadata": {
            "operationMetadataId": "eddb96d7-e07d-408c-ac84-ce7168c17a4d"
          },
          "type": "InitializeVariable",
          "inputs": {
            "variables": [
              {
                "name": "SuperTicketTable",
                "type": "string",
                "value": "<table class=\"historytable\" style=\"border-collapse:collapse;width:100%;\" >\n<thead>\n<tr style=\"background:#b2d9e0;border: 1px solid #dddddd;\">\n<th style =\"border: 1px solid #dddddd;color:#333;padding:8px;font-weight: 500;\">S.no</th>\n<th style =\"border: 1px solid #dddddd;color:#333;padding:8px;font-weight: 500;\" >Ticket ID</th>\n<th style = \"border: 1px solid #dddddd;color:#333;padding:8px;font-weight: 500;\" >Title</th>\n<th style =\"border: 1px solid #dddddd;color:#333;padding:8px;font-weight: 500;\" >Department</th>\n<th style = \"border: 1px solid #dddddd;color:#333;padding:8px;font-weight: 500;\" >Email</th>\n<th style =\"border: 1px solid #dddddd;color:#333;padding:8px;font-weight: 500;\" >Assigned To</th>\n<th style =\"border: 1px solid #dddddd;color:#333;padding:8px;font-weight: 500;\" >Status</th>\n<th style =\"border: 1px solid #dddddd;color:#333;padding:8px;font-weight: 500;\" >Priority</th>\n<th style =\"border: 1px solid #dddddd;color:#333;padding:8px;font-weight: 500;\" >Ticket Age</th>\n<th style =\"border: 1px solid #dddddd;color:#333;padding:8px;font-weight: 500;\" >Created On</th>\n<th style =\"border: 1px solid #dddddd;color:#333;padding:8px;font-weight: 500;\" >Modified On</th>\n</tr>\n</thead>\n<tbody>"
              }
            ]
          }
        },
        "AdminTicketTable": {
          "runAfter": {
            "SuperTicketTable": [
              "Succeeded"
            ]
          },
          "metadata": {
            "operationMetadataId": "c80ddbe1-40c1-499b-814a-77c57bb28ca4"
          },
          "type": "InitializeVariable",
          "inputs": {
            "variables": [
              {
                "name": "AdminTicketTable",
                "type": "string",
                "value": "<table class=\"historytable\" style=\"border-collapse:collapse;width:100%;\" >\n<thead>\n<tr style=\"background:#b2d9e0;border: 1px solid #dddddd;\">\n<th style =\"border: 1px solid #dddddd;color:#333;padding:8px;font-weight: 500;\">S.no</th>\n<th style =\"border: 1px solid #dddddd;color:#333;padding:8px;font-weight: 500;\" >Ticket ID</th>\n<th style = \"border: 1px solid #dddddd;color:#333;padding:8px;font-weight: 500;\" >Title</th>\n<th style =\"border: 1px solid #dddddd;color:#333;padding:8px;font-weight: 500;\" >Department</th>\n<th style = \"border: 1px solid #dddddd;color:#333;padding:8px;font-weight: 500;\" >Email</th>\n<th style =\"border: 1px solid #dddddd;color:#333;padding:8px;font-weight: 500;\" >Assigned To</th>\n<th style =\"border: 1px solid #dddddd;color:#333;padding:8px;font-weight: 500;\" >Status</th>\n<th style =\"border: 1px solid #dddddd;color:#333;padding:8px;font-weight: 500;\" >Priority</th>\n<th style =\"border: 1px solid #dddddd;color:#333;padding:8px;font-weight: 500;\" >Ticket Age</th>\n<th style =\"border: 1px solid #dddddd;color:#333;padding:8px;font-weight: 500;\" >Created On</th>\n<th style =\"border: 1px solid #dddddd;color:#333;padding:8px;font-weight: 500;\" >Modified On</th>\n</tr>\n</thead>\n<tbody>"
              }
            ]
          }
        },
        "SLno": {
          "runAfter": {
            "AdminTicketTable": [
              "Succeeded"
            ]
          },
          "metadata": {
            "operationMetadataId": "eec9aad6-bd72-4eff-ad6d-0e8d56817695"
          },
          "type": "InitializeVariable",
          "inputs": {
            "variables": [
              {
                "name": "Counter",
                "type": "integer",
                "value": 1
              }
            ]
          }
        },
        "AppAnchorTag": {
          "runAfter": {
            "SitePageTitle": [
              "Succeeded"
            ]
          },
          "metadata": {
            "operationMetadataId": "c9b6b2d9-6b3a-42a8-843d-ce7a61fb8cc0"
          },
          "type": "InitializeVariable",
          "inputs": {
            "variables": [
              {
                "name": "AppAnchorTag",
                "type": "string",
                "value": "<a href=\"@{variables('ApplicationURL')}/SitePages/@{variables('SitePageTitle')}.aspx?\">Click here</a>"
              }
            ]
          }
        },
        "AppunscubscribeURL": {
          "runAfter": {
            "AppAnchorTag": [
              "Succeeded"
            ]
          },
          "metadata": {
            "operationMetadataId": "2af53bde-35df-46ff-8796-a94f1c94d2af"
          },
          "type": "InitializeVariable",
          "inputs": {
            "variables": [
              {
                "name": "AppunscubscribeURL",
                "type": "string",
                "value": "<a href=\"@{variables('ApplicationURL')}/SitePages/@{variables('SitePageTitle')}.aspx#/Unsubscribed\">Click here</a>"
              }
            ]
          }
        },
        "Initialize_variable_3": {
          "runAfter": {
            "SupervisorEmail": [
              "Succeeded"
            ]
          },
          "metadata": {
            "operationMetadataId": "3a1b1d9c-70e5-4ac5-a9bc-bba693c87938"
          },
          "type": "InitializeVariable",
          "inputs": {
            "variables": [
              {
                "name": "UnsubscribedEmails",
                "type": "array"
              }
            ]
          }
        },
        "Check_for_unsubscribed_emails": {
          "actions": {
            "Apply_to_each_8": {
              "foreach": "@json(outputs('Send_an_HTTP_request_to_SharePoint')?['body']?['d']?['results']?[0]['UnsubscribeList'])",
              "actions": {
                "Condition_19": {
                  "actions": {
                    "Append_to_array_variable_4": {
                      "runAfter": {},
                      "metadata": {
                        "operationMetadataId": "6c4ca1ce-340a-4571-ab3e-8e07254b9c2a"
                      },
                      "type": "AppendToArrayVariable",
                      "inputs": {
                        "name": "UnsubscribedEmails",
                        "value": "@items('Apply_to_each_8')['Email']"
                      }
                    }
                  },
                  "runAfter": {},
                  "expression": {
                    "and": [
                      {
                        "not": {
                          "equals": [
                            "@items('Apply_to_each_8')['Email']",
                            ""
                          ]
                        }
                      },
                      {
                        "not": {
                          "equals": [
                            "@items('Apply_to_each_8')['Email']",
                            null
                          ]
                        }
                      },
                      {
                        "not": {
                          "equals": [
                            "@items('Apply_to_each_8')['Email']",
                            "@null"
                          ]
                        }
                      }
                    ]
                  },
                  "metadata": {
                    "operationMetadataId": "a6c44a0b-528b-4b6f-8378-ae09e0bb59ed"
                  },
                  "type": "If"
                }
              },
              "runAfter": {},
              "metadata": {
                "operationMetadataId": "ca95d554-e1a4-4abb-92f7-3a3283bc0d9d"
              },
              "type": "Foreach"
            }
          },
          "runAfter": {
            "Send_an_HTTP_request_to_SharePoint": [
              "Succeeded"
            ]
          },
          "expression": {
            "and": [
              {
                "not": {
                  "equals": [
                    "@outputs('Send_an_HTTP_request_to_SharePoint')?['body']?['d']?['results']?[0]['UnsubscribeList']",
                    ""
                  ]
                }
              },
              {
                "not": {
                  "equals": [
                    "@outputs('Send_an_HTTP_request_to_SharePoint')?['body']?['d']?['results']?[0]['UnsubscribeList']",
                    null
                  ]
                }
              },
              {
                "not": {
                  "equals": [
                    "@outputs('Send_an_HTTP_request_to_SharePoint')?['body']?['d']?['results']?[0]['UnsubscribeList']",
                    "@null"
                  ]
                }
              }
            ]
          },
          "metadata": {
            "operationMetadataId": "9bfee3b7-8986-4954-b3e1-28b5aac40ad7"
          },
          "type": "If"
        },
        "CCuserEmail": {
          "runAfter": {
            "SLno": [
              "Succeeded"
            ]
          },
          "metadata": {
            "operationMetadataId": "abe1b44f-71e8-4a91-b263-fd720be4e927"
          },
          "type": "InitializeVariable",
          "inputs": {
            "variables": [
              {
                "name": "CCusersforEmail",
                "type": "array"
              }
            ]
          }
        },
        "AgentsArray": {
          "runAfter": {
            "AllagentsArray": [
              "Succeeded"
            ]
          },
          "metadata": {
            "operationMetadataId": "0cfacdc8-6ef9-4250-82ac-4d41b6a3e8d2"
          },
          "type": "InitializeVariable",
          "inputs": {
            "variables": [
              {
                "name": "AgentsArray",
                "type": "string"
              }
            ]
          }
        },
        "SupervisorEmail": {
          "runAfter": {
            "AllsupervisorArray": [
              "Succeeded"
            ]
          },
          "metadata": {
            "operationMetadataId": "4f31597b-3aac-4608-ae60-5da3db56491e"
          },
          "type": "InitializeVariable",
          "inputs": {
            "variables": [
              {
                "name": "SupervisorEmail",
                "type": "string"
              }
            ]
          }
        },
        "SitePageTitle": {
          "runAfter": {
            "AppURLExternal": [
              "Succeeded"
            ]
          },
          "metadata": {
            "operationMetadataId": "3378bfe4-db18-44db-bbfd-3fc9a2f88d04"
          },
          "type": "InitializeVariable",
          "inputs": {
            "variables": [
              {
                "name": "SitePageTitle",
                "type": "string",
                "value": "HD365"
              }
            ]
          }
        }
      }
    },
    "templateName": ""
  },
  "schemaVersion": "1.0.0.0"
}