<environmentvariabledefinition schemaname="ts365_ApplicationURLTS365">
  <defaultvalue>https://zw4fg.sharepoint.com/sites/TimeSheet_App/SitePages/TS365.aspx</defaultvalue>
  <displayname default="ApplicationURL(TS365)">
    <label description="ApplicationURL(TS365)" languagecode="1033" />
  </displayname>
  <introducedversion>1.0.0.0</introducedversion>
  <iscustomizable>1</iscustomizable>
  <isrequired>0</isrequired>
  <secretstore>0</secretstore>
  <type>100000000</type>
</environmentvariabledefinition>