{
  "properties": {
    "connectionReferences": {
      "shared_sharepointonline": {
        "api": {
          "name": "shared_sharepointonline"
        },
        "connection": {
          "connectionReferenceLogicalName": "ts365_sharedsharepointonline_3b243"
        },
        "runtimeSource": "embedded"
      }
    },
    "definition": {
      "$schema": "https://schema.management.azure.com/providers/Microsoft.Logic/schemas/2016-06-01/workflowdefinition.json#",
      "contentVersion": "1.0.0.0",
      "parameters": {
        "$authentication": {
          "defaultValue": {},
          "type": "SecureObject"
        },
        "$connections": {
          "defaultValue": {},
          "type": "Object"
        }
      },
      "triggers": {
        "manual": {
          "type": "Request",
          "kind": "Button",
          "inputs": {
            "schema": {
              "type": "object",
              "properties": {
                "text": {
                  "description": "",
                  "title": "InputWorkflowData",
                  "type": "string",
                  "x-ms-content-hint": "TEXT",
                  "x-ms-dynamically-added": true
                },
                "text_1": {
                  "description": "",
                  "title": "Users",
                  "type": "string",
                  "x-ms-content-hint": "TEXT",
                  "x-ms-dynamically-added": true
                },
                "text_2": {
                  "description": "",
                  "title": "Admins",
                  "type": "string",
                  "x-ms-content-hint": "TEXT",
                  "x-ms-dynamically-added": true
                },
                "text_3": {
                  "description": "",
                  "title": "ProjectAdminGUID",
                  "type": "string",
                  "x-ms-content-hint": "TEXT",
                  "x-ms-dynamically-added": true
                },
                "text_4": {
                  "description": "",
                  "title": "ProjectGUID",
                  "type": "string",
                  "x-ms-content-hint": "TEXT",
                  "x-ms-dynamically-added": true
                },
                "text_5": {
                  "description": "",
                  "title": "UserWhoSubmitted",
                  "type": "string",
                  "x-ms-content-hint": "TEXT",
                  "x-ms-dynamically-added": true
                },
                "text_6": {
                  "description": "",
                  "title": "Level",
                  "type": "string",
                  "x-ms-content-hint": "TEXT",
                  "x-ms-dynamically-added": true
                },
                "text_7": {
                  "description": "",
                  "title": "Coordinator",
                  "type": "string",
                  "x-ms-content-hint": "TEXT",
                  "x-ms-dynamically-added": true
                },
                "text_8": {
                  "description": "",
                  "title": "programManager",
                  "type": "string",
                  "x-ms-content-hint": "TEXT",
                  "x-ms-dynamically-added": true
                },
                "text_9": {
                  "description": "",
                  "title": "projectObserver",
                  "type": "string",
                  "x-ms-content-hint": "TEXT",
                  "x-ms-dynamically-added": true
                },
                "text_10": {
                  "description": "",
                  "title": "projectManager",
                  "type": "string",
                  "x-ms-content-hint": "TEXT",
                  "x-ms-dynamically-added": true
                },
                "text_11": {
                  "description": "Please enter your input",
                  "title": "Delegation",
                  "type": "string",
                  "x-ms-content-hint": "TEXT",
                  "x-ms-dynamically-added": true
                }
              },
              "required": [
                "text_11"
              ]
            }
          },
          "metadata": {
            "operationMetadataId": "ff7816cc-a12e-4bbf-b7f6-26a1792cbc69"
          }
        }
      },
      "actions": {
        "workflowdata": {
          "type": "Compose",
          "inputs": "@json(triggerBody()?['text'])",
          "runAfter": {},
          "metadata": {
            "operationMetadataId": "403ea7d3-2ab1-4927-817c-a5da6e7fa949"
          }
        },
        "Respond_to_a_Power_App_or_flow-_send_email_array": {
          "type": "Response",
          "kind": "PowerApp",
          "inputs": {
            "schema": {
              "type": "object",
              "properties": {
                "thisapproversvalues": {
                  "title": "thisApproversValues",
                  "x-ms-dynamically-added": true,
                  "type": "string"
                }
              },
              "additionalProperties": {}
            },
            "statusCode": 200,
            "body": {
              "thisapproversvalues": "@{variables('returnApprovers')}"
            }
          },
          "runAfter": {
            "until_currentLevel_does_not_exist_in_the_LevelApprovals": [
              "Succeeded"
            ]
          },
          "metadata": {
            "operationMetadataId": "1c1d6088-45b0-4c91-a998-39871560141a"
          }
        },
        "allUsers": {
          "type": "Compose",
          "inputs": "@json(triggerBody()?['text_1'])",
          "runAfter": {
            "Send_an_HTTP_request_to_SharePoint": [
              "Succeeded"
            ]
          },
          "metadata": {
            "operationMetadataId": "f482b6de-a18f-4357-9a83-042ccf33c965"
          }
        },
        "Admins": {
          "type": "Compose",
          "inputs": "@json(triggerBody()?['text_2'])",
          "runAfter": {
            "allUsers": [
              "Succeeded"
            ]
          },
          "metadata": {
            "operationMetadataId": "00a79c82-162c-406f-b44e-139fafdcc357"
          }
        },
        "ProjectAdminGuid": {
          "type": "Compose",
          "inputs": "@json(triggerBody()?['text_3'])",
          "runAfter": {
            "Admins": [
              "Succeeded"
            ]
          },
          "metadata": {
            "operationMetadataId": "99fb493d-f3d5-4da0-9a84-6bb306024f13"
          }
        },
        "ProjectGuid": {
          "type": "Compose",
          "inputs": "@triggerBody()?['text_4']",
          "runAfter": {
            "ProjectAdminGuid": [
              "Succeeded"
            ]
          },
          "metadata": {
            "operationMetadataId": "9e937778-ab8c-4546-9f0b-f8b3ca78b187"
          }
        },
        "SubmittedUser": {
          "type": "Compose",
          "inputs": "@triggerBody()?['text_5']",
          "runAfter": {
            "ProjectGuid": [
              "Succeeded"
            ]
          },
          "metadata": {
            "operationMetadataId": "88cb8867-ce5e-4558-8e9f-01197812ce85"
          }
        },
        "LevelX": {
          "type": "Compose",
          "inputs": "@triggerBody()?['text_6']",
          "runAfter": {
            "SubmittedUser": [
              "Succeeded"
            ]
          },
          "metadata": {
            "operationMetadataId": "888f691a-0f3b-4e87-adc0-4d96acf9caa7"
          }
        },
        "Coordinator": {
          "type": "Compose",
          "inputs": "@json(triggerBody()?['text_7'])",
          "runAfter": {
            "LevelX": [
              "Succeeded"
            ]
          },
          "metadata": {
            "operationMetadataId": "8a169526-573b-4bbc-a0bc-017ffff306e0"
          }
        },
        "ProgramManager": {
          "type": "Compose",
          "inputs": "@json(triggerBody()?['text_8'])",
          "runAfter": {
            "Coordinator": [
              "Succeeded"
            ]
          },
          "metadata": {
            "operationMetadataId": "8ce2900a-addc-4832-aafc-eb7b9e92e4a1"
          }
        },
        "ProjectObserverX": {
          "type": "Compose",
          "inputs": "@triggerBody()?['text_9']",
          "runAfter": {
            "ProgramManager": [
              "Succeeded"
            ]
          },
          "metadata": {
            "operationMetadataId": "7141aa74-6bc9-4ad3-8998-c35ef3380f5c"
          }
        },
        "ProjectManager": {
          "type": "Compose",
          "inputs": "@json(triggerBody()?['text_10'])",
          "runAfter": {
            "ProjectObserverX": [
              "Succeeded"
            ]
          },
          "metadata": {
            "operationMetadataId": "28587756-9888-41e9-9f6a-2e858dbde8c5"
          }
        },
        "ApprovalTracking": {
          "type": "Compose",
          "inputs": "@outputs('workflowData')?['ApprovalTracking']",
          "runAfter": {
            "ProjectManager": [
              "Succeeded"
            ]
          },
          "metadata": {
            "operationMetadataId": "4359f11b-43c1-4bb7-9da1-c368accac519"
          }
        },
        "levelApprovals": {
          "type": "Compose",
          "inputs": "@outputs('workflowData')?['ApprovalTracking']['levelApprovals']",
          "runAfter": {
            "currentLevel": [
              "Succeeded"
            ]
          },
          "metadata": {
            "operationMetadataId": "95ae2cec-3a09-41b9-bc88-a7b42aa05020"
          }
        },
        "until_currentLevel_does_not_exist_in_the_LevelApprovals": {
          "type": "Until",
          "expression": "@empty(outputs('levelApprovals')?[string(variables('currentLevel'))])\r\n",
          "limit": {
            "count": 60,
            "timeout": "PT1H"
          },
          "actions": {
            "Increment_currentLevel": {
              "type": "IncrementVariable",
              "inputs": {
                "name": "currentLevel"
              },
              "runAfter": {
                "Each_approver": [
                  "Succeeded"
                ]
              },
              "metadata": {
                "operationMetadataId": "1c312548-f3b8-412b-b11a-ee2ad506ab96"
              }
            },
            "levelApproval_at_current_level": {
              "type": "Compose",
              "inputs": "@outputs('levelApprovals')[string(variables('currentLevel'))]",
              "metadata": {
                "operationMetadataId": "98acc8bf-fe0b-4a86-8dff-ce809f8d0e47"
              }
            },
            "requiredApprovers": {
              "type": "Compose",
              "inputs": "@outputs('levelApprovals')[string(variables('currentLevel'))]['requiredApprovers']",
              "runAfter": {
                "Type": [
                  "Succeeded"
                ]
              },
              "metadata": {
                "operationMetadataId": "dc6abb7d-468e-4f82-9f71-4a39d7f7f7cd"
              }
            },
            "Each_approver": {
              "type": "Foreach",
              "foreach": "@outputs('requiredApprovers')",
              "actions": {
                "Compose_all_each_one_by_one": {
                  "type": "Compose",
                  "inputs": "@item()",
                  "metadata": {
                    "operationMetadataId": "f7443a5c-0b42-4296-8937-a3b8fe51b832"
                  }
                },
                "find_user_from_user_list": {
                  "type": "Query",
                  "inputs": {
                    "from": "@outputs('allUsers')",
                    "where": "@equals(item()?['GID'],outputs('SubmittedUser'))"
                  },
                  "runAfter": {
                    "userId": [
                      "Succeeded"
                    ]
                  },
                  "metadata": {
                    "operationMetadataId": "f603eb23-39c2-495f-9966-76421ef2947c"
                  }
                },
                "typeofApprover": {
                  "type": "Compose",
                  "inputs": "@item()['type']",
                  "runAfter": {
                    "Compose_all_each_one_by_one": [
                      "Succeeded"
                    ]
                  },
                  "metadata": {
                    "operationMetadataId": "cd26543c-d799-4e95-a132-2733c6ea5026"
                  }
                },
                "manager": {
                  "type": "If",
                  "expression": {
                    "and": [
                      {
                        "equals": [
                          "@outputs('typeofApprover')",
                          "manager"
                        ]
                      }
                    ]
                  },
                  "actions": {
                    "ManagerEmail": {
                      "type": "Compose",
                      "inputs": "@outputs('find_user_from_user_list')?['body'][0]?['Manager']?['Email']\r\n",
                      "metadata": {
                        "operationMetadataId": "dc73c358-07b7-4d72-85d5-bd8696905586"
                      }
                    },
                    "manager_data_full": {
                      "type": "Query",
                      "inputs": {
                        "from": "@outputs('allUsers')",
                        "where": "@equals(item()['User']['Email'],outputs('ManagerEmail'))"
                      },
                      "runAfter": {
                        "ManagerEmail": [
                          "Succeeded"
                        ]
                      },
                      "metadata": {
                        "operationMetadataId": "f603eb23-39c2-495f-9966-76421ef2947c"
                      }
                    },
                    "ManagerDataAll_null_check": {
                      "type": "If",
                      "expression": {
                        "and": [
                          {
                            "not": {
                              "equals": [
                                "@length(outputs('manager_Data_full')['body'])",
                                0
                              ]
                            }
                          }
                        ]
                      },
                      "actions": {
                        "Append_to_array_variable_ManagerEmail": {
                          "type": "AppendToArrayVariable",
                          "inputs": {
                            "name": "returnApprovers",
                            "value": "@outputs('managerEmail')"
                          },
                          "metadata": {
                            "operationMetadataId": "54b1eb90-4b34-473b-bbf6-6cad404694da"
                          }
                        },
                        "delegatee_for_the_current_user_exists": {
                          "type": "Query",
                          "inputs": {
                            "from": "@outputs('Delegation')['Body']",
                            "where": "@equals(item()['Delegator'],coalesce(outputs('manager_data_full')?['body'][0]?['GID'],''))"
                          },
                          "runAfter": {
                            "Append_to_array_variable_ManagerEmail": [
                              "Succeeded"
                            ]
                          },
                          "metadata": {
                            "operationMetadataId": "02b3424f-1118-4949-a8b2-83ef2e151e3d"
                          }
                        },
                        "found_delegatee": {
                          "type": "If",
                          "expression": {
                            "and": [
                              {
                                "not": {
                                  "equals": [
                                    "@length(body('Delegatee_for_the_current_user_exists'))",
                                    0
                                  ]
                                }
                              }
                            ]
                          },
                          "actions": {
                            "find_delegatee_data": {
                              "type": "Query",
                              "inputs": {
                                "from": "@outputs('allUsers')",
                                "where": "@equals(item()?['GID'],first(body('delegatee_for_the_current_user_exists'))['Delegatee'])"
                              },
                              "metadata": {
                                "operationMetadataId": "f603eb23-39c2-495f-9966-76421ef2947c"
                              }
                            },
                            "delegatee_active": {
                              "type": "If",
                              "expression": {
                                "and": [
                                  {
                                    "equals": [
                                      "@outputs('find_delegatee_Data')?['body'][0]?['status']",
                                      "Active"
                                    ]
                                  }
                                ]
                              },
                              "actions": {
                                "Append_to_array_variable_ManagerEmail_1_": {
                                  "type": "AppendToArrayVariable",
                                  "inputs": {
                                    "name": "returnApprovers",
                                    "value": "@outputs('find_delegatee_Data')?['body'][0]?['User']?['Email']\r\n"
                                  },
                                  "metadata": {
                                    "operationMetadataId": "54b1eb90-4b34-473b-bbf6-6cad404694da"
                                  }
                                }
                              },
                              "else": {
                                "actions": {}
                              },
                              "runAfter": {
                                "find_delegatee_data": [
                                  "Succeeded"
                                ]
                              },
                              "metadata": {
                                "operationMetadataId": "7b698b43-fcdd-452d-92bb-5b15f2cd6ed2"
                              }
                            }
                          },
                          "else": {
                            "actions": {}
                          },
                          "runAfter": {
                            "delegatee_for_the_current_user_exists": [
                              "Succeeded"
                            ]
                          },
                          "metadata": {
                            "operationMetadataId": "be0fc0b3-fb8c-421a-b13c-c328ea058e40"
                          }
                        }
                      },
                      "else": {
                        "actions": {}
                      },
                      "runAfter": {
                        "manager_data_full": [
                          "Succeeded"
                        ]
                      }
                    }
                  },
                  "else": {
                    "actions": {
                      "managerManager": {
                        "type": "If",
                        "expression": {
                          "and": [
                            {
                              "equals": [
                                "@outputs('typeofApprover')",
                                "managerManager"
                              ]
                            }
                          ]
                        },
                        "actions": {
                          "ManagerEmail_1": {
                            "type": "Compose",
                            "inputs": "@outputs('find_user_from_user_list')?['body'][0]?['Manager']?['Email']\r\n",
                            "metadata": {
                              "operationMetadataId": "47697d0d-4c0f-4a24-a230-29ae51932893"
                            }
                          },
                          "Managermanager_data_full": {
                            "type": "Query",
                            "inputs": {
                              "from": "@outputs('allusers')",
                              "where": "@equals(item()['User']['Email'],outputs('ManagerEmail_1'))"
                            },
                            "runAfter": {
                              "ManagerEmail_1": [
                                "Succeeded"
                              ]
                            },
                            "metadata": {
                              "operationMetadataId": "ec0b2fed-521d-4f2e-bfa6-df6a24a6e85e"
                            }
                          },
                          "nullcheck": {
                            "type": "If",
                            "expression": {
                              "and": [
                                {
                                  "not": {
                                    "equals": [
                                      "@length(outputs('Managermanager_data_full')['body'])",
                                      0
                                    ]
                                  }
                                }
                              ]
                            },
                            "actions": {
                              "Managermanager_email": {
                                "type": "Compose",
                                "inputs": "@outputs('Managermanager_data_full')?['body'][0]?['Manager']?['Email']\r\n",
                                "metadata": {
                                  "operationMetadataId": "b6132afa-f43f-401f-ae0f-f6bbe0c9189e"
                                }
                              },
                              "Append_to_array_variable_return": {
                                "type": "AppendToArrayVariable",
                                "inputs": {
                                  "name": "returnApprovers",
                                  "value": "@outputs('Managermanager_email')"
                                },
                                "runAfter": {
                                  "Managermanager_email": [
                                    "Succeeded"
                                  ]
                                },
                                "metadata": {
                                  "operationMetadataId": "54b1eb90-4b34-473b-bbf6-6cad404694da"
                                }
                              },
                              "delegatee_for_the_inactive_user_exists_1": {
                                "type": "Query",
                                "inputs": {
                                  "from": "@outputs('Delegation')['Body']",
                                  "where": "@equals(item()['Delegator'],outputs('managermanager_data_full')?['body'][0]?['GID'])"
                                },
                                "runAfter": {
                                  "Append_to_array_variable_return": [
                                    "Succeeded"
                                  ]
                                },
                                "metadata": {
                                  "operationMetadataId": "45562d05-61a8-4512-9a08-9d3e47523db7"
                                }
                              },
                              "found_delegatee_for_": {
                                "type": "If",
                                "expression": {
                                  "and": [
                                    {
                                      "not": {
                                        "equals": [
                                          "@length(body('Delegatee_for_the_inactive_user_exists_1'))",
                                          0
                                        ]
                                      }
                                    }
                                  ]
                                },
                                "actions": {
                                  "delegatee_active_1": {
                                    "type": "If",
                                    "expression": {
                                      "and": [
                                        {
                                          "equals": [
                                            "@outputs('find_delegatee_Data_1')?['body'][0]?['status']",
                                            "Active"
                                          ]
                                        }
                                      ]
                                    },
                                    "actions": {
                                      "Append_to_array_variable_ManagerEmail_2": {
                                        "type": "AppendToArrayVariable",
                                        "inputs": {
                                          "name": "returnApprovers",
                                          "value": "@outputs('find_delegatee_Data_1')?['body'][0]?['User']?['Email']\r\n"
                                        },
                                        "metadata": {
                                          "operationMetadataId": "54b1eb90-4b34-473b-bbf6-6cad404694da"
                                        }
                                      }
                                    },
                                    "else": {
                                      "actions": {}
                                    },
                                    "runAfter": {
                                      "find_delegatee_data_1": [
                                        "Succeeded"
                                      ]
                                    },
                                    "metadata": {
                                      "operationMetadataId": "42796370-7f07-4d88-811a-e5860f4cfb27"
                                    }
                                  },
                                  "find_delegatee_data_1": {
                                    "type": "Query",
                                    "inputs": {
                                      "from": "@outputs('allUsers')",
                                      "where": "@equals(item()?['GID'],first(body('delegatee_for_the_inactive_user_exists_1'))['Delegatee'])"
                                    },
                                    "metadata": {
                                      "operationMetadataId": "f603eb23-39c2-495f-9966-76421ef2947c"
                                    }
                                  }
                                },
                                "else": {
                                  "actions": {
                                    "Compose_": {
                                      "type": "Compose",
                                      "inputs": "post maybe like- approved and alll",
                                      "metadata": {
                                        "operationMetadataId": "ead7ac43-e19a-4145-b5b2-7f3ce1d7ca9a"
                                      }
                                    }
                                  }
                                },
                                "runAfter": {
                                  "delegatee_for_the_inactive_user_exists_1": [
                                    "Succeeded"
                                  ]
                                },
                                "metadata": {
                                  "operationMetadataId": "9f355ee3-e7d7-4018-911d-03631adf9b35"
                                }
                              }
                            },
                            "else": {
                              "actions": {}
                            },
                            "runAfter": {
                              "Managermanager_data_full": [
                                "Succeeded"
                              ]
                            }
                          }
                        },
                        "else": {
                          "actions": {
                            "Role": {
                              "type": "If",
                              "expression": {
                                "and": [
                                  {
                                    "equals": [
                                      "@outputs('typeofApprover')",
                                      "role"
                                    ]
                                  }
                                ]
                              },
                              "actions": {
                                "approverRole": {
                                  "type": "Compose",
                                  "inputs": "@split(outputs('userId'), ':')[1]",
                                  "metadata": {
                                    "operationMetadataId": "596a826c-04c1-4621-b34b-89763031262e"
                                  }
                                },
                                "Switch": {
                                  "type": "Switch",
                                  "expression": "@outputs('approverRole')",
                                  "default": {
                                    "actions": {}
                                  },
                                  "cases": {
                                    "projectManager_": {
                                      "actions": {
                                        "project_Manager": {
                                          "type": "Foreach",
                                          "foreach": "@outputs('ProjectManager')",
                                          "actions": {
                                            "Append_to_array_values_7": {
                                              "type": "AppendToArrayVariable",
                                              "inputs": {
                                                "name": "returnApprovers",
                                                "value": "@coalesce(item()?['User']?['Email'], '')\r\n"
                                              },
                                              "runAfter": {
                                                "Compose_2": [
                                                  "Succeeded"
                                                ]
                                              },
                                              "metadata": {
                                                "operationMetadataId": "4cac1a1d-0695-4f07-a5bf-7f212c7ffc1f"
                                              }
                                            },
                                            "Compose_2": {
                                              "type": "Compose",
                                              "inputs": "@item()?['User']?['Email']",
                                              "metadata": {
                                                "operationMetadataId": "e5a4df0d-97de-43b9-9a40-2eb9167c504c"
                                              }
                                            }
                                          },
                                          "metadata": {
                                            "operationMetadataId": "695f6094-fad4-4117-9859-36c23da15122"
                                          }
                                        }
                                      },
                                      "case": "projectManager"
                                    },
                                    "projectObserver_": {
                                      "actions": {
                                        "projectObserver_1": {
                                          "type": "Foreach",
                                          "foreach": "@outputs('ProjectObserverX')",
                                          "actions": {
                                            "Append_to_array_values_8": {
                                              "type": "AppendToArrayVariable",
                                              "inputs": {
                                                "name": "returnApprovers",
                                                "value": "@coalesce(item()?['User']?['Email'],'')"
                                              },
                                              "runAfter": {
                                                "Compose_7": [
                                                  "Succeeded"
                                                ]
                                              },
                                              "metadata": {
                                                "operationMetadataId": "cc19beed-6da7-4e46-8bc3-982173287ecb"
                                              }
                                            },
                                            "Compose_7": {
                                              "type": "Compose",
                                              "inputs": "@item()?['User']?['Email']",
                                              "metadata": {
                                                "operationMetadataId": "db84a6f2-6258-4986-8195-eb5fcf0948cb"
                                              }
                                            }
                                          },
                                          "metadata": {
                                            "operationMetadataId": "4e2b3eb5-60be-41b6-9079-fd7f2ef5d5e9"
                                          }
                                        }
                                      },
                                      "case": "projectObserver"
                                    },
                                    "programManager": {
                                      "actions": {
                                        "ProgramManager_1": {
                                          "type": "Foreach",
                                          "foreach": "@outputs('ProjectManager')",
                                          "actions": {
                                            "Append_to_array_values_1": {
                                              "type": "AppendToArrayVariable",
                                              "inputs": {
                                                "name": "returnApprovers",
                                                "value": "@coalesce(item()?['User']?['Email'], '')\r\n"
                                              },
                                              "runAfter": {
                                                "Compose_1": [
                                                  "Succeeded"
                                                ]
                                              },
                                              "metadata": {
                                                "operationMetadataId": "4cac1a1d-0695-4f07-a5bf-7f212c7ffc1f"
                                              }
                                            },
                                            "Compose_1": {
                                              "type": "Compose",
                                              "inputs": "@item()?['User']?['Email']",
                                              "metadata": {
                                                "operationMetadataId": "e5a4df0d-97de-43b9-9a40-2eb9167c504c"
                                              }
                                            }
                                          }
                                        }
                                      },
                                      "case": "programManager"
                                    },
                                    "coordinator": {
                                      "actions": {
                                        "coodinators": {
                                          "type": "Foreach",
                                          "foreach": "@outputs('coordinator')",
                                          "actions": {
                                            "Append_to_array_values_10": {
                                              "type": "AppendToArrayVariable",
                                              "inputs": {
                                                "name": "returnApprovers",
                                                "value": "@coalesce(item()?['User']?['Email'], '')\r\n"
                                              },
                                              "runAfter": {
                                                "Compose_9": [
                                                  "Succeeded"
                                                ]
                                              },
                                              "metadata": {
                                                "operationMetadataId": "8a8b676e-421e-4a67-8b00-c69ff05eed59"
                                              }
                                            },
                                            "Compose_9": {
                                              "type": "Compose",
                                              "inputs": "@item()?['User']?['Email']",
                                              "metadata": {
                                                "operationMetadataId": "f33511f3-df62-46cf-8b95-7ba6f21e5d68"
                                              }
                                            }
                                          },
                                          "metadata": {
                                            "operationMetadataId": "e3300478-af57-423d-b3ca-9a3d1978d9b1"
                                          }
                                        }
                                      },
                                      "case": "coordinator"
                                    }
                                  },
                                  "runAfter": {
                                    "approverRole": [
                                      "Succeeded"
                                    ]
                                  },
                                  "metadata": {
                                    "operationMetadataId": "749a85cb-ad5c-4a84-8dbc-2d07a82d4bb2"
                                  }
                                }
                              },
                              "else": {
                                "actions": {
                                  "Specific": {
                                    "type": "If",
                                    "expression": {
                                      "and": [
                                        {
                                          "equals": [
                                            "@outputs('typeofApprover')",
                                            "specific"
                                          ]
                                        }
                                      ]
                                    },
                                    "actions": {
                                      "find_approver_from_user_list": {
                                        "type": "Query",
                                        "inputs": {
                                          "from": "@outputs('allUsers')",
                                          "where": "@equals(item()?['GID'],outputs('userid'))"
                                        },
                                        "metadata": {
                                          "operationMetadataId": "f603eb23-39c2-495f-9966-76421ef2947c"
                                        }
                                      },
                                      "approver_Email_fetch": {
                                        "type": "Compose",
                                        "inputs": "@outputs('find_approver_from_user_list')?['body'][0]?['User']?['Email']\r\n",
                                        "runAfter": {
                                          "find_approver_from_user_list": [
                                            "Succeeded"
                                          ]
                                        },
                                        "metadata": {
                                          "operationMetadataId": "093896c3-a75c-491a-8091-116d8301ed25"
                                        }
                                      },
                                      "Append_to_array_variable_approver_email": {
                                        "type": "AppendToArrayVariable",
                                        "inputs": {
                                          "name": "returnApprovers",
                                          "value": "@outputs('approver_email_fetch')"
                                        },
                                        "runAfter": {
                                          "approver_Email_fetch": [
                                            "Succeeded"
                                          ]
                                        },
                                        "metadata": {
                                          "operationMetadataId": "54b1eb90-4b34-473b-bbf6-6cad404694da"
                                        }
                                      },
                                      "delegatee_for_the_current_approver_exists": {
                                        "type": "Query",
                                        "inputs": {
                                          "from": "@outputs('Delegation')['Body']",
                                          "where": "@equals(item()['Delegator'],outputs('find_approver_from_user_list')?['body'][0]?['GID'] )"
                                        },
                                        "runAfter": {
                                          "Append_to_array_variable_approver_email": [
                                            "Succeeded"
                                          ]
                                        },
                                        "metadata": {
                                          "operationMetadataId": "8b99550b-96a5-44ba-b22a-0730479b3805"
                                        }
                                      },
                                      "found_delegatee_1": {
                                        "type": "If",
                                        "expression": {
                                          "and": [
                                            {
                                              "not": {
                                                "equals": [
                                                  "@length(body('Delegatee_for_the_current_approver_exists'))",
                                                  0
                                                ]
                                              }
                                            }
                                          ]
                                        },
                                        "actions": {
                                          "find_delegatee_data_2": {
                                            "type": "Query",
                                            "inputs": {
                                              "from": "@outputs('allusers')",
                                              "where": "@equals(item()?['GID'],first(body('delegatee_for_the_current_approver_exists'))['Delegatee'])"
                                            },
                                            "metadata": {
                                              "operationMetadataId": "f603eb23-39c2-495f-9966-76421ef2947c"
                                            }
                                          },
                                          "delegatee_active_2": {
                                            "type": "If",
                                            "expression": {
                                              "and": [
                                                {
                                                  "equals": [
                                                    "@outputs('find_delegatee_Data_2')?['body'][0]?['status']",
                                                    "Active"
                                                  ]
                                                }
                                              ]
                                            },
                                            "actions": {
                                              "Append_to_array_variable_ManagerEmail_3": {
                                                "type": "AppendToArrayVariable",
                                                "inputs": {
                                                  "name": "returnApprovers",
                                                  "value": "@outputs('find_delegatee_Data_2')?['body'][0]?['User']?['Email']\r\n"
                                                },
                                                "metadata": {
                                                  "operationMetadataId": "54b1eb90-4b34-473b-bbf6-6cad404694da"
                                                }
                                              }
                                            },
                                            "else": {
                                              "actions": {}
                                            },
                                            "runAfter": {
                                              "find_delegatee_data_2": [
                                                "Succeeded"
                                              ]
                                            },
                                            "metadata": {
                                              "operationMetadataId": "678a8663-ac0b-4afc-a740-22ae48178854"
                                            }
                                          }
                                        },
                                        "else": {
                                          "actions": {
                                            "approver_Email": {
                                              "type": "Compose",
                                              "inputs": "post maybe like- approved and alll",
                                              "metadata": {
                                                "operationMetadataId": "9491419b-b0ed-4f6e-8f6e-0a50e5303655"
                                              }
                                            }
                                          }
                                        },
                                        "runAfter": {
                                          "delegatee_for_the_current_approver_exists": [
                                            "Succeeded"
                                          ]
                                        },
                                        "metadata": {
                                          "operationMetadataId": "c4939a6a-2c4c-491d-ad27-d0eb7434cb6b"
                                        }
                                      }
                                    },
                                    "else": {
                                      "actions": {}
                                    },
                                    "metadata": {
                                      "operationMetadataId": "260ce3ba-82aa-4cb8-8422-2fd2de7f5a03"
                                    }
                                  }
                                }
                              },
                              "metadata": {
                                "operationMetadataId": "62cdb346-1592-46d6-9b25-b285b228be34"
                              }
                            }
                          }
                        },
                        "metadata": {
                          "operationMetadataId": "b099a114-bb35-47bf-b7a0-00ae110fff88"
                        }
                      }
                    }
                  },
                  "runAfter": {
                    "find_user_from_user_list": [
                      "Succeeded"
                    ]
                  },
                  "metadata": {
                    "operationMetadataId": "2c784679-2e33-41ca-991f-475e3d0efa50"
                  }
                },
                "userId": {
                  "type": "Compose",
                  "inputs": "@item()['userid']",
                  "runAfter": {
                    "typeofApprover": [
                      "Succeeded"
                    ]
                  },
                  "metadata": {
                    "operationMetadataId": "cd26543c-d799-4e95-a132-2733c6ea5026"
                  }
                }
              },
              "runAfter": {
                "requiredApprovers": [
                  "Succeeded"
                ]
              },
              "metadata": {
                "operationMetadataId": "7abcda16-3fb4-48fb-80a5-be1e42dd0574"
              }
            },
            "Type": {
              "type": "Compose",
              "inputs": "@outputs('levelApprovals')[string(variables('currentLevel'))]['type']",
              "runAfter": {
                "levelApproval_at_current_level": [
                  "Succeeded"
                ]
              },
              "metadata": {
                "operationMetadataId": "97ad2f6e-5b0b-4f52-89d5-02e3c8ad8dce"
              }
            }
          },
          "runAfter": {
            "Delegation": [
              "Succeeded"
            ]
          },
          "metadata": {
            "operationMetadataId": "7e28c4ab-d9f9-4e99-acdd-70f4e3f95e5c"
          }
        },
        "currentLevel": {
          "type": "InitializeVariable",
          "inputs": {
            "variables": [
              {
                "name": "currentLevel",
                "type": "integer",
                "value": "@outputs('workflowData')?['ApprovalTracking']['currentLevel']"
              }
            ]
          },
          "runAfter": {
            "ApprovalTracking": [
              "Succeeded"
            ]
          },
          "metadata": {
            "operationMetadataId": "a34eb701-e90c-4c6c-bfba-0527c919b424"
          }
        },
        "returnApprovers": {
          "type": "InitializeVariable",
          "inputs": {
            "variables": [
              {
                "name": "returnApprovers",
                "type": "array"
              }
            ]
          },
          "runAfter": {
            "levelApprovals": [
              "Succeeded"
            ]
          },
          "metadata": {
            "operationMetadataId": "320c3aed-33c0-47c9-b452-ab16730d7372"
          }
        },
        "Delegation_All": {
          "type": "Compose",
          "inputs": "@json(triggerBody()?['text_11'])",
          "runAfter": {
            "returnApprovers": [
              "Succeeded"
            ]
          },
          "metadata": {
            "operationMetadataId": "829ef679-4ace-468f-a7d3-ba21343fbc6e"
          }
        },
        "Send_an_HTTP_request_to_SharePoint": {
          "type": "OpenApiConnection",
          "inputs": {
            "parameters": {
              "dataset": "https://zw4fg.sharepoint.com",
              "parameters/method": "GET",
              "parameters/uri": "_api/web/lists/getByTitle('HR365HDMSettings')/items",
              "parameters/headers": {
                "accept": "application/json;odata=verbose",
                "content-type": "application/json;odata=verbose"
              }
            },
            "host": {
              "apiId": "/providers/Microsoft.PowerApps/apis/shared_sharepointonline",
              "operationId": "HttpRequest",
              "connectionName": "shared_sharepointonline"
            }
          },
          "runAfter": {
            "workflowdata": [
              "Succeeded"
            ]
          },
          "metadata": {
            "operationMetadataId": "386fc0de-9a41-40c4-9b8a-c1adbe937923"
          }
        },
        "Today": {
          "type": "Compose",
          "inputs": "@formatDateTime(utcNow(), 'yyyy-MM-ddTHH:mm:ss.000Z')\r\n",
          "runAfter": {
            "Delegation_All": [
              "Succeeded"
            ]
          }
        },
        "Delegation": {
          "type": "Query",
          "inputs": {
            "from": "@outputs('Delegation_All')",
            "where": "@and( greaterOrEquals(ticks(item()?['DelegateEndDate']), ticks(outputs('Today'))), lessOrEquals(ticks(item()?['DelegateStartDate']), ticks(outputs('Today'))), equals(item()?['Status'], 'Active') )"
          },
          "runAfter": {
            "Today": [
              "Succeeded"
            ]
          }
        }
      }
    },
    "templateName": null
  },
  "schemaVersion": "1.0.0.0"
}