{
  "properties": {
    "connectionReferences": {
      "shared_sharepointonline": {
        "api": {
          "name": "shared_sharepointonline"
        },
        "connection": {
          "connectionReferenceLogicalName": "ts365_sharedsharepointonline_3b243"
        },
        "runtimeSource": "embedded"
      }
    },
    "definition": {
      "$schema": "https://schema.management.azure.com/providers/Microsoft.Logic/schemas/2016-06-01/workflowdefinition.json#",
      "contentVersion": "1.0.0.0",
      "parameters": {
        "$authentication": {
          "defaultValue": {},
          "type": "SecureObject"
        },
        "$connections": {
          "defaultValue": {},
          "type": "Object"
        },
        "Site_URL(TS365) (ts365_Site_URLTS365)": {
          "defaultValue": "https://clayfly.sharepoint.com/sites/TS365_cubicsite",
          "type": "String",
          "metadata": {
            "schemaName": "ts365_Site_URLTS365"
          }
        }
      },
      "triggers": {
        "When_an_item_is_created": {
          "type": "OpenApiConnection",
          "inputs": {
            "parameters": {
              "dataset": "@parameters('Site_URL(TS365) (ts365_Site_URLTS365)')",
              "table": "HR365TSProjects"
            },
            "host": {
              "apiId": "/providers/Microsoft.PowerApps/apis/shared_sharepointonline",
              "operationId": "GetOnNewItems",
              "connectionName": "shared_sharepointonline"
            }
          },
          "recurrence": {
            "interval": 1,
            "frequency": "Minute"
          },
          "splitOn": "@triggerOutputs()?['body/value']",
          "metadata": {
            "operationMetadataId": "c8acc1a2-7230-4a31-b0e0-6d98396fe1a5"
          }
        }
      },
      "actions": {
        "op": {
          "type": "Compose",
          "inputs": "@triggerOutputs()?['body']\r\n",
          "runAfter": {
            "get_users": [
              "Succeeded"
            ]
          },
          "metadata": {
            "operationMetadataId": "d1f50b38-f45d-4316-8966-db498414e7d0"
          }
        },
        "get_Clients": {
          "type": "OpenApiConnection",
          "inputs": {
            "parameters": {
              "dataset": "@parameters('Site_URL(TS365) (ts365_Site_URLTS365)')",
              "parameters/method": "GET",
              "parameters/uri": "_api/web/lists/getbytitle('hr365tsclients')/items?$select=Title,GID,CompanyDetails"
            },
            "host": {
              "apiId": "/providers/Microsoft.PowerApps/apis/shared_sharepointonline",
              "operationId": "HttpRequest",
              "connectionName": "shared_sharepointonline"
            }
          },
          "runAfter": {},
          "metadata": {
            "operationMetadataId": "9fb658ec-0792-42e1-8c3d-07cff775b3e4"
          }
        },
        "Valid_client": {
          "type": "If",
          "expression": {
            "and": [
              {
                "not": {
                  "equals": [
                    "@length(body('client_check'))",
                    0
                  ]
                }
              }
            ]
          },
          "actions": {
            "generateGuid_for_the_project": {
              "type": "Compose",
              "inputs": "@guid()",
              "metadata": {
                "operationMetadataId": "36874565-a1f6-4ad2-946f-4665e62e718c"
              }
            },
            "Generate_Data_field": {
              "type": "Compose",
              "inputs": "@string(json(\r\n  concat(\r\n    '{',\r\n      '\"Department\":{\"key\":\"\"},',\r\n      '\"ProjectName\":\"', triggerBody()?['ProjectTitle'], '\",',\r\n      '\"ClientName\":{\r\n    \"key\":\"', coalesce(body('client_check')?[0]?['GID'], ''), '\",\r\n    \"text\":\"', variables('Client'), '\",\r\n    \"label\":\"', variables('Client'), '\"\r\n  }\r\n,',\r\n      '\"ProjectManager\":[\"', variables('pmguid'), '\"],',\r\n      '\"ProjectTeamMember\":[\"', variables('ptmguid'), '\"],',\r\n      '\"EnableGlobalTask\":true,',\r\n      '\"EnableGlobalActivity\":true,',\r\n      '\"ProjectStartDate\":\"', triggerOutputs()?['body/StartDate'], '\"',\r\n    '}'\r\n  )\r\n)\r\n)",
              "runAfter": {
                "generateGuid_for_the_project": [
                  "Succeeded"
                ]
              },
              "metadata": {
                "operationMetadataId": "5cbdb474-3a8e-4d02-b7df-e9f2bdf33bf6"
              }
            },
            "title": {
              "type": "Compose",
              "inputs": "@{triggerOutputs()?['body']?['ClientName']}-@{triggerBody()?['ProjectTitle']}",
              "runAfter": {
                "Generate_Data_field": [
                  "Succeeded"
                ]
              },
              "metadata": {
                "operationMetadataId": "783856fd-91a1-4b04-ae7e-60e7678182f9"
              }
            },
            "Valid_Title": {
              "type": "If",
              "expression": {
                "and": [
                  {
                    "equals": [
                      "@length(body('unique_clientproject'))",
                      0
                    ]
                  }
                ]
              },
              "actions": {
                "Send_an_HTTP_request_to_SharePoint": {
                  "type": "OpenApiConnection",
                  "inputs": {
                    "parameters": {
                      "dataset": "@parameters('Site_URL(TS365) (ts365_Site_URLTS365)')",
                      "parameters/method": "POST",
                      "parameters/uri": "_api/web/lists/getbytitle('hr365tsprojects')/items(@{triggerOutputs()?['body/ID']})",
                      "parameters/headers": {
                        "accept": "application/json;odata=verbose",
                        "content-type": "application/json;odata=verbose",
                        "IF-MATCH": "*",
                        "X-HTTP-Method": "PATCH"
                      },
                      "parameters/body": "{\n\"__metadata\": {\"type\": \"SP.Data.HR365TSProjectsListItem\"},\n  \"Data\": '@{string(outputs('Generate_Data_field'))}',\n  \"GID\": \"@{outputs('generateGuid_for_the_project')}\",\n  \"Title\": \"@{outputs('title')}\",\n\"ClientGUID\": \"@{body('client_check')?[0]?['GID']}\"\n}"
                    },
                    "host": {
                      "apiId": "/providers/Microsoft.PowerApps/apis/shared_sharepointonline",
                      "operationId": "HttpRequest",
                      "connectionName": "shared_sharepointonline"
                    }
                  },
                  "runAfter": {
                    "new_json": [
                      "Succeeded"
                    ]
                  },
                  "metadata": {
                    "operationMetadataId": "5893fe2c-4eba-4393-afe9-3859c7cc08bb"
                  }
                },
                "new_json": {
                  "type": "Compose",
                  "inputs": {
                    "Data": "@{string(outputs('Generate_Data_field'))}",
                    "GID": "@{outputs('generateGuid_for_the_project')}",
                    "Title": "@{outputs('title')}",
                    "ClientGUID": "@{body('client_check')?[0]?['GID']}"
                  },
                  "metadata": {
                    "operationMetadataId": "9b165691-750a-409b-9248-53790dec2588"
                  }
                }
              },
              "else": {
                "actions": {
                  "Delete_item": {
                    "type": "OpenApiConnection",
                    "inputs": {
                      "parameters": {
                        "dataset": "@parameters('Site_URL(TS365) (ts365_Site_URLTS365)')",
                        "table": "HR365tsprojects",
                        "id": "@triggerOutputs()?['body/ID']"
                      },
                      "host": {
                        "apiId": "/providers/Microsoft.PowerApps/apis/shared_sharepointonline",
                        "operationId": "DeleteItem",
                        "connectionName": "shared_sharepointonline"
                      }
                    },
                    "metadata": {
                      "operationMetadataId": "6fdf37c1-745a-42e2-a137-f21527ce3c53"
                    }
                  }
                }
              },
              "runAfter": {
                "Compose_2": [
                  "Succeeded"
                ]
              },
              "metadata": {
                "operationMetadataId": "6c4d5301-2faa-47cb-a274-cf5666009f55"
              }
            },
            "unique_clientproject": {
              "type": "Query",
              "inputs": {
                "from": "@outputs('get_projects')?['body']?['d']?['results']",
                "where": "@equals(replace(\r\n  replace(\r\n    replace(\r\n      toLower(item()?['title']),\r\n      '‎',\r\n      ''\r\n    ),\r\n    '‏',\r\n    ''\r\n  ),\r\n  '﻿',\r\n  ''\r\n)\r\n,toLower(outputs('title')))"
              },
              "runAfter": {
                "title": [
                  "Succeeded"
                ]
              },
              "metadata": {
                "operationMetadataId": "b6201bae-38ff-4ca9-9cf0-1265e83820be"
              }
            },
            "Compose_2": {
              "type": "Compose",
              "inputs": "@outputs('unique_clientProject')",
              "runAfter": {
                "unique_clientproject": [
                  "Succeeded"
                ]
              },
              "metadata": {
                "operationMetadataId": "f247ba1e-fa1e-4272-850b-7f0a962cf4e0"
              }
            }
          },
          "else": {
            "actions": {
              "Delete_item_1": {
                "type": "OpenApiConnection",
                "inputs": {
                  "parameters": {
                    "dataset": "@parameters('Site_URL(TS365) (ts365_Site_URLTS365)')",
                    "table": "HR365tsprojects",
                    "id": "@triggerOutputs()?['body/ID']"
                  },
                  "host": {
                    "apiId": "/providers/Microsoft.PowerApps/apis/shared_sharepointonline",
                    "operationId": "DeleteItem",
                    "connectionName": "shared_sharepointonline"
                  }
                },
                "metadata": {
                  "operationMetadataId": "95c5eaa5-3fe8-478e-8059-1ef974f310ef"
                }
              }
            }
          },
          "runAfter": {
            "Client_key": [
              "Succeeded"
            ]
          },
          "metadata": {
            "operationMetadataId": "fc9b5579-0c63-4fc7-80d0-7727feaa7979"
          }
        },
        "Client_Check": {
          "type": "Query",
          "inputs": {
            "from": "@outputs('get_Clients')?['body']?['d']?['results']",
            "where": "@equals(toLower(item()['Title']),toLower(triggerOutputs()?['body']?['ClientName']))"
          },
          "runAfter": {
            "ptmguid": [
              "Succeeded"
            ]
          },
          "metadata": {
            "operationMetadataId": "7ea96f5a-1061-429c-b467-a37335b407f2"
          }
        },
        "pmguid": {
          "type": "InitializeVariable",
          "inputs": {
            "variables": [
              {
                "name": "pmguid",
                "type": "string",
                "value": "@body('user_check_PM')[0]?['GID']"
              }
            ]
          },
          "runAfter": {
            "User_Check_PM": [
              "Succeeded"
            ]
          },
          "metadata": {
            "operationMetadataId": "80b8c4cf-6c50-4805-b498-03b94cdf3990"
          }
        },
        "ptmguid": {
          "type": "InitializeVariable",
          "inputs": {
            "variables": [
              {
                "name": "ptmguid",
                "type": "string",
                "value": "@body('user_check_PTM')[0]?['GID']"
              }
            ]
          },
          "runAfter": {
            "User_Check_PTM": [
              "Succeeded"
            ]
          },
          "metadata": {
            "operationMetadataId": "7929b04c-9b09-46fc-af94-3537805e0872"
          }
        },
        "Client_key": {
          "type": "InitializeVariable",
          "inputs": {
            "variables": [
              {
                "name": "Client",
                "type": "string",
                "value": "@coalesce(body('client_check')?[0]?['Title'], '')"
              }
            ]
          },
          "runAfter": {
            "Client_Check": [
              "Succeeded"
            ]
          },
          "metadata": {
            "operationMetadataId": "ac1a319b-8cc6-452f-9ab2-c98e8b14f52e"
          }
        },
        "get_users": {
          "type": "OpenApiConnection",
          "inputs": {
            "parameters": {
              "dataset": "@parameters('Site_URL(TS365) (ts365_Site_URLTS365)')",
              "parameters/method": "GET",
              "parameters/uri": "_api/web/lists/getbytitle('hr365tsusers')/items"
            },
            "host": {
              "apiId": "/providers/Microsoft.PowerApps/apis/shared_sharepointonline",
              "operationId": "HttpRequest",
              "connectionName": "shared_sharepointonline"
            }
          },
          "runAfter": {
            "get_Projects": [
              "Succeeded"
            ]
          },
          "metadata": {
            "operationMetadataId": "e75ec512-b707-4c40-ae95-a6afff71f984"
          }
        },
        "User_Check_PM": {
          "type": "Query",
          "inputs": {
            "from": "@outputs('get_Users')?['body']?['d']?['results']",
            "where": "@equals(json(item()['UserObj'])?['Email'],\r\ncoalesce(\r\n  first(triggerOutputs()?['body']?['ProjectManager'])?['Email'],\r\n  triggerOutputs()?['body']?['ProjectManager']?['Email']\r\n))"
          },
          "runAfter": {
            "op": [
              "Succeeded"
            ]
          },
          "metadata": {
            "operationMetadataId": "72be9a07-4af5-456e-85b1-3620b0646a86"
          }
        },
        "User_Check_PTM": {
          "type": "Query",
          "inputs": {
            "from": "@outputs('get_Users')?['body']?['d']?['results']",
            "where": "@equals(json(item()['UserObj'])?['Email'],triggerOutputs()?['body']?['Author']?['Email'])"
          },
          "runAfter": {
            "pmguid": [
              "Succeeded"
            ]
          },
          "metadata": {
            "operationMetadataId": "e070e692-24f7-4d97-a94f-37ddc67fca9f"
          }
        },
        "get_Projects": {
          "type": "OpenApiConnection",
          "inputs": {
            "parameters": {
              "dataset": "@parameters('Site_URL(TS365) (ts365_Site_URLTS365)')",
              "parameters/method": "GET",
              "parameters/uri": "_api/web/lists/getbytitle('hr365tsProjects')/items?$select=Title,GID,Data"
            },
            "host": {
              "apiId": "/providers/Microsoft.PowerApps/apis/shared_sharepointonline",
              "operationId": "HttpRequest",
              "connectionName": "shared_sharepointonline"
            }
          },
          "runAfter": {
            "get_Clients": [
              "Succeeded"
            ]
          },
          "metadata": {
            "operationMetadataId": "bd5f79ce-4256-4425-a5ab-d1061258bd40"
          }
        }
      }
    },
    "templateName": null
  },
  "schemaVersion": "1.0.0.0"
}