{
  "properties": {
    "connectionReferences": {},
    "definition": {
      "$schema": "https://schema.management.azure.com/providers/Microsoft.Logic/schemas/2016-06-01/workflowdefinition.json#",
      "contentVersion": "undefined",
      "parameters": {
        "$authentication": {
          "defaultValue": {},
          "type": "SecureObject"
        },
        "$connections": {
          "defaultValue": {},
          "type": "Object"
        }
      },
      "triggers": {
        "manual": {
          "type": "Request",
          "kind": "Button",
          "inputs": {
            "schema": {
              "type": "object",
              "properties": {
                "text": {
                  "description": "WorkflowData",
                  "title": "InpuWorkflowDatat",
                  "type": "string",
                  "x-ms-content-hint": "TEXT",
                  "x-ms-dynamically-added": true
                },
                "text_1": {
                  "description": "Users",
                  "title": "Users",
                  "type": "string",
                  "x-ms-content-hint": "TEXT",
                  "x-ms-dynamically-added": true
                },
                "text_2": {
                  "description": "Admins",
                  "title": "Admins",
                  "type": "string",
                  "x-ms-content-hint": "TEXT",
                  "x-ms-dynamically-added": true
                },
                "text_3": {
                  "description": "ProjectAdminGUID",
                  "title": "ProjectAdminGUID",
                  "type": "string",
                  "x-ms-content-hint": "TEXT",
                  "x-ms-dynamically-added": true
                },
                "text_4": {
                  "description": "ProjectGUID",
                  "title": "ProjectGUID",
                  "type": "string",
                  "x-ms-content-hint": "TEXT",
                  "x-ms-dynamically-added": true
                },
                "text_5": {
                  "description": "UserWhoSubmitted",
                  "title": "UserWhoSubmitted",
                  "type": "string",
                  "x-ms-content-hint": "TEXT",
                  "x-ms-dynamically-added": true
                },
                "text_6": {
                  "description": "Level",
                  "title": "Level",
                  "type": "string",
                  "x-ms-content-hint": "TEXT",
                  "x-ms-dynamically-added": true
                },
                "text_7": {
                  "description": "Coordinator",
                  "title": "Coordinator",
                  "type": "string",
                  "x-ms-content-hint": "TEXT",
                  "x-ms-dynamically-added": true
                },
                "text_8": {
                  "description": "programManager",
                  "title": "programManager",
                  "type": "string",
                  "x-ms-content-hint": "TEXT",
                  "x-ms-dynamically-added": true
                },
                "text_9": {
                  "description": "projectObserver",
                  "title": "projectObserver",
                  "type": "string",
                  "x-ms-content-hint": "TEXT",
                  "x-ms-dynamically-added": true
                },
                "text_10": {
                  "description": "projectManager",
                  "title": "projectManager",
                  "type": "string",
                  "x-ms-content-hint": "TEXT",
                  "x-ms-dynamically-added": true
                },
                "text_11": {
                  "description": "Please enter your input",
                  "title": "Delegation",
                  "type": "string",
                  "x-ms-content-hint": "TEXT",
                  "x-ms-dynamically-added": true
                }
              },
              "required": [
                "text",
                "text_1",
                "text_2",
                "text_3",
                "text_4",
                "text_5",
                "text_6",
                "text_7",
                "text_8",
                "text_9",
                "text_10",
                "text_11"
              ]
            }
          },
          "metadata": {
            "operationMetadataId": "033c40d1-3f5e-42f4-a3c1-9df27eff4f40"
          }
        }
      },
      "actions": {
        "Initialize_ThisApprovars": {
          "type": "InitializeVariable",
          "inputs": {
            "variables": [
              {
                "name": "ThisApprovers",
                "type": "array",
                "value": []
              }
            ]
          },
          "runAfter": {
            "nextLevels": [
              "Succeeded"
            ]
          },
          "metadata": {
            "operationMetadataId": "f5195b2d-000c-4e93-ac9c-282fab5e6299"
          }
        },
        "Sequential": {
          "type": "If",
          "expression": {
            "and": [
              {
                "equals": [
                  "@outputs('workflowData')?['Type']",
                  "Sequential"
                ]
              }
            ]
          },
          "actions": {
            "ApprovalListAll": {
              "type": "Compose",
              "inputs": "@outputs('workflowData')?['ApprovalList']",
              "metadata": {
                "operationMetadataId": "e9984eb6-cb96-41ae-959f-77cfb279fec1"
              }
            },
            "Each_from_approvalList": {
              "type": "Foreach",
              "foreach": "@outputs('ApprovalListAll')",
              "actions": {
                "IsApprovers": {
                  "type": "If",
                  "expression": {
                    "and": [
                      {
                        "equals": [
                          "@item()?['IsApprovers']",
                          true
                        ]
                      }
                    ]
                  },
                  "actions": {
                    "Approvers": {
                      "type": "Compose",
                      "inputs": "@item()?['Approvers']",
                      "metadata": {
                        "operationMetadataId": "20205341-477d-4020-bcd7-c225318622a3"
                      }
                    },
                    "Each_Approvers": {
                      "type": "Foreach",
                      "foreach": "@outputs('Approvers')",
                      "actions": {
                        "find_user_from_user_list": {
                          "type": "Query",
                          "inputs": {
                            "from": "@json(triggerBody()['text_1'])",
                            "where": "@equals(item()?['GID'],outputs('approver_GUID'))"
                          },
                          "runAfter": {
                            "Compose": [
                              "Succeeded"
                            ]
                          },
                          "metadata": {
                            "operationMetadataId": "f603eb23-39c2-495f-9966-76421ef2947c"
                          }
                        },
                        "approver_GUID": {
                          "type": "Compose",
                          "inputs": "@item()?['key']",
                          "metadata": {
                            "operationMetadataId": "772b69bc-3826-432e-b25b-1aed628eb242"
                          }
                        },
                        "Compose": {
                          "type": "Compose",
                          "inputs": "@item()?['GID']",
                          "runAfter": {
                            "approver_GUID": [
                              "Succeeded"
                            ]
                          },
                          "metadata": {
                            "operationMetadataId": "209d3c04-75ca-4155-a552-be54a8cd7f11"
                          }
                        },
                        "user_foundd": {
                          "type": "If",
                          "expression": {
                            "and": [
                              {
                                "not": {
                                  "equals": [
                                    "@length(outputs('find_user_from_user_list')?['body'])",
                                    0
                                  ]
                                }
                              }
                            ]
                          },
                          "actions": {
                            "check_active": {
                              "type": "Compose",
                              "inputs": "@outputs('user_found')?[0]?['Status']\r\n",
                              "metadata": {
                                "operationMetadataId": "4fc43b34-503a-469a-a15f-e4b83b8e1032"
                              }
                            },
                            "Active_user": {
                              "type": "If",
                              "expression": {
                                "and": [
                                  {
                                    "equals": [
                                      "@outputs('user_found')[0]?['Status']",
                                      "Active"
                                    ]
                                  }
                                ]
                              },
                              "actions": {
                                "Append_to_array_variable": {
                                  "type": "AppendToArrayVariable",
                                  "inputs": {
                                    "name": "ThisApprovers",
                                    "value": "@coalesce(outputs('user_found')?[0]?['User']?['Email'],'')\r\n"
                                  },
                                  "metadata": {
                                    "operationMetadataId": "5e9000a2-ba8a-43ee-a391-ea358387fc5f"
                                  }
                                }
                              },
                              "else": {
                                "actions": {
                                  "to_all_admins": {
                                    "type": "Foreach",
                                    "foreach": "@outputs('Admin_Users')",
                                    "actions": {
                                      "Append_to_array_values": {
                                        "type": "AppendToArrayVariable",
                                        "inputs": {
                                          "name": "ThisApprovers",
                                          "value": "@coalesce(item()?['User']?['Email'], '')\r\n"
                                        },
                                        "metadata": {
                                          "operationMetadataId": "11127e22-e51c-4d48-a714-72c8289c561b"
                                        }
                                      }
                                    },
                                    "metadata": {
                                      "operationMetadataId": "a8efadff-ba2d-440c-8bb1-95df79827fb8"
                                    }
                                  }
                                }
                              },
                              "runAfter": {
                                "check_active": [
                                  "Succeeded"
                                ]
                              },
                              "metadata": {
                                "operationMetadataId": "886fa6d0-0d87-492c-8dfa-cd4f437bfd9e"
                              }
                            }
                          },
                          "else": {
                            "actions": {
                              "to_all_admins-copy": {
                                "type": "Foreach",
                                "foreach": "@outputs('Admin_Users')",
                                "actions": {
                                  "Append_to_array_values_2": {
                                    "type": "AppendToArrayVariable",
                                    "inputs": {
                                      "name": "ThisApprovers",
                                      "value": "@item()?['User']?['Email']"
                                    },
                                    "metadata": {
                                      "operationMetadataId": "3fe86e05-e24a-45d2-aecb-b057bf3812b3"
                                    }
                                  }
                                },
                                "metadata": {
                                  "operationMetadataId": "b68b3d9f-5f17-4b1a-92ce-39bf70007f9e"
                                }
                              }
                            }
                          },
                          "runAfter": {
                            "user_found": [
                              "Succeeded"
                            ]
                          },
                          "metadata": {
                            "operationMetadataId": "71c1cfd7-0094-4f13-b84b-d08ed34a641d"
                          }
                        },
                        "user_found": {
                          "type": "Compose",
                          "inputs": "@outputs('find_user_from_user_list')?['body']",
                          "runAfter": {
                            "find_user_from_user_list": [
                              "Succeeded"
                            ]
                          },
                          "metadata": {
                            "operationMetadataId": "0b87d036-1be7-48a2-9653-51877a32e76b"
                          }
                        }
                      },
                      "runAfter": {
                        "Approvers": [
                          "Succeeded"
                        ]
                      },
                      "metadata": {
                        "operationMetadataId": "fdb25686-678d-4a31-896b-14ae801a1b0d"
                      }
                    }
                  },
                  "else": {
                    "actions": {}
                  },
                  "runAfter": {
                    "Each_Item": [
                      "Succeeded"
                    ]
                  },
                  "metadata": {
                    "operationMetadataId": "bcbc2a02-6411-4f6f-bb03-195567fff143"
                  }
                },
                "isRole": {
                  "type": "If",
                  "expression": {
                    "and": [
                      {
                        "equals": [
                          "@item()?['IsRole']",
                          true
                        ]
                      }
                    ]
                  },
                  "actions": {
                    "SelectRole": {
                      "type": "Compose",
                      "inputs": "@item()?['SelectRole']",
                      "metadata": {
                        "operationMetadataId": "fbd017c2-06d6-4ce5-a52c-5d75fb1a8ed2"
                      }
                    },
                    "for_each_role": {
                      "type": "Foreach",
                      "foreach": "@outputs('SelectRole')",
                      "actions": {
                        "The_role": {
                          "type": "Compose",
                          "inputs": "@item()?['key']",
                          "metadata": {
                            "operationMetadataId": "33b1c868-cdbc-454d-a65d-4e8f228f0faa"
                          }
                        },
                        "Switch_1": {
                          "type": "Switch",
                          "expression": "@item()['key']",
                          "default": {
                            "actions": {}
                          },
                          "cases": {
                            "projectManager_": {
                              "actions": {
                                "project_manager_1": {
                                  "type": "Foreach",
                                  "foreach": "@outputs('projectManager_users')",
                                  "actions": {
                                    "Append_to_array_values_7": {
                                      "type": "AppendToArrayVariable",
                                      "inputs": {
                                        "name": "ThisApprovers",
                                        "value": "@coalesce(item()?['User']?['Email'], '')\r\n"
                                      },
                                      "runAfter": {
                                        "Compose_2": [
                                          "Succeeded"
                                        ]
                                      },
                                      "metadata": {
                                        "operationMetadataId": "4cac1a1d-0695-4f07-a5bf-7f212c7ffc1f"
                                      }
                                    },
                                    "Compose_2": {
                                      "type": "Compose",
                                      "inputs": "@item()?['User']?['Email']",
                                      "metadata": {
                                        "operationMetadataId": "e5a4df0d-97de-43b9-9a40-2eb9167c504c"
                                      }
                                    }
                                  },
                                  "metadata": {
                                    "operationMetadataId": "695f6094-fad4-4117-9859-36c23da15122"
                                  }
                                }
                              },
                              "case": "projectManager"
                            },
                            "projectObserver_": {
                              "actions": {
                                "projectObserver_1": {
                                  "type": "Foreach",
                                  "foreach": "@outputs('projectObserver_users')",
                                  "actions": {
                                    "Append_to_array_values_8": {
                                      "type": "AppendToArrayVariable",
                                      "inputs": {
                                        "name": "ThisApprovers",
                                        "value": "@coalesce(item()?['User']?['Email'],'')"
                                      },
                                      "runAfter": {
                                        "Compose_7": [
                                          "Succeeded"
                                        ]
                                      },
                                      "metadata": {
                                        "operationMetadataId": "cc19beed-6da7-4e46-8bc3-982173287ecb"
                                      }
                                    },
                                    "Compose_7": {
                                      "type": "Compose",
                                      "inputs": "@item()?['User']?['Email']",
                                      "metadata": {
                                        "operationMetadataId": "db84a6f2-6258-4986-8195-eb5fcf0948cb"
                                      }
                                    }
                                  },
                                  "metadata": {
                                    "operationMetadataId": "4e2b3eb5-60be-41b6-9079-fd7f2ef5d5e9"
                                  }
                                }
                              },
                              "case": "projectObserver"
                            },
                            "programManager": {
                              "actions": {
                                "projectmanager_1": {
                                  "type": "Foreach",
                                  "foreach": "@outputs('programManager_users')",
                                  "actions": {
                                    "Append_to_array_values_9": {
                                      "type": "AppendToArrayVariable",
                                      "inputs": {
                                        "name": "ThisApprovers",
                                        "value": "@coalesce(item()?['User']?['Email'], '')\r\n"
                                      },
                                      "runAfter": {
                                        "Compose_8": [
                                          "Succeeded"
                                        ]
                                      },
                                      "metadata": {
                                        "operationMetadataId": "0216fc36-2c25-4d03-8306-adcca08a2f4d"
                                      }
                                    },
                                    "Compose_8": {
                                      "type": "Compose",
                                      "inputs": "@item()?['User']?['Email']",
                                      "metadata": {
                                        "operationMetadataId": "f0226690-9c73-4db3-bbc5-15885f5d1ee6"
                                      }
                                    }
                                  },
                                  "metadata": {
                                    "operationMetadataId": "0d17d71e-06e1-49d5-b629-501c0f959959"
                                  }
                                }
                              },
                              "case": "programManager"
                            },
                            "coordinator": {
                              "actions": {
                                "coodinators": {
                                  "type": "Foreach",
                                  "foreach": "@outputs('coordinator_users')",
                                  "actions": {
                                    "Append_to_array_values_10": {
                                      "type": "AppendToArrayVariable",
                                      "inputs": {
                                        "name": "ThisApprovers",
                                        "value": "@coalesce(item()?['User']?['Email'], '')\r\n"
                                      },
                                      "runAfter": {
                                        "Compose_9": [
                                          "Succeeded"
                                        ]
                                      },
                                      "metadata": {
                                        "operationMetadataId": "8a8b676e-421e-4a67-8b00-c69ff05eed59"
                                      }
                                    },
                                    "Compose_9": {
                                      "type": "Compose",
                                      "inputs": "@item()?['User']?['Email']",
                                      "metadata": {
                                        "operationMetadataId": "f33511f3-df62-46cf-8b95-7ba6f21e5d68"
                                      }
                                    }
                                  },
                                  "metadata": {
                                    "operationMetadataId": "e3300478-af57-423d-b3ca-9a3d1978d9b1"
                                  }
                                }
                              },
                              "case": "coordinator"
                            }
                          },
                          "runAfter": {
                            "The_role": [
                              "Succeeded"
                            ]
                          },
                          "metadata": {
                            "operationMetadataId": "749a85cb-ad5c-4a84-8dbc-2d07a82d4bb2"
                          }
                        }
                      },
                      "runAfter": {
                        "SelectRole": [
                          "Succeeded"
                        ]
                      },
                      "metadata": {
                        "operationMetadataId": "f93b7e25-2757-4969-b858-5a75fa4ff9f7"
                      }
                    }
                  },
                  "else": {
                    "actions": {}
                  },
                  "runAfter": {
                    "IsApprovers": [
                      "Succeeded"
                    ]
                  },
                  "metadata": {
                    "operationMetadataId": "336a06ed-a1f4-42c4-aac1-23d25a78e12b"
                  }
                },
                "Manager": {
                  "type": "If",
                  "expression": {
                    "and": [
                      {
                        "equals": [
                          "@item()?['Manager']",
                          true
                        ]
                      }
                    ]
                  },
                  "actions": {
                    "user_managers": {
                      "type": "Compose",
                      "inputs": "@triggerBody()?['text_3']",
                      "metadata": {
                        "operationMetadataId": "d27de4e9-fe5c-4e31-a797-a7550fd379c9"
                      }
                    },
                    "user_M_Data": {
                      "type": "Query",
                      "inputs": {
                        "from": "@outputs('Users')",
                        "where": "@contains(outputs('user_managers'),item()?['GID'])"
                      },
                      "runAfter": {
                        "user_managers": [
                          "Succeeded"
                        ]
                      },
                      "metadata": {
                        "operationMetadataId": "4064e49e-666f-4d5c-a2e9-47305bd15193"
                      }
                    },
                    "print_Um_data": {
                      "type": "Compose",
                      "inputs": "@outputs('user_M_Data')",
                      "runAfter": {
                        "user_M_Data": [
                          "Succeeded"
                        ]
                      },
                      "metadata": {
                        "operationMetadataId": "814213f3-396e-43e6-8475-4dc2809616f8"
                      }
                    },
                    "for_Each_active_Pm,_add_in_the_email_array": {
                      "type": "Foreach",
                      "foreach": "@body('user_M_Data')",
                      "actions": {
                        "active_ones": {
                          "type": "If",
                          "expression": {
                            "and": [
                              {
                                "equals": [
                                  "@item()?['status']",
                                  "Active"
                                ]
                              }
                            ]
                          },
                          "actions": {
                            "Append_to_array_variable_2": {
                              "type": "AppendToArrayVariable",
                              "inputs": {
                                "name": "ThisApprovers",
                                "value": "@coalesce(item()?['User']?['Email'], '')\r\n"
                              },
                              "runAfter": {
                                "Error": [
                                  "Succeeded"
                                ]
                              },
                              "metadata": {
                                "operationMetadataId": "ca9ff0e3-ffa1-4918-acc1-885ecdffd1eb"
                              }
                            },
                            "Error": {
                              "type": "Compose",
                              "inputs": "@item()?['User']?['Email']",
                              "metadata": {
                                "operationMetadataId": "3f199ed1-a0fe-44a7-9555-7628ee19b49c"
                              }
                            }
                          },
                          "else": {
                            "actions": {}
                          },
                          "metadata": {
                            "operationMetadataId": "968d78e8-799e-4620-b9c5-8ff11df311f4"
                          }
                        }
                      },
                      "runAfter": {
                        "print_Um_data": [
                          "Succeeded"
                        ]
                      },
                      "metadata": {
                        "operationMetadataId": "966d7d19-dbda-4281-8abc-c2498b244759"
                      }
                    }
                  },
                  "else": {
                    "actions": {}
                  },
                  "runAfter": {
                    "isRole": [
                      "Succeeded"
                    ]
                  },
                  "metadata": {
                    "operationMetadataId": "6b7fe691-c2a2-47b8-b778-9cb0ed501d8e"
                  }
                },
                "ManagerManager": {
                  "type": "If",
                  "expression": {
                    "and": [
                      {
                        "equals": [
                          "@item()?['ManagerManager']",
                          true
                        ]
                      }
                    ]
                  },
                  "actions": {
                    "user_submitted_from_the_input": {
                      "type": "Compose",
                      "inputs": "@triggerBody()?['text_5']",
                      "metadata": {
                        "operationMetadataId": "96aca221-fbae-42d1-898e-20d3972db6b2"
                      }
                    },
                    "Find_This_user": {
                      "type": "Query",
                      "inputs": {
                        "from": "@json(triggerBody()['text_1'])",
                        "where": "@equals(item()?['GID'],triggerBody()?['text_5'])"
                      },
                      "runAfter": {
                        "user_submitted_from_the_input": [
                          "Succeeded"
                        ]
                      },
                      "metadata": {
                        "operationMetadataId": "eba6194b-b3d5-4a7e-bdb8-e87a4fcc6c64"
                      }
                    },
                    "User's_Manager": {
                      "type": "Compose",
                      "inputs": "@json(body('Find_This_user')[0]?['Data'])?['Title']",
                      "runAfter": {
                        "Find_This_user": [
                          "Succeeded"
                        ]
                      },
                      "metadata": {
                        "operationMetadataId": "774ad231-8c2c-4e83-8567-3dd167ca8d6d"
                      }
                    },
                    "Manager's_Manager": {
                      "type": "Query",
                      "inputs": {
                        "from": "@outputs('Users')",
                        "where": "@equals(item()?['User'],outputs('User''s_Manager'))"
                      },
                      "runAfter": {
                        "User's_Manager": [
                          "Succeeded"
                        ]
                      },
                      "metadata": {
                        "operationMetadataId": "5d98e1f3-233d-4cb6-8976-4ed87eca371d"
                      }
                    },
                    "Active": {
                      "type": "If",
                      "expression": {
                        "and": [
                          {
                            "equals": [
                              "@outputs('Manager''s_Manager')",
                              "Active"
                            ]
                          }
                        ]
                      },
                      "actions": {
                        "Append_to_array_variable_3": {
                          "type": "AppendToArrayVariable",
                          "inputs": {
                            "name": "ThisApprovers",
                            "value": "@coalesce(body('Manager''s_Manager')['Email'], '')"
                          },
                          "metadata": {
                            "operationMetadataId": "cbf251f7-1266-4c5e-bf1a-bb84cca37a8d"
                          }
                        }
                      },
                      "else": {
                        "actions": {
                          "to_all_admins_1": {
                            "type": "Foreach",
                            "foreach": "@outputs('Admin_Users')",
                            "actions": {
                              "Set_AllAdmins_1": {
                                "type": "SetVariable",
                                "inputs": {
                                  "name": "ThisApprovers",
                                  "value": "@outputs('BuildNewApprovers_1')"
                                },
                                "runAfter": {
                                  "BuildNewApprovers_1": [
                                    "Succeeded"
                                  ]
                                },
                                "metadata": {
                                  "operationMetadataId": "08a03b4e-eb0a-4293-9a4d-a68d2e359a22"
                                }
                              },
                              "BuildNewApprovers_1": {
                                "type": "Compose",
                                "inputs": "@union(variables('ThisApprovers'), createArray(item()?['Email']))",
                                "metadata": {
                                  "operationMetadataId": "267766e2-f60b-46b4-b576-0ef2b7170f7e"
                                }
                              }
                            },
                            "metadata": {
                              "operationMetadataId": "9765d62e-2676-4e05-b9cf-45231793740e"
                            }
                          }
                        }
                      },
                      "runAfter": {
                        "Manager's_Manager": [
                          "Succeeded"
                        ]
                      },
                      "metadata": {
                        "operationMetadataId": "c972ec71-ebaf-44e4-8e0d-4c46dd2405ae"
                      }
                    }
                  },
                  "else": {
                    "actions": {}
                  },
                  "runAfter": {
                    "Manager": [
                      "Succeeded"
                    ]
                  },
                  "metadata": {
                    "operationMetadataId": "25328ee8-c674-4873-be87-c772663645ca"
                  }
                },
                "Each_Item": {
                  "type": "Compose",
                  "inputs": "@item()",
                  "metadata": {
                    "operationMetadataId": "3e2e0e79-a014-475f-a090-2117ae1699b2"
                  }
                }
              },
              "runAfter": {
                "ApprovalList": [
                  "Succeeded"
                ]
              },
              "metadata": {
                "operationMetadataId": "4cf35fd6-68c1-41e5-b235-ec6f2faa9496"
              }
            },
            "ApprovalList": {
              "type": "Compose",
              "inputs": "@skip(outputs('ApprovalListAll'), coalesce(outputs('nextLevels'), 0))",
              "runAfter": {
                "ApprovalListAll": [
                  "Succeeded"
                ]
              },
              "metadata": {
                "operationMetadataId": "e9984eb6-cb96-41ae-959f-77cfb279fec1"
              }
            }
          },
          "else": {
            "actions": {
              "Parallel": {
                "type": "If",
                "expression": {
                  "and": [
                    {
                      "equals": [
                        "@outputs('workflowData')?['Type']",
                        "Parallel"
                      ]
                    }
                  ]
                },
                "actions": {
                  "ApprovalList_p": {
                    "type": "Compose",
                    "inputs": "@outputs('workflowData')?['ApprovalList']",
                    "metadata": {
                      "operationMetadataId": "e9984eb6-cb96-41ae-959f-77cfb279fec1"
                    }
                  },
                  "Each_from_approvalList_p": {
                    "type": "Foreach",
                    "foreach": "@outputs('ApprovalList_p')",
                    "actions": {
                      "IsApprovers_p": {
                        "type": "If",
                        "expression": {
                          "and": [
                            {
                              "equals": [
                                "@item()?['IsApprovers']",
                                true
                              ]
                            }
                          ]
                        },
                        "actions": {
                          "Approvers_1": {
                            "type": "Compose",
                            "inputs": "@item()?['Approvers']",
                            "metadata": {
                              "operationMetadataId": "20205341-477d-4020-bcd7-c225318622a3"
                            }
                          },
                          "Each_Approvers_1": {
                            "type": "Foreach",
                            "foreach": "@outputs('Approvers_1')",
                            "actions": {
                              "find_user_from_user_list_1": {
                                "type": "Query",
                                "inputs": {
                                  "from": "@json(triggerBody()['text_1'])",
                                  "where": "@equals(item()?['GID'],outputs('approver_GUID_1'))"
                                },
                                "runAfter": {
                                  "approver_GUID_1": [
                                    "Succeeded"
                                  ]
                                },
                                "metadata": {
                                  "operationMetadataId": "f603eb23-39c2-495f-9966-76421ef2947c"
                                }
                              },
                              "approver_GUID_1": {
                                "type": "Compose",
                                "inputs": "@item()?['key']",
                                "metadata": {
                                  "operationMetadataId": "772b69bc-3826-432e-b25b-1aed628eb242"
                                }
                              },
                              "user_found_1": {
                                "type": "Compose",
                                "inputs": "@outputs('find_user_from_user_list_1')",
                                "runAfter": {
                                  "find_user_from_user_list_1": [
                                    "Succeeded"
                                  ]
                                },
                                "metadata": {
                                  "operationMetadataId": "0b87d036-1be7-48a2-9653-51877a32e76b"
                                }
                              },
                              "check_active_1": {
                                "type": "Compose",
                                "inputs": "@body('user_found_1')[0]?['Status']",
                                "runAfter": {
                                  "user_found_1": [
                                    "Succeeded"
                                  ]
                                },
                                "metadata": {
                                  "operationMetadataId": "4fc43b34-503a-469a-a15f-e4b83b8e1032"
                                }
                              },
                              "Active_user_1": {
                                "type": "If",
                                "expression": {
                                  "and": [
                                    {
                                      "equals": [
                                        "@body('user_found_1')[0]?['Status']",
                                        "Active"
                                      ]
                                    }
                                  ]
                                },
                                "actions": {
                                  "Append_to_array_variable_1": {
                                    "type": "AppendToArrayVariable",
                                    "inputs": {
                                      "name": "ThisApprovers",
                                      "value": "@coalesce(body('user_found_1')?[0]?['User']?['Email'],'')\r\n"
                                    },
                                    "metadata": {
                                      "operationMetadataId": "c94d1e71-9d89-476e-a659-7b4d26d445d6"
                                    }
                                  }
                                },
                                "else": {
                                  "actions": {
                                    "to_all_admins_2": {
                                      "type": "Foreach",
                                      "foreach": "@outputs('Admin_Users')",
                                      "actions": {
                                        "Append_to_array_values_1": {
                                          "type": "AppendToArrayVariable",
                                          "inputs": {
                                            "name": "ThisApprovers",
                                            "value": "@coalesce(item()?['Email'],'')"
                                          },
                                          "runAfter": {
                                            "Compose_3": [
                                              "Succeeded"
                                            ]
                                          },
                                          "metadata": {
                                            "operationMetadataId": "06b86c4c-b965-46ce-b4e6-fa268c9ed60a"
                                          }
                                        },
                                        "Compose_3": {
                                          "type": "Compose",
                                          "inputs": "@item()['email']",
                                          "metadata": {
                                            "operationMetadataId": "c911e8bd-2698-4347-aaad-1dcc0ec9d48f"
                                          }
                                        }
                                      },
                                      "metadata": {
                                        "operationMetadataId": "086a9b6d-e51e-44bb-8e94-ccc9af40a950"
                                      }
                                    }
                                  }
                                },
                                "runAfter": {
                                  "check_active_1": [
                                    "Succeeded"
                                  ]
                                },
                                "metadata": {
                                  "operationMetadataId": "978535d5-6687-4e01-a0f0-4634064e0f97"
                                }
                              }
                            },
                            "runAfter": {
                              "Approvers_1": [
                                "Succeeded"
                              ]
                            },
                            "metadata": {
                              "operationMetadataId": "fdb25686-678d-4a31-896b-14ae801a1b0d"
                            }
                          }
                        },
                        "else": {
                          "actions": {}
                        },
                        "runAfter": {
                          "Each_Item_1": [
                            "Succeeded"
                          ]
                        },
                        "metadata": {
                          "operationMetadataId": "bcbc2a02-6411-4f6f-bb03-195567fff143"
                        }
                      },
                      "isRole_p": {
                        "type": "If",
                        "expression": {
                          "and": [
                            {
                              "equals": [
                                "@item()?['IsRole']",
                                true
                              ]
                            }
                          ]
                        },
                        "actions": {
                          "SelectRole_1": {
                            "type": "Compose",
                            "inputs": "@item()?['SelectRole']",
                            "metadata": {
                              "operationMetadataId": "5be65e6a-743f-442c-9130-d08b476f641d"
                            }
                          },
                          "for_each_role_1": {
                            "type": "Foreach",
                            "foreach": "@outputs('SelectRole_1')",
                            "actions": {
                              "The_role_1": {
                                "type": "Compose",
                                "inputs": "@item()?['key']",
                                "metadata": {
                                  "operationMetadataId": "45b82605-f940-48f9-b209-f714d5426457"
                                }
                              },
                              "Switch": {
                                "type": "Switch",
                                "expression": "@item()['key']",
                                "default": {
                                  "actions": {}
                                },
                                "cases": {
                                  "projectManager_r": {
                                    "actions": {
                                      "project_manager": {
                                        "type": "Foreach",
                                        "foreach": "@outputs('projectmanager_users')",
                                        "actions": {
                                          "Append_to_array_values_6": {
                                            "type": "AppendToArrayVariable",
                                            "inputs": {
                                              "name": "ThisApprovers",
                                              "value": "@coalesce(item()?['User']?['Email'], '')\r\n"
                                            },
                                            "runAfter": {
                                              "Compose_6": [
                                                "Succeeded"
                                              ]
                                            },
                                            "metadata": {
                                              "operationMetadataId": "18a92da3-9ec4-42ff-83dd-0920e62ce6f5"
                                            }
                                          },
                                          "Compose_6": {
                                            "type": "Compose",
                                            "inputs": "@item()?['User']?['Email']",
                                            "metadata": {
                                              "operationMetadataId": "0b017784-acbe-4110-bb13-da6b3fdd59c5"
                                            }
                                          }
                                        },
                                        "metadata": {
                                          "operationMetadataId": "b46d1000-10bc-403d-a21f-68bb035e7af9"
                                        }
                                      }
                                    },
                                    "case": "projectManager"
                                  },
                                  "projectObserver_r": {
                                    "actions": {
                                      "projectObserver": {
                                        "type": "Foreach",
                                        "foreach": "@outputs('projectObserver_users')",
                                        "actions": {
                                          "Append_to_array_values_5": {
                                            "type": "AppendToArrayVariable",
                                            "inputs": {
                                              "name": "ThisApprovers",
                                              "value": "@coalesce(item()?['User']?['Email'], '')\r\n"
                                            },
                                            "runAfter": {
                                              "Compose_5": [
                                                "Succeeded"
                                              ]
                                            },
                                            "metadata": {
                                              "operationMetadataId": "eac01728-4e5b-4821-bd2a-ffaec87dd587"
                                            }
                                          },
                                          "Compose_5": {
                                            "type": "Compose",
                                            "inputs": "@item()?['User']?['Email']",
                                            "metadata": {
                                              "operationMetadataId": "460dfc0c-e538-4049-af6f-34ead509aed4"
                                            }
                                          }
                                        },
                                        "metadata": {
                                          "operationMetadataId": "bfa67df6-ba61-400f-9f04-4324adaf20da"
                                        }
                                      }
                                    },
                                    "case": "projectObserver"
                                  },
                                  "programManager_r": {
                                    "actions": {
                                      "projectmanager": {
                                        "type": "Foreach",
                                        "foreach": "@outputs('programManager_users')",
                                        "actions": {
                                          "Append_to_array_values_4": {
                                            "type": "AppendToArrayVariable",
                                            "inputs": {
                                              "name": "ThisApprovers",
                                              "value": "@coalesce(item()?['User']?['Email'], '')\r\n"
                                            },
                                            "runAfter": {
                                              "Compose_4": [
                                                "Succeeded"
                                              ]
                                            },
                                            "metadata": {
                                              "operationMetadataId": "c32cb1f6-0677-4601-ad4b-5713ffb6ebf2"
                                            }
                                          },
                                          "Compose_4": {
                                            "type": "Compose",
                                            "inputs": "@item()?['User']?['Email']",
                                            "metadata": {
                                              "operationMetadataId": "4b63c30f-3b04-43de-ad2c-c5663611cf79"
                                            }
                                          }
                                        },
                                        "metadata": {
                                          "operationMetadataId": "2556560c-c311-4f46-9afa-d50f29657799"
                                        }
                                      }
                                    },
                                    "case": "programManager"
                                  },
                                  "coordinator_r": {
                                    "actions": {
                                      "coordinator_check_compose": {
                                        "type": "Compose",
                                        "inputs": "yes coordinator",
                                        "metadata": {
                                          "operationMetadataId": "1a186b00-b4fd-4198-af98-8621341c2754"
                                        }
                                      },
                                      "to_all_coodinators": {
                                        "type": "Foreach",
                                        "foreach": "@outputs('coordinator_users')",
                                        "actions": {
                                          "Append_to_array_values_3": {
                                            "type": "AppendToArrayVariable",
                                            "inputs": {
                                              "name": "ThisApprovers",
                                              "value": "@coalesce(item()?['User']?['Email'], '')\r\n"
                                            },
                                            "runAfter": {
                                              "Compose_1": [
                                                "Succeeded"
                                              ]
                                            },
                                            "metadata": {
                                              "operationMetadataId": "78438d29-91f6-438e-90d1-f5899600f016"
                                            }
                                          },
                                          "Compose_1": {
                                            "type": "Compose",
                                            "inputs": "@item()?['User']?['Email']",
                                            "metadata": {
                                              "operationMetadataId": "a00693cb-dc75-4e99-8fa8-bde0688e7dcc"
                                            }
                                          }
                                        },
                                        "runAfter": {
                                          "coordinator_check_compose": [
                                            "Succeeded"
                                          ]
                                        },
                                        "metadata": {
                                          "operationMetadataId": "6f9d531a-10d0-43a3-8a36-e3e3b18878ba"
                                        }
                                      }
                                    },
                                    "case": "coordinator"
                                  }
                                },
                                "runAfter": {
                                  "The_role_1": [
                                    "Succeeded"
                                  ]
                                },
                                "metadata": {
                                  "operationMetadataId": "9b0ea735-7e09-444d-a4bc-6db9bd8875eb"
                                }
                              }
                            },
                            "runAfter": {
                              "SelectRole_1": [
                                "Succeeded"
                              ]
                            },
                            "metadata": {
                              "operationMetadataId": "5c91f300-d53a-496c-852b-b3b31d421abb"
                            }
                          }
                        },
                        "else": {
                          "actions": {}
                        },
                        "runAfter": {
                          "IsApprovers_p": [
                            "Succeeded"
                          ]
                        },
                        "metadata": {
                          "operationMetadataId": "336a06ed-a1f4-42c4-aac1-23d25a78e12b"
                        }
                      },
                      "Manager_p": {
                        "type": "If",
                        "expression": {
                          "and": [
                            {
                              "equals": [
                                "@item()?['Manager']",
                                true
                              ]
                            }
                          ]
                        },
                        "actions": {
                          "Project_managers_1": {
                            "type": "Compose",
                            "inputs": "@triggerBody()?['text_3']",
                            "metadata": {
                              "operationMetadataId": "eed6a631-3c1d-4639-bdc2-3e44b7a61ed7"
                            }
                          },
                          "Project_M_Data_1": {
                            "type": "Query",
                            "inputs": {
                              "from": "@outputs('Users')",
                              "where": "@contains(outputs('Project_managers_1'),item()?['GID'])"
                            },
                            "runAfter": {
                              "Project_managers_1": [
                                "Succeeded"
                              ]
                            },
                            "metadata": {
                              "operationMetadataId": "e0c03a0d-83cf-4623-9b12-a1041f48ff10"
                            }
                          },
                          "print_PM_data_1": {
                            "type": "Compose",
                            "inputs": "@outputs('Project_M_Data_1')",
                            "runAfter": {
                              "Project_M_Data_1": [
                                "Succeeded"
                              ]
                            },
                            "metadata": {
                              "operationMetadataId": "94380198-52fb-405a-be9d-3aee7b51731f"
                            }
                          },
                          "for_Each_active_Pm,_add_in_the_email_array_1": {
                            "type": "Foreach",
                            "foreach": "@body('Project_M_Data_1')",
                            "actions": {
                              "active_ones_1": {
                                "type": "If",
                                "expression": {
                                  "and": [
                                    {
                                      "equals": [
                                        "@item()?['status']",
                                        "Active"
                                      ]
                                    }
                                  ]
                                },
                                "actions": {
                                  "Append_to_array_variable_4": {
                                    "type": "AppendToArrayVariable",
                                    "inputs": {
                                      "name": "ThisApprovers",
                                      "value": "@coalesce(item()?['User']?['Email'], '')\r\n"
                                    },
                                    "runAfter": {
                                      "Error_1": [
                                        "Succeeded"
                                      ]
                                    },
                                    "metadata": {
                                      "operationMetadataId": "1b45d59a-9f64-4ab9-92ea-d2a70a8bb544"
                                    }
                                  },
                                  "Error_1": {
                                    "type": "Compose",
                                    "inputs": "@item()?['User']?['Email']",
                                    "metadata": {
                                      "operationMetadataId": "212a21a2-fdab-4a9d-99db-476099adce4e"
                                    }
                                  }
                                },
                                "else": {
                                  "actions": {}
                                },
                                "metadata": {
                                  "operationMetadataId": "9f7dbe65-e7ba-4ae3-95dd-069f70fb860f"
                                }
                              }
                            },
                            "runAfter": {
                              "print_PM_data_1": [
                                "Succeeded"
                              ]
                            },
                            "metadata": {
                              "operationMetadataId": "6bbc0b92-c886-47ff-84a8-2f800842210a"
                            }
                          }
                        },
                        "else": {
                          "actions": {}
                        },
                        "runAfter": {
                          "isRole_p": [
                            "Succeeded"
                          ]
                        },
                        "metadata": {
                          "operationMetadataId": "6b7fe691-c2a2-47b8-b778-9cb0ed501d8e"
                        }
                      },
                      "ManagerManager_p": {
                        "type": "If",
                        "expression": {
                          "and": [
                            {
                              "equals": [
                                "@item()?['ManagerManager']",
                                true
                              ]
                            }
                          ]
                        },
                        "actions": {
                          "user_submitted_from_the_input_1": {
                            "type": "Compose",
                            "inputs": "@triggerBody()?['text_5']",
                            "metadata": {
                              "operationMetadataId": "c3aa3621-69ea-4e58-aed2-fdceff87f38b"
                            }
                          },
                          "Find_This_user_1": {
                            "type": "Query",
                            "inputs": {
                              "from": "@json(triggerBody()['text_1'])",
                              "where": "@equals(item()?['GID'],triggerBody()?['text_5'])"
                            },
                            "runAfter": {
                              "user_submitted_from_the_input_1": [
                                "Succeeded"
                              ]
                            },
                            "metadata": {
                              "operationMetadataId": "6228fe52-eaaf-4689-b274-675e47c0e7fc"
                            }
                          },
                          "User's_Manager_1": {
                            "type": "Compose",
                            "inputs": "@json(body('Find_This_user_1')[0]?['Data'])?['Title']",
                            "runAfter": {
                              "Find_This_user_1": [
                                "Succeeded"
                              ]
                            },
                            "metadata": {
                              "operationMetadataId": "a8508b77-63e1-4efe-bae9-ebccd26430a3"
                            }
                          },
                          "Manager's_Manager_1": {
                            "type": "Query",
                            "inputs": {
                              "from": "@outputs('Users')",
                              "where": "@equals(item()?['User'],outputs('User''s_Manager_1'))"
                            },
                            "runAfter": {
                              "User's_Manager_1": [
                                "Succeeded"
                              ]
                            },
                            "metadata": {
                              "operationMetadataId": "a57b6973-dc0b-479b-b5ff-c7ab5144986b"
                            }
                          },
                          "Active_1": {
                            "type": "If",
                            "expression": {
                              "and": [
                                {
                                  "equals": [
                                    "@outputs('Manager''s_Manager_1')",
                                    "Active"
                                  ]
                                }
                              ]
                            },
                            "actions": {
                              "Append_to_array_variable_5": {
                                "type": "AppendToArrayVariable",
                                "inputs": {
                                  "name": "ThisApprovers",
                                  "value": "@coalesce(body('Manager''s_Manager_1')['Email'],'')"
                                },
                                "metadata": {
                                  "operationMetadataId": "c2bfa350-d36c-4d5a-929a-d3a4ad5ab31e"
                                }
                              }
                            },
                            "else": {
                              "actions": {
                                "to_all_admins_3": {
                                  "type": "Foreach",
                                  "foreach": "@outputs('Admin_Users')",
                                  "actions": {
                                    "Set_AllAdmins_2": {
                                      "type": "SetVariable",
                                      "inputs": {
                                        "name": "ThisApprovers",
                                        "value": "@outputs('BuildNewApprovers_2')"
                                      },
                                      "runAfter": {
                                        "BuildNewApprovers_2": [
                                          "Succeeded"
                                        ]
                                      },
                                      "metadata": {
                                        "operationMetadataId": "ffa788cb-6d09-4e92-a580-9686ffdd672f"
                                      }
                                    },
                                    "BuildNewApprovers_2": {
                                      "type": "Compose",
                                      "inputs": "@union(variables('ThisApprovers'), createArray(item()?['Email']))",
                                      "metadata": {
                                        "operationMetadataId": "c3ffbd75-08ef-4b59-a411-2534816c9ed1"
                                      }
                                    }
                                  },
                                  "metadata": {
                                    "operationMetadataId": "cd91568e-d429-41be-9ab0-90a5f5ccb2ee"
                                  }
                                }
                              }
                            },
                            "runAfter": {
                              "Manager's_Manager_1": [
                                "Succeeded"
                              ]
                            },
                            "metadata": {
                              "operationMetadataId": "4f34d3fb-251d-44ca-b20f-0537dbc9ad3e"
                            }
                          }
                        },
                        "else": {
                          "actions": {}
                        },
                        "runAfter": {
                          "Manager_p": [
                            "Succeeded"
                          ]
                        },
                        "metadata": {
                          "operationMetadataId": "25328ee8-c674-4873-be87-c772663645ca"
                        }
                      },
                      "Each_Item_1": {
                        "type": "Compose",
                        "inputs": "@item()",
                        "metadata": {
                          "operationMetadataId": "9bf85cde-f678-4a61-a18d-dc5aea8fbb7d"
                        }
                      }
                    },
                    "runAfter": {
                      "ApprovalList_p": [
                        "Succeeded"
                      ]
                    },
                    "metadata": {
                      "operationMetadataId": "4cf35fd6-68c1-41e5-b235-ec6f2faa9496"
                    }
                  }
                },
                "else": {
                  "actions": {
                    "New_flow": {
                      "type": "If",
                      "expression": {
                        "and": [
                          {
                            "equals": [
                              "@outputs('workflowData')?['Type']",
                              null
                            ]
                          }
                        ]
                      },
                      "actions": {
                        "new_flow_test": {
                          "type": "Compose",
                          "inputs": "yes it is consoled",
                          "metadata": {
                            "operationMetadataId": "59ed168b-423f-4dca-83e3-8fc7b71e4df4"
                          }
                        },
                        "Run_a_Child_Flow": {
                          "type": "Workflow",
                          "inputs": {
                            "host": {
                              "workflowReferenceName": "04dc4b80-c57c-f011-b4cc-000d3a80d5e2"
                            },
                            "body": {
                              "text_11": "@string(triggerBody()?['text_11'][0])",
                              "text": "@string(outputs('WorkflowData'))",
                              "text_1": "@string(outputs('Users'))",
                              "text_2": "@string(outputs('Admin_Users'))",
                              "text_3": "@string(triggerBody()['text_3'])",
                              "text_4": "@string(triggerBody()['text_4'])",
                              "text_5": "@string(triggerBody()['text_5'])",
                              "text_6": "@string(triggerBody()['text_6'])",
                              "text_7": "@string(triggerBody()['text_7'])",
                              "text_8": "@string(triggerBody()['text_8'])",
                              "text_9": "@string(triggerBody()['text_9'])",
                              "text_10": "@string(triggerBody()['text_10'])"
                            }
                          },
                          "runAfter": {
                            "new_flow_test": [
                              "Succeeded"
                            ]
                          },
                          "metadata": {
                            "operationMetadataId": "3be13d43-ee40-47d5-a177-2b099c390dd9"
                          }
                        },
                        "Set_thisapproversvalues": {
                          "type": "SetVariable",
                          "inputs": {
                            "name": "ThisApprovers",
                            "value": "@json(outputs('Run_a_Child_flow')?['body']['thisapproversvalues'])"
                          },
                          "runAfter": {
                            "Run_a_Child_Flow": [
                              "Succeeded"
                            ]
                          },
                          "metadata": {
                            "operationMetadataId": "4dd986b1-074a-47d6-b908-ab125fabe9aa"
                          }
                        }
                      },
                      "else": {
                        "actions": {}
                      },
                      "metadata": {
                        "operationMetadataId": "6dc2b6b4-807d-4259-b50e-0e400d683579"
                      }
                    }
                  }
                },
                "metadata": {
                  "operationMetadataId": "9c8ecfd3-4eda-48bc-ad8e-295add0b98f5"
                }
              }
            }
          },
          "runAfter": {
            "Initialize_ThisApprovars": [
              "Succeeded"
            ]
          },
          "metadata": {
            "operationMetadataId": "c7740a61-98f1-411b-9fd7-0bc15a5c9315"
          }
        },
        "thisApproversValues": {
          "type": "Compose",
          "inputs": "@variables('ThisApprovers')",
          "runAfter": {
            "Sequential": [
              "Succeeded"
            ]
          },
          "metadata": {
            "operationMetadataId": "ed3c1f71-bdca-49ae-8b13-c3e547332410"
          }
        },
        "Respond_to_a_Power_App_or_flow-_send_email_array": {
          "type": "Response",
          "kind": "PowerApp",
          "inputs": {
            "schema": {
              "type": "object",
              "properties": {
                "thisapproversvalues": {
                  "title": "thisApproversValues",
                  "x-ms-dynamically-added": true,
                  "type": "string"
                }
              },
              "additionalProperties": {}
            },
            "statusCode": 200,
            "body": {
              "thisapproversvalues": "@{variables('ThisApprovers')}"
            }
          },
          "runAfter": {
            "thisApproversValues": [
              "Succeeded"
            ]
          },
          "metadata": {
            "operationMetadataId": "1e809137-a62d-4713-98dd-d212ef4318ae"
          }
        },
        "WorkflowData": {
          "type": "Compose",
          "inputs": "@json(triggerBody()['text'])",
          "runAfter": {},
          "metadata": {
            "operationMetadataId": "8e48d899-787e-4a49-bc44-1998a23beca4"
          }
        },
        "Users": {
          "type": "Compose",
          "inputs": "@json(triggerBody()['text_1'])",
          "runAfter": {
            "WorkflowData": [
              "Succeeded"
            ]
          },
          "metadata": {
            "operationMetadataId": "4c8ae624-f6d6-4e5e-a6b2-8ac3afd176d4"
          }
        },
        "Admin_Users": {
          "type": "Compose",
          "inputs": "@triggerBody()?['text_2']",
          "runAfter": {
            "Users": [
              "Succeeded"
            ]
          },
          "metadata": {
            "operationMetadataId": "23714ec6-b35e-4e44-9eca-28f17bb5d40f"
          }
        },
        "nextLevels": {
          "type": "Compose",
          "inputs": "@triggerBody()?['text_6']",
          "runAfter": {
            "projectManager_users": [
              "Succeeded"
            ]
          },
          "metadata": {
            "operationMetadataId": "fdca0ad8-58fe-4203-a41d-c842ad23c9f9"
          }
        },
        "Coordinator_Users": {
          "type": "Compose",
          "inputs": "@triggerBody()?['text_7']",
          "runAfter": {
            "Admin_Users": [
              "Succeeded"
            ]
          },
          "metadata": {
            "operationMetadataId": "f0d4b8fb-704c-4935-82b5-34b9d021a681"
          }
        },
        "programManager_users": {
          "type": "Compose",
          "inputs": "@triggerBody()?['text_8']",
          "runAfter": {
            "Coordinator_Users": [
              "Succeeded"
            ]
          },
          "metadata": {
            "operationMetadataId": "eee20e62-555e-411a-9dbb-b0b6ef9c88c2"
          }
        },
        "projectObserver_users": {
          "type": "Compose",
          "inputs": "@triggerBody()?['text_9']",
          "runAfter": {
            "programManager_users": [
              "Succeeded"
            ]
          },
          "metadata": {
            "operationMetadataId": "9869cf96-d74d-4151-83dd-3feb82476499"
          }
        },
        "projectManager_users": {
          "type": "Compose",
          "inputs": "@triggerBody()?['text_10']",
          "runAfter": {
            "projectObserver_users": [
              "Succeeded"
            ]
          },
          "metadata": {
            "operationMetadataId": "19e8d320-6648-43c1-a40f-641f9c801439"
          }
        }
      }
    },
    "templateName": null
  },
  "schemaVersion": "1.0.0.0"
}