{
  "properties": {
    "connectionReferences": {
      "shared_sharepointonline": {
        "api": {
          "name": "shared_sharepointonline"
        },
        "connection": {
          "connectionReferenceLogicalName": "ts365_sharedsharepointonline_3b243"
        },
        "runtimeSource": "embedded"
      },
      "shared_office365-1": {
        "api": {
          "name": "shared_office365"
        },
        "connection": {
          "connectionReferenceLogicalName": "new_sharedoffice365_5d88e"
        },
        "runtimeSource": "embedded"
      }
    },
    "definition": {
      "$schema": "https://schema.management.azure.com/providers/Microsoft.Logic/schemas/2016-06-01/workflowdefinition.json#",
      "contentVersion": "1.0.0.0",
      "parameters": {
        "$authentication": {
          "defaultValue": {},
          "type": "SecureObject"
        },
        "$connections": {
          "defaultValue": {},
          "type": "Object"
        },
        "Site_URL(TS365) (ts365_Site_URLTS365)": {
          "defaultValue": "https://zw4fg.sharepoint.com/sites/TimeSheet_App",
          "type": "String",
          "metadata": {
            "schemaName": "ts365_Site_URLTS365"
          }
        },
        "Sharedmailbox (ts365_Sharedmailbox)": {
          "defaultValue": "timesheet@zw4fg.onmicrosoft.com",
          "type": "String",
          "metadata": {
            "schemaName": "ts365_Sharedmailbox"
          }
        }
      },
      "triggers": {
        "Recurrence": {
          "type": "Recurrence",
          "recurrence": {
            "frequency": "Day",
            "interval": 1,
            "startTime": "2025-06-30T03:30:00Z"
          },
          "metadata": {
            "operationMetadataId": "83f27a41-25fd-4643-97b7-fb49565eb95d"
          }
        }
      },
      "actions": {
        "Get_items_from_HR365TSSettings": {
          "type": "OpenApiConnection",
          "inputs": {
            "parameters": {
              "dataset": "@parameters('Site_URL(TS365) (ts365_Site_URLTS365)')",
              "table": "HR365TSSettings",
              "$top": 5000
            },
            "host": {
              "apiId": "/providers/Microsoft.PowerApps/apis/shared_sharepointonline",
              "operationId": "GetItems",
              "connectionName": "shared_sharepointonline"
            }
          },
          "runAfter": {},
          "metadata": {
            "operationMetadataId": "cdec7d46-1e8c-4463-8fa9-aabed0748f38"
          }
        },
        "Get_items_from_HR365TSUsers": {
          "type": "OpenApiConnection",
          "inputs": {
            "parameters": {
              "dataset": "@parameters('Site_URL(TS365) (ts365_Site_URLTS365)')",
              "table": "hr365tsusers"
            },
            "host": {
              "apiId": "/providers/Microsoft.PowerApps/apis/shared_sharepointonline",
              "operationId": "GetItems",
              "connectionName": "shared_sharepointonline"
            }
          },
          "runAfter": {
            "Get_items_from_HR365TSSettings": [
              "Succeeded"
            ]
          },
          "runtimeConfiguration": {
            "paginationPolicy": {
              "minimumItemCount": 1000
            }
          },
          "metadata": {
            "operationMetadataId": "bd9c4585-6974-43b7-8dd9-47d45817e36d"
          }
        },
        "Get_Timesheets_from_HR365TSTimesheets": {
          "type": "OpenApiConnection",
          "inputs": {
            "parameters": {
              "dataset": "@parameters('Site_URL(TS365) (ts365_Site_URLTS365)')",
              "table": "HR365TSTimesheets"
            },
            "host": {
              "apiId": "/providers/Microsoft.PowerApps/apis/shared_sharepointonline",
              "operationId": "GetItems",
              "connectionName": "shared_sharepointonline"
            }
          },
          "runAfter": {
            "Get_items_from_HR365TSUsers": [
              "Succeeded"
            ]
          },
          "metadata": {
            "operationMetadataId": "4b26a7c9-e778-4784-a22c-ead282de0d8c"
          }
        },
        "DayOfWeek": {
          "type": "InitializeVariable",
          "inputs": {
            "variables": [
              {
                "name": "DayOFWeek",
                "type": "integer",
                "value": "@dayOfWeek(utcNow())"
              }
            ]
          },
          "runAfter": {
            "Get_Timesheets_from_HR365TSTimesheets": [
              "Succeeded"
            ]
          },
          "metadata": {
            "operationMetadataId": "d3fc2a42-6ff5-4aa8-ab2c-53fe9ca422f8"
          }
        },
        "CurrentWeek": {
          "type": "InitializeVariable",
          "inputs": {
            "variables": [
              {
                "name": "CurrentWeek",
                "type": "string",
                "value": "@concat('Week',add(div(dayOfYear(utcNow()),7),1))"
              }
            ]
          },
          "runAfter": {
            "DayOfWeek": [
              "Succeeded"
            ]
          },
          "metadata": {
            "operationMetadataId": "2563bda3-946b-428e-a860-c75b7f7bab02"
          }
        },
        "Week_Range": {
          "type": "InitializeVariable",
          "inputs": {
            "variables": [
              {
                "name": "WeekRange",
                "type": "string",
                "value": "@{formatDateTime(addDays(utcNow(), sub(0, mod(add(dayOfWeek(utcNow()), 6), 7))), 'MM/dd/yyyy') } to @{formatDateTime(addDays(utcNow(), sub(6, mod(add(dayOfWeek(utcNow()), 6), 7))), 'MM/dd/yyyy')}"
              }
            ]
          },
          "runAfter": {
            "CurrentWeek": [
              "Succeeded"
            ]
          },
          "metadata": {
            "operationMetadataId": "a5c9992e-c6d0-4da1-920c-2a1dc2db5e4d"
          }
        },
        "EndWeekSettings_init": {
          "type": "InitializeVariable",
          "inputs": {
            "variables": [
              {
                "name": "EndWeekSettings",
                "type": "boolean"
              }
            ]
          },
          "runAfter": {
            "Week_Range": [
              "Succeeded"
            ]
          },
          "metadata": {
            "operationMetadataId": "b766e593-7210-4163-b720-2ea4bab1f927"
          }
        },
        "EndWeekDay_init": {
          "type": "InitializeVariable",
          "inputs": {
            "variables": [
              {
                "name": "EndWeekDay",
                "type": "integer"
              }
            ]
          },
          "runAfter": {
            "EndWeekSettings_init": [
              "Succeeded"
            ]
          },
          "metadata": {
            "operationMetadataId": "d68bef97-15c2-47f1-807e-6faa2e59bd6b"
          }
        },
        "FollowingDayAnotherNotification_init": {
          "type": "InitializeVariable",
          "inputs": {
            "variables": [
              {
                "name": "FollowingDayAnotherNotification",
                "type": "boolean"
              }
            ]
          },
          "runAfter": {
            "EndWeekDay_init": [
              "Succeeded"
            ]
          },
          "metadata": {
            "operationMetadataId": "2948799a-bfb6-4c02-8aed-359bab1e7d24"
          }
        },
        "SubmittedUsersGUIDs_init": {
          "type": "InitializeVariable",
          "inputs": {
            "variables": [
              {
                "name": "SubmittedUsersGUIDs",
                "type": "array"
              }
            ]
          },
          "runAfter": {
            "FollowingDayAnotherNotification_init": [
              "Succeeded"
            ]
          },
          "metadata": {
            "operationMetadataId": "a40483c3-495e-4cbb-b093-31e5cff3f48e"
          }
        },
        "Recepients": {
          "type": "InitializeVariable",
          "inputs": {
            "variables": [
              {
                "name": "RecipientUsers",
                "type": "array"
              }
            ]
          },
          "runAfter": {
            "SubmittedUsersGUIDs_init": [
              "Succeeded"
            ]
          },
          "metadata": {
            "operationMetadataId": "d54c5ccc-9209-4855-8358-c49eb2d2bb2b"
          }
        },
        "Filter_email_template_for_user_pending_TS": {
          "type": "Query",
          "inputs": {
            "from": "@json(outputs('Get_items_from_HR365TSSettings')?['body/value'][0]['UserTempelate'])",
            "where": "@equals(item()?['key'], 'Pending weekly timesheet')"
          },
          "runAfter": {
            "Recepients": [
              "Succeeded"
            ]
          },
          "metadata": {
            "operationMetadataId": "8e7f418b-c5f4-49e0-a8a3-d7743635184f"
          }
        },
        "BodyEmail": {
          "type": "InitializeVariable",
          "inputs": {
            "variables": [
              {
                "name": "EmailBody",
                "type": "string",
                "value": "@body('Filter_email_template_for_user_pending_TS')[0]['Tempelate']"
              }
            ]
          },
          "runAfter": {
            "Filter_email_template_for_user_pending_TS": [
              "Succeeded"
            ]
          },
          "metadata": {
            "operationMetadataId": "112beb15-3d10-43dd-b06c-2f71236a723a"
          }
        },
        "LocalSharedMailBoxIDEnabled": {
          "type": "InitializeVariable",
          "inputs": {
            "variables": [
              {
                "name": "LocalSharedMailBoxIDEnabled",
                "type": "boolean"
              }
            ]
          },
          "runAfter": {
            "BodyEmail": [
              "Succeeded"
            ]
          },
          "metadata": {
            "operationMetadataId": "0b26bf9b-8140-4583-bf05-4e0b2622914f"
          }
        },
        "LocalSharedMailBoxID_Value": {
          "type": "InitializeVariable",
          "inputs": {
            "variables": [
              {
                "name": "LocalSharedMailBoxID",
                "type": "string",
                "value": "/"
              }
            ]
          },
          "runAfter": {
            "LocalSharedMailBoxIDEnabled": [
              "Succeeded"
            ]
          },
          "metadata": {
            "operationMetadataId": "2ea67da4-9553-46c4-8728-78506fb18f38"
          }
        },
        "From": {
          "type": "InitializeVariable",
          "inputs": {
            "variables": [
              {
                "name": "From",
                "type": "string"
              }
            ]
          },
          "runAfter": {
            "LocalSharedMailBoxID_Value": [
              "Succeeded"
            ]
          },
          "metadata": {
            "operationMetadataId": "e671dc15-74e9-47a2-b97c-3c7f175d6e71"
          }
        },
        "set_Notification_settings": {
          "type": "Foreach",
          "foreach": "@array(outputs('Get_items_from_HR365TSSettings')?['body/value'][0]['Settings'])",
          "actions": {
            "Set_EndWeekSettings": {
              "type": "SetVariable",
              "inputs": {
                "name": "EndWeekSettings",
                "value": "@json(item())?['EndWeekSettings']"
              },
              "metadata": {
                "operationMetadataId": "344c6774-1635-417a-aff7-5627e6ae5e53"
              }
            },
            "Set_EndWeekDay": {
              "type": "SetVariable",
              "inputs": {
                "name": "EndWeekDay",
                "value": "@json(item())?['EndWeekNotification']"
              },
              "runAfter": {
                "Set_EndWeekSettings": [
                  "Succeeded"
                ]
              },
              "metadata": {
                "operationMetadataId": "4ac0e73e-5392-45c9-869b-6ac07489573a"
              }
            },
            "Set_FollowingDayAnotherNotification": {
              "type": "SetVariable",
              "inputs": {
                "name": "FollowingDayAnotherNotification",
                "value": "@coalesce(json(item())?['DayNotification'], false)"
              },
              "runAfter": {
                "Set_EndWeekDay": [
                  "Succeeded"
                ]
              },
              "metadata": {
                "operationMetadataId": "752ac399-dae7-4568-b68e-9a64c46a9008"
              }
            },
            "set_LocalSharedMailBoxID": {
              "type": "SetVariable",
              "inputs": {
                "name": "LocalSharedMailBoxID",
                "value": "@json(item())?['LocalSharedMailBoxID']"
              },
              "runAfter": {
                "Set_FollowingDayAnotherNotification": [
                  "Succeeded"
                ]
              },
              "metadata": {
                "operationMetadataId": "4f076031-09af-467e-a461-e2b4393f5098"
              }
            },
            "Set_LocalSharedMailBoxIDEnabled": {
              "type": "SetVariable",
              "inputs": {
                "name": "LocalSharedMailBoxIDEnabled",
                "value": "@json(item())?['LocalSharedMailBoxIDEnabled']"
              },
              "runAfter": {
                "set_LocalSharedMailBoxID": [
                  "Succeeded"
                ]
              },
              "metadata": {
                "operationMetadataId": "febb7186-5fe0-4c45-9f65-0ada70bf8096"
              }
            }
          },
          "runAfter": {
            "From": [
              "Succeeded"
            ]
          },
          "metadata": {
            "operationMetadataId": "a732c2ed-e991-4ed5-b1d4-6d1e2952e492"
          }
        },
        "Set_from": {
          "type": "If",
          "expression": {
            "and": [
              {
                "equals": [
                  "@variables('LocalSharedMailBoxIDEnabled')",
                  true
                ]
              }
            ]
          },
          "actions": {
            "LocalSharedMailId": {
              "type": "SetVariable",
              "inputs": {
                "name": "From",
                "value": "@variables('LocalSharedMailBoxID')"
              },
              "metadata": {
                "operationMetadataId": "5047ab92-cd1f-405b-be5c-1875ccaff08d"
              }
            }
          },
          "else": {
            "actions": {
              "SharedMailBox_From_Parameter": {
                "type": "SetVariable",
                "inputs": {
                  "name": "From",
                  "value": "@parameters('Sharedmailbox (ts365_Sharedmailbox)')"
                },
                "metadata": {
                  "operationMetadataId": "50f4d7b6-116f-4e7c-9e6b-5e727f098d36"
                }
              }
            }
          },
          "runAfter": {
            "set_Notification_settings": [
              "Succeeded"
            ]
          },
          "metadata": {
            "operationMetadataId": "75749fd4-9556-41b4-9641-71c7de00b532"
          }
        },
        "EndWeekSettings_Check": {
          "type": "If",
          "expression": {
            "or": [
              {
                "and": [
                  {
                    "equals": [
                      "@variables('EndWeekSettings')",
                      true
                    ]
                  },
                  {
                    "equals": [
                      "@variables('EndWeekDay')",
                      "@dayOfWeek(utcNow())"
                    ]
                  }
                ]
              },
              {
                "and": [
                  {
                    "equals": [
                      "@variables('FollowingDayAnotherNotification')",
                      true
                    ]
                  },
                  {
                    "equals": [
                      "@add(variables('EndWeekDay'),1)",
                      "@dayOfWeek(utcNow())"
                    ]
                  }
                ]
              }
            ]
          },
          "actions": {
            "Filter_by_this_year": {
              "type": "Query",
              "inputs": {
                "from": "@outputs('Get_Timesheets_from_HR365TSTimesheets')?['body/value']",
                "where": "@equals(item()?['Title'],formatDateTime(utcNow(), 'yyyy'))"
              },
              "metadata": {
                "operationMetadataId": "c70373d8-a1f0-40f8-a539-e5f8337ae9f4"
              }
            },
            "Filter_by_this_week": {
              "type": "Query",
              "inputs": {
                "from": "@outputs('Get_Timesheets_from_HR365TSTimesheets')?['body/value']",
                "where": "@not(empty(item()?[variables('CurrentWeek')]))"
              },
              "runAfter": {
                "Filter_by_this_year": [
                  "Succeeded"
                ]
              },
              "metadata": {
                "operationMetadataId": "8e5d69be-3b7d-4b60-be93-5d48031c2056"
              }
            },
            "Submitted_Users_Guid": {
              "type": "Foreach",
              "foreach": "@body('Filter_by_this_Week')",
              "actions": {
                "Compose_1": {
                  "type": "Compose",
                  "inputs": "@item()?['User']",
                  "metadata": {
                    "operationMetadataId": "8844313d-39f3-4b0e-a50a-4a5f687c7999"
                  }
                },
                "set_SubmittedUsersGUIDs": {
                  "type": "AppendToArrayVariable",
                  "inputs": {
                    "name": "SubmittedUsersGUIDs",
                    "value": "@item()?['User']"
                  },
                  "runAfter": {
                    "Compose_1": [
                      "Succeeded"
                    ]
                  },
                  "metadata": {
                    "operationMetadataId": "33ffeed5-e4a4-423e-a063-787267ef4e1b"
                  }
                }
              },
              "runAfter": {
                "Filter_by_this_week": [
                  "Succeeded"
                ]
              },
              "metadata": {
                "operationMetadataId": "1cdfa04a-38a5-4d9f-b781-d907a95dcaed"
              }
            },
            "GUIDS": {
              "type": "Compose",
              "inputs": "@variables('SubmittedUsersGUIDs')",
              "runAfter": {
                "Submitted_Users_Guid": [
                  "Succeeded"
                ]
              },
              "metadata": {
                "operationMetadataId": "2da46277-e6ed-4b28-9167-3021091d6b04"
              }
            },
            "Filtered_Users": {
              "type": "Query",
              "inputs": {
                "from": "@outputs('Get_items_from_HR365TSUsers')?['body/value']",
                "where": "@not(contains(variables('SubmittedUsersGUIDs'),item()?['GID']))"
              },
              "runAfter": {
                "GUIDS": [
                  "Succeeded"
                ]
              },
              "metadata": {
                "operationMetadataId": "88d2dcb8-52f1-427d-899b-d2b46825cebc"
              }
            },
            "Send_Mail_to_Each_User": {
              "type": "Foreach",
              "foreach": "@outputs('Filtered_users')?['body']",
              "actions": {
                "Active_User": {
                  "type": "If",
                  "expression": {
                    "and": [
                      {
                        "equals": [
                          "@item()?['Status']",
                          "Active"
                        ]
                      }
                    ]
                  },
                  "actions": {
                    "Send_an_email_from_a_shared_mailbox_(V2)": {
                      "type": "OpenApiConnection",
                      "inputs": {
                        "parameters": {
                          "emailMessage/MailboxAddress": "@variables('From')",
                          "emailMessage/To": "@coalesce(item()?.User?.Email, split(item()?.User?.Claims, '|')[2])",
                          "emailMessage/Subject": "@body('Filter_email_template_for_user_pending_TS')[0]['Subject']\r\n",
                          "emailMessage/Body": "<p class=\"editor-paragraph\">@{outputs('Body')}</p>",
                          "emailMessage/Importance": "Normal"
                        },
                        "host": {
                          "apiId": "/providers/Microsoft.PowerApps/apis/shared_office365",
                          "operationId": "SharedMailboxSendEmailV2",
                          "connectionName": "shared_office365-1"
                        }
                      },
                      "runAfter": {
                        "Body": [
                          "Succeeded"
                        ]
                      },
                      "metadata": {
                        "operationMetadataId": "95e306d2-1af8-4b86-9db3-14347bf3b1e4"
                      }
                    },
                    "Body": {
                      "type": "Compose",
                      "inputs": "@replace(\r\n  replace(\r\n    replace(\r\n      replace(\r\n        variables('emailbody'),\r\n        '[EmployeeName]',\r\n        item()?['User']?['DisplayName']\r\n      ),\r\n      '[WeekNumber]',\r\n      variables('CurrentWeek')\r\n    ),\r\n    '[WeekRange]',\r\n    variables('WeekRange')\r\n  ),\r\n  '[UserName]',\r\n  'Admin'\r\n)\r\n",
                      "metadata": {
                        "operationMetadataId": "707fa6cc-a696-41fb-81fe-6a57c8daf78d"
                      }
                    }
                  },
                  "else": {
                    "actions": {}
                  },
                  "metadata": {
                    "operationMetadataId": "b69d847a-99bc-4325-8603-007c66bb8195"
                  }
                }
              },
              "runAfter": {
                "Filtered_Users": [
                  "Succeeded"
                ]
              },
              "metadata": {
                "operationMetadataId": "90e65352-56d6-4187-a758-7b219458e98c"
              }
            }
          },
          "else": {
            "actions": {
              "Terminated_Flow": {
                "type": "Compose",
                "inputs": "Terminated, week settings not set, or day does not match",
                "metadata": {
                  "operationMetadataId": "a96c4d7a-5670-4332-a29d-2f213045d60d"
                }
              }
            }
          },
          "runAfter": {
            "Set_from": [
              "Succeeded"
            ]
          },
          "metadata": {
            "operationMetadataId": "ec67b31f-4dd0-4fa6-a5db-28cc739699a6"
          }
        }
      }
    },
    "templateName": null
  },
  "schemaVersion": "1.0.0.0"
}