{
  "properties": {
    "connectionReferences": {
      "shared_sharepointonline_1": {
        "runtimeSource": "embedded",
        "connection": {
          "connectionReferenceLogicalName": "hr365_sharedsharepointonline_dc8dc"
        },
        "api": {
          "name": "shared_sharepointonline"
        }
      }
    },
    "definition": {
      "$schema": "https://schema.management.azure.com/providers/Microsoft.Logic/schemas/2016-06-01/workflowdefinition.json#",
      "contentVersion": "1.0.0.0",
      "parameters": {
        "$connections": {
          "defaultValue": {},
          "type": "Object"
        },
        "$authentication": {
          "defaultValue": {},
          "type": "SecureObject"
        },
        "SiteAddress(CL365) (hr365_SiteAddressCL365)": {
          "defaultValue": "https://cubicdirect.sharepoint.com/sites/TestSite1112",
          "type": "String",
          "metadata": {
            "schemaName": "hr365_SiteAddressCL365"
          }
        }
      },
      "triggers": {
        "Recurrence": {
          "recurrence": {
            "frequency": "Day",
            "interval": 1,
            "startTime": "2023-10-17T03:30:00Z"
          },
          "metadata": {
            "operationMetadataId": "ab45b320-954c-40f1-aa88-736925a8e512"
          },
          "type": "Recurrence"
        }
      },
      "actions": {
        "Get_items": {
          "runAfter": {
            "Envelope_ID": [
              "Succeeded"
            ]
          },
          "metadata": {
            "operationMetadataId": "2aa1c31f-8c8f-4860-a32a-61e44ddfa4fc"
          },
          "type": "OpenApiConnection",
          "inputs": {
            "host": {
              "connectionName": "shared_sharepointonline_1",
              "operationId": "GetItems",
              "apiId": "/providers/Microsoft.PowerApps/apis/shared_sharepointonline"
            },
            "parameters": {
              "dataset": "@parameters('SiteAddress(CL365) (hr365_SiteAddressCL365)')",
              "table": "CLM365DocuSignDetails",
              "$filter": "Status eq 'Completed'"
            },
            "authentication": "@parameters('$authentication')"
          }
        },
        "Envelope_ID": {
          "runAfter": {},
          "metadata": {
            "operationMetadataId": "c7e66e26-570b-4216-a96c-af16bcff69f3"
          },
          "type": "InitializeVariable",
          "inputs": {
            "variables": [
              {
                "name": "EnvelopeID",
                "type": "array"
              }
            ]
          }
        },
        "Apply_to_each": {
          "foreach": "@outputs('Get_items')?['body/value']",
          "actions": {
            "Append_to_array_variable": {
              "runAfter": {},
              "metadata": {
                "operationMetadataId": "08fb4fa3-3cde-4c14-a022-ec5a87a1070a"
              },
              "type": "AppendToArrayVariable",
              "inputs": {
                "name": "EnvelopeID",
                "value": "@items('Apply_to_each')?['EnvelopeID']"
              }
            }
          },
          "runAfter": {
            "Get_items": [
              "Succeeded"
            ]
          },
          "metadata": {
            "operationMetadataId": "bcacda6e-ac1a-4a52-8b8d-e1918706ee76"
          },
          "type": "Foreach"
        },
        "Compose": {
          "runAfter": {
            "Apply_to_each": [
              "Succeeded"
            ]
          },
          "metadata": {
            "operationMetadataId": "310a7c6f-9905-4cf9-a928-bf326a3e063c"
          },
          "type": "Compose",
          "inputs": "@variables('EnvelopeID')"
        },
        "HTTP": {
          "runAfter": {
            "Compose": [
              "Succeeded"
            ]
          },
          "metadata": {
            "operationMetadataId": "9b592aaa-73dc-4176-bfe7-6856deb25d85"
          },
          "type": "Http",
          "inputs": {
            "method": "POST",
            "uri": "https://clm365webapi.azurewebsites.net/api/Draft/GetDocusignStatus",
            "headers": {
              "Accept": "application/json",
              "Content-Type": "application/json"
            },
            "body": {
              "DocuSignRequestColl": "@variables('EnvelopeID')"
            }
          }
        }
      }
    },
    "templateName": ""
  },
  "schemaVersion": "1.0.0.0"
}