{
  "properties": {
    "connectionReferences": {
      "shared_sharepointonline": {
        "runtimeSource": "embedded",
        "connection": {
          "connectionReferenceLogicalName": "hr365_sharedsharepointonline_d8aa2"
        },
        "api": {
          "name": "shared_sharepointonline"
        }
      },
      "shared_sharepointonline_1": {
        "runtimeSource": "embedded",
        "connection": {
          "connectionReferenceLogicalName": "hr365_sharedsharepointonline_dc8dc"
        },
        "api": {
          "name": "shared_sharepointonline"
        }
      },
      "shared_sharepointonline_2": {
        "runtimeSource": "embedded",
        "connection": {
          "connectionReferenceLogicalName": "hr365_sharedsharepointonline_7c34e"
        },
        "api": {
          "name": "shared_sharepointonline"
        }
      },
      "shared_sharepointonline_3": {
        "runtimeSource": "embedded",
        "connection": {
          "connectionReferenceLogicalName": "hr365_sharedsharepointonline_5f68b"
        },
        "api": {
          "name": "shared_sharepointonline"
        }
      }
    },
    "definition": {
      "$schema": "https://schema.management.azure.com/providers/Microsoft.Logic/schemas/2016-06-01/workflowdefinition.json#",
      "contentVersion": "1.0.0.0",
      "parameters": {
        "$connections": {
          "defaultValue": {},
          "type": "Object"
        },
        "$authentication": {
          "defaultValue": {},
          "type": "SecureObject"
        },
        "SiteAddress(CL365) (hr365_SiteAddressCL365)": {
          "defaultValue": "https://megazap.sharepoint.com/sites/CLM365_Oct11_2024",
          "type": "String",
          "metadata": {
            "schemaName": "hr365_SiteAddressCL365"
          }
        }
      },
      "triggers": {
        "Get_list_call": {
          "recurrence": {
            "interval": 5,
            "frequency": "Minute"
          },
          "splitOn": "@triggerOutputs()?['body/value']",
          "metadata": {
            "operationMetadataId": "cb9af1d7-2acd-4d75-b76d-fdd7935e70b7"
          },
          "type": "OpenApiConnection",
          "inputs": {
            "host": {
              "connectionName": "shared_sharepointonline_3",
              "operationId": "GetOnUpdatedItems",
              "apiId": "/providers/Microsoft.PowerApps/apis/shared_sharepointonline"
            },
            "parameters": {
              "dataset": "@parameters('SiteAddress(CL365) (hr365_SiteAddressCL365)')",
              "table": "CLM365Request"
            },
            "authentication": "@parameters('$authentication')"
          }
        }
      },
      "actions": {
        "Site_Address": {
          "runAfter": {
            "Item_Id_": [
              "Succeeded"
            ]
          },
          "metadata": {
            "operationMetadataId": "792fca24-90b2-4044-894d-973cf4689afc"
          },
          "type": "InitializeVariable",
          "inputs": {
            "variables": [
              {
                "name": "SiteAddress",
                "type": "string",
                "value": "@parameters('SiteAddress(CL365) (hr365_SiteAddressCL365)')"
              }
            ]
          }
        },
        "Item_Id_": {
          "runAfter": {},
          "metadata": {
            "operationMetadataId": "63ef874f-d0b0-4e1c-94e1-9bb313f54227"
          },
          "type": "InitializeVariable",
          "inputs": {
            "variables": [
              {
                "name": "ItemID",
                "type": "string",
                "value": "@{triggerOutputs()?['body/ID']}"
              }
            ]
          }
        },
        "Get_Contribute_call": {
          "runAfter": {
            "Initialize_variable": [
              "Succeeded"
            ]
          },
          "metadata": {
            "operationMetadataId": "6bf0fd9e-8f7d-4f8b-8ef1-ada1832988c5"
          },
          "type": "OpenApiConnection",
          "inputs": {
            "host": {
              "connectionName": "shared_sharepointonline",
              "operationId": "HttpRequest",
              "apiId": "/providers/Microsoft.PowerApps/apis/shared_sharepointonline"
            },
            "parameters": {
              "dataset": "@variables('SiteAddress')",
              "parameters/method": "GET",
              "parameters/uri": "/_api/web/roledefinitions/getbyname('Contribute')"
            },
            "authentication": "@parameters('$authentication')"
          }
        },
        "Get_Item_Permission_call": {
          "runAfter": {
            "ContributeID": [
              "Succeeded"
            ]
          },
          "metadata": {
            "operationMetadataId": "e275097f-d809-403f-8086-7c5495bf4a33"
          },
          "type": "OpenApiConnection",
          "inputs": {
            "host": {
              "connectionName": "shared_sharepointonline",
              "operationId": "HttpRequest",
              "apiId": "/providers/Microsoft.PowerApps/apis/shared_sharepointonline"
            },
            "parameters": {
              "dataset": "@variables('SiteAddress')",
              "parameters/method": "GET",
              "parameters/uri": "_api/web/lists/getbytitle('CLM365Request')/items?$select=ID,AllTaskApprovers/ID,Legal_User/ID&$expand=AllTaskApprovers,Legal_User&$filter=ID eq @{triggerOutputs()?['body/ID']}'"
            },
            "authentication": "@parameters('$authentication')"
          }
        },
        "ContributeID": {
          "runAfter": {
            "Get_Contribute_call": [
              "Succeeded"
            ]
          },
          "metadata": {
            "operationMetadataId": "7ad706fc-d7e2-4563-868c-c7f985a57dfa"
          },
          "type": "InitializeVariable",
          "inputs": {
            "variables": [
              {
                "name": "ContributeID",
                "type": "string",
                "value": "@{body('Get_Contribute_call')['d']['Id']}"
              }
            ]
          }
        },
        "Send_an_HTTP_request_to_SharePoint": {
          "runAfter": {
            "Get_Item_Permission_call": [
              "Succeeded"
            ]
          },
          "metadata": {
            "operationMetadataId": "e1466377-b344-4ccf-9a12-b66b65d55577"
          },
          "type": "OpenApiConnection",
          "inputs": {
            "host": {
              "connectionName": "shared_sharepointonline_1",
              "operationId": "HttpRequest",
              "apiId": "/providers/Microsoft.PowerApps/apis/shared_sharepointonline"
            },
            "parameters": {
              "dataset": "@variables('SiteAddress')",
              "parameters/method": "POST",
              "parameters/uri": "_api/lists/getByTitle('CLM365Request')/items(@{triggerOutputs()?['body/ID']})/breakroleinheritance(copyRoleAssignments=false,clearSubscopes=true)"
            },
            "authentication": "@parameters('$authentication')"
          }
        },
        "All_Task_Approvers": {
          "runAfter": {
            "Initialize_variable_3": [
              "Succeeded"
            ]
          },
          "metadata": {
            "operationMetadataId": "f759a08d-41f7-4b01-893f-32ebfb07b78d"
          },
          "type": "Compose",
          "inputs": "@array(json(string(outputs('Get_Item_Permission_call')?['body']?['d']?['results']?[0]?['AllTaskApprovers']?['results'])))"
        },
        "Legal_Users": {
          "runAfter": {
            "Condition": [
              "Succeeded"
            ]
          },
          "metadata": {
            "operationMetadataId": "e5ed9837-88d0-4234-8100-071727d8c923"
          },
          "type": "Compose",
          "inputs": "@json(string(outputs('Get_Item_Permission_call')?['body']?['d']?['results']?[0]?['Legal_User']?['results']?[0]))"
        },
        "Compose": {
          "runAfter": {
            "Legal_Users": [
              "Succeeded"
            ]
          },
          "metadata": {
            "operationMetadataId": "fd0a28cc-1c7e-45d3-9cb3-6f12f8187a1f"
          },
          "type": "Compose",
          "inputs": "@outputs('Legal_Users')"
        },
        "Initialize_variable": {
          "runAfter": {
            "Site_Address": [
              "Succeeded"
            ]
          },
          "metadata": {
            "operationMetadataId": "f2e3a98f-e534-4105-9649-931f97df74d9"
          },
          "type": "InitializeVariable",
          "inputs": {
            "variables": [
              {
                "name": "AllTaskApproversArray",
                "type": "array"
              }
            ]
          }
        },
        "Set_variable": {
          "runAfter": {
            "All_Task_Approvers": [
              "Succeeded"
            ]
          },
          "metadata": {
            "operationMetadataId": "0fe67e79-a84f-4800-836d-d27b055a8120"
          },
          "type": "SetVariable",
          "inputs": {
            "name": "AllTaskApproversArray",
            "value": "@array(json(string(outputs('Get_Item_Permission_call')?['body']?['d']?['results']?[0]?['AllTaskApprovers']?['results'])))"
          }
        },
        "Send_an_HTTP_request_to_SharePoint_2": {
          "runAfter": {
            "Send_an_HTTP_request_to_SharePoint_3": [
              "Succeeded"
            ]
          },
          "metadata": {
            "operationMetadataId": "e1466377-b344-4ccf-9a12-b66b65d55577"
          },
          "type": "OpenApiConnection",
          "inputs": {
            "host": {
              "connectionName": "shared_sharepointonline_1",
              "operationId": "HttpRequest",
              "apiId": "/providers/Microsoft.PowerApps/apis/shared_sharepointonline"
            },
            "parameters": {
              "dataset": "@variables('SiteAddress')",
              "parameters/method": "POST",
              "parameters/uri": "_api/lists/getByTitle('CLM365RequestDraft')/items(@{body('Send_an_HTTP_request_to_SharePoint_3')?['d']?['ListItemAllFields']?['Id']})/breakroleinheritance(copyRoleAssignments=false,clearSubscopes=true)"
            },
            "authentication": "@parameters('$authentication')"
          }
        },
        "Send_an_HTTP_request_to_SharePoint_3": {
          "runAfter": {
            "Send_an_HTTP_request_to_SharePoint": [
              "Succeeded"
            ]
          },
          "metadata": {
            "operationMetadataId": "aa68937b-abf9-4b2d-9c19-740e0c7ed73b"
          },
          "type": "OpenApiConnection",
          "inputs": {
            "host": {
              "connectionName": "shared_sharepointonline_1",
              "operationId": "HttpRequest",
              "apiId": "/providers/Microsoft.PowerApps/apis/shared_sharepointonline"
            },
            "parameters": {
              "dataset": "@variables('SiteAddress')",
              "parameters/method": "GET",
              "parameters/uri": "_api/web/getFolderByServerRelativeUrl('CLM365RequestDraft')/files('@{triggerOutputs()?['body/File_Name']}')?$expand=ListItemAllFields",
              "parameters/headers": {
                "accept": "application/json;odata=verbose",
                "content-type": "application/json;odata=verbose"
              }
            },
            "authentication": "@parameters('$authentication')"
          }
        },
        "Send_an_HTTP_request_to_SharePoint_4": {
          "runAfter": {
            "Send_an_HTTP_request_to_SharePoint_2": [
              "Succeeded"
            ]
          },
          "metadata": {
            "operationMetadataId": "22a6be1f-0025-4203-aa54-6b4089da7fc2"
          },
          "type": "OpenApiConnection",
          "inputs": {
            "host": {
              "connectionName": "shared_sharepointonline_1",
              "operationId": "HttpRequest",
              "apiId": "/providers/Microsoft.PowerApps/apis/shared_sharepointonline"
            },
            "parameters": {
              "dataset": "@variables('SiteAddress')",
              "parameters/method": "GET",
              "parameters/uri": "_api/web/getFolderByServerRelativeUrl('CLM365TaskAttachment')/folders('@{triggerOutputs()?['body/Guid_ID']}')?$expand=ListItemAllFields"
            },
            "authentication": "@parameters('$authentication')"
          }
        },
        "Send_an_HTTP_request_to_SharePoint_6": {
          "runAfter": {
            "Send_an_HTTP_request_to_SharePoint_4": [
              "Succeeded"
            ]
          },
          "metadata": {
            "operationMetadataId": "e1466377-b344-4ccf-9a12-b66b65d55577"
          },
          "type": "OpenApiConnection",
          "inputs": {
            "host": {
              "connectionName": "shared_sharepointonline_1",
              "operationId": "HttpRequest",
              "apiId": "/providers/Microsoft.PowerApps/apis/shared_sharepointonline"
            },
            "parameters": {
              "dataset": "@variables('SiteAddress')",
              "parameters/method": "POST",
              "parameters/uri": "_api/lists/getByTitle('CLM365TaskAttachment')/items(@{body('Send_an_HTTP_request_to_SharePoint_4')?['d']?['ListItemAllFields']?['Id']})/breakroleinheritance(copyRoleAssignments=false,clearSubscopes=true)"
            },
            "authentication": "@parameters('$authentication')"
          }
        },
        "Get_Admin_Group_data": {
          "runAfter": {
            "Send_an_HTTP_request_to_SharePoint_6": [
              "Succeeded"
            ]
          },
          "metadata": {
            "operationMetadataId": "49ef78d6-e798-418c-bf6b-708ab536214f"
          },
          "type": "OpenApiConnection",
          "inputs": {
            "host": {
              "connectionName": "shared_sharepointonline",
              "operationId": "HttpRequest",
              "apiId": "/providers/Microsoft.PowerApps/apis/shared_sharepointonline"
            },
            "parameters": {
              "dataset": "@variables('SiteAddress')",
              "parameters/method": "GET",
              "parameters/uri": "/_api/web/SiteGroups/getByName('CLM365Admins')"
            },
            "authentication": "@parameters('$authentication')"
          }
        },
        "Initialize_variable_3": {
          "runAfter": {
            "Get_Admin_Group_data": [
              "Succeeded"
            ]
          },
          "metadata": {
            "operationMetadataId": "8f56e110-cb19-4358-bcca-c155d2d01637"
          },
          "type": "InitializeVariable",
          "inputs": {
            "variables": [
              {
                "name": "Group ID",
                "type": "string",
                "value": "@{body('Get_Admin_Group_data')['d']['id']}"
              }
            ]
          }
        },
        "Send_an_HTTP_request_to_SharePoint_12": {
          "runAfter": {
            "Set_variable": [
              "Succeeded"
            ]
          },
          "metadata": {
            "operationMetadataId": "afc7b457-260a-4055-8139-f2ca945a0613"
          },
          "type": "OpenApiConnection",
          "inputs": {
            "host": {
              "connectionName": "shared_sharepointonline_1",
              "operationId": "HttpRequest",
              "apiId": "/providers/Microsoft.PowerApps/apis/shared_sharepointonline"
            },
            "parameters": {
              "dataset": "@variables('SiteAddress')",
              "parameters/method": "GET",
              "parameters/uri": "_api/web/siteusers/getByEmail('@{triggerOutputs()?['body']?['Author']?['Email']}')?$select=ID",
              "parameters/headers": {
                "accept": "application/json;odata=verbose",
                "content-type": "application/json;odata=verbose"
              }
            },
            "authentication": "@parameters('$authentication')"
          }
        },
        "Condition": {
          "actions": {
            "Send_an_HTTP_request_to_SharePoint_13": {
              "runAfter": {},
              "metadata": {
                "operationMetadataId": "82401bcd-f264-4d8b-a153-0a029f8b6891"
              },
              "type": "OpenApiConnection",
              "inputs": {
                "host": {
                  "connectionName": "shared_sharepointonline_1",
                  "operationId": "HttpRequest",
                  "apiId": "/providers/Microsoft.PowerApps/apis/shared_sharepointonline"
                },
                "parameters": {
                  "dataset": "@variables('SiteAddress')",
                  "parameters/method": "GET",
                  "parameters/uri": "_api/web/siteusers/getByEmail('@{triggerBody()?['body']?['Editor']?['Email']}')?$select=Id",
                  "parameters/headers": {
                    "accept": "application/json;odata=verbose",
                    "content-type": "application/json;odata=verbose"
                  }
                },
                "authentication": "@parameters('$authentication')"
              }
            },
            "Append_to_array_variable_2": {
              "runAfter": {
                "Send_an_HTTP_request_to_SharePoint_13": [
                  "Succeeded"
                ]
              },
              "metadata": {
                "operationMetadataId": "d0bab86b-62d5-4bd8-af80-3fea9e896634"
              },
              "type": "AppendToArrayVariable",
              "inputs": {
                "name": "AllTaskApproversArray",
                "value": "@body('Send_an_HTTP_request_to_SharePoint_13')?['d']"
              }
            }
          },
          "runAfter": {
            "Append_to_array_variable": [
              "Succeeded"
            ]
          },
          "expression": {
            "not": {
              "equals": [
                "@triggerOutputs()?['body']?['Author']?['Email']",
                "@triggerOutputs()?['body']?['Editor']?['Email']"
              ]
            }
          },
          "metadata": {
            "operationMetadataId": "02c95e72-04ff-462d-8ab5-ba800f16fd24"
          },
          "type": "If"
        },
        "Append_to_array_variable": {
          "runAfter": {
            "Send_an_HTTP_request_to_SharePoint_12": [
              "Succeeded"
            ]
          },
          "metadata": {
            "operationMetadataId": "20317495-d03a-40a8-8556-6fc14578c731"
          },
          "type": "AppendToArrayVariable",
          "inputs": {
            "name": "AllTaskApproversArray",
            "value": "@body('Send_an_HTTP_request_to_SharePoint_12')?['d']"
          }
        },
        "Post_Permissions": {
          "foreach": "@variables('AllTaskApproversArray')",
          "actions": {
            "Send_an_HTTP_request_to_SharePoint_7": {
              "runAfter": {},
              "metadata": {
                "operationMetadataId": "c8f3d74e-ffc1-450b-aa54-704fe49904ba"
              },
              "type": "OpenApiConnection",
              "inputs": {
                "host": {
                  "connectionName": "shared_sharepointonline_1",
                  "operationId": "HttpRequest",
                  "apiId": "/providers/Microsoft.PowerApps/apis/shared_sharepointonline"
                },
                "parameters": {
                  "dataset": "@variables('SiteAddress')",
                  "parameters/method": "POST",
                  "parameters/uri": "_api/lists/getByTitle('CLM365RequestDraft')/items(@{body('Send_an_HTTP_request_to_SharePoint_3')?['d']?['ListItemAllFields']?['Id']})/roleassignments/addroleassignment(principalid=@{items('Post_Permissions')?['Id']},roledefid=@{variables('ContributeID')})"
                },
                "authentication": "@parameters('$authentication')"
              }
            }
          },
          "runAfter": {
            "Apply_to_each": [
              "Succeeded"
            ]
          },
          "metadata": {
            "operationMetadataId": "aa262958-c599-41fc-92cd-067c023cdfb3"
          },
          "type": "Foreach"
        },
        "Apply_to_each": {
          "foreach": "@variables('AllTaskApproversArray')",
          "actions": {
            "Send_an_HTTP_request_to_SharePoint_CLM365Request": {
              "runAfter": {},
              "metadata": {
                "operationMetadataId": "dafacf20-2006-4643-9887-42a879b37d72"
              },
              "type": "OpenApiConnection",
              "inputs": {
                "host": {
                  "connectionName": "shared_sharepointonline_2",
                  "operationId": "HttpRequest",
                  "apiId": "/providers/Microsoft.PowerApps/apis/shared_sharepointonline"
                },
                "parameters": {
                  "dataset": "@parameters('SiteAddress(CL365) (hr365_SiteAddressCL365)')",
                  "parameters/method": "POST",
                  "parameters/uri": "_api/lists/getByTitle('CLM365Request')/items(@{triggerOutputs()?['body/ID']})/roleassignments/addroleassignment(principalid=@{items('Apply_to_each')?['Id']},roledefid=1073741827)"
                },
                "authentication": "@parameters('$authentication')"
              }
            }
          },
          "runAfter": {
            "Compose": [
              "Succeeded"
            ]
          },
          "metadata": {
            "operationMetadataId": "e3117228-9ca1-410f-8c39-d71dc75bd328"
          },
          "type": "Foreach"
        },
        "Apply_to_Task": {
          "foreach": "@variables('AllTaskApproversArray')",
          "actions": {
            "Send_an_HTTP_request_to_SharePoint_5": {
              "runAfter": {},
              "metadata": {
                "operationMetadataId": "ac80ae5f-eb2e-422a-8d62-2c5776c1274a"
              },
              "type": "OpenApiConnection",
              "inputs": {
                "host": {
                  "connectionName": "shared_sharepointonline_2",
                  "operationId": "HttpRequest",
                  "apiId": "/providers/Microsoft.PowerApps/apis/shared_sharepointonline"
                },
                "parameters": {
                  "dataset": "@parameters('SiteAddress(CL365) (hr365_SiteAddressCL365)')",
                  "parameters/method": "POST",
                  "parameters/uri": "_api/lists/getByTitle('CLM365TaskAttachment')/items(@{body('Send_an_HTTP_request_to_SharePoint_4')?['d']?['ListItemAllFields']?['Id']})/roleassignments/addroleassignment(principalid=@{items('Apply_to_Task')?['Id']},roledefid=@{variables('ContributeID')})"
                },
                "authentication": "@parameters('$authentication')"
              }
            }
          },
          "runAfter": {
            "Post_Permissions": [
              "Succeeded"
            ]
          },
          "metadata": {
            "operationMetadataId": "645e6b41-8770-4b57-b0ae-c5af623dc600"
          },
          "type": "Foreach"
        }
      }
    },
    "templateName": "88f144a91cf14b4e8e65da7d26479ffb"
  },
  "schemaVersion": "1.0.0.0"
}