{
  "properties": {
    "connectionReferences": {
      "shared_sharepointonline_2": {
        "runtimeSource": "embedded",
        "connection": {
          "connectionReferenceLogicalName": "hr365_sharedsharepointonline_d8aa2"
        },
        "api": {
          "name": "shared_sharepointonline"
        }
      },
      "shared_office365": {
        "runtimeSource": "embedded",
        "connection": {
          "connectionReferenceLogicalName": "hr365_sharedoffice365_33642"
        },
        "api": {
          "name": "shared_office365"
        }
      },
      "shared_office365_2": {
        "runtimeSource": "embedded",
        "connection": {
          "connectionReferenceLogicalName": "hr365_sharedoffice365_ebe7d"
        },
        "api": {
          "name": "shared_office365"
        }
      }
    },
    "definition": {
      "$schema": "https://schema.management.azure.com/providers/Microsoft.Logic/schemas/2016-06-01/workflowdefinition.json#",
      "contentVersion": "1.0.0.0",
      "parameters": {
        "$connections": {
          "defaultValue": {},
          "type": "Object"
        },
        "$authentication": {
          "defaultValue": {},
          "type": "SecureObject"
        },
        "SiteAddress(CL365) (hr365_SiteAddressCL365)": {
          "defaultValue": "https://megazap.sharepoint.com/sites/CLM365_1OCT24",
          "type": "String",
          "metadata": {
            "schemaName": "hr365_SiteAddressCL365"
          }
        },
        "Mailbox(CL365) (hr365_MailboxCL365)": {
          "defaultValue": "megazapsupport@megazap.us",
          "type": "String",
          "metadata": {
            "schemaName": "hr365_MailboxCL365"
          }
        }
      },
      "triggers": {
        "When_a_new_email_arrives_in_a_shared_mailbox_(V2)": {
          "recurrence": {
            "interval": 1,
            "frequency": "Minute"
          },
          "splitOn": "@triggerOutputs()?['body/value']",
          "metadata": {
            "operationMetadataId": "108af230-de35-42c6-8a09-89ffac21cf29",
            "Id::AAMkADNlYTk1MzNjLTQzMzEtNGI0Ni04Y2U5LTcxMGM5ODFhNzhkYgAuAAAAAADEfS3PC4wERbnfDa3DMIzLAQCc5AA02AZ-TLX9ASfJ6CPaAAAAAAEMAAA=": "Inbox",
            "Id::AAMkADliZTg4NGJmLTQxYzQtNDA1Ni1hNzU1LTA3MmMzNWQ2YjUzOQAuAAAAAACW1_jW8GpOQIFFvrK6xQLcAQDabQBSbU6xSrv1qaeeQVo9AAAAAAEMAAA=": "Inbox"
          },
          "type": "OpenApiConnection",
          "inputs": {
            "host": {
              "connectionName": "shared_office365_2",
              "operationId": "SharedMailboxOnNewEmailV2",
              "apiId": "/providers/Microsoft.PowerApps/apis/shared_office365"
            },
            "parameters": {
              "mailboxAddress": "@parameters('Mailbox(CL365) (hr365_MailboxCL365)')",
              "folderId": "Id::AAMkADliZTg4NGJmLTQxYzQtNDA1Ni1hNzU1LTA3MmMzNWQ2YjUzOQAuAAAAAACW1_jW8GpOQIFFvrK6xQLcAQDabQBSbU6xSrv1qaeeQVo9AAAAAAEMAAA=",
              "importance": "Any",
              "hasAttachments": false,
              "includeAttachments": false
            },
            "authentication": "@parameters('$authentication')"
          },
          "runtimeConfiguration": {
            "concurrency": {
              "runs": 1
            }
          }
        }
      },
      "actions": {
        "Condition": {
          "actions": {
            "Send_an_HTTP_request_to_SharePoint_5": {
              "runAfter": {},
              "metadata": {
                "operationMetadataId": "9d34cb46-bc7b-4747-9158-7153f1530797"
              },
              "type": "OpenApiConnection",
              "inputs": {
                "host": {
                  "connectionName": "shared_sharepointonline_2",
                  "operationId": "HttpRequest",
                  "apiId": "/providers/Microsoft.PowerApps/apis/shared_sharepointonline"
                },
                "parameters": {
                  "dataset": "@variables('ApplicationURL')",
                  "parameters/method": "GET",
                  "parameters/uri": "_api/web/lists/getbytitle('CLM365Request')/items?$filter=Request_Number eq '@{uriComponent(split(split(triggerOutputs()?['body/subject'],'Request Number [')[1], ']')[0])}'",
                  "parameters/headers": {
                    "Accept": "application/json; odata=verbos",
                    "Content-Type": "application/json"
                  }
                },
                "authentication": "@parameters('$authentication')"
              }
            },
            "Set_variable": {
              "runAfter": {
                "Send_an_HTTP_request_to_SharePoint_5": [
                  "Succeeded"
                ]
              },
              "metadata": {
                "operationMetadataId": "98679c31-8d56-470c-9e5a-5e50f549248a"
              },
              "type": "SetVariable",
              "inputs": {
                "name": "RequestActivity",
                "value": "@json(outputs('Send_an_HTTP_request_to_SharePoint_5')?['body']?['d']?['results'][0]['Activity_Log'])"
              }
            },
            "Condition_2": {
              "actions": {},
              "runAfter": {
                "Send_an_HTTP_request_to_SharePoint": [
                  "Succeeded"
                ]
              },
              "expression": {
                "greater": [
                  "@length(outputs('Send_an_HTTP_request_to_SharePoint')?['body']?['d']?['results'])",
                  0
                ]
              },
              "metadata": {
                "operationMetadataId": "495eb326-49b3-4a4a-9cc5-89b65e704785"
              },
              "type": "If"
            },
            "Send_an_HTTP_request_to_SharePoint": {
              "runAfter": {
                "Set_variable": [
                  "Succeeded"
                ]
              },
              "metadata": {
                "operationMetadataId": "9d34cb46-bc7b-4747-9158-7153f1530797"
              },
              "type": "OpenApiConnection",
              "inputs": {
                "host": {
                  "connectionName": "shared_sharepointonline_2",
                  "operationId": "HttpRequest",
                  "apiId": "/providers/Microsoft.PowerApps/apis/shared_sharepointonline"
                },
                "parameters": {
                  "dataset": "@variables('ApplicationURL')",
                  "parameters/method": "GET",
                  "parameters/uri": "_api/web/lists/getbytitle('CLM365Counterparty')/items?$filter=Email eq '@{triggerOutputs()?['body/from']}'",
                  "parameters/headers": {
                    "Accept": "application/json; odata=verbos",
                    "Content-Type": "application/json"
                  }
                },
                "authentication": "@parameters('$authentication')"
              }
            },
            "Send_an_HTTP_request_to_SharePoint_6": {
              "runAfter": {
                "Append_to_array_variable": [
                  "Succeeded"
                ]
              },
              "metadata": {
                "operationMetadataId": "b56fae2d-267e-4cf3-9b56-8205044437e8"
              },
              "type": "OpenApiConnection",
              "inputs": {
                "host": {
                  "connectionName": "shared_sharepointonline_2",
                  "operationId": "HttpRequest",
                  "apiId": "/providers/Microsoft.PowerApps/apis/shared_sharepointonline"
                },
                "parameters": {
                  "dataset": "@variables('ApplicationURL')",
                  "parameters/method": "POST",
                  "parameters/uri": "_api/web/lists/getbytitle('CLM365Request')/items(@{outputs('Send_an_HTTP_request_to_SharePoint_5')?['body']?['d']?['results'][0]['Id']})",
                  "parameters/headers": {
                    "accept": "application/json;odata=verbose",
                    "content-type": "application/json;odata=verbose",
                    "IF-MATCH": "*",
                    "X-HTTP-Method": "PATCH"
                  },
                  "parameters/body": "{\n     \"__metadata\": { \"type\": \"SP.Data.CLM365RequestListItem\" },\n \"Activity_Log\":'@{string(variables('RequestActivity'))}'\n        }"
                },
                "authentication": "@parameters('$authentication')"
              }
            },
            "Append_to_array_variable": {
              "runAfter": {
                "Compose_4": [
                  "Succeeded"
                ]
              },
              "metadata": {
                "operationMetadataId": "3e4e5f5e-eff6-4ca0-a734-b52e9de783a7"
              },
              "type": "AppendToArrayVariable",
              "inputs": {
                "name": "RequestActivity",
                "value": {
                  "Activity": "Reply by Counterparty",
                  "Description": "@replace(body('Filter_array')[0]['Description'],'[Request_Number]',outputs('Send_an_HTTP_request_to_SharePoint_5')?['body']?['d']?['results'][0]['Request_Number'])",
                  "CreatedOn": "@{utcNow()}",
                  "CreatedBy": "@{triggerOutputs()?['body/from']}",
                  "CreatedByEmail": "Reply",
                  "Reasons": "",
                  "Remarks": "@{encodeUriComponent(outputs('Compose_4'))}",
                  "Attachments": "@{join(variables('AttachmentsNames'),',')}"
                }
              }
            },
            "Apply_to_each": {
              "foreach": "@triggerOutputs()?['body/attachments']",
              "actions": {
                "Get_Attachment_(V2)": {
                  "runAfter": {},
                  "metadata": {
                    "operationMetadataId": "dacf4cf0-5044-4ef3-97c4-a7cc00da5d52"
                  },
                  "type": "OpenApiConnection",
                  "inputs": {
                    "host": {
                      "connectionName": "shared_office365",
                      "operationId": "GetAttachment_V2",
                      "apiId": "/providers/Microsoft.PowerApps/apis/shared_office365"
                    },
                    "parameters": {
                      "messageId": "@triggerOutputs()?['body/id']",
                      "attachmentId": "@items('Apply_to_each')?['id']",
                      "mailboxAddress": "@parameters('Mailbox(CL365) (hr365_MailboxCL365)')"
                    },
                    "authentication": "@parameters('$authentication')"
                  }
                },
                "Create_file": {
                  "runAfter": {
                    "Append_to_array_variable_2": [
                      "Succeeded"
                    ]
                  },
                  "metadata": {
                    "operationMetadataId": "c017a953-793d-4278-bd04-f5cd1afc01b4"
                  },
                  "type": "OpenApiConnection",
                  "inputs": {
                    "host": {
                      "connectionName": "shared_sharepointonline_2",
                      "operationId": "CreateFile",
                      "apiId": "/providers/Microsoft.PowerApps/apis/shared_sharepointonline"
                    },
                    "parameters": {
                      "dataset": "@variables('ApplicationURL')",
                      "folderPath": "CLM365TaskAttachment/@{outputs('Send_an_HTTP_request_to_SharePoint_5')?['body']?['d']?['results'][0]['Guid_ID']}/",
                      "name": "@{outputs('Compose_3')}@{outputs('Compose_2')}",
                      "body": "@outputs('Get_Attachment_(V2)')?['body/contentBytes']"
                    },
                    "authentication": "@parameters('$authentication')"
                  },
                  "runtimeConfiguration": {
                    "contentTransfer": {
                      "transferMode": "Chunked"
                    }
                  }
                },
                "Update_file_properties": {
                  "runAfter": {
                    "Create_file": [
                      "Succeeded"
                    ]
                  },
                  "metadata": {
                    "operationMetadataId": "2736ce87-87e0-4b6a-be6f-abc1de155469"
                  },
                  "type": "OpenApiConnection",
                  "inputs": {
                    "host": {
                      "connectionName": "shared_sharepointonline_2",
                      "operationId": "PatchFileItem",
                      "apiId": "/providers/Microsoft.PowerApps/apis/shared_sharepointonline"
                    },
                    "parameters": {
                      "dataset": "@parameters('SiteAddress(CL365) (hr365_SiteAddressCL365)')",
                      "table": "CLM365TaskAttachment",
                      "id": "@outputs('Create_file')?['body/ItemId']",
                      "item/TaskID": "@outputs('Send_an_HTTP_request_to_SharePoint_5')?['body']?['d']?['results'][0]['Guid_ID']",
                      "item/File_Name": "@outputs('Get_Attachment_(V2)')?['body/name']",
                      "item/File_Guid": "@outputs('Compose_3')"
                    },
                    "authentication": "@parameters('$authentication')"
                  }
                },
                "Append_to_array_variable_2": {
                  "runAfter": {
                    "Compose_3": [
                      "Succeeded"
                    ]
                  },
                  "metadata": {
                    "operationMetadataId": "318b8dcc-90f8-4182-a68c-3cf52f49bc28"
                  },
                  "type": "AppendToArrayVariable",
                  "inputs": {
                    "name": "AttachmentsNames",
                    "value": "@outputs('Compose_3')"
                  }
                },
                "Compose": {
                  "runAfter": {
                    "Get_Attachment_(V2)": [
                      "Succeeded"
                    ]
                  },
                  "metadata": {
                    "operationMetadataId": "8f51ed08-42ec-4eaa-a199-755d8a4df40b"
                  },
                  "type": "Compose",
                  "inputs": "@outputs('Get_Attachment_(V2)')?['body/name']"
                },
                "Compose_2": {
                  "runAfter": {
                    "Compose": [
                      "Succeeded"
                    ]
                  },
                  "metadata": {
                    "operationMetadataId": "56bd9fbf-94dd-428a-9026-35dea2019375"
                  },
                  "type": "Compose",
                  "inputs": "@substring(outputs('Compose'),indexOf(outputs('Compose'),'.'),sub(length(outputs('Compose')),indexOf(outputs('Compose'),'.')))"
                },
                "Compose_3": {
                  "runAfter": {
                    "Compose_2": [
                      "Succeeded"
                    ]
                  },
                  "metadata": {
                    "operationMetadataId": "86f4fbb5-e18a-4e5d-a28a-2306bef71c06"
                  },
                  "type": "Compose",
                  "inputs": "@guid()"
                }
              },
              "runAfter": {
                "Filter_array": [
                  "Succeeded"
                ]
              },
              "metadata": {
                "operationMetadataId": "b3da92bd-8cbf-4150-b34b-4f5bdde43668"
              },
              "type": "Foreach"
            },
            "Filter_array": {
              "runAfter": {
                "Send_an_HTTP_request_to_SharePoint_2": [
                  "Succeeded"
                ]
              },
              "metadata": {
                "operationMetadataId": "d95d2267-10de-4627-92ba-00713e10fc5c"
              },
              "type": "Query",
              "inputs": {
                "from": "@json(body('Send_an_HTTP_request_to_SharePoint_2')['d']['results'][0]['Activity'])",
                "where": "@equals(item()?['Activity'], 'Reply by Counterparty')"
              }
            },
            "Send_an_HTTP_request_to_SharePoint_2": {
              "runAfter": {
                "Condition_2": [
                  "Succeeded"
                ]
              },
              "metadata": {
                "operationMetadataId": "9d34cb46-bc7b-4747-9158-7153f1530797"
              },
              "type": "OpenApiConnection",
              "inputs": {
                "host": {
                  "connectionName": "shared_sharepointonline_2",
                  "operationId": "HttpRequest",
                  "apiId": "/providers/Microsoft.PowerApps/apis/shared_sharepointonline"
                },
                "parameters": {
                  "dataset": "@variables('ApplicationURL')",
                  "parameters/method": "GET",
                  "parameters/uri": "_api/web/lists/getbytitle('CLM365General')/items?$select=Id,Activity",
                  "parameters/headers": {
                    "Accept": "application/json; odata=verbos",
                    "Content-Type": "application/json"
                  }
                },
                "authentication": "@parameters('$authentication')"
              }
            },
            "Compose_4": {
              "runAfter": {
                "Apply_to_each": [
                  "Succeeded"
                ]
              },
              "metadata": {
                "operationMetadataId": "29e4c4f4-3720-4187-8e1b-5093ea941c31"
              },
              "type": "Compose",
              "inputs": "@encodeUriComponent(split(split(replace(triggerOutputs()?['body/body'],'''','|$|'),'-- <br>You received this message because you are')[0],'<div id=|$|appendonsend|$|></div>')?[0])"
            }
          },
          "runAfter": {
            "Initialize_variable_3": [
              "Succeeded"
            ]
          },
          "expression": {
            "contains": [
              "@triggerOutputs()?['body/subject']",
              "Request Number ["
            ]
          },
          "metadata": {
            "operationMetadataId": "75dd5078-2d5f-4c4c-9dc4-f01222c772ec"
          },
          "type": "If"
        },
        "Initialize_variable": {
          "runAfter": {},
          "metadata": {
            "operationMetadataId": "45dad98c-6baa-4132-a7cd-148ad8b043cc"
          },
          "type": "InitializeVariable",
          "inputs": {
            "variables": [
              {
                "name": "ApplicationURL",
                "type": "string",
                "value": "@parameters('SiteAddress(CL365) (hr365_SiteAddressCL365)')"
              }
            ]
          }
        },
        "Initialize_variable_2": {
          "runAfter": {
            "Initialize_variable": [
              "Succeeded"
            ]
          },
          "metadata": {
            "operationMetadataId": "b68eb3e8-0fbb-451b-8658-591ef4a01b7d"
          },
          "type": "InitializeVariable",
          "inputs": {
            "variables": [
              {
                "name": "RequestActivity",
                "type": "array"
              }
            ]
          }
        },
        "Initialize_variable_3": {
          "runAfter": {
            "Initialize_variable_2": [
              "Succeeded"
            ]
          },
          "metadata": {
            "operationMetadataId": "fa3d51d3-43e4-49db-ba97-16ecff5d483e"
          },
          "type": "InitializeVariable",
          "inputs": {
            "variables": [
              {
                "name": "AttachmentsNames",
                "type": "array"
              }
            ]
          }
        }
      }
    },
    "templateName": ""
  },
  "schemaVersion": "1.0.0.0"
}