{
  "properties": {
    "connectionReferences": {
      "shared_sharepointonline_1": {
        "runtimeSource": "embedded",
        "connection": {
          "connectionReferenceLogicalName": "hr365_sharedsharepointonline_d8aa2"
        },
        "api": {
          "name": "shared_sharepointonline"
        }
      },
      "shared_office365_4": {
        "runtimeSource": "embedded",
        "connection": {
          "connectionReferenceLogicalName": "hr365_sharedoffice365_e2b89"
        },
        "api": {
          "name": "shared_office365"
        }
      },
      "shared_sharepointonline": {
        "runtimeSource": "embedded",
        "connection": {
          "connectionReferenceLogicalName": "hr365_sharedsharepointonline_dd9d2"
        },
        "api": {
          "name": "shared_sharepointonline"
        }
      }
    },
    "definition": {
      "$schema": "https://schema.management.azure.com/providers/Microsoft.Logic/schemas/2016-06-01/workflowdefinition.json#",
      "contentVersion": "1.0.0.0",
      "parameters": {
        "$connections": {
          "defaultValue": {},
          "type": "Object"
        },
        "$authentication": {
          "defaultValue": {},
          "type": "SecureObject"
        },
        "SiteAddress(CL365) (hr365_SiteAddressCL365)": {
          "defaultValue": "https://megazap.sharepoint.com/sites/CLM365_Oct11_2024",
          "type": "String",
          "metadata": {
            "schemaName": "hr365_SiteAddressCL365"
          }
        },
        "Mailbox(CL365) (hr365_MailboxCL365)": {
          "defaultValue": "megazapsupport@megazap.us",
          "type": "String",
          "metadata": {
            "schemaName": "hr365_MailboxCL365"
          }
        }
      },
      "triggers": {
        "When_an_item_is_created": {
          "recurrence": {
            "interval": 5,
            "frequency": "Minute"
          },
          "splitOn": "@triggerOutputs()?['body/value']",
          "metadata": {
            "operationMetadataId": "dbbdf3cf-d93e-4609-926e-89d962636da6"
          },
          "type": "OpenApiConnection",
          "inputs": {
            "host": {
              "connectionName": "shared_sharepointonline",
              "operationId": "GetOnNewItems",
              "apiId": "/providers/Microsoft.PowerApps/apis/shared_sharepointonline"
            },
            "parameters": {
              "dataset": "@parameters('SiteAddress(CL365) (hr365_SiteAddressCL365)')",
              "table": "CLM365ExternalMail"
            },
            "authentication": "@parameters('$authentication')"
          }
        }
      },
      "actions": {
        "Delete_item": {
          "runAfter": {
            "Send_an_email_(V2)": [
              "Succeeded"
            ]
          },
          "metadata": {
            "operationMetadataId": "cda3cc98-c931-432e-9894-dae65c1462aa"
          },
          "type": "OpenApiConnection",
          "inputs": {
            "host": {
              "connectionName": "shared_sharepointonline_1",
              "operationId": "DeleteItem",
              "apiId": "/providers/Microsoft.PowerApps/apis/shared_sharepointonline"
            },
            "parameters": {
              "dataset": "@parameters('SiteAddress(CL365) (hr365_SiteAddressCL365)')",
              "table": "CLM365ExternalMail",
              "id": "@triggerOutputs()?['body/ID']"
            },
            "authentication": "@parameters('$authentication')"
          }
        },
        "Get_attachments": {
          "runAfter": {},
          "metadata": {
            "operationMetadataId": "29eb2694-8c97-4809-b639-8d851af30f54"
          },
          "type": "OpenApiConnection",
          "inputs": {
            "host": {
              "connectionName": "shared_sharepointonline_1",
              "operationId": "GetItemAttachments",
              "apiId": "/providers/Microsoft.PowerApps/apis/shared_sharepointonline"
            },
            "parameters": {
              "dataset": "@parameters('SiteAddress(CL365) (hr365_SiteAddressCL365)')",
              "table": "CLM365ExternalMail",
              "itemId": "@triggerOutputs()?['body/ID']"
            },
            "authentication": "@parameters('$authentication')"
          }
        },
        "Apply_to_each": {
          "foreach": "@body('Get_attachments')",
          "actions": {
            "Get_attachment_content": {
              "runAfter": {},
              "metadata": {
                "operationMetadataId": "96bf43fd-876c-423e-99a7-788b6a05e8eb"
              },
              "type": "OpenApiConnection",
              "inputs": {
                "host": {
                  "connectionName": "shared_sharepointonline_1",
                  "operationId": "GetAttachmentContent",
                  "apiId": "/providers/Microsoft.PowerApps/apis/shared_sharepointonline"
                },
                "parameters": {
                  "dataset": "@parameters('SiteAddress(CL365) (hr365_SiteAddressCL365)')",
                  "table": "CLM365ExternalMail",
                  "itemId": "@triggerOutputs()?['body/ID']",
                  "attachmentId": "@item()?['Id']"
                },
                "authentication": "@parameters('$authentication')"
              }
            },
            "Append_to_array_variable": {
              "runAfter": {
                "Get_attachment_content": [
                  "Succeeded"
                ]
              },
              "metadata": {
                "operationMetadataId": "a240fbcd-bcac-4b81-a865-300bc55e7062"
              },
              "type": "AppendToArrayVariable",
              "inputs": {
                "name": "AttachmentFilebyteArray",
                "value": {
                  "Name": "@items('Apply_to_each')?['DisplayName']",
                  "ContentBytes": "@body('Get_attachment_content')"
                }
              }
            }
          },
          "runAfter": {
            "Initialize_variable": [
              "Succeeded"
            ]
          },
          "metadata": {
            "operationMetadataId": "deb675bb-dced-4169-af69-e9927154e032"
          },
          "type": "Foreach"
        },
        "Initialize_variable": {
          "runAfter": {
            "Get_attachments": [
              "Succeeded"
            ]
          },
          "metadata": {
            "operationMetadataId": "d7afd3c2-71e6-4516-8813-f9452138fff5"
          },
          "type": "InitializeVariable",
          "inputs": {
            "variables": [
              {
                "name": "AttachmentFilebyteArray",
                "type": "array"
              }
            ]
          }
        },
        "Send_an_email_(V2)": {
          "runAfter": {
            "Apply_to_each": [
              "Succeeded"
            ]
          },
          "metadata": {
            "operationMetadataId": "0525ba07-cbf1-4dfb-a87e-34b23734e267"
          },
          "type": "OpenApiConnection",
          "inputs": {
            "host": {
              "connectionName": "shared_office365_4",
              "operationId": "SendEmailV2",
              "apiId": "/providers/Microsoft.PowerApps/apis/shared_office365"
            },
            "parameters": {
              "emailMessage/To": "@triggerOutputs()?['body/To']",
              "emailMessage/Subject": "@triggerOutputs()?['body/Subject']",
              "emailMessage/Body": "<p>@{decodeUriComponent(triggerOutputs()?['body/Body'])}</p>",
              "emailMessage/From": "@parameters('Mailbox(CL365) (hr365_MailboxCL365)')",
              "emailMessage/Cc": "@triggerOutputs()?['body/CC']",
              "emailMessage/Attachments": "@variables('AttachmentFilebyteArray')",
              "emailMessage/Importance": "Normal"
            },
            "authentication": "@parameters('$authentication')"
          }
        }
      }
    },
    "templateName": ""
  },
  "schemaVersion": "1.0.0.0"
}