{
  "properties": {
    "connectionReferences": {
      "shared_sharepointonline_10": {
        "runtimeSource": "embedded",
        "connection": {
          "connectionReferenceLogicalName": "hr365_sharedsharepointonline_8f2f5"
        },
        "api": {
          "name": "shared_sharepointonline"
        }
      },
      "shared_sharepointonline_6": {
        "runtimeSource": "embedded",
        "connection": {
          "connectionReferenceLogicalName": "hr365_sharedsharepointonline_d390e"
        },
        "api": {
          "name": "shared_sharepointonline"
        }
      },
      "shared_sharepointonline_4": {
        "runtimeSource": "embedded",
        "connection": {
          "connectionReferenceLogicalName": "hr365_sharedsharepointonline_308a8"
        },
        "api": {
          "name": "shared_sharepointonline"
        }
      },
      "shared_office365_1": {
        "runtimeSource": "embedded",
        "connection": {
          "connectionReferenceLogicalName": "hr365_sharedoffice365_33642"
        },
        "api": {
          "name": "shared_office365"
        }
      },
      "shared_sharepointonline": {
        "runtimeSource": "embedded",
        "connection": {
          "connectionReferenceLogicalName": "hr365_sharedsharepointonline_2d018"
        },
        "api": {
          "name": "shared_sharepointonline"
        }
      }
    },
    "definition": {
      "$schema": "https://schema.management.azure.com/providers/Microsoft.Logic/schemas/2016-06-01/workflowdefinition.json#",
      "contentVersion": "1.0.0.0",
      "parameters": {
        "$connections": {
          "defaultValue": {},
          "type": "Object"
        },
        "$authentication": {
          "defaultValue": {},
          "type": "SecureObject"
        },
        "SiteAddress(CL365) (hr365_SiteAddressCL365)": {
          "defaultValue": "https://megazap.sharepoint.com/sites/CLM365_Oct11_2024",
          "type": "String",
          "metadata": {
            "schemaName": "hr365_SiteAddressCL365"
          }
        }
      },
      "triggers": {
        "Recurrence": {
          "recurrence": {
            "frequency": "Day",
            "interval": 1,
            "startTime": "2023-07-06T03:30:00Z"
          },
          "metadata": {
            "operationMetadataId": "fa3ea3d0-3708-4f3d-b6dc-0da378494b33"
          },
          "type": "Recurrence"
        }
      },
      "actions": {
        "Due_Days": {
          "runAfter": {},
          "metadata": {
            "operationMetadataId": "d10e8bc5-6f73-47b5-9a84-9793339cc9f5"
          },
          "type": "InitializeVariable",
          "inputs": {
            "variables": [
              {
                "name": "DueDays",
                "type": "integer",
                "value": -1
              }
            ]
          }
        },
        "Admin_Email_ID": {
          "runAfter": {
            "Due_Days": [
              "Succeeded"
            ]
          },
          "metadata": {
            "operationMetadataId": "73a4507e-d5c1-48ec-8926-6f7f15d26510"
          },
          "type": "InitializeVariable",
          "inputs": {
            "variables": [
              {
                "name": "Admin",
                "type": "array"
              }
            ]
          }
        },
        "Business_user_Email_ID": {
          "runAfter": {
            "Admin_Email_ID": [
              "Succeeded"
            ]
          },
          "metadata": {
            "operationMetadataId": "c1d1f264-00b5-4d54-87ef-13e470474dc5"
          },
          "type": "InitializeVariable",
          "inputs": {
            "variables": [
              {
                "name": "Bussiness User",
                "type": "string"
              }
            ]
          }
        },
        "Get_users": {
          "runAfter": {
            "Get_fields_from_CLM365Contract": [
              "Succeeded"
            ]
          },
          "metadata": {
            "operationMetadataId": "9cf1cc2d-4029-4d86-be48-bb187ab10bc5"
          },
          "type": "OpenApiConnection",
          "inputs": {
            "host": {
              "connectionName": "shared_sharepointonline_10",
              "operationId": "GetItems",
              "apiId": "/providers/Microsoft.PowerApps/apis/shared_sharepointonline"
            },
            "parameters": {
              "dataset": "@parameters('SiteAddress(CL365) (hr365_SiteAddressCL365)')",
              "table": "CLM365Users"
            },
            "authentication": "@parameters('$authentication')"
          }
        },
        "Admin_email": {
          "runAfter": {
            "Each_loop_on_admin_email_id": [
              "Succeeded"
            ]
          },
          "metadata": {
            "operationMetadataId": "811401ae-d174-4e38-91de-4a1119073416"
          },
          "type": "Compose",
          "inputs": "@join(variables('Admin'),';')"
        },
        "CC_Email_ID": {
          "runAfter": {
            "Business_user_Email_ID": [
              "Succeeded"
            ]
          },
          "metadata": {
            "operationMetadataId": "f359da4c-2c2d-421d-9d30-64beab286a34"
          },
          "type": "InitializeVariable",
          "inputs": {
            "variables": [
              {
                "name": "CC Email ID",
                "type": "string"
              }
            ]
          }
        },
        "Replace_StartDate": {
          "runAfter": {
            "CC_Email_ID": [
              "Succeeded"
            ]
          },
          "metadata": {
            "operationMetadataId": "176dffe4-e036-4efc-b261-4d29e656e403"
          },
          "type": "InitializeVariable",
          "inputs": {
            "variables": [
              {
                "name": "StartDate",
                "type": "string",
                "value": "[Contract_Start_Date]"
              }
            ]
          }
        },
        "Replace_EndDate": {
          "runAfter": {
            "Replace_StartDate": [
              "Succeeded"
            ]
          },
          "metadata": {
            "operationMetadataId": "7bab7f63-a4f5-4d71-8afd-ec911c839d64"
          },
          "type": "InitializeVariable",
          "inputs": {
            "variables": [
              {
                "name": "EndDate",
                "type": "string",
                "value": "[Contract_End_Date]"
              }
            ]
          }
        },
        "ContractType": {
          "runAfter": {
            "Replace_EndDate": [
              "Succeeded"
            ]
          },
          "metadata": {
            "operationMetadataId": "1e0c28b4-3c55-4b65-b102-963a014c6f82"
          },
          "type": "InitializeVariable",
          "inputs": {
            "variables": [
              {
                "name": "ContractType",
                "type": "string"
              }
            ]
          }
        },
        "CounterpartyName": {
          "runAfter": {
            "ContractType": [
              "Succeeded"
            ]
          },
          "metadata": {
            "operationMetadataId": "71a2458f-8c89-46e8-9adb-90b4dee83afa"
          },
          "type": "InitializeVariable",
          "inputs": {
            "variables": [
              {
                "name": "CounterpartyName",
                "type": "string"
              }
            ]
          }
        },
        "Task_bussiness_user": {
          "runAfter": {
            "CounterpartyName": [
              "Succeeded"
            ]
          },
          "metadata": {
            "operationMetadataId": "06157906-fe91-46e1-99d7-c39c46a4a707"
          },
          "type": "InitializeVariable",
          "inputs": {
            "variables": [
              {
                "name": "Task bussiness user",
                "type": "string"
              }
            ]
          }
        },
        "Initialize_variable_9": {
          "runAfter": {
            "SendTo": [
              "Succeeded"
            ]
          },
          "metadata": {
            "operationMetadataId": "60c44824-bc30-4354-9d42-3dc073f44a06"
          },
          "type": "InitializeVariable",
          "inputs": {
            "variables": [
              {
                "name": "Replace",
                "type": "string"
              }
            ]
          }
        },
        "Initialize_variable_10": {
          "runAfter": {
            "ReplacePlaceholder": [
              "Succeeded"
            ]
          },
          "metadata": {
            "operationMetadataId": "181bd6e3-6cba-4b80-8196-d8156c397286"
          },
          "type": "InitializeVariable",
          "inputs": {
            "variables": [
              {
                "name": "ColumnName",
                "type": "string"
              }
            ]
          }
        },
        "EmailBody'": {
          "runAfter": {
            "Initialize_variable_10": [
              "Succeeded"
            ]
          },
          "metadata": {
            "operationMetadataId": "c37f8c45-dff4-4f46-b693-5bda109d241f"
          },
          "type": "InitializeVariable",
          "inputs": {
            "variables": [
              {
                "name": "EmailBody",
                "type": "string"
              }
            ]
          }
        },
        "Get_columns_from_CLM365ContractTasks": {
          "runAfter": {
            "Get_Email_Template": [
              "Succeeded"
            ]
          },
          "metadata": {
            "operationMetadataId": "cfdcb975-af70-424f-acb5-99672e55a207"
          },
          "type": "OpenApiConnection",
          "inputs": {
            "host": {
              "connectionName": "shared_sharepointonline_6",
              "operationId": "HttpRequest",
              "apiId": "/providers/Microsoft.PowerApps/apis/shared_sharepointonline"
            },
            "parameters": {
              "dataset": "@parameters('SiteAddress(CL365) (hr365_SiteAddressCL365)')",
              "parameters/method": "GET",
              "parameters/uri": "_api/web/lists/getbytitle('CLM365ContractTasks')/items?$select=*,TaskStage,Status,AssignedTo/ID,AssignedTo/Name&$expand=AssignedTo&$top=5000&$filter=Status ne 'Completed' and Status ne 'On Hold' and (TaskStage eq 'Contract Approval' or TaskStage eq 'Contract Termination Approval')",
              "parameters/headers": {
                "Accept": "application/json;odata=verbose",
                "Content-Type": "application/json"
              }
            },
            "authentication": "@parameters('$authentication')"
          }
        },
        "ReplaceColumns": {
          "runAfter": {
            "Initialize_variable_9": [
              "Succeeded"
            ]
          },
          "metadata": {
            "operationMetadataId": "c924b625-5cba-462c-9137-4173cf00eebd"
          },
          "type": "InitializeVariable",
          "inputs": {
            "variables": [
              {
                "name": "ReplaceColumns",
                "type": "string"
              }
            ]
          }
        },
        "ReplacePlaceholder": {
          "runAfter": {
            "ReplaceColumns": [
              "Succeeded"
            ]
          },
          "metadata": {
            "operationMetadataId": "c65c9418-60b5-4f4a-90e6-25e80de48f51"
          },
          "type": "InitializeVariable",
          "inputs": {
            "variables": [
              {
                "name": "ReplacePlaceholder",
                "type": "string"
              }
            ]
          }
        },
        "ReplacedEmail": {
          "runAfter": {
            "EmailSubject": [
              "Succeeded"
            ]
          },
          "metadata": {
            "operationMetadataId": "0d695367-30d2-4cc3-a432-d3c7548ae2c1"
          },
          "type": "InitializeVariable",
          "inputs": {
            "variables": [
              {
                "name": "ReplacedEmail",
                "type": "string"
              }
            ]
          }
        },
        "TaskOwnerManager": {
          "runAfter": {
            "Task_bussiness_user": [
              "Succeeded"
            ]
          },
          "metadata": {
            "operationMetadataId": "702444b5-7096-4a1d-a198-5b44d259b6c2"
          },
          "type": "InitializeVariable",
          "inputs": {
            "variables": [
              {
                "name": "TaskOwnerManager",
                "type": "string"
              }
            ]
          }
        },
        "Filter_Admins": {
          "runAfter": {
            "Get_users": [
              "Succeeded"
            ]
          },
          "metadata": {
            "operationMetadataId": "863cb95d-bfc8-40d9-8f6f-e37181a834d6"
          },
          "type": "Query",
          "inputs": {
            "from": "@outputs('Get_users')?['body/value']",
            "where": "@equals(item()['Role'], 'Admin')"
          }
        },
        "Each_loop_on_admin_email_id": {
          "foreach": "@body('Filter_Admins')",
          "actions": {
            "Append_to_array_variable_2": {
              "runAfter": {},
              "metadata": {
                "operationMetadataId": "e6810fa6-b862-4bcb-83d0-b5e0a5d9de80"
              },
              "type": "AppendToArrayVariable",
              "inputs": {
                "name": "Admin",
                "value": "@items('Each_loop_on_admin_email_id')['email']"
              }
            }
          },
          "runAfter": {
            "Filter_Admins": [
              "Succeeded"
            ]
          },
          "metadata": {
            "operationMetadataId": "604a3fd6-9a2e-49e0-a6e2-6029c7ee717a"
          },
          "type": "Foreach"
        },
        "TaskOwner": {
          "runAfter": {
            "TaskOwnerManager": [
              "Succeeded"
            ]
          },
          "metadata": {
            "operationMetadataId": "7a2386d2-db01-4ae9-90b7-1c407c368e5c"
          },
          "type": "InitializeVariable",
          "inputs": {
            "variables": [
              {
                "name": "TaskOwner",
                "type": "string"
              }
            ]
          }
        },
        "SendTo": {
          "runAfter": {
            "TaskOwner": [
              "Succeeded"
            ]
          },
          "metadata": {
            "operationMetadataId": "aa142e14-3c99-4857-8e49-de550528951f"
          },
          "type": "InitializeVariable",
          "inputs": {
            "variables": [
              {
                "name": "SendTo",
                "type": "string"
              }
            ]
          }
        },
        "EmailSubject": {
          "runAfter": {
            "EmailBody'": [
              "Succeeded"
            ]
          },
          "metadata": {
            "operationMetadataId": "f10487e3-296d-4045-80a6-51de711fb8b1"
          },
          "type": "InitializeVariable",
          "inputs": {
            "variables": [
              {
                "name": "EmailSubject",
                "type": "string"
              }
            ]
          }
        },
        "ReplacedSubject": {
          "runAfter": {
            "ReplacedEmail": [
              "Succeeded"
            ]
          },
          "metadata": {
            "operationMetadataId": "18d3a5c2-8289-4be9-bef9-b69bd8da64ea"
          },
          "type": "InitializeVariable",
          "inputs": {
            "variables": [
              {
                "name": "ReplacedSubject",
                "type": "string"
              }
            ]
          }
        },
        "Get_Email_Template": {
          "runAfter": {
            "ReplacedSubject": [
              "Succeeded"
            ]
          },
          "metadata": {
            "operationMetadataId": "fbb6ed3e-1b68-41d9-b61c-f921e6c9eaf5"
          },
          "type": "OpenApiConnection",
          "inputs": {
            "host": {
              "connectionName": "shared_sharepointonline_4",
              "operationId": "HttpRequest",
              "apiId": "/providers/Microsoft.PowerApps/apis/shared_sharepointonline"
            },
            "parameters": {
              "dataset": "@parameters('SiteAddress(CL365) (hr365_SiteAddressCL365)')",
              "parameters/method": "GET",
              "parameters/uri": "_api/web/lists/getbytitle('CLM365General')/items?$select=Title,EmailTemplate&$filter=Title eq 'GeneralData'",
              "parameters/headers": {
                "Accept": "application/json;odata=verbose",
                "Content-Type": "application/json"
              }
            },
            "authentication": "@parameters('$authentication')"
          }
        },
        "Check_Tasks_and_Email_Templates_Exist": {
          "actions": {
            "Contract_Approval_Tasks": {
              "runAfter": {},
              "metadata": {
                "operationMetadataId": "a609b237-4958-4885-8212-41bd81dac0b1"
              },
              "type": "Query",
              "inputs": {
                "from": "@body('Get_columns_from_CLM365ContractTasks')['d']['results']",
                "where": "@equals(item()?['Task_Type'], 'Contract Approval')"
              }
            },
            "Termination_Tasks": {
              "runAfter": {
                "Set_Contract_Approval_Tasks": [
                  "Succeeded"
                ]
              },
              "metadata": {
                "operationMetadataId": "1610827d-6c64-4adf-8c1f-9c36cbfe2fec"
              },
              "type": "Query",
              "inputs": {
                "from": "@body('Get_columns_from_CLM365ContractTasks')['d']['results']",
                "where": "@equals(item()?['Task_Type'], 'Termination')"
              }
            },
            "Contract_Approval_Email_Templates": {
              "runAfter": {
                "Set_Termination_Tasks": [
                  "Succeeded"
                ]
              },
              "metadata": {
                "operationMetadataId": "3063bd81-d34d-49cc-b1fc-1b48137eac10"
              },
              "type": "Query",
              "inputs": {
                "from": "@body('Filter_email_template')",
                "where": "@equals(item()?['TaskType'], 'Contract Approval')"
              }
            },
            "Termination_Email_Templates": {
              "runAfter": {
                "Set_Contract_Approval_Email_Temp": [
                  "Succeeded"
                ]
              },
              "metadata": {
                "operationMetadataId": "3063bd81-d34d-49cc-b1fc-1b48137eac10"
              },
              "type": "Query",
              "inputs": {
                "from": "@body('Filter_email_template')",
                "where": "@equals(item()?['TaskType'], 'Termination')"
              }
            },
            "Set_Contract_Approval_Tasks": {
              "runAfter": {
                "Contract_Approval_Tasks": [
                  "Succeeded"
                ]
              },
              "metadata": {
                "operationMetadataId": "3ddf00f9-e3c5-4cf9-b962-0bca2af63a9e"
              },
              "type": "SetVariable",
              "inputs": {
                "name": "Contract Approval Tasks",
                "value": "@body('Contract_Approval_Tasks')"
              }
            },
            "Set_Termination_Tasks": {
              "runAfter": {
                "Termination_Tasks": [
                  "Succeeded"
                ]
              },
              "metadata": {
                "operationMetadataId": "5f88dcde-6197-4f91-961a-4b8039a1b3e9"
              },
              "type": "SetVariable",
              "inputs": {
                "name": "Termination Tasks",
                "value": "@body('Termination_Tasks')"
              }
            },
            "Set_Contract_Approval_Email_Temp": {
              "runAfter": {
                "Contract_Approval_Email_Templates": [
                  "Succeeded"
                ]
              },
              "metadata": {
                "operationMetadataId": "70bbc969-9699-4195-979f-b5244ccc5307"
              },
              "type": "SetVariable",
              "inputs": {
                "name": "Contract Approval Email Temp",
                "value": "@body('Contract_Approval_Email_Templates')"
              }
            },
            "Set_Termination_Email_Temp": {
              "runAfter": {
                "Termination_Email_Templates": [
                  "Succeeded"
                ]
              },
              "metadata": {
                "operationMetadataId": "f6b86b9f-be9d-4b74-b1ec-559173a25430"
              },
              "type": "SetVariable",
              "inputs": {
                "name": "Termination Email Temp",
                "value": "@body('Termination_Email_Templates')"
              }
            }
          },
          "runAfter": {
            "Termination_Email_Temp": [
              "Succeeded"
            ]
          },
          "expression": {
            "and": [
              {
                "greater": [
                  "@length(body('Filter_email_template'))",
                  0
                ]
              },
              {
                "greater": [
                  "@length(body('Get_columns_from_CLM365ContractTasks')['d']['results'])",
                  0
                ]
              }
            ]
          },
          "metadata": {
            "operationMetadataId": "a2c6989b-b754-4f1f-8619-e8c36b592df0"
          },
          "type": "If"
        },
        "Filter_email_template": {
          "runAfter": {
            "Admin_email": [
              "Succeeded"
            ]
          },
          "metadata": {
            "operationMetadataId": "1c397514-d2d0-4606-bed8-5fb818d4e7a2"
          },
          "type": "Query",
          "inputs": {
            "from": "@json(outputs('Get_Email_Template')?['body']['d']['results'][0]['EmailTemplate'])",
            "where": "@equals(item()?['Type'], 'Tasks')"
          }
        },
        "Contract_Approval": {
          "actions": {
            "Contract_Approval_Tasks_Looping": {
              "foreach": "@variables('Contract Approval Tasks')",
              "actions": {
                "Due_Date1": {
                  "runAfter": {},
                  "metadata": {
                    "operationMetadataId": "ee86d26a-5797-4ec5-91a5-936daac4e526"
                  },
                  "type": "Compose",
                  "inputs": "@items('Contract_Approval_Tasks_Looping')['DueDate']"
                },
                "Status1": {
                  "runAfter": {
                    "Due_Date1": [
                      "Succeeded"
                    ]
                  },
                  "metadata": {
                    "operationMetadataId": "a570cc4f-b43d-4599-8a04-6ee25468ab07"
                  },
                  "type": "Compose",
                  "inputs": "@items('Contract_Approval_Tasks_Looping')['Status']"
                },
                "Condition_6": {
                  "actions": {
                    "Set_Task_Owner_1": {
                      "runAfter": {},
                      "metadata": {
                        "operationMetadataId": "9b1a28fd-6a8c-4bea-a58c-c8115cba601c"
                      },
                      "type": "SetVariable",
                      "inputs": {
                        "name": "TaskOwner",
                        "value": "@{trim(split(items('Contract_Approval_Tasks_Looping')['AssignedTo']['results'][0]['Name'], 'i:0#.f|membership|')[1])}"
                      }
                    },
                    "Filter_user_2": {
                      "runAfter": {
                        "Set_Task_Owner_1": [
                          "Succeeded"
                        ]
                      },
                      "metadata": {
                        "operationMetadataId": "2b97bc9b-fe9f-4dc3-8133-213308965e32"
                      },
                      "type": "Query",
                      "inputs": {
                        "from": "@outputs('Get_users')?['body/value']",
                        "where": "@equals(item()?['email'], trim(split(items('Contract_Approval_Tasks_Looping')['AssignedTo']['results'][0]['Name'], 'i:0#.f|membership|')[1]))"
                      }
                    },
                    "Each_loop_on_task_owner_manager_Temp": {
                      "foreach": "@body('Filter_user_2')",
                      "actions": {
                        "Set_Task_Owner_Manager1": {
                          "runAfter": {},
                          "metadata": {
                            "operationMetadataId": "6f4db12b-acdc-4b16-98e1-961e2721bbbc"
                          },
                          "type": "SetVariable",
                          "inputs": {
                            "name": "TaskOwnerManager",
                            "value": "@{items('Each_loop_on_task_owner_manager_Temp')['Manager']['Email']}"
                          }
                        }
                      },
                      "runAfter": {
                        "Filter_user_2": [
                          "Succeeded"
                        ]
                      },
                      "metadata": {
                        "operationMetadataId": "fa0caa07-9b06-4f37-8c4d-3f33f3c2caeb"
                      },
                      "type": "Foreach"
                    }
                  },
                  "runAfter": {
                    "Status1": [
                      "Succeeded"
                    ]
                  },
                  "expression": {
                    "contains": [
                      "@items('Contract_Approval_Tasks_Looping')['AssignedTo']",
                      "results"
                    ]
                  },
                  "metadata": {
                    "operationMetadataId": "1af8a8f6-8787-430c-9ad5-f7f053313a6b"
                  },
                  "type": "If"
                },
                "Loop_Contract_Approval_EmailTemplate": {
                  "foreach": "@variables('Contract Approval Email Temp')",
                  "actions": {
                    "Email_Temp_Reminder_days": {
                      "runAfter": {},
                      "metadata": {
                        "operationMetadataId": "1b02e3e4-3a35-4368-98a6-91705c089482"
                      },
                      "type": "Compose",
                      "inputs": "-@{items('Loop_Contract_Approval_EmailTemplate')['ReminderDays']}"
                    },
                    "Check_the_Reminder_Date_is_Equal": {
                      "actions": {
                        "Final_Email_Body_Temp": {
                          "runAfter": {
                            "Set_Email_Body_Send_To": [
                              "Succeeded"
                            ]
                          },
                          "metadata": {
                            "operationMetadataId": "a6f361ff-f51e-40f7-898d-59565b479569"
                          },
                          "type": "Compose",
                          "inputs": "@variables('EmailBody')"
                        },
                        "Set_Replaced_Email_Temp": {
                          "runAfter": {
                            "Final_Email_Body_Temp": [
                              "Succeeded"
                            ]
                          },
                          "metadata": {
                            "operationMetadataId": "99357c50-6b5e-4f8b-952b-6d7cf03761c4"
                          },
                          "type": "SetVariable",
                          "inputs": {
                            "name": "ReplacedEmail",
                            "value": "@variables('EmailBody')"
                          }
                        },
                        "Set_Email_Body_Send_To": {
                          "runAfter": {
                            "Get_the_Fields_form_CLM365ContractsTask_Looping": [
                              "Succeeded"
                            ]
                          },
                          "metadata": {
                            "operationMetadataId": "3ebe7197-10fc-4c2d-8223-26b553b96588"
                          },
                          "type": "SetVariable",
                          "inputs": {
                            "name": "SendTo",
                            "value": "@{items('Loop_Contract_Approval_EmailTemplate')['SendTo']}"
                          }
                        },
                        "Check_for_Task_owner_Exists": {
                          "actions": {
                            "Send_an_email_(V2)_to_Task_owner": {
                              "runAfter": {},
                              "metadata": {
                                "operationMetadataId": "b1ac0972-6e3a-4f1a-8992-9ab7c8952483"
                              },
                              "type": "OpenApiConnection",
                              "inputs": {
                                "host": {
                                  "connectionName": "shared_office365_1",
                                  "operationId": "SendEmailV2",
                                  "apiId": "/providers/Microsoft.PowerApps/apis/shared_office365"
                                },
                                "parameters": {
                                  "emailMessage/To": "@variables('TaskOwner')",
                                  "emailMessage/Subject": "@variables('ReplacedSubject')",
                                  "emailMessage/Body": "<p>@{variables('ReplacedEmail')}<br>\n<br>\n</p>",
                                  "emailMessage/Cc": "@variables('CC Email ID')",
                                  "emailMessage/Importance": "Normal"
                                },
                                "authentication": "@parameters('$authentication')"
                              }
                            }
                          },
                          "runAfter": {
                            "Check_for_Admins_Email": [
                              "Succeeded"
                            ]
                          },
                          "expression": {
                            "and": [
                              {
                                "or": [
                                  {
                                    "not": {
                                      "equals": [
                                        "@variables('TaskOwner')",
                                        "@null"
                                      ]
                                    }
                                  },
                                  {
                                    "not": {
                                      "equals": [
                                        "@variables('TaskOwner')",
                                        ""
                                      ]
                                    }
                                  }
                                ]
                              },
                              {
                                "contains": [
                                  "@variables('SendTo')",
                                  "TaskOwner"
                                ]
                              }
                            ]
                          },
                          "metadata": {
                            "operationMetadataId": "2075b173-2223-49f6-9e03-01409231b0a6"
                          },
                          "type": "If"
                        },
                        "Check_for_task_owner_Manager_Exist": {
                          "actions": {
                            "Send_an_email_(V2)_to_Task_Owner_Manager": {
                              "runAfter": {},
                              "metadata": {
                                "operationMetadataId": "b1ac0972-6e3a-4f1a-8992-9ab7c8952483"
                              },
                              "type": "OpenApiConnection",
                              "inputs": {
                                "host": {
                                  "connectionName": "shared_office365_1",
                                  "operationId": "SendEmailV2",
                                  "apiId": "/providers/Microsoft.PowerApps/apis/shared_office365"
                                },
                                "parameters": {
                                  "emailMessage/To": "@variables('TaskOwnerManager')",
                                  "emailMessage/Subject": "@variables('ReplacedSubject')",
                                  "emailMessage/Body": "<p>@{variables('ReplacedEmail')}<br>\n<br>\n</p>",
                                  "emailMessage/Cc": "@variables('CC Email ID')",
                                  "emailMessage/Importance": "Normal"
                                },
                                "authentication": "@parameters('$authentication')"
                              }
                            }
                          },
                          "runAfter": {
                            "Check_for_Task_owner_Exists": [
                              "Succeeded"
                            ]
                          },
                          "expression": {
                            "and": [
                              {
                                "or": [
                                  {
                                    "not": {
                                      "equals": [
                                        "@variables('TaskOwnerManager')",
                                        "@null"
                                      ]
                                    }
                                  },
                                  {
                                    "not": {
                                      "equals": [
                                        "@variables('TaskOwnerManager')",
                                        ""
                                      ]
                                    }
                                  }
                                ]
                              },
                              {
                                "contains": [
                                  "@variables('SendTo')",
                                  "TaskOwnerManager"
                                ]
                              }
                            ]
                          },
                          "metadata": {
                            "operationMetadataId": "6a37e72d-a686-4186-86ec-0c7c00c0d70c"
                          },
                          "type": "If"
                        },
                        "Set_Replaced_Subject_Temp": {
                          "runAfter": {
                            "Set_Replaced_Email_Temp": [
                              "Succeeded"
                            ]
                          },
                          "metadata": {
                            "operationMetadataId": "7977b102-a022-43fd-9db4-d0a216b17172"
                          },
                          "type": "SetVariable",
                          "inputs": {
                            "name": "ReplacedSubject",
                            "value": "@variables('EmailSubject')"
                          }
                        },
                        "Check_for_Admins_Email": {
                          "actions": {
                            "Send_an_email_(V2)_to_Admin": {
                              "runAfter": {},
                              "metadata": {
                                "operationMetadataId": "b1ac0972-6e3a-4f1a-8992-9ab7c8952483"
                              },
                              "type": "OpenApiConnection",
                              "inputs": {
                                "host": {
                                  "connectionName": "shared_office365_1",
                                  "operationId": "SendEmailV2",
                                  "apiId": "/providers/Microsoft.PowerApps/apis/shared_office365"
                                },
                                "parameters": {
                                  "emailMessage/To": "@outputs('Admin_email')",
                                  "emailMessage/Subject": "@variables('ReplacedSubject')",
                                  "emailMessage/Body": "<p>@{variables('ReplacedEmail')}<br>\n<br>\n</p>",
                                  "emailMessage/Cc": "@variables('CC Email ID')",
                                  "emailMessage/Importance": "Normal"
                                },
                                "authentication": "@parameters('$authentication')"
                              }
                            }
                          },
                          "runAfter": {
                            "Set_Replaced_Subject_Temp": [
                              "Succeeded"
                            ]
                          },
                          "expression": {
                            "and": [
                              {
                                "or": [
                                  {
                                    "not": {
                                      "equals": [
                                        "@outputs('Admin_email')",
                                        "@null"
                                      ]
                                    }
                                  },
                                  {
                                    "not": {
                                      "equals": [
                                        "@outputs('Admin_email')",
                                        ""
                                      ]
                                    }
                                  }
                                ]
                              },
                              {
                                "contains": [
                                  "@variables('SendTo')",
                                  "Admin"
                                ]
                              }
                            ]
                          },
                          "metadata": {
                            "operationMetadataId": "fc17ea2f-6937-437e-898b-af48ead1f3bf"
                          },
                          "type": "If"
                        },
                        "Set_Email_Subject1": {
                          "runAfter": {},
                          "metadata": {
                            "operationMetadataId": "ebedf3ea-9fd1-434a-a56d-ac3083ff6e9c"
                          },
                          "type": "SetVariable",
                          "inputs": {
                            "name": "EmailSubject",
                            "value": "@{items('Loop_Contract_Approval_EmailTemplate')['EmailSubject']}"
                          }
                        },
                        "Set_Email_Body1": {
                          "runAfter": {
                            "Set_Email_Subject1": [
                              "Succeeded"
                            ]
                          },
                          "metadata": {
                            "operationMetadataId": "554f2cb7-74e6-4153-9ea4-4231b0e4cfca"
                          },
                          "type": "SetVariable",
                          "inputs": {
                            "name": "EmailBody",
                            "value": "@{items('Loop_Contract_Approval_EmailTemplate')['Emailbody']}"
                          }
                        },
                        "Get_the_Fields_form_CLM365ContractsTask_Looping": {
                          "foreach": "@body('Filtered_Contract_Fields')",
                          "actions": {
                            "Set_Email_Temp_Placeholder": {
                              "runAfter": {
                                "Email_Temp_Column_Type": [
                                  "Succeeded"
                                ]
                              },
                              "metadata": {
                                "operationMetadataId": "8005ac12-a36d-4ba3-8c97-4ec3441dffe4"
                              },
                              "type": "SetVariable",
                              "inputs": {
                                "name": "ReplacePlaceholder",
                                "value": "[@{items('Get_the_Fields_form_CLM365ContractsTask_Looping')?['Title']}]"
                              }
                            },
                            "Set_Email_Temp_Column_Name_": {
                              "runAfter": {},
                              "metadata": {
                                "operationMetadataId": "8e81075d-bff2-4a5c-b5d6-db2b926d3bda"
                              },
                              "type": "SetVariable",
                              "inputs": {
                                "name": "ColumnName",
                                "value": "@{items('Get_the_Fields_form_CLM365ContractsTask_Looping')?['Title']}"
                              }
                            },
                            "Email_Temp_Column_Type": {
                              "runAfter": {
                                "Set_Email_Temp_Column_Name_": [
                                  "Succeeded"
                                ]
                              },
                              "metadata": {
                                "operationMetadataId": "51c04b3a-bb25-448f-b49f-b821b8635a71"
                              },
                              "type": "Compose",
                              "inputs": "@items('Get_the_Fields_form_CLM365ContractsTask_Looping')?['TypeDisplayName']"
                            },
                            "Check_if_email_template_body_contains_placeholder_or_not_": {
                              "actions": {
                                "Check_the_column_type_is_date_and_time": {
                                  "actions": {
                                    "Replace_EmailBody_Temp": {
                                      "runAfter": {},
                                      "metadata": {
                                        "operationMetadataId": "db8787c4-3fbc-4c6b-9bb3-74eb27f5e26f"
                                      },
                                      "type": "Compose",
                                      "inputs": "@replace(variables('EmailBody'), variables('ReplacePlaceholder'), formatDateTime(body('Filtered_Request_Item')[0][variables('ColumnName')], 'dd/MM/yyyy'))"
                                    },
                                    "Set_variable_3": {
                                      "runAfter": {
                                        "Replace_EmailBody_Temp": [
                                          "Succeeded"
                                        ]
                                      },
                                      "metadata": {
                                        "operationMetadataId": "bc37600b-c2b2-43f9-bdc0-45f46918eadd"
                                      },
                                      "type": "SetVariable",
                                      "inputs": {
                                        "name": "EmailBody",
                                        "value": "@{outputs('Replace_EmailBody_Temp')}"
                                      }
                                    }
                                  },
                                  "runAfter": {},
                                  "else": {
                                    "actions": {
                                      "Set_variable": {
                                        "runAfter": {
                                          "Replace_Email_Body_Temp": [
                                            "Succeeded"
                                          ]
                                        },
                                        "metadata": {
                                          "operationMetadataId": "4a1e8799-2cff-4ea8-b5d3-00f97207d60d"
                                        },
                                        "type": "SetVariable",
                                        "inputs": {
                                          "name": "EmailBody",
                                          "value": "@{outputs('Replace_Email_Body_Temp')}"
                                        }
                                      },
                                      "Replace_Email_Body_Temp": {
                                        "runAfter": {},
                                        "metadata": {
                                          "operationMetadataId": "08585351-680b-4d0f-a6a7-33878f24edd2"
                                        },
                                        "type": "Compose",
                                        "inputs": "@replace(variables('EmailBody'), variables('ReplacePlaceholder'), body('Filtered_Request_Item')[0][variables('ColumnName')])"
                                      }
                                    }
                                  },
                                  "expression": {
                                    "equals": [
                                      "@outputs('Email_Temp_Column_Type')",
                                      "Date and Time"
                                    ]
                                  },
                                  "metadata": {
                                    "operationMetadataId": "5a3db61c-0acf-497c-9459-a2cbca1b057e"
                                  },
                                  "type": "If"
                                }
                              },
                              "runAfter": {
                                "Set_Email_Temp_Placeholder": [
                                  "Succeeded"
                                ]
                              },
                              "expression": {
                                "contains": [
                                  "@variables('EmailBody')",
                                  "@variables('ReplacePlaceholder')"
                                ]
                              },
                              "metadata": {
                                "operationMetadataId": "abc4743c-ebe3-4663-94b2-0da68d8e5d63"
                              },
                              "type": "If"
                            },
                            "Check_if_email_subject_contains_placeholder_or_not": {
                              "actions": {
                                "Check_the_columnType_is_date_and_time": {
                                  "actions": {
                                    "Set_Email_Temp_Subject": {
                                      "runAfter": {
                                        "Replaced_Email_Temp_Subject": [
                                          "Succeeded"
                                        ]
                                      },
                                      "metadata": {
                                        "operationMetadataId": "449f988d-46bb-4693-9d3a-d06ae96f561f"
                                      },
                                      "type": "SetVariable",
                                      "inputs": {
                                        "name": "EmailSubject",
                                        "value": "@{outputs('Replaced_Email_Temp_Subject')}"
                                      }
                                    },
                                    "Replaced_Email_Temp_Subject": {
                                      "runAfter": {},
                                      "metadata": {
                                        "operationMetadataId": "013194a0-bda9-410a-8125-5f2cffe67378"
                                      },
                                      "type": "Compose",
                                      "inputs": "@replace(variables('EmailSubject'), variables('ReplacePlaceholder'), formatDateTime(body('Filtered_Request_Item')[0][variables('ColumnName')], 'dd/MM/yyyy'))"
                                    }
                                  },
                                  "runAfter": {},
                                  "else": {
                                    "actions": {
                                      "Replaced_EmailTemp_Subject": {
                                        "runAfter": {},
                                        "metadata": {
                                          "operationMetadataId": "013194a0-bda9-410a-8125-5f2cffe67378"
                                        },
                                        "type": "Compose",
                                        "inputs": "@replace(variables('EmailSubject'), variables('ReplacePlaceholder'), body('Filtered_Request_Item')[0][variables('ColumnName')])"
                                      },
                                      "Set_EmailTemp_Subject": {
                                        "runAfter": {
                                          "Replaced_EmailTemp_Subject": [
                                            "Succeeded"
                                          ]
                                        },
                                        "metadata": {
                                          "operationMetadataId": "449f988d-46bb-4693-9d3a-d06ae96f561f"
                                        },
                                        "type": "SetVariable",
                                        "inputs": {
                                          "name": "EmailSubject",
                                          "value": "@{outputs('Replaced_EmailTemp_Subject')}"
                                        }
                                      }
                                    }
                                  },
                                  "expression": {
                                    "equals": [
                                      "@outputs('Email_Temp_Column_Type')",
                                      "Date and Time"
                                    ]
                                  },
                                  "metadata": {
                                    "operationMetadataId": "ea7a4cc5-28d4-4513-8d86-5f4776e3f1cf"
                                  },
                                  "type": "If"
                                }
                              },
                              "runAfter": {
                                "Check_if_email_template_body_contains_placeholder_or_not_": [
                                  "Succeeded"
                                ]
                              },
                              "expression": {
                                "contains": [
                                  "@variables('EmailSubject')",
                                  "@variables('ReplacePlaceholder')"
                                ]
                              },
                              "metadata": {
                                "operationMetadataId": "abc4743c-ebe3-4663-94b2-0da68d8e5d63"
                              },
                              "type": "If"
                            }
                          },
                          "runAfter": {
                            "Filtered_Contract_Fields": [
                              "Succeeded"
                            ]
                          },
                          "metadata": {
                            "operationMetadataId": "ada0cd46-d690-4a95-8ee9-fd0bd4497a72"
                          },
                          "type": "Foreach"
                        },
                        "Filtered_Contract_Fields": {
                          "runAfter": {
                            "Set_Email_Body1": [
                              "Succeeded"
                            ]
                          },
                          "metadata": {
                            "operationMetadataId": "1367f362-966d-449d-aedf-9f73390b52d5"
                          },
                          "type": "Query",
                          "inputs": {
                            "from": "@body('Get_fields_from_CLM365Contract')['Value']",
                            "where": "@or(contains(variables('EmailBody'), concat('[', item()?['Title'], ']')), contains(variables('EmailSubject'), concat('[', item()?['Title'], ']')))\n"
                          }
                        }
                      },
                      "runAfter": {
                        "Reminder_date_2": [
                          "Succeeded"
                        ]
                      },
                      "expression": {
                        "and": [
                          {
                            "equals": [
                              "@items('Loop_Contract_Approval_EmailTemplate')['Active']",
                              "Yes"
                            ]
                          },
                          {
                            "equals": [
                              "@addDays(outputs('Due_Date1'), int(outputs('Email_Temp_Reminder_days')), 'dd/MM/yyyy')",
                              "@utcNow('dd/MM/yyyy')"
                            ]
                          }
                        ]
                      },
                      "metadata": {
                        "operationMetadataId": "789fbc37-65a8-4842-b101-4f632e99166b"
                      },
                      "type": "If"
                    },
                    "Reminder_date_2": {
                      "runAfter": {
                        "Email_Temp_Reminder_days": [
                          "Succeeded"
                        ]
                      },
                      "metadata": {
                        "operationMetadataId": "35dbe67c-92e9-4f64-9623-ec18336994a2"
                      },
                      "type": "Compose",
                      "inputs": "@addDays(outputs('Due_Date1'), int(outputs('Email_Temp_Reminder_days')), 'dd/MM/yyyy')"
                    }
                  },
                  "runAfter": {
                    "Filtered_Request_Item": [
                      "Succeeded"
                    ]
                  },
                  "metadata": {
                    "operationMetadataId": "c61eeb83-38ce-4af4-a83d-5724727aeab4"
                  },
                  "type": "Foreach"
                },
                "Filtered_Request_Item": {
                  "runAfter": {
                    "Condition_6": [
                      "Succeeded"
                    ]
                  },
                  "metadata": {
                    "operationMetadataId": "881e48b9-c609-48f5-aec9-a6c1bc88e7eb"
                  },
                  "type": "Query",
                  "inputs": {
                    "from": "@body('Get_columns_from_CLM365Contract')['d']['results']",
                    "where": "@equals(item()['Guid_ID'], items('Contract_Approval_Tasks_Looping')['ContractGuid'])"
                  }
                }
              },
              "runAfter": {},
              "metadata": {
                "operationMetadataId": "d7f8f2b3-414b-47bd-807a-71063fb9161e"
              },
              "type": "Foreach"
            }
          },
          "runAfter": {
            "Check_Tasks_and_Email_Templates_Exist": [
              "Succeeded"
            ]
          },
          "expression": {
            "and": [
              {
                "greater": [
                  "@length(variables('Contract Approval Tasks'))",
                  0
                ]
              },
              {
                "greater": [
                  "@length(variables('Contract Approval Email Temp'))",
                  0
                ]
              }
            ]
          },
          "metadata": {
            "operationMetadataId": "49b0986d-81e8-45b0-8922-5b9bf6ccf964"
          },
          "type": "If"
        },
        "Contract_Approval_Tasks_Array": {
          "runAfter": {
            "Filter_email_template": [
              "Succeeded"
            ]
          },
          "metadata": {
            "operationMetadataId": "b44d47e5-ddc2-4c7f-aca5-8fa045badfec"
          },
          "type": "InitializeVariable",
          "inputs": {
            "variables": [
              {
                "name": "Contract Approval Tasks",
                "type": "array",
                "value": []
              }
            ]
          }
        },
        "Contract_Approval_Email_Temp": {
          "runAfter": {
            "Contract_Approval_Tasks_Array": [
              "Succeeded"
            ]
          },
          "metadata": {
            "operationMetadataId": "58b9cff7-7cb5-4e28-9dff-d3d0741d7834"
          },
          "type": "InitializeVariable",
          "inputs": {
            "variables": [
              {
                "name": "Contract Approval Email Temp",
                "type": "array",
                "value": []
              }
            ]
          }
        },
        "Termination_Tasks_Array": {
          "runAfter": {
            "Contract_Approval_Email_Temp": [
              "Succeeded"
            ]
          },
          "metadata": {
            "operationMetadataId": "57a2cdb9-54b2-4f75-baf5-bd9b0ff32ace"
          },
          "type": "InitializeVariable",
          "inputs": {
            "variables": [
              {
                "name": "Termination Tasks",
                "type": "array",
                "value": []
              }
            ]
          }
        },
        "Termination_Email_Temp": {
          "runAfter": {
            "Termination_Tasks_Array": [
              "Succeeded"
            ]
          },
          "metadata": {
            "operationMetadataId": "4e33c003-310a-4139-9a16-3b30d44a7da1"
          },
          "type": "InitializeVariable",
          "inputs": {
            "variables": [
              {
                "name": "Termination Email Temp",
                "type": "array",
                "value": []
              }
            ]
          }
        },
        "Get_fields_from_CLM365Contract": {
          "runAfter": {
            "Get_columns_from_CLM365Contract": [
              "Succeeded"
            ]
          },
          "metadata": {
            "operationMetadataId": "af64f6c2-86fd-4902-9d14-54e1dfac3932"
          },
          "type": "OpenApiConnection",
          "inputs": {
            "host": {
              "connectionName": "shared_sharepointonline",
              "operationId": "HttpRequest",
              "apiId": "/providers/Microsoft.PowerApps/apis/shared_sharepointonline"
            },
            "parameters": {
              "dataset": "@parameters('SiteAddress(CL365) (hr365_SiteAddressCL365)')",
              "parameters/method": "GET",
              "parameters/uri": "/_api/Web/Lists/GetByTitle('CLM365Contract')/Fields?$filter=Hidden eq false",
              "parameters/headers": {
                "Accept": "application/json"
              }
            },
            "authentication": "@parameters('$authentication')"
          }
        },
        "Get_columns_from_CLM365Contract": {
          "runAfter": {
            "Get_columns_from_CLM365ContractTasks": [
              "Succeeded"
            ]
          },
          "metadata": {
            "operationMetadataId": "9e2cf565-1bd4-4c89-8ea4-b852c4b4b1d1"
          },
          "type": "OpenApiConnection",
          "inputs": {
            "host": {
              "connectionName": "shared_sharepointonline",
              "operationId": "HttpRequest",
              "apiId": "/providers/Microsoft.PowerApps/apis/shared_sharepointonline"
            },
            "parameters": {
              "dataset": "@parameters('SiteAddress(CL365) (hr365_SiteAddressCL365)')",
              "parameters/method": "GET",
              "parameters/uri": "_api/web/lists/getbytitle('CLM365Contract')/items?$select=*,Author/ID,Author/Name&$expand=Author",
              "parameters/headers": {
                "Accept": "application/json;odata=verbose",
                "Content-Type": "application/json"
              }
            },
            "authentication": "@parameters('$authentication')"
          }
        },
        "Termination": {
          "actions": {
            "Termination_Tasks_Looping": {
              "foreach": "@variables('Termination Tasks')",
              "actions": {
                "Due_Date": {
                  "runAfter": {},
                  "metadata": {
                    "operationMetadataId": "ee86d26a-5797-4ec5-91a5-936daac4e526"
                  },
                  "type": "Compose",
                  "inputs": "@items('Termination_Tasks_Looping')['DueDate']"
                },
                "Status": {
                  "runAfter": {
                    "Due_Date": [
                      "Succeeded"
                    ]
                  },
                  "metadata": {
                    "operationMetadataId": "a570cc4f-b43d-4599-8a04-6ee25468ab07"
                  },
                  "type": "Compose",
                  "inputs": "@items('Termination_Tasks_Looping')['Status']"
                },
                "Condition": {
                  "actions": {
                    "Task_Owner": {
                      "runAfter": {},
                      "metadata": {
                        "operationMetadataId": "9b1a28fd-6a8c-4bea-a58c-c8115cba601c"
                      },
                      "type": "SetVariable",
                      "inputs": {
                        "name": "TaskOwner",
                        "value": "@{trim(split(items('Termination_Tasks_Looping')['AssignedTo']['results'][0]['Name'], 'i:0#.f|membership|')[1])}"
                      }
                    },
                    "Filter_user": {
                      "runAfter": {
                        "Task_Owner": [
                          "Succeeded"
                        ]
                      },
                      "metadata": {
                        "operationMetadataId": "2b97bc9b-fe9f-4dc3-8133-213308965e32"
                      },
                      "type": "Query",
                      "inputs": {
                        "from": "@outputs('Get_users')?['body/value']",
                        "where": "@equals(item()?['email'], trim(split(items('Termination_Tasks_Looping')['AssignedTo']['results'][0]['Name'], 'i:0#.f|membership|')[1]))"
                      }
                    },
                    "Each_loop_on_task_owner_manager": {
                      "foreach": "@body('Filter_user')",
                      "actions": {
                        "Set_Busin_Task_Owner_Manager_2": {
                          "runAfter": {},
                          "metadata": {
                            "operationMetadataId": "6f4db12b-acdc-4b16-98e1-961e2721bbbc"
                          },
                          "type": "SetVariable",
                          "inputs": {
                            "name": "TaskOwnerManager",
                            "value": "@{items('Each_loop_on_task_owner_manager')['Manager']['Email']}"
                          }
                        }
                      },
                      "runAfter": {
                        "Filter_user": [
                          "Succeeded"
                        ]
                      },
                      "metadata": {
                        "operationMetadataId": "fa0caa07-9b06-4f37-8c4d-3f33f3c2caeb"
                      },
                      "type": "Foreach"
                    }
                  },
                  "runAfter": {
                    "Status": [
                      "Succeeded"
                    ]
                  },
                  "expression": {
                    "contains": [
                      "@items('Termination_Tasks_Looping')['AssignedTo']",
                      "results"
                    ]
                  },
                  "metadata": {
                    "operationMetadataId": "1af8a8f6-8787-430c-9ad5-f7f053313a6b"
                  },
                  "type": "If"
                },
                "Loop_Termination_EmailTemplate": {
                  "foreach": "@variables('Termination Email Temp')",
                  "actions": {
                    "Email_Temp_Reminder_days_2": {
                      "runAfter": {},
                      "metadata": {
                        "operationMetadataId": "1b02e3e4-3a35-4368-98a6-91705c089482"
                      },
                      "type": "Compose",
                      "inputs": "-@{items('Loop_Termination_EmailTemplate')['ReminderDays']}"
                    },
                    "Check_the_Reminder_Date_is_Equal_2": {
                      "actions": {
                        "Final_Email_Body_Temp_2": {
                          "runAfter": {
                            "Set_Email_Body_Send_To_2": [
                              "Succeeded"
                            ]
                          },
                          "metadata": {
                            "operationMetadataId": "a6f361ff-f51e-40f7-898d-59565b479569"
                          },
                          "type": "Compose",
                          "inputs": "@variables('EmailBody')"
                        },
                        "Set_Replaced_Email_Temp_2": {
                          "runAfter": {
                            "Final_Email_Body_Temp_2": [
                              "Succeeded"
                            ]
                          },
                          "metadata": {
                            "operationMetadataId": "99357c50-6b5e-4f8b-952b-6d7cf03761c4"
                          },
                          "type": "SetVariable",
                          "inputs": {
                            "name": "ReplacedEmail",
                            "value": "@variables('EmailBody')"
                          }
                        },
                        "Set_Email_Body_Send_To_2": {
                          "runAfter": {
                            "Get_the_Fields_form_CLM365Contract_Looping1": [
                              "Succeeded"
                            ]
                          },
                          "metadata": {
                            "operationMetadataId": "3ebe7197-10fc-4c2d-8223-26b553b96588"
                          },
                          "type": "SetVariable",
                          "inputs": {
                            "name": "SendTo",
                            "value": "@{items('Loop_Termination_EmailTemplate')['SendTo']}"
                          }
                        },
                        "Check_for_Task_owner_Exists_2": {
                          "actions": {
                            "Send_an_email_(V2)_to_Task_owner_2": {
                              "runAfter": {},
                              "metadata": {
                                "operationMetadataId": "b1ac0972-6e3a-4f1a-8992-9ab7c8952483"
                              },
                              "type": "OpenApiConnection",
                              "inputs": {
                                "host": {
                                  "connectionName": "shared_office365_1",
                                  "operationId": "SendEmailV2",
                                  "apiId": "/providers/Microsoft.PowerApps/apis/shared_office365"
                                },
                                "parameters": {
                                  "emailMessage/To": "@variables('TaskOwner')",
                                  "emailMessage/Subject": "@variables('ReplacedSubject')",
                                  "emailMessage/Body": "<p>@{variables('ReplacedEmail')}<br>\n<br>\n</p>",
                                  "emailMessage/Cc": "@variables('CC Email ID')",
                                  "emailMessage/Importance": "Normal"
                                },
                                "authentication": "@parameters('$authentication')"
                              }
                            }
                          },
                          "runAfter": {
                            "Check_for_Admins_Email_2": [
                              "Succeeded"
                            ]
                          },
                          "expression": {
                            "and": [
                              {
                                "or": [
                                  {
                                    "not": {
                                      "equals": [
                                        "@variables('TaskOwner')",
                                        "@null"
                                      ]
                                    }
                                  },
                                  {
                                    "not": {
                                      "equals": [
                                        "@variables('TaskOwner')",
                                        ""
                                      ]
                                    }
                                  }
                                ]
                              },
                              {
                                "contains": [
                                  "@variables('SendTo')",
                                  "TaskOwner"
                                ]
                              }
                            ]
                          },
                          "metadata": {
                            "operationMetadataId": "2075b173-2223-49f6-9e03-01409231b0a6"
                          },
                          "type": "If"
                        },
                        "Check_for_task_owner_Manager_Exist_2": {
                          "actions": {
                            "Send_an_email_(V2)_to_Task_Owner_Manager_2": {
                              "runAfter": {},
                              "metadata": {
                                "operationMetadataId": "b1ac0972-6e3a-4f1a-8992-9ab7c8952483"
                              },
                              "type": "OpenApiConnection",
                              "inputs": {
                                "host": {
                                  "connectionName": "shared_office365_1",
                                  "operationId": "SendEmailV2",
                                  "apiId": "/providers/Microsoft.PowerApps/apis/shared_office365"
                                },
                                "parameters": {
                                  "emailMessage/To": "@variables('TaskOwnerManager')",
                                  "emailMessage/Subject": "@variables('ReplacedSubject')",
                                  "emailMessage/Body": "<p>@{variables('ReplacedEmail')}<br>\n<br>\n</p>",
                                  "emailMessage/Cc": "@variables('CC Email ID')",
                                  "emailMessage/Importance": "Normal"
                                },
                                "authentication": "@parameters('$authentication')"
                              }
                            }
                          },
                          "runAfter": {
                            "Check_for_Task_owner_Exists_2": [
                              "Succeeded"
                            ]
                          },
                          "expression": {
                            "and": [
                              {
                                "or": [
                                  {
                                    "not": {
                                      "equals": [
                                        "@variables('TaskOwnerManager')",
                                        "@null"
                                      ]
                                    }
                                  },
                                  {
                                    "not": {
                                      "equals": [
                                        "@variables('TaskOwnerManager')",
                                        ""
                                      ]
                                    }
                                  }
                                ]
                              },
                              {
                                "contains": [
                                  "@variables('SendTo')",
                                  "TaskOwnerManager"
                                ]
                              }
                            ]
                          },
                          "metadata": {
                            "operationMetadataId": "6a37e72d-a686-4186-86ec-0c7c00c0d70c"
                          },
                          "type": "If"
                        },
                        "Set_Replaced_Subject_Temp_2": {
                          "runAfter": {
                            "Set_Replaced_Email_Temp_2": [
                              "Succeeded"
                            ]
                          },
                          "metadata": {
                            "operationMetadataId": "7977b102-a022-43fd-9db4-d0a216b17172"
                          },
                          "type": "SetVariable",
                          "inputs": {
                            "name": "ReplacedSubject",
                            "value": "@variables('EmailSubject')"
                          }
                        },
                        "Check_for_Admins_Email_2": {
                          "actions": {
                            "Send_an_email_(V2)_to_Admin_2": {
                              "runAfter": {},
                              "metadata": {
                                "operationMetadataId": "b1ac0972-6e3a-4f1a-8992-9ab7c8952483"
                              },
                              "type": "OpenApiConnection",
                              "inputs": {
                                "host": {
                                  "connectionName": "shared_office365_1",
                                  "operationId": "SendEmailV2",
                                  "apiId": "/providers/Microsoft.PowerApps/apis/shared_office365"
                                },
                                "parameters": {
                                  "emailMessage/To": "@outputs('Admin_email')",
                                  "emailMessage/Subject": "@variables('ReplacedSubject')",
                                  "emailMessage/Body": "<p>@{variables('ReplacedEmail')}<br>\n<br>\n</p>",
                                  "emailMessage/Cc": "@variables('CC Email ID')",
                                  "emailMessage/Importance": "Normal"
                                },
                                "authentication": "@parameters('$authentication')"
                              }
                            }
                          },
                          "runAfter": {
                            "Set_Replaced_Subject_Temp_2": [
                              "Succeeded"
                            ]
                          },
                          "expression": {
                            "and": [
                              {
                                "or": [
                                  {
                                    "not": {
                                      "equals": [
                                        "@outputs('Admin_email')",
                                        "@null"
                                      ]
                                    }
                                  },
                                  {
                                    "not": {
                                      "equals": [
                                        "@outputs('Admin_email')",
                                        ""
                                      ]
                                    }
                                  }
                                ]
                              },
                              {
                                "contains": [
                                  "@variables('SendTo')",
                                  "Admin"
                                ]
                              }
                            ]
                          },
                          "metadata": {
                            "operationMetadataId": "fc17ea2f-6937-437e-898b-af48ead1f3bf"
                          },
                          "type": "If"
                        },
                        "Set_Legal_Review_Email_Subject": {
                          "runAfter": {},
                          "metadata": {
                            "operationMetadataId": "ebedf3ea-9fd1-434a-a56d-ac3083ff6e9c"
                          },
                          "type": "SetVariable",
                          "inputs": {
                            "name": "EmailSubject",
                            "value": "@{items('Loop_Termination_EmailTemplate')['EmailSubject']}"
                          }
                        },
                        "Set_Legal_Review_Email_Body": {
                          "runAfter": {
                            "Set_Legal_Review_Email_Subject": [
                              "Succeeded"
                            ]
                          },
                          "metadata": {
                            "operationMetadataId": "554f2cb7-74e6-4153-9ea4-4231b0e4cfca"
                          },
                          "type": "SetVariable",
                          "inputs": {
                            "name": "EmailBody",
                            "value": "@{items('Loop_Termination_EmailTemplate')['Emailbody']}"
                          }
                        },
                        "Get_the_Fields_form_CLM365Contract_Looping1": {
                          "foreach": "@body('Filtered_Fields')",
                          "actions": {
                            "Set_Email_Temp_Placeholder_2": {
                              "runAfter": {
                                "Email_Temp_Column_Type_2": [
                                  "Succeeded"
                                ]
                              },
                              "metadata": {
                                "operationMetadataId": "8005ac12-a36d-4ba3-8c97-4ec3441dffe4"
                              },
                              "type": "SetVariable",
                              "inputs": {
                                "name": "ReplacePlaceholder",
                                "value": "[@{items('Get_the_Fields_form_CLM365Contract_Looping1')?['Title']}]"
                              }
                            },
                            "Set_Email_Temp_Column_Name__2": {
                              "runAfter": {},
                              "metadata": {
                                "operationMetadataId": "8e81075d-bff2-4a5c-b5d6-db2b926d3bda"
                              },
                              "type": "SetVariable",
                              "inputs": {
                                "name": "ColumnName",
                                "value": "@{items('Get_the_Fields_form_CLM365Contract_Looping1')?['Title']}"
                              }
                            },
                            "Email_Temp_Column_Type_2": {
                              "runAfter": {
                                "Set_Email_Temp_Column_Name__2": [
                                  "Succeeded"
                                ]
                              },
                              "metadata": {
                                "operationMetadataId": "51c04b3a-bb25-448f-b49f-b821b8635a71"
                              },
                              "type": "Compose",
                              "inputs": "@items('Get_the_Fields_form_CLM365Contract_Looping1')?['TypeDisplayName']"
                            },
                            "Check_if_email_template_body_contains_placeholder_or_not__2": {
                              "actions": {
                                "Check_the_column_type_is_date_and_time_2": {
                                  "actions": {
                                    "Replace_EmailBody_Temp_2": {
                                      "runAfter": {},
                                      "metadata": {
                                        "operationMetadataId": "db8787c4-3fbc-4c6b-9bb3-74eb27f5e26f"
                                      },
                                      "type": "Compose",
                                      "inputs": "@replace(variables('EmailBody'), variables('ReplacePlaceholder'), formatDateTime(body('Filtered_Request_Item_2')[0][variables('ColumnName')], 'dd/MM/yyyy'))"
                                    },
                                    "Set_variable_2": {
                                      "runAfter": {
                                        "Replace_EmailBody_Temp_2": [
                                          "Succeeded"
                                        ]
                                      },
                                      "metadata": {
                                        "operationMetadataId": "bc37600b-c2b2-43f9-bdc0-45f46918eadd"
                                      },
                                      "type": "SetVariable",
                                      "inputs": {
                                        "name": "EmailBody",
                                        "value": "@{outputs('Replace_EmailBody_Temp_2')}"
                                      }
                                    }
                                  },
                                  "runAfter": {},
                                  "else": {
                                    "actions": {
                                      "Set_variable_4": {
                                        "runAfter": {
                                          "Replace_Email_Body_Temp_2": [
                                            "Succeeded"
                                          ]
                                        },
                                        "metadata": {
                                          "operationMetadataId": "4a1e8799-2cff-4ea8-b5d3-00f97207d60d"
                                        },
                                        "type": "SetVariable",
                                        "inputs": {
                                          "name": "EmailBody",
                                          "value": "@{outputs('Replace_Email_Body_Temp_2')}"
                                        }
                                      },
                                      "Replace_Email_Body_Temp_2": {
                                        "runAfter": {},
                                        "metadata": {
                                          "operationMetadataId": "08585351-680b-4d0f-a6a7-33878f24edd2"
                                        },
                                        "type": "Compose",
                                        "inputs": "@replace(variables('EmailBody'), variables('ReplacePlaceholder'), body('Filtered_Request_Item_2')[0][variables('ColumnName')])"
                                      }
                                    }
                                  },
                                  "expression": {
                                    "equals": [
                                      "@outputs('Email_Temp_Column_Type_2')",
                                      "Date and Time"
                                    ]
                                  },
                                  "metadata": {
                                    "operationMetadataId": "5a3db61c-0acf-497c-9459-a2cbca1b057e"
                                  },
                                  "type": "If"
                                }
                              },
                              "runAfter": {
                                "Set_Email_Temp_Placeholder_2": [
                                  "Succeeded"
                                ]
                              },
                              "expression": {
                                "contains": [
                                  "@variables('EmailBody')",
                                  "@variables('ReplacePlaceholder')"
                                ]
                              },
                              "metadata": {
                                "operationMetadataId": "abc4743c-ebe3-4663-94b2-0da68d8e5d63"
                              },
                              "type": "If"
                            },
                            "Check_if_email_subject_contains_placeholder_or_not_2": {
                              "actions": {
                                "Check_the_columnType_is_date_and_time_2": {
                                  "actions": {
                                    "Set_Email_Temp_Subject_2": {
                                      "runAfter": {
                                        "Replaced_Email_Temp_Subject_2": [
                                          "Succeeded"
                                        ]
                                      },
                                      "metadata": {
                                        "operationMetadataId": "449f988d-46bb-4693-9d3a-d06ae96f561f"
                                      },
                                      "type": "SetVariable",
                                      "inputs": {
                                        "name": "EmailSubject",
                                        "value": "@{outputs('Replaced_Email_Temp_Subject_2')}"
                                      }
                                    },
                                    "Replaced_Email_Temp_Subject_2": {
                                      "runAfter": {},
                                      "metadata": {
                                        "operationMetadataId": "013194a0-bda9-410a-8125-5f2cffe67378"
                                      },
                                      "type": "Compose",
                                      "inputs": "@replace(variables('EmailSubject'), variables('ReplacePlaceholder'), formatDateTime(body('Filtered_Request_Item_2')[0][variables('ColumnName')], 'dd/MM/yyyy'))"
                                    }
                                  },
                                  "runAfter": {},
                                  "else": {
                                    "actions": {
                                      "Replaced_EmailTemp_Subject_2": {
                                        "runAfter": {},
                                        "metadata": {
                                          "operationMetadataId": "013194a0-bda9-410a-8125-5f2cffe67378"
                                        },
                                        "type": "Compose",
                                        "inputs": "@replace(variables('EmailSubject'), variables('ReplacePlaceholder'), body('Filtered_Request_Item_2')[0][variables('ColumnName')])"
                                      },
                                      "Set_EmailTemp_Subject_2": {
                                        "runAfter": {
                                          "Replaced_EmailTemp_Subject_2": [
                                            "Succeeded"
                                          ]
                                        },
                                        "metadata": {
                                          "operationMetadataId": "449f988d-46bb-4693-9d3a-d06ae96f561f"
                                        },
                                        "type": "SetVariable",
                                        "inputs": {
                                          "name": "EmailSubject",
                                          "value": "@{outputs('Replaced_EmailTemp_Subject_2')}"
                                        }
                                      }
                                    }
                                  },
                                  "expression": {
                                    "equals": [
                                      "@outputs('Email_Temp_Column_Type_2')",
                                      "Date and Time"
                                    ]
                                  },
                                  "metadata": {
                                    "operationMetadataId": "ea7a4cc5-28d4-4513-8d86-5f4776e3f1cf"
                                  },
                                  "type": "If"
                                }
                              },
                              "runAfter": {
                                "Check_if_email_template_body_contains_placeholder_or_not__2": [
                                  "Succeeded"
                                ]
                              },
                              "expression": {
                                "contains": [
                                  "@variables('EmailSubject')",
                                  "@variables('ReplacePlaceholder')"
                                ]
                              },
                              "metadata": {
                                "operationMetadataId": "abc4743c-ebe3-4663-94b2-0da68d8e5d63"
                              },
                              "type": "If"
                            }
                          },
                          "runAfter": {
                            "Filtered_Fields": [
                              "Succeeded"
                            ]
                          },
                          "metadata": {
                            "operationMetadataId": "ada0cd46-d690-4a95-8ee9-fd0bd4497a72"
                          },
                          "type": "Foreach"
                        },
                        "Filtered_Fields": {
                          "runAfter": {
                            "Set_Legal_Review_Email_Body": [
                              "Succeeded"
                            ]
                          },
                          "metadata": {
                            "operationMetadataId": "434e20aa-7b7a-46ac-9c4e-d1ff4087ae39"
                          },
                          "type": "Query",
                          "inputs": {
                            "from": "@body('Get_fields_from_CLM365Contract')['Value']",
                            "where": "@or(contains(variables('EmailBody'), concat('[', item()?['Title'], ']')), contains(variables('EmailSubject'), concat('[', item()?['Title'], ']')))\n"
                          }
                        }
                      },
                      "runAfter": {
                        "Reminder_date": [
                          "Succeeded"
                        ]
                      },
                      "expression": {
                        "and": [
                          {
                            "equals": [
                              "@items('Loop_Termination_EmailTemplate')['Active']",
                              "Yes"
                            ]
                          },
                          {
                            "equals": [
                              "@addDays(outputs('Due_Date'), int(outputs('Email_Temp_Reminder_days_2')), 'dd/MM/yyyy')",
                              "@utcNow('dd/MM/yyyy')"
                            ]
                          }
                        ]
                      },
                      "metadata": {
                        "operationMetadataId": "789fbc37-65a8-4842-b101-4f632e99166b"
                      },
                      "type": "If"
                    },
                    "Reminder_date": {
                      "runAfter": {
                        "Email_Temp_Reminder_days_2": [
                          "Succeeded"
                        ]
                      },
                      "metadata": {
                        "operationMetadataId": "35dbe67c-92e9-4f64-9623-ec18336994a2"
                      },
                      "type": "Compose",
                      "inputs": "@addDays(outputs('Due_Date'), int(outputs('Email_Temp_Reminder_days_2')), 'dd/MM/yyyy')"
                    }
                  },
                  "runAfter": {
                    "Filtered_Request_Item_2": [
                      "Succeeded"
                    ]
                  },
                  "metadata": {
                    "operationMetadataId": "c61eeb83-38ce-4af4-a83d-5724727aeab4"
                  },
                  "type": "Foreach"
                },
                "Filtered_Request_Item_2": {
                  "runAfter": {
                    "Condition": [
                      "Succeeded"
                    ]
                  },
                  "metadata": {
                    "operationMetadataId": "881e48b9-c609-48f5-aec9-a6c1bc88e7eb"
                  },
                  "type": "Query",
                  "inputs": {
                    "from": "@body('Get_columns_from_CLM365Contract')['d']['results']",
                    "where": "@equals(item()['Guid_ID'], items('Termination_Tasks_Looping')['ContractGuid'])"
                  }
                }
              },
              "runAfter": {},
              "metadata": {
                "operationMetadataId": "d7f8f2b3-414b-47bd-807a-71063fb9161e"
              },
              "type": "Foreach"
            }
          },
          "runAfter": {
            "Contract_Approval": [
              "Succeeded"
            ]
          },
          "expression": {
            "and": [
              {
                "greater": [
                  "@length(variables('Termination Tasks'))",
                  0
                ]
              },
              {
                "greater": [
                  "@length(variables('Termination Email Temp'))",
                  0
                ]
              }
            ]
          },
          "metadata": {
            "operationMetadataId": "49b0986d-81e8-45b0-8922-5b9bf6ccf964"
          },
          "type": "If"
        }
      }
    },
    "templateName": ""
  },
  "schemaVersion": "1.0.0.0"
}