{
  "properties": {
    "connectionReferences": {
      "shared_sharepointonline": {
        "runtimeSource": "embedded",
        "connection": {
          "connectionReferenceLogicalName": "hr365_sharedsharepointonline_7c34e"
        },
        "api": {
          "name": "shared_sharepointonline"
        }
      },
      "shared_sharepointonline_2": {
        "runtimeSource": "embedded",
        "connection": {
          "connectionReferenceLogicalName": "hr365_sharedsharepointonline_9eb14"
        },
        "api": {
          "name": "shared_sharepointonline"
        }
      }
    },
    "definition": {
      "$schema": "https://schema.management.azure.com/providers/Microsoft.Logic/schemas/2016-06-01/workflowdefinition.json#",
      "contentVersion": "1.0.0.0",
      "parameters": {
        "$connections": {
          "defaultValue": {},
          "type": "Object"
        },
        "$authentication": {
          "defaultValue": {},
          "type": "SecureObject"
        },
        "SiteAddress(CL365) (hr365_SiteAddressCL365)": {
          "defaultValue": "https://megazap.sharepoint.com/sites/CLM365_Oct11_2024",
          "type": "String",
          "metadata": {
            "schemaName": "hr365_SiteAddressCL365"
          }
        }
      },
      "triggers": {
        "Get_list_call": {
          "recurrence": {
            "interval": 5,
            "frequency": "Minute"
          },
          "splitOn": "@triggerOutputs()?['body/value']",
          "metadata": {
            "operationMetadataId": "61a100a8-6f06-4678-8359-db4fd926c20f"
          },
          "type": "OpenApiConnection",
          "inputs": {
            "host": {
              "connectionName": "shared_sharepointonline_2",
              "operationId": "GetOnUpdatedItems",
              "apiId": "/providers/Microsoft.PowerApps/apis/shared_sharepointonline"
            },
            "parameters": {
              "dataset": "@parameters('SiteAddress(CL365) (hr365_SiteAddressCL365)')",
              "table": "CLM365Contract"
            },
            "authentication": "@parameters('$authentication')"
          }
        }
      },
      "actions": {
        "Item_Id": {
          "runAfter": {},
          "metadata": {
            "operationMetadataId": "f1bffed3-e0a4-43fe-9b96-ce607b5bfc18"
          },
          "type": "InitializeVariable",
          "inputs": {
            "variables": [
              {
                "name": "ItemID",
                "type": "string",
                "value": "@{triggerOutputs()?['body/ID']}"
              }
            ]
          }
        },
        "Site_Address": {
          "runAfter": {
            "Item_Id": [
              "Succeeded"
            ]
          },
          "metadata": {
            "operationMetadataId": "613c36c2-071b-4f21-9eca-2f41849d9c4c"
          },
          "type": "InitializeVariable",
          "inputs": {
            "variables": [
              {
                "name": "SiteAddress",
                "type": "string",
                "value": "@parameters('SiteAddress(CL365) (hr365_SiteAddressCL365)')"
              }
            ]
          }
        },
        "Initialize_variable": {
          "runAfter": {
            "Site_Address": [
              "Succeeded"
            ]
          },
          "metadata": {
            "operationMetadataId": "3e2806e2-6b14-4a7d-aae6-ca6f575f8a0f"
          },
          "type": "InitializeVariable",
          "inputs": {
            "variables": [
              {
                "name": "AllTaskApproversArray",
                "type": "array"
              }
            ]
          }
        },
        "Get_Contribute_call": {
          "runAfter": {
            "Initialize_variable": [
              "Succeeded"
            ]
          },
          "metadata": {
            "operationMetadataId": "bf3c9faa-6e19-4d04-9b91-cfb1db8edf04"
          },
          "type": "OpenApiConnection",
          "inputs": {
            "host": {
              "connectionName": "shared_sharepointonline",
              "operationId": "HttpRequest",
              "apiId": "/providers/Microsoft.PowerApps/apis/shared_sharepointonline"
            },
            "parameters": {
              "dataset": "@variables('SiteAddress')",
              "parameters/method": "GET",
              "parameters/uri": "/_api/web/roledefinitions/getbyname('Contribute')"
            },
            "authentication": "@parameters('$authentication')"
          }
        },
        "ContributeID": {
          "runAfter": {
            "Get_Contribute_call": [
              "Succeeded"
            ]
          },
          "metadata": {
            "operationMetadataId": "932effb6-d84b-4bc5-b1a1-9d1f66589aff"
          },
          "type": "InitializeVariable",
          "inputs": {
            "variables": [
              {
                "name": "ContributeID",
                "type": "string",
                "value": "@{body('Get_Contribute_call')['d']['Id']}"
              }
            ]
          }
        },
        "Get_Item_Permission_call": {
          "runAfter": {
            "ContributeID": [
              "Succeeded"
            ]
          },
          "metadata": {
            "operationMetadataId": "f8f27949-53ba-4835-94d8-35fa5b284d01"
          },
          "type": "OpenApiConnection",
          "inputs": {
            "host": {
              "connectionName": "shared_sharepointonline",
              "operationId": "HttpRequest",
              "apiId": "/providers/Microsoft.PowerApps/apis/shared_sharepointonline"
            },
            "parameters": {
              "dataset": "@variables('SiteAddress')",
              "parameters/method": "GET",
              "parameters/uri": "_api/web/lists/getbytitle('CLM365Contract')/items?$select=ID,AllTaskApprovers/ID,Legal_User/ID&$expand=AllTaskApprovers,Legal_User&$filter=ID eq @{triggerOutputs()?['body/ID']}'"
            },
            "authentication": "@parameters('$authentication')"
          }
        },
        "Compose": {
          "runAfter": {
            "Get_Item_Permission_call": [
              "Succeeded"
            ]
          },
          "metadata": {
            "operationMetadataId": "7580d64f-dcac-40e4-a0a5-f86de58c580b"
          },
          "type": "Compose",
          "inputs": "@body('Get_Item_Permission_call')"
        },
        "Send_an_HTTP_request_to_SharePoint": {
          "runAfter": {
            "Compose": [
              "Succeeded"
            ]
          },
          "metadata": {
            "operationMetadataId": "b1a545ab-48d8-41f7-b156-cce0d4c3be8a"
          },
          "type": "OpenApiConnection",
          "inputs": {
            "host": {
              "connectionName": "shared_sharepointonline",
              "operationId": "HttpRequest",
              "apiId": "/providers/Microsoft.PowerApps/apis/shared_sharepointonline"
            },
            "parameters": {
              "dataset": "@variables('SiteAddress')",
              "parameters/method": "POST",
              "parameters/uri": "_api/lists/getByTitle('CLM365Contract')/items(@{triggerOutputs()?['body/ID']})/breakroleinheritance(copyRoleAssignments=false,clearSubscopes=true)"
            },
            "authentication": "@parameters('$authentication')"
          }
        },
        "Set_variable_2": {
          "runAfter": {
            "Send_an_HTTP_request_to_SharePoint": [
              "Succeeded"
            ]
          },
          "metadata": {
            "operationMetadataId": "9d452631-a91c-4712-b90e-8b6b020f39dc"
          },
          "type": "SetVariable",
          "inputs": {
            "name": "AllTaskApproversArray",
            "value": "@array(json(string(outputs('Get_Item_Permission_call')?['body']?['d']?['results']?[0]?['AllTaskApprovers']?['results'])))"
          }
        },
        "Apply_to_each": {
          "foreach": "@variables('AllTaskApproversArray')",
          "actions": {
            "Send_an_HTTP_request_to_SharePoint_CLM365Contract": {
              "runAfter": {},
              "metadata": {
                "operationMetadataId": "b5a87f01-c7c0-4c1f-a0ae-157579c6f4a0"
              },
              "type": "OpenApiConnection",
              "inputs": {
                "host": {
                  "connectionName": "shared_sharepointonline",
                  "operationId": "HttpRequest",
                  "apiId": "/providers/Microsoft.PowerApps/apis/shared_sharepointonline"
                },
                "parameters": {
                  "dataset": "@variables('SiteAddress')",
                  "parameters/method": "POST",
                  "parameters/uri": "_api/lists/getByTitle('CLM365Contract')/items(@{triggerOutputs()?['body/ID']})/roleassignments/addroleassignment(principalid=@{items('Apply_to_each')?['Id']},roledefid=1073741827)"
                },
                "authentication": "@parameters('$authentication')"
              }
            }
          },
          "runAfter": {
            "Set_variable_2": [
              "Succeeded"
            ]
          },
          "metadata": {
            "operationMetadataId": "d4fe34a4-3082-4b6b-acf4-3c2e83af0b89"
          },
          "type": "Foreach"
        }
      }
    },
    "templateName": ""
  },
  "schemaVersion": "1.0.0.0"
}