{"name":"35daa9f8-3a88-4ca4-83bf-8cf15c36e9b0","id":"/providers/Microsoft.Flow/flows/35daa9f8-3a88-4ca4-83bf-8cf15c36e9b0","type":"Microsoft.Flow/flows","properties":{"apiId":"/providers/Microsoft.PowerApps/apis/shared_logicflows","displayName":"HR365 - HD MultipleSharedMailbox(itsupport@megazap.us)","definition":{"metadata":{"workflowEntityId":null,"processAdvisorMetadata":null,"flowChargedByPaygo":null,"flowclientsuspensionreason":"None","flowclientsuspensiontime":null,"flowclientsuspensionreasondetails":null,"creator":{"id":"2b7eed92-331b-495c-8fef-9e90e81b54eb","type":"User","tenantId":"036b1fde-b2d5-46ca-a786-b3828d974033"},"provisioningMethod":"FromDefinition","failureAlertSubscription":true,"clientLastModifiedTime":"2025-04-14T13:25:15.622265Z","connectionKeySavedTimeKey":"2025-04-14T13:25:15.622265Z","creationSource":null},"$schema":"https://schema.management.azure.com/providers/Microsoft.Logic/schemas/2016-06-01/workflowdefinition.json#","contentVersion":"1.0.0.0","parameters":{"$connections":{"defaultValue":{},"type":"Object"},"$authentication":{"defaultValue":{},"type":"SecureObject"}},"triggers":{"When_a_new_email_arrives_in_a_shared_mailbox_(V2)_2":{"recurrence":{"interval":5,"frequency":"Minute"},"splitOn":"@triggerOutputs()?['body/value']","metadata":{"operationMetadataId":"3f0d374b-9dcf-4faa-9cef-f084ffb0c97e","Id::AQMkAGU1NGQwZjU2LTcwODQtNDhlNi05NjYAOS1hODZhNGI1YWNkNmQALgAAA0GWLiTrGwFNj7pe2DoxiSMBAFOLVy2n_ppNnJfyP-bdncEAAAIBDAAAAA==":"Inbox","Id::AQMkADAzN2EwN2FiLWQ3ZDktNGI1OC1iNGNiLTA1YTM4NWEwZGNmNAAuAAADV_76X76dHkeaEuspfJCyogEAXof_fumVOE_KVAcZpPkURAAAAgEMAAAA":"Inbox","Id::AAMkADM0ZDEzY2EzLTlkMzAtNDZjZS1hODcwLTQ0MWNkZDMxMTRlZQAuAAAAAADP2ReePNI4Tb-lKWK5FU2EAQB6YSqezcaMQ5i21WG6i917AAAAAAEMAAA=":"Inbox","Id::AQMkAGE2N2ZjZTI3LTRhODEtNGMyNi1iODIxLTc0MDYyMTAwAGUyMGQALgAAA5Hf6eV7HtdBp91BNhvDZs8BADrh0AwErJRFjcmod-Es754AAAIBDAAAAA==":"Inbox","Id::AAMkAGQzYjYzYjVhLTMzZWEtNDBhNC1hOGFkLWFlY2E2ZGQ3Y2E2MgAuAAAAAAAw7Y84ugRRR6Iw_BdmKY1EAQCFyMrZHQCcS4tUlD6033tnAAAAAAEMAAA=":"Inbox","Id::AQMkAGM3YTkyNDQAMy05ZmQxLTQzNjQtOGM5Mi1mYWIyNjM4OWE2M2UALgAAA8mkaqdrEXlCjMaxf_jshzABANNYoWFeujRFkQqlDUtzPn8AAAIBDAAAAA==":"Inbox"},"type":"OpenApiConnection","inputs":{"host":{"apiId":"/providers/Microsoft.PowerApps/apis/shared_office365","connectionName":"shared_office365","operationId":"SharedMailboxOnNewEmailV2"},"parameters":{"mailboxAddress":"multiplemail@44chmp.onmicrosoft.com","folderId":"Id::AQMkAGM3YTkyNDQAMy05ZmQxLTQzNjQtOGM5Mi1mYWIyNjM4OWE2M2UALgAAA8mkaqdrEXlCjMaxf_jshzABANNYoWFeujRFkQqlDUtzPn8AAAIBDAAAAA==","importance":"Any","hasAttachments":false,"includeAttachments":false},"authentication":"@parameters('$authentication')"}}},"actions":{"ApplicationURL":{"runAfter":{"SupportMailBoxID":["Succeeded"]},"metadata":{"operationMetadataId":"6023205e-60b5-4fb1-97b0-edc5b92563a4"},"type":"InitializeVariable","inputs":{"variables":[{"name":"ApplicationURL","type":"string","value":"https://44chmp.sharepoint.com/sites/HD365"}]}},"Send_an_HTTP_request_to_SharePoint":{"runAfter":{"Html_to_text":["Succeeded"]},"metadata":{"operationMetadataId":"f1db4f9b-5a17-4466-857f-e8f8d1feb646"},"type":"OpenApiConnection","inputs":{"host":{"apiId":"/providers/Microsoft.PowerApps/apis/shared_sharepointonline","connectionName":"shared_sharepointonline","operationId":"HttpRequest"},"parameters":{"dataset":"@variables('ApplicationURL')","parameters/method":"GET","parameters/uri":"_api/web/lists/getbytitle('HR365HDMSettings')/items?$top=1","parameters/headers":{"accept":"application/json;odata=verbose","content-type":"application/json;odata=verbose"}},"authentication":"@parameters('$authentication')"}},"ListGudId":{"runAfter":{"SupervisorMails":["Succeeded"]},"metadata":{"operationMetadataId":"6d4b4f31-6ebd-4651-9a02-aadee45f5b47"},"type":"InitializeVariable","inputs":{"variables":[{"name":"ListGudID","type":"string"}]}},"Html_to_text":{"runAfter":{"Compose_12":["Succeeded"]},"metadata":{"operationMetadataId":"79757027-3746-4972-b078-ea9409a6f4ea"},"type":"OpenApiConnection","inputs":{"host":{"apiId":"/providers/Microsoft.PowerApps/apis/shared_conversionservice","connectionName":"shared_conversionservice_1","operationId":"HtmlToText"},"parameters":{"Content":"<p>@{triggerOutputs()?['body/body']}</p>"},"authentication":"@parameters('$authentication')"}},"ConListGudid":{"runAfter":{"ListGudId":["Succeeded"]},"metadata":{"operationMetadataId":"6c5713dd-0779-4f32-bd3d-cf38fc67585d"},"type":"InitializeVariable","inputs":{"variables":[{"name":"ConlistGudId","type":"string"}]}},"SupportMailBoxID":{"runAfter":{},"metadata":{"operationMetadataId":"5a368b1b-4719-4fdd-8698-1b868df1a042"},"type":"InitializeVariable","inputs":{"variables":[{"name":"SupportMailBoxID","type":"string","value":"multiplemail@44chmp.onmicrosoft.com"}]}},"SubjectKeywords":{"runAfter":{"SelectedTeam":["Succeeded"]},"metadata":{"operationMetadataId":"406fa8bb-da62-4c2d-9f24-52261ba81896"},"type":"InitializeVariable","inputs":{"variables":[{"name":"SubjectKeywords","type":"array"}]}},"SelectedTeam":{"runAfter":{"ConListGudid":["Succeeded"]},"metadata":{"operationMetadataId":"1204c167-32ae-45d8-9e51-1971a4122adf"},"type":"InitializeVariable","inputs":{"variables":[{"name":"SelectedTeam","type":"string","value":"@variables('TeamName')"}]}},"AssigntoAgent":{"runAfter":{"SubjectKeywords":["Succeeded"]},"metadata":{"operationMetadataId":"90b646b8-d412-4dd2-8f04-f288cbf830dc"},"type":"InitializeVariable","inputs":{"variables":[{"name":"AssigntoAgent","type":"string"}]}},"AllAvailableAgents":{"runAfter":{"AssigntoAgent":["Succeeded"]},"metadata":{"operationMetadataId":"c39c58c9-14be-4e82-bfcd-c3d4494ed75f"},"type":"InitializeVariable","inputs":{"variables":[{"name":"AllAvailableAgents","type":"array"}]}},"NextAgenttoAssign":{"runAfter":{"AllAvailableAgents":["Succeeded"]},"metadata":{"operationMetadataId":"678b92f4-272f-45a5-be87-f92b59923ff3"},"type":"InitializeVariable","inputs":{"variables":[{"name":"nextAssigntoAgent","type":"string"}]}},"SelectedTeamTicketCount":{"runAfter":{"NextAgenttoAssign":["Succeeded"]},"metadata":{"operationMetadataId":"56545551-c45b-4e8c-80ce-7c75c8ae3539"},"type":"InitializeVariable","inputs":{"variables":[{"name":"SelectedTeamTicketCount","type":"array"}]}},"Status":{"runAfter":{"SelectedTeamTicketCount":["Succeeded"]},"metadata":{"operationMetadataId":"6f8158d8-88f0-4500-8673-a71f1980a19d"},"type":"InitializeVariable","inputs":{"variables":[{"name":"Status","type":"string","value":"Unassigned"}]}},"updatenextassign":{"runAfter":{"Status":["Succeeded"]},"metadata":{"operationMetadataId":"1be197dd-962b-49db-82eb-cc3c4ed7497c"},"type":"InitializeVariable","inputs":{"variables":[{"name":"updatenextassign","type":"string"}]}},"updateprevassign":{"runAfter":{"updatenextassign":["Succeeded"]},"metadata":{"operationMetadataId":"c7b86355-0fe7-4d54-bbac-a087b7edb97f"},"type":"InitializeVariable","inputs":{"variables":[{"name":"updateprevassign","type":"string"}]}},"Initialize_variable":{"runAfter":{"updateprevassign":["Succeeded"]},"metadata":{"operationMetadataId":"2983ac03-54a4-4c5d-92ab-bad2e6327cab"},"type":"InitializeVariable","inputs":{"variables":[{"name":"minTicketAgent","type":"integer"}]}},"TicketProperties":{"runAfter":{"Initialize_variable":["Succeeded"]},"metadata":{"operationMetadataId":"44901f99-98dd-41a1-aa0c-3eb6b477cc4a"},"type":"InitializeVariable","inputs":{"variables":[{"name":"TicketProperties","type":"array","value":[{"TicketOpenDate":"","InternalExtrenal":"","CCMail":"@{if(equals(triggerOutputs()?['body/ccRecipients'],null),'',replace(triggerOutputs()?['body/ccRecipients'],';',','))}","Read":"Unread","DepartmentCode":"@{variables('TeamCode')}","SubTickets":"","LastSubTicketCharacter":"","MediaSource":"Email","PushNotification":"Active","TicketDescription":"Inside","Mailbox":"@{variables('SupportMailBoxID')}"}]}]}},"CommentProperties":{"runAfter":{"Initialize_variable_2":["Succeeded"]},"metadata":{"operationMetadataId":"908f8c08-b1dc-492a-b579-136ffb9ed4cf"},"type":"InitializeVariable","inputs":{"variables":[{"name":"CommentProperties","type":"array"}]}},"Initialize_variable_2":{"runAfter":{"TicketProperties":["Succeeded"]},"metadata":{"operationMetadataId":"ec1cc60d-0936-4fa9-94b2-570e28d8c07b"},"type":"InitializeVariable","inputs":{"variables":[{"name":"PreviousComment","type":"string"}]}},"Initialize_variable_3":{"runAfter":{"SLAResolveInfo":["Succeeded"]},"metadata":{"operationMetadataId":"84ba4d3f-1fc9-4beb-aebd-be88cdcc05e3"},"type":"InitializeVariable","inputs":{"variables":[{"name":"NoofAttachments","type":"integer"}]}},"Initialize_variable_4":{"runAfter":{"Initialize_variable_3":["Succeeded"]},"metadata":{"operationMetadataId":"d1e68ab4-c13e-4798-964e-61023a685d56"},"type":"InitializeVariable","inputs":{"variables":[{"name":"CommentTo","type":"string"}]}},"SLAResponseInfo":{"runAfter":{"CommentProperties":["Succeeded"]},"metadata":{"operationMetadataId":"3ed4f806-0b2e-45cc-a10f-fe17ae835e88"},"type":"InitializeVariable","inputs":{"variables":[{"name":"SLAResponseInfo","type":"array","value":[{"SLAResponseBreach":"No","SLAResponseBreachOn":"","SLAResponseReplyTime":"","SLAResponseReplyDate":"","SLAResponseReplyDay":"","SLAResponseEscalateTime":"","SLAResponseAlertTime":"","SLAResponseNotifyType":"","SLAResponseAlertTo":"","SLAResponseMailSub":"","SLAResponseMailBody":""}]}]}},"SLAResolveInfo":{"runAfter":{"SLAResponseInfo":["Succeeded"]},"metadata":{"operationMetadataId":"a74db061-a0db-4d5e-8fca-a95bd3e04f1e"},"type":"InitializeVariable","inputs":{"variables":[{"name":"SLAResolveInfo","type":"array","value":[{"SLAResolveBreach":"No","SLAResolveBreachOn":"","SLAResolveReplyTime":"","SLAResolveReplyDate":"","SLAResolveReplyDay":"","SLAResolveEscalateTime":"","SLAResolveAlertTime":"","SLAResolveNotifyType":"","SLAResolveAlertTo":"","SLAResolveMailSub":"","SLAResolveMailBody":""}]}]}},"Initialize_variable_5":{"runAfter":{"Initialize_variable_4":["Succeeded"]},"metadata":{"operationMetadataId":"53452e7e-bc30-47f5-b37f-598c111a80f0"},"type":"InitializeVariable","inputs":{"variables":[{"name":"AssignToAgentID","type":"string","value":"null"}]}},"Initialize_variable_6":{"runAfter":{"Initialize_variable_5":["Succeeded"]},"metadata":{"operationMetadataId":"967dd615-1148-4d7e-9308-690434d063f7"},"type":"InitializeVariable","inputs":{"variables":[{"name":"IndexOFArray","type":"integer","value":-1}]}},"Initialize_variable_7":{"runAfter":{"Initialize_variable_6":["Succeeded"]},"metadata":{"operationMetadataId":"ddf04214-f3a3-4208-a97f-b68de1cdd491"},"type":"InitializeVariable","inputs":{"variables":[{"name":"IncrimentableIndex","type":"integer","value":0}]}},"Compose_12":{"runAfter":{"Email-Importance":["Succeeded"]},"metadata":{"operationMetadataId":"f77b8d85-44eb-452f-b545-df6e90ab5923"},"type":"Compose","inputs":"@triggerOutputs()?['body/importance']"},"Priority":{"runAfter":{"Initialize_variable_7":["Succeeded"]},"metadata":{"operationMetadataId":"28282e4e-bbb3-4233-bc7e-0c2b16cc226a"},"type":"InitializeVariable","inputs":{"variables":[{"name":"Priority","type":"string","value":"Medium"}]}},"Email-Importance":{"actions":{"SetPriority":{"runAfter":{},"metadata":{"operationMetadataId":"b68c459d-76b0-4df4-aeaa-78ae100c13ac"},"type":"SetVariable","inputs":{"name":"Priority","value":"High"}}},"runAfter":{"Initialize_variable_8":["Succeeded"]},"expression":{"equals":["@triggerOutputs()?['body/importance']","High"]},"metadata":{"operationMetadataId":"ef9917fa-d2a8-4051-b57b-45eab97218a4"},"type":"If"},"CommentsattachmentId":{"runAfter":{"Priority":["Succeeded"]},"metadata":{"operationMetadataId":"10c3ecf2-f37b-4f79-a944-3f1015df0326"},"type":"InitializeVariable","inputs":{"variables":[{"name":"CommentsattachmentId","type":"array"}]}},"Compose_17":{"runAfter":{"Send_an_HTTP_request_to_SharePoint":["Succeeded"]},"metadata":{"operationMetadataId":"ba3b2504-1f4a-4169-8934-4e935fe39d25"},"type":"Compose","inputs":"@if(equals(outputs('Send_an_HTTP_request_to_SharePoint')?['body']?['d']?['results'][0]['AllowedDomain'],null),'',outputs('Send_an_HTTP_request_to_SharePoint')?['body']?['d']?['results'][0]['AllowedDomain'])"},"allowed_domains":{"actions":{"Send_an_HTTP_request_to_SharePoint_13":{"runAfter":{},"metadata":{"operationMetadataId":"9d34cb46-bc7b-4747-9158-7153f1530797"},"type":"OpenApiConnection","inputs":{"host":{"apiId":"/providers/Microsoft.PowerApps/apis/shared_sharepointonline","connectionName":"shared_sharepointonline","operationId":"HttpRequest"},"parameters":{"dataset":"@variables('ApplicationURL')","parameters/method":"GET","parameters/uri":"_api/web/lists/getbytitle('HR365HDMTickets')/items?$filter=ConversationId eq '@{triggerOutputs()?['body/conversationId']}'","parameters/headers":{"Accept":"application/json; odata=verbos","Content-Type":"application/json"}},"authentication":"@parameters('$authentication')"}},"is_ticket_exists":{"actions":{"Condition_18":{"actions":{},"runAfter":{},"else":{"actions":{"Condition_25":{"actions":{"Send_an_HTTP_request_to_SharePoint_5":{"runAfter":{"Condition_9":["Succeeded"]},"metadata":{"operationMetadataId":"9d34cb46-bc7b-4747-9158-7153f1530797"},"type":"OpenApiConnection","inputs":{"host":{"apiId":"/providers/Microsoft.PowerApps/apis/shared_sharepointonline","connectionName":"shared_sharepointonline","operationId":"HttpRequest"},"parameters":{"dataset":"@variables('ApplicationURL')","parameters/method":"GET","parameters/uri":"_api/web/lists/getbytitle('HR365HDMTickets')/items?$filter=@{variables('QueryString')}","parameters/headers":{"Accept":"application/json; odata=verbos","Content-Type":"application/json"}},"authentication":"@parameters('$authentication')"}},"Send_an_HTTP_request_to_SharePoint_6":{"runAfter":{"Scope_5":["Succeeded"]},"metadata":{"operationMetadataId":"b56fae2d-267e-4cf3-9b56-8205044437e8"},"type":"OpenApiConnection","inputs":{"host":{"apiId":"/providers/Microsoft.PowerApps/apis/shared_sharepointonline","connectionName":"shared_sharepointonline","operationId":"HttpRequest"},"parameters":{"dataset":"@variables('ApplicationURL')","parameters/method":"POST","parameters/uri":"_api/web/lists/getbytitle('HR365HDMTickets')/items(@{outputs('Send_an_HTTP_request_to_SharePoint_5')?['body']?['d']?['results'][0]['Id']})","parameters/headers":{"accept":"application/json;odata=verbose","content-type":"application/json;odata=verbose","IF-MATCH":"*","X-HTTP-Method":"PATCH"},"parameters/body":"{\n     \"__metadata\": { \"type\": \"SP.Data.HR365HDMTicketsListItem\" },\n \"Comments\":'@{encodeUriComponent(string(variables('CommentProperties')))}',\n\"LastCommentNo\": \"@{variables('PreviousComment')}\"\n        }"},"authentication":"@parameters('$authentication')"}},"Condition_4":{"actions":{"Condition_5":{"actions":{"Send_an_email_from_a_shared_mailbox_(V2)_3":{"runAfter":{},"metadata":{"operationMetadataId":"1f12b42a-77d2-4005-8411-9802104a291f"},"type":"OpenApiConnection","inputs":{"host":{"apiId":"/providers/Microsoft.PowerApps/apis/shared_office365","connectionName":"shared_office365_1","operationId":"SharedMailboxSendEmailV2"},"parameters":{"emailMessage/MailboxAddress":"@variables('SupportMailBoxID')","emailMessage/To":"@outputs('Send_an_HTTP_request_to_SharePoint_5')?['body']?['d']?['results'][0]['AssignedTomail']","emailMessage/Subject":"Ticket Updated - @{variables('Ticket Title')} - Ticket ID [@{outputs('Send_an_HTTP_request_to_SharePoint_5')?['body']?['d']?['results'][0]['TicketSeqnumber']}]","emailMessage/Body":"<p>Hi,<br>\n<br>\nThe customer has responded to the ticket . @{outputs('Send_an_HTTP_request_to_SharePoint_5')?['body']?['d']?['results'][0]['TicketSeqnumber']}<br>\nTicket title:@{variables('Ticket Title')}<br>\n<br>\nTicket comment: @{replace(triggerOutputs()?['body/body'], '''', ' ')}<br>\n<br>\nSincerely,<br>\n<br>\nHelpdesk Services</p>","emailMessage/Importance":"Normal"},"authentication":"@parameters('$authentication')"}}},"runAfter":{},"expression":{"and":[{"not":{"equals":["@outputs('Send_an_HTTP_request_to_SharePoint_5')?['body']?['d']?['results'][0]['AssignedTomail']",""]}},{"not":{"equals":["@outputs('Send_an_HTTP_request_to_SharePoint_5')?['body']?['d']?['results'][0]['AssignedTomail']","@null"]}}]},"metadata":{"operationMetadataId":"708cc32e-2291-4104-a23b-514a9d701f9d"},"type":"If"}},"runAfter":{"Scope_9":["Succeeded","Failed","Skipped","TimedOut"]},"else":{"actions":{"Send_an_email_from_a_shared_mailbox_(V2)_4":{"runAfter":{},"metadata":{"operationMetadataId":"414c5340-d4f8-4ef9-8dbb-bb6198b5dc96"},"type":"OpenApiConnection","inputs":{"host":{"apiId":"/providers/Microsoft.PowerApps/apis/shared_office365","connectionName":"shared_office365_1","operationId":"SharedMailboxSendEmailV2"},"parameters":{"emailMessage/MailboxAddress":"@variables('SupportMailBoxID')","emailMessage/To":"@outputs('Send_an_HTTP_request_to_SharePoint_5')?['body']?['d']?['results'][0]['RequesterEmail']","emailMessage/Subject":"Comments Added  - @{variables('Ticket Title')} - Ticket ID [@{outputs('Send_an_HTTP_request_to_SharePoint_5')?['body']?['d']?['results'][0]['TicketSeqnumber']}]","emailMessage/Body":"<p>Hi,<br>\n<br>\nThere is a new response on your ticket .@{outputs('Send_an_HTTP_request_to_SharePoint_5')?['body']?['d']?['results'][0]['TicketSeqnumber']}<br>\n<br>\nTicket comment:@{replace(triggerOutputs()?['body/body'], '''', ' ')}<br>\n<br>\nRegards<br>\n<br>\nHelpdesk Services</p>","emailMessage/Importance":"Normal"},"authentication":"@parameters('$authentication')"}}}},"expression":{"equals":["@outputs('Send_an_HTTP_request_to_SharePoint_5')?['body']?['d']?['results'][0]['RequesterEmail']","@triggerOutputs()?['body/from']"]},"metadata":{"operationMetadataId":"65b122cd-3643-4b06-96c9-3dd73d2231cd"},"type":"If"},"Condition_8":{"actions":{"Set_variable_2":{"runAfter":{},"metadata":{"operationMetadataId":"deec86ae-4abb-48b5-9e48-584ec16a95b4"},"type":"SetVariable","inputs":{"name":"CommentTo","value":"@{outputs('Send_an_HTTP_request_to_SharePoint_5')?['body']?['d']?['results'][0]['AssignedTomail']}"}}},"runAfter":{"Send_an_HTTP_request_to_SharePoint_5":["Succeeded"]},"else":{"actions":{"Set_variable_3":{"runAfter":{},"metadata":{"operationMetadataId":"839653f6-bcb4-4a66-824d-af9fee8f9438"},"type":"SetVariable","inputs":{"name":"CommentTo","value":"@{outputs('Send_an_HTTP_request_to_SharePoint_5')?['body']?['d']?['results'][0]['RequesterEmail']}"}}}},"expression":{"equals":["@triggerOutputs()?['body/from']","@outputs('Send_an_HTTP_request_to_SharePoint_5')?['body']?['d']?['results'][0]['RequesterEmail']"]},"metadata":{"operationMetadataId":"8274faeb-244e-4d2a-95a5-738c291d7ce6"},"type":"If"},"Apply_to_each_4":{"foreach":"@triggerOutputs()?['body/attachments']","actions":{"Get_Attachment_(V2)_2":{"runAfter":{},"metadata":{"operationMetadataId":"ddbfd0f0-b7e0-4440-abe8-268104288ea9"},"type":"OpenApiConnection","inputs":{"host":{"apiId":"/providers/Microsoft.PowerApps/apis/shared_office365","connectionName":"shared_office365_1","operationId":"GetAttachment_V2"},"parameters":{"messageId":"@triggerOutputs()?['body/id']","attachmentId":"@items('Apply_to_each_4')?['id']","mailboxAddress":"@{variables('SupportMailBoxID')};"},"authentication":"@parameters('$authentication')"}},"Increment_variable":{"runAfter":{"If_Succeed":["Succeeded"]},"metadata":{"operationMetadataId":"5151f1d2-12eb-4f9b-a509-819822cf20e5"},"type":"IncrementVariable","inputs":{"name":"NoofAttachments","value":1}},"Scope":{"actions":{"Add_attachment_3":{"runAfter":{},"metadata":{"operationMetadataId":"81d801ae-7975-48f6-94e0-53fcefe19b6a"},"type":"OpenApiConnection","inputs":{"host":{"apiId":"/providers/Microsoft.PowerApps/apis/shared_sharepointonline","connectionName":"shared_sharepointonline","operationId":"CreateAttachment"},"parameters":{"dataset":"@variables('ApplicationURL')","table":"HR365HDMTickets","itemId":"@outputs('Send_an_HTTP_request_to_SharePoint_5')?['body']?['d']?['results'][0]['Id']","displayName":"@concat(variables('PreviousComment'), '__', outputs('Get_Attachment_(V2)_2')?['body/name'])","body":"@outputs('Get_Attachment_(V2)_2')?['body/contentBytes']"},"authentication":"@parameters('$authentication')"}}},"runAfter":{"Get_Attachment_(V2)_2":["Succeeded"]},"metadata":{"operationMetadataId":"c6aa4e46-ca10-4a77-91fa-beb55123e70b"},"type":"Scope"},"If_Succeed":{"actions":{"Append_to_array_variable_4":{"runAfter":{},"metadata":{"operationMetadataId":"74d84d39-ff57-421a-8cb7-fceebb2a4de6"},"type":"AppendToArrayVariable","inputs":{"name":"CommentsattachmentId","value":{"commentNo":"@{variables('PreviousComment')}","fileName":"@{concat(variables('PreviousComment'), '__', outputs('Get_Attachment_(V2)_2')?['body/name'])}","fileContentId":"@{outputs('Get_Attachment_(V2)_2')?['body/contentId']}"}}}},"runAfter":{"Scope":["Succeeded"]},"metadata":{"operationMetadataId":"11c2c7c2-c502-4e70-aa02-ca95b4e1609f"},"type":"Scope"},"If_failed":{"actions":{},"runAfter":{"Scope":["Failed","TimedOut"]},"metadata":{"operationMetadataId":"33ac0e46-d2de-448a-833c-35ddf20cb6bf"},"type":"Scope"}},"runAfter":{"Scope_3":["Succeeded"]},"metadata":{"operationMetadataId":"08c6a178-4831-4a02-bc5b-1245bdacdb50"},"type":"Foreach"},"Condition_3":{"actions":{"Condition_7":{"actions":{"Set_variable_4":{"runAfter":{"Append_to_array_variable":["Succeeded"]},"metadata":{"operationMetadataId":"a9e042ee-9e94-491a-bcbf-ef1e41773601"},"type":"SetVariable","inputs":{"name":"PreviousComment","value":"@{add(int(outputs('Send_an_HTTP_request_to_SharePoint_5')?['body']?['d']?['results'][0]['LastCommentNo']),1)}"}},"Compose_3":{"runAfter":{},"metadata":{"operationMetadataId":"ee2e66b8-3392-44e1-bca4-c51ae395bc70"},"type":"Compose","inputs":"@encodeUriComponent(split(replace(triggerOutputs()?['body/body'], '\"', '|$|'),'<div id=|$|appendonsend|$|></div>')?[0])"},"Append_to_array_variable":{"runAfter":{"Compose_3":["Succeeded"]},"metadata":{"operationMetadataId":"8eccc443-2445-4ea2-9cfd-627c55f2cbb6"},"type":"AppendToArrayVariable","inputs":{"name":"CommentProperties","value":{"CommentNo":"@{add(int(outputs('Send_an_HTTP_request_to_SharePoint_5')?['body']?['d']?['results'][0]['LastCommentNo']), 1)}","CommentedBy":"@{trim(split(triggerOutputs()?['body/from'],'@')[0])}","CommentedById":"@{triggerOutputs()?['body/from']}","CommentedDate":"@{utcNow()}","CommentType":"Reply","CommentBody":"@{outputs('Compose_3')}","CommentsTo":"@{variables('CommentTo')}","CommentsToName":"@{variables('CommentTo')}","NoofAttachments":"","TimeSpend":"0","MarkAsAnswer":"No"}}}},"runAfter":{"Scope_7":["Succeeded","Skipped","Failed","TimedOut"]},"else":{"actions":{"Set_variable_5":{"runAfter":{"Append_to_array_variable_2":["Succeeded"]},"metadata":{"operationMetadataId":"e122e55a-5238-4e80-a69a-3e6308568d80"},"type":"SetVariable","inputs":{"name":"PreviousComment","value":"1"}},"Compose_4":{"runAfter":{},"metadata":{"operationMetadataId":"83787e72-c140-4cd5-b113-98270c58d8d3"},"type":"Compose","inputs":"@split(replace(triggerOutputs()?['body/body'], '\"', '|$|'),'<div id=|$|appendonsend|$|></div>')?[0]"},"Append_to_array_variable_2":{"runAfter":{"Compose_4":["Succeeded"]},"metadata":{"operationMetadataId":"cc6aac78-e8f6-438d-b9fe-5f836aecd6d5"},"type":"AppendToArrayVariable","inputs":{"name":"CommentProperties","value":{"CommentNo":"1","CommentedBy":"@{trim(split(triggerOutputs()?['body/from'],'@')[0])}","CommentedById":"@{triggerOutputs()?['body/from']}","CommentedDate":"@{utcNow()}","CommentType":"Reply","CommentBody":"@{outputs('Compose_4')}","CommentsTo":"@{variables('CommentTo')}","CommentsToName":"@{variables('CommentTo')}","NoofAttachments":"","TimeSpend":"0","MarkAsAnswer":"No"}}}}},"expression":{"and":[{"not":{"equals":["@outputs('Send_an_HTTP_request_to_SharePoint_5')?['body']?['d']?['results'][0]['LastCommentNo']",""]}},{"not":{"equals":["@outputs('Send_an_HTTP_request_to_SharePoint_5')?['body']?['d']?['results'][0]['LastCommentNo']","@null"]}}]},"metadata":{"operationMetadataId":"513402b6-cec6-4bfc-949f-eb81fd8cbdf5"},"type":"If"},"Scope_6":{"actions":{"Set_variable_11":{"runAfter":{},"metadata":{"operationMetadataId":"da258c58-43d9-4cb5-b648-43809b53dccb"},"type":"SetVariable","inputs":{"name":"CommentProperties","value":"@json(decodeUriComponent(outputs('Send_an_HTTP_request_to_SharePoint_5')?['body']?['d']?['results'][0]['Comments']))"}}},"runAfter":{},"metadata":{"operationMetadataId":"5e2da2d0-4f39-4c54-951b-eb475bdc8f34"},"type":"Scope"},"Scope_7":{"actions":{"Set_variable_15":{"runAfter":{},"metadata":{"operationMetadataId":"da258c58-43d9-4cb5-b648-43809b53dccb"},"type":"SetVariable","inputs":{"name":"CommentProperties","value":"@json(outputs('Send_an_HTTP_request_to_SharePoint_5')?['body']?['d']?['results'][0]['Comments'])"}}},"runAfter":{"Scope_6":["Failed","TimedOut"]},"metadata":{"operationMetadataId":"06c94ec5-fed6-4714-b7c2-2f0c927810bb"},"type":"Scope"}},"runAfter":{"Condition_8":["Succeeded"]},"else":{"actions":{"Set_variable_6":{"runAfter":{"Append_to_array_variable_3":["Succeeded"]},"metadata":{"operationMetadataId":"93eff33d-8535-437b-abe4-38b42b29bf25"},"type":"SetVariable","inputs":{"name":"PreviousComment","value":"1"}},"Compose_2":{"runAfter":{},"metadata":{"operationMetadataId":"1150e20b-582f-40f3-8257-bcbcbf0f9509"},"type":"Compose","inputs":"@encodeUriComponent(replace(triggerOutputs()?['body/body'], '\"', '|$|'))"},"Append_to_array_variable_3":{"runAfter":{"Compose_2":["Succeeded"]},"metadata":{"operationMetadataId":"b83d0608-c98e-406e-a447-d887b7eeccf4"},"type":"AppendToArrayVariable","inputs":{"name":"CommentProperties","value":{"CommentNo":"1","CommentedBy":"","CommentedById":"","CommentedDate":"@{utcNow()}","CommentType":"Reply","CommentBody":"@{outputs('Compose_2')}","CommentsTo":"@{variables('CommentTo')}","CommentsToName":"@{variables('CommentTo')}","NoofAttachments":"@{variables('NoofAttachments')}"}}}}},"expression":{"and":[{"not":{"equals":["@outputs('Send_an_HTTP_request_to_SharePoint_5')?['body']?['d']?['results'][0]['Comments']",""]}},{"not":{"equals":["@outputs('Send_an_HTTP_request_to_SharePoint_5')?['body']?['d']?['results'][0]['Comments']","@null"]}}]},"metadata":{"operationMetadataId":"af05b481-2389-44e9-b5b7-e17aaa83301c"},"type":"If"},"Scope_2":{"actions":{"Set_variable_14":{"runAfter":{},"metadata":{"operationMetadataId":"a632e3bb-41a0-499b-8a40-9d2aca5cfdcc"},"type":"SetVariable","inputs":{"name":"CommentsattachmentId","value":"@json(outputs('Send_an_HTTP_request_to_SharePoint_5')?['body']?['d']?['results']?[0]?['ReplyAttachmentDetails'])"}}},"runAfter":{"Condition_3":["Succeeded"]},"metadata":{"operationMetadataId":"a582a3a1-304b-4e0a-8122-08f4cca428c1"},"type":"Scope"},"Scope_3":{"actions":{},"runAfter":{"Scope_2":["Failed","TimedOut","Skipped","Succeeded"]},"metadata":{"operationMetadataId":"6327165c-b910-4b01-a3cc-70bfcd8e4600"},"type":"Scope"},"Scope_4":{"actions":{"Send_an_HTTP_request_to_SharePoint_12":{"runAfter":{},"metadata":{"operationMetadataId":"07194530-05db-4d36-b705-5f1c85c89b39"},"type":"OpenApiConnection","inputs":{"host":{"apiId":"/providers/Microsoft.PowerApps/apis/shared_sharepointonline","connectionName":"shared_sharepointonline_1","operationId":"HttpRequest"},"parameters":{"dataset":"@variables('ApplicationURL')","parameters/method":"POST","parameters/uri":"_api/web/lists/getbytitle('HR365HDMTickets')/items(@{outputs('Send_an_HTTP_request_to_SharePoint_5')?['body']?['d']?['results'][0]['Id']})","parameters/headers":{"accept":"application/json;odata=verbose","content-type":"application/json;odata=verbose","IF-MATCH":"*","X-HTTP-Method":"PATCH"},"parameters/body":"{\n     \"__metadata\": { \"type\": \"SP.Data.HR365HDMTicketsListItem\" },\n \"ReplyAttachmentDetails\":'@{variables('CommentsattachmentId')}'\n        }"},"authentication":"@parameters('$authentication')"}}},"runAfter":{"Apply_to_each_4":["Succeeded"]},"metadata":{"operationMetadataId":"8de4bc16-6f70-41a8-8031-d22b325c801f"},"type":"Scope"},"Scope_5":{"actions":{},"runAfter":{"Scope_4":["Failed","TimedOut","Succeeded","Skipped"]},"metadata":{"operationMetadataId":"c5c5cca4-8180-4e08-b65a-d2f881a2dafe"},"type":"Scope"},"Scope_8":{"actions":{"Set_variable_19":{"runAfter":{},"metadata":{"operationMetadataId":"99841b5e-39fb-41e6-909d-c7834d878c4d"},"type":"SetVariable","inputs":{"name":"Ticket Title","value":"@{decodeUriComponent(outputs('Send_an_HTTP_request_to_SharePoint_5')?['body']?['d']?['results'][0]['Title'])}"}}},"runAfter":{"Send_an_HTTP_request_to_SharePoint_6":["Succeeded"]},"metadata":{"operationMetadataId":"346402bc-86ae-4d9a-8941-2e8d93cb8e6d"},"type":"Scope"},"Scope_9":{"actions":{"Set_variable":{"runAfter":{},"metadata":{"operationMetadataId":"99841b5e-39fb-41e6-909d-c7834d878c4d"},"type":"SetVariable","inputs":{"name":"Ticket Title","value":"@outputs('Send_an_HTTP_request_to_SharePoint_5')?['body']?['d']?['results'][0]['Title']"}}},"runAfter":{"Scope_8":["Failed","TimedOut"]},"metadata":{"operationMetadataId":"110a1ef8-79e1-4f06-ae55-feaca66b79fa"},"type":"Scope"},"Condition_9":{"actions":{"Set_variable_16":{"runAfter":{},"metadata":{"operationMetadataId":"fde26df7-1dea-4ee5-9395-917c327a9636"},"type":"SetVariable","inputs":{"name":"QueryString","value":"ConversationId eq '@{triggerOutputs()?['body/conversationId']}'"}}},"runAfter":{},"else":{"actions":{"Compose":{"runAfter":{},"metadata":{"operationMetadataId":"401cda68-d0d0-467c-8b78-83d34b0cac0f"},"type":"Compose","inputs":"@split(triggerOutputs()?['body/subject'],'Ticket ID [')[1]"},"Set_variable_17":{"runAfter":{"Compose":["Succeeded"]},"metadata":{"operationMetadataId":"2873576f-dc05-49bd-8389-635c8ad860c8"},"type":"SetVariable","inputs":{"name":"QueryString","value":"TicketseqWOsuffix eq '@{uriComponent(split(split(outputs('Compose'), ']')[0],'-')[0])}'"}}}},"expression":{"not":{"equals":["@length(outputs('Send_an_HTTP_request_to_SharePoint_13')?['body']?['d']?['results'])",0]}},"metadata":{"operationMetadataId":"f115bbad-49a3-4fae-b4c7-6b787c81b215"},"type":"If"}},"runAfter":{},"else":{"actions":{"Compose_6":{"runAfter":{},"metadata":{"operationMetadataId":"4b961dd4-a25d-44da-8d1c-4bc0619d19e7"},"type":"Compose","inputs":"@triggerOutputs()?['body/body']"},"Html_to_text_2":{"runAfter":{"Compose_6":["Succeeded"]},"metadata":{"operationMetadataId":"fc4eb3c9-0934-45c1-9564-21ffa0fc78c6"},"type":"OpenApiConnection","inputs":{"host":{"apiId":"/providers/Microsoft.PowerApps/apis/shared_conversionservice","connectionName":"shared_conversionservice_1","operationId":"HtmlToText"},"parameters":{"Content":"<p>@{triggerOutputs()?['body/body']}</p>"},"authentication":"@parameters('$authentication')"}},"Compose_7":{"runAfter":{"Html_to_text_2":["Succeeded"]},"metadata":{"operationMetadataId":"a5fdfae0-b175-4591-b8d9-3dbf21ef6741"},"type":"Compose","inputs":"@replace(outputs('Html_to_text')?['body'],' ','')"}}},"expression":{"not":{"contains":["@triggerOutputs()?['body/subject']","CusSat"]}},"metadata":{"operationMetadataId":"1889b868-db23-46c3-b54a-35cdd7dc0be1"},"type":"If"}}},"expression":{"or":[{"contains":["@toLower(triggerOutputs()?['body/from'])","postmaster"]},{"and":[{"contains":["@toLower(triggerOutputs()?['body/from'])","microsoft"]},{"contains":["@toLower(triggerOutputs()?['body/from'])","exchange"]}]}]},"metadata":{"operationMetadataId":"9c155fc2-e6ed-4ce9-8137-ca33ea257fe0"},"type":"If"}},"runAfter":{"Send_an_HTTP_request_to_SharePoint_13":["Succeeded"]},"else":{"actions":{"Condition":{"actions":{"Send_an_HTTP_request_to_SharePoint_7":{"runAfter":{"Apply_to_each_2":["Succeeded"]},"metadata":{"operationMetadataId":"0413fe85-514b-4cec-a655-6142a2cd4e98"},"type":"OpenApiConnection","inputs":{"host":{"apiId":"/providers/Microsoft.PowerApps/apis/shared_sharepointonline","connectionName":"shared_sharepointonline","operationId":"HttpRequest"},"parameters":{"dataset":"@variables('ApplicationURL')","parameters/method":"POST","parameters/uri":"_api/web/lists/getbytitle('HR365HDMTickets')/items(@{outputs('Send_an_HTTP_request_to_SharePoint_2')?['body']?['d']['Id']})","parameters/headers":{"accept":"application/json;odata=verbose","content-type":"application/json;odata=verbose","IF-MATCH":"*","X-HTTP-Method":"PATCH"},"parameters/body":"{\n            '__metadata': { 'type': 'SP.Data.HR365HDMTicketsListItem' },\n'TicketSeqnumber':\"@{concat(outputs('Send_an_HTTP_request_to_SharePoint')?['body']?['d']?['results'][0]['SequenceTitle'],'#',add(int(outputs('Send_an_HTTP_request_to_SharePoint')?['body']?['d']?['results'][0]['TicketPrefix']),outputs('Send_an_HTTP_request_to_SharePoint_2')?['body']?['d']['ID']),'-',variables('TeamCode'))}\",\n'TicketseqWOsuffix':\"@{concat(outputs('Send_an_HTTP_request_to_SharePoint')?['body']?['d']?['results'][0]['SequenceTitle'],'#',add(int(outputs('Send_an_HTTP_request_to_SharePoint')?['body']?['d']?['results'][0]['TicketPrefix']),outputs('Send_an_HTTP_request_to_SharePoint_2')?['body']?['d']['ID']))}\",\n'TicketID':\"@{\r\nconcat('Ticket','#',outputs('Send_an_HTTP_request_to_SharePoint_2')?['body']?['d']['ID'])}\",\n'IssueId':\"@{concat(toUpper(substring(guid(),0,4)),outputs('Send_an_HTTP_request_to_SharePoint_2')?['body']?['d']['ID'],toUpper(substring(guid(),0,int(sub(12,add(4,int(length(string(outputs('Send_an_HTTP_request_to_SharePoint_2')?['body']?['d']['ID'])))))))))}\",\n \"ReplyAttachmentDetails\":'@{variables('CommentsattachmentId')}'\n        }"},"authentication":"@parameters('$authentication')"}},"Get_items":{"runAfter":{"Send_an_HTTP_request_to_SharePoint_7":["Succeeded"]},"metadata":{"operationMetadataId":"a7b2cb1e-b69d-4341-b44b-61b53ea9c345"},"type":"OpenApiConnection","inputs":{"host":{"apiId":"/providers/Microsoft.PowerApps/apis/shared_sharepointonline","connectionName":"shared_sharepointonline","operationId":"GetItems"},"parameters":{"dataset":"@variables('ApplicationURL')","table":"HR365HDMDepartments","$filter":"Onqueue eq '@{variables('TeamCode')}'"},"authentication":"@parameters('$authentication')"}},"Apply_to_each":{"foreach":"@outputs('Compose_15')","actions":{"Condition_19":{"actions":{},"runAfter":{},"else":{"actions":{"Append_to_string_variable":{"runAfter":{},"metadata":{"operationMetadataId":"602a9bcf-20b1-4744-995f-74abe5e7d82c"},"type":"AppendToStringVariable","inputs":{"name":"SupervisorEmailids","value":"@{item()};"}}}},"expression":{"or":[{"equals":["@item()",""]},{"equals":["@item()",""]}]},"metadata":{"operationMetadataId":"94c26baa-3095-486d-81c7-d35d66e71edb"},"type":"If"}},"runAfter":{"Compose_16":["Succeeded"]},"metadata":{"operationMetadataId":"285d898b-f89f-49e2-8a65-6ca99ee50887"},"type":"Foreach"},"Condition_For_email_to_Supervisor":{"actions":{"Send_an_email_from_a_shared_mailbox_(V2)":{"runAfter":{},"metadata":{"operationMetadataId":"7e563ebf-e51a-4313-b542-3a440343c39b"},"type":"OpenApiConnection","inputs":{"host":{"apiId":"/providers/Microsoft.PowerApps/apis/shared_office365","connectionName":"shared_office365_1","operationId":"SharedMailboxSendEmailV2"},"parameters":{"emailMessage/MailboxAddress":"@variables('SupportMailBoxID')","emailMessage/To":"@variables('SupervisorEmailids')","emailMessage/Subject":"Ticket Received - @{triggerOutputs()?['body/subject']} - Ticket ID [@{concat(outputs('Send_an_HTTP_request_to_SharePoint')?['body']?['d']?['results'][0]['SequenceTitle'],'#',add(int(outputs('Send_an_HTTP_request_to_SharePoint')?['body']?['d']?['results'][0]['TicketPrefix']),outputs('Send_an_HTTP_request_to_SharePoint_2')?['body']?['d']['ID']))}]","emailMessage/Body":"<p>Hi ,<br>\n<br>\nA new ticket is raised by @{triggerOutputs()?['body/from']}.<br>\nPlease visit Helpdesk 365 portal to take further action<br>\n<br>\nRegards,<br>\n<br>\nHelpdesk Services</p>","emailMessage/Bcc":"@variables('SupportMailBoxID')","emailMessage/Importance":"Normal"},"authentication":"@parameters('$authentication')"}}},"runAfter":{"Apply_to_each_13":["Succeeded"]},"expression":{"not":{"equals":["@variables('SupervisorEmailids')",""]}},"metadata":{"operationMetadataId":"3c169cfe-8581-4a00-8df6-114ba5b3eb2e"},"type":"If"},"Apply_to_each_2":{"foreach":"@triggerOutputs()?['body/attachments']","actions":{"Get_Attachment_(V2)":{"runAfter":{},"metadata":{"operationMetadataId":"247f4e68-7411-4d1a-90f0-0fa4325f95c7"},"type":"OpenApiConnection","inputs":{"host":{"apiId":"/providers/Microsoft.PowerApps/apis/shared_office365","connectionName":"shared_office365_1","operationId":"GetAttachment_V2"},"parameters":{"messageId":"@triggerOutputs()?['body/id']","attachmentId":"@items('Apply_to_each_2')?['id']","mailboxAddress":"@variables('SupportMailBoxID')"},"authentication":"@parameters('$authentication')"}},"Add_attachment_2":{"runAfter":{"Get_Attachment_(V2)":["Succeeded"]},"metadata":{"operationMetadataId":"d7f9caeb-5c5a-4c2b-84b6-450be9ef3c41"},"type":"OpenApiConnection","inputs":{"host":{"apiId":"/providers/Microsoft.PowerApps/apis/shared_sharepointonline","connectionName":"shared_sharepointonline","operationId":"CreateAttachment"},"parameters":{"dataset":"@variables('ApplicationURL')","table":"HR365HDMTickets","itemId":"@outputs('Send_an_HTTP_request_to_SharePoint_2')?['body']?['d']['ID']","displayName":"@outputs('Get_Attachment_(V2)')?['body/name']","body":"@outputs('Get_Attachment_(V2)')?['body/contentBytes']"},"authentication":"@parameters('$authentication')"}},"Append_to_array_variable_29":{"runAfter":{"Add_attachment_2":["Succeeded"]},"metadata":{"operationMetadataId":"8326c9d7-cfd6-408c-8c73-3f00b974df85"},"type":"AppendToArrayVariable","inputs":{"name":"CommentsattachmentId","value":{"fileName":"@{outputs('Get_Attachment_(V2)')?['body/name']}","fileContentId":"@{outputs('Get_Attachment_(V2)')?['body/contentId']}"}}}},"runAfter":{"Send_an_HTTP_request_to_SharePoint_2":["Succeeded"]},"metadata":{"operationMetadataId":"3088a6d6-d462-4514-a2ed-cb9151205dae"},"type":"Foreach"},"Send_an_email_from_a_shared_mailbox_(V2)_2":{"runAfter":{"assigned_agent_email_send":["Succeeded"]},"metadata":{"operationMetadataId":"a8eefd1c-f19f-400a-be85-6263679a827a"},"type":"OpenApiConnection","inputs":{"host":{"apiId":"/providers/Microsoft.PowerApps/apis/shared_office365","connectionName":"shared_office365_1","operationId":"SharedMailboxSendEmailV2"},"parameters":{"emailMessage/MailboxAddress":"@variables('SupportMailBoxID')","emailMessage/To":"@triggerOutputs()?['body/from']","emailMessage/Subject":"New Ticket Created - @{triggerOutputs()?['body/subject']} - Ticket ID [@{concat(outputs('Send_an_HTTP_request_to_SharePoint')?['body']?['d']?['results'][0]['SequenceTitle'],'#',add(int(outputs('Send_an_HTTP_request_to_SharePoint')?['body']?['d']?['results'][0]['TicketPrefix']),outputs('Send_an_HTTP_request_to_SharePoint_2')?['body']?['d']['ID']))}]","emailMessage/Body":"<p>Hi @{trim(split(triggerOutputs()?['body/from'],'@')[0])},<br>\n<br>\nWe would like to acknowledge that we have received your request and a ticket has been created with Ticket Id&nbsp;@{concat(outputs('Send_an_HTTP_request_to_SharePoint')?['body']?['d']?['results'][0]['SequenceTitle'],'#',add(int(outputs('Send_an_HTTP_request_to_SharePoint')?['body']?['d']?['results'][0]['TicketPrefix']),outputs('Send_an_HTTP_request_to_SharePoint_2')?['body']?['d']['ID']))}<br>\nA support representative will be reviewing your request and will send you a personal response (usually within one business day).<br>\n<br>\nThank you for your patience.<br>\n<br>\nSincerely,<br>\nHelpdesk services</p>","emailMessage/Importance":"Normal"},"authentication":"@parameters('$authentication')"}},"Compose_15":{"runAfter":{"Get_items":["Succeeded"]},"metadata":{"operationMetadataId":"c7cb4811-0f84-4904-a766-537faea65b0c"},"type":"Compose","inputs":"@if(equals(outputs('Get_items')?['body']?['d']?['results'][0]['SupervisorEmail'],null),variables('EmptyArray'),split(outputs('Get_items')?['body']?['d']?['results'][0]['SupervisorEmail'],','))"},"Compose_16":{"runAfter":{"Compose_15":["Succeeded"]},"metadata":{"operationMetadataId":"4a9ac589-f1c6-4109-a1b9-ae03273050d2"},"type":"Compose","inputs":"@if(equals(outputs('Get_items')?['body']?['d']?['results'][0]['TeamMembersEmail'],null),variables('EmptyArray'),split(outputs('Get_items')?['body']?['d']?['results'][0]['TeamMembersEmail'],','))"},"Apply_to_each_13":{"foreach":"@outputs('Compose_16')","actions":{"Condition_20":{"actions":{},"runAfter":{},"else":{"actions":{"Append_to_string_variable_2":{"runAfter":{},"metadata":{"operationMetadataId":"602a9bcf-20b1-4744-995f-74abe5e7d82c"},"type":"AppendToStringVariable","inputs":{"name":"SupervisorEmailids","value":"@{item()};"}}}},"expression":{"or":[{"equals":["@item()",""]},{"equals":["@item()",""]}]},"metadata":{"operationMetadataId":"229b3e3c-1985-46c7-ae05-e9c7b426eccb"},"type":"If"}},"runAfter":{"Apply_to_each":["Succeeded"]},"metadata":{"operationMetadataId":"285d898b-f89f-49e2-8a65-6ca99ee50887"},"type":"Foreach"},"assigned_agent_email_send":{"actions":{},"runAfter":{"Condition_For_email_to_Supervisor":["Succeeded"]},"else":{"actions":{"Send_an_email_from_a_shared_mailbox_(V2)_5":{"runAfter":{},"metadata":{"operationMetadataId":"516388db-322f-45ed-aa0d-43ba6fffae36"},"type":"OpenApiConnection","inputs":{"host":{"apiId":"/providers/Microsoft.PowerApps/apis/shared_office365","connectionName":"shared_office365_1","operationId":"SharedMailboxSendEmailV2"},"parameters":{"emailMessage/MailboxAddress":"@variables('SupportMailBoxID')","emailMessage/To":"@variables('Assigned agent email')","emailMessage/Subject":"Ticket Assigned- @{triggerOutputs()?['body/subject']} - Ticket ID [@{concat(outputs('Send_an_HTTP_request_to_SharePoint')?['body']?['d']?['results'][0]['SequenceTitle'],'#',add(int(outputs('Send_an_HTTP_request_to_SharePoint')?['body']?['d']?['results'][0]['TicketPrefix']),outputs('Send_an_HTTP_request_to_SharePoint_2')?['body']?['d']['ID']))}]","emailMessage/Body":"<p>Hi ,<br>\n<br>\nA new ticket is raised by @{triggerOutputs()?['body/from']}, has been assigned to you<br>\nPlease visit Helpdesk 365 portal to take further action<br>\n<br>\nRegards,<br>\n<br>\nHelpdesk Services</p>","emailMessage/Importance":"Normal"},"authentication":"@parameters('$authentication')"}}}},"expression":{"or":[{"equals":["@variables('Assigned agent email')",""]},{"equals":["@variables('Assigned agent email')","@null"]}]},"metadata":{"operationMetadataId":"cd7c4541-523e-47cb-96ed-899074763de0"},"type":"If"},"IsAutoAssign":{"actions":{"Condition_12":{"actions":{"Compose_5":{"runAfter":{"Send_an_HTTP_request_to_SharePoint_3":["Succeeded"]},"metadata":{"operationMetadataId":"e77c60d3-236f-4dd3-8d32-b45b71b880b2"},"type":"Compose","inputs":"@outputs('Send_an_HTTP_request_to_SharePoint_3')?['body']?['d']?['results']?[0]"},"Compose_8":{"runAfter":{"Compose_5":["Succeeded"]},"metadata":{"operationMetadataId":"e6cbd931-2bbc-46da-89db-7ed0f7e0ad30"},"type":"Compose","inputs":"@outputs('Send_an_HTTP_request_to_SharePoint_3')?['body']?['d']?['results']?[0]?['Teammembers1Id']?['results']"},"Apply_to_each_11":{"foreach":"@reverse(outputs('Compose_8'))","actions":{"Compose_9":{"runAfter":{},"metadata":{"operationMetadataId":"86bbe739-431f-497c-9332-66f59f3d4de1"},"type":"Compose","inputs":"@items('Apply_to_each_11')"},"Condition_13":{"actions":{"Append_to_array_variable_5":{"runAfter":{},"metadata":{"operationMetadataId":"10542dae-51b4-4ba1-b76c-342c6fafd719"},"type":"AppendToArrayVariable","inputs":{"name":"AllAvailableAgents","value":"@items('Apply_to_each_11')"}}},"runAfter":{"Compose_10":["Succeeded"]},"expression":{"and":[{"not":{"equals":["@items('Apply_to_each_11')",""]}},{"not":{"equals":["@outputs('Send_an_HTTP_request_to_SharePoint')?['body']?['d']?['results'][0]['ExcludeAgentsSomePortal']","@null"]}},{"and":[{"not":{"equals":["@items('Apply_to_each_11')",""]}},{"not":{"equals":["@outputs('Send_an_HTTP_request_to_SharePoint')?['body']?['d']?['results'][0]['ExcludeAgentsSomePortal']",""]}},{"not":{"equals":["@outputs('Send_an_HTTP_request_to_SharePoint')?['body']?['d']?['results'][0]['ExcludeAgentsSomePortal']","@null"]}},{"not":{"contains":["@outputs('Send_an_HTTP_request_to_SharePoint')?['body']?['d']?['results'][0]['ExcludeAgentsSomePortal']","@string(items('Apply_to_each_11'))"]}}]}]},"metadata":{"operationMetadataId":"72267635-7ae0-45bc-b36e-32c8c7c6f37a"},"type":"If"},"Compose_10":{"runAfter":{"Compose_9":["Succeeded"]},"metadata":{"operationMetadataId":"fbcd7697-617b-4f14-a107-1ba6aa9f3ef4"},"type":"Compose","inputs":"@outputs('Send_an_HTTP_request_to_SharePoint')?['body']?['d']?['results'][0]['ExcludeAgentsSomePortal']"}},"runAfter":{"Compose_8":["Succeeded"]},"metadata":{"operationMetadataId":"98b0b22a-786b-44cf-b7f9-46e0511a17f3"},"type":"Foreach"},"Condition_15":{"actions":{"Send_an_HTTP_request_to_SharePoint_4":{"runAfter":{},"metadata":{"operationMetadataId":"2927fe1f-bc75-410d-a8fe-5656d2c12905"},"type":"OpenApiConnection","inputs":{"host":{"apiId":"/providers/Microsoft.PowerApps/apis/shared_sharepointonline","connectionName":"shared_sharepointonline","operationId":"HttpRequest"},"parameters":{"dataset":"@variables('ApplicationURL')","parameters/method":"GET","parameters/uri":"_api/web/lists/getByTitle('HR365HDMUsers')/items?$top=4999&$orderBy=TicketCount%20asc"},"authentication":"@parameters('$authentication')"}},"Compose_11":{"runAfter":{"Send_an_HTTP_request_to_SharePoint_4":["Succeeded"]},"metadata":{"operationMetadataId":"6d97b2c1-0243-4fa2-a628-e9795aab9e9b"},"type":"Compose","inputs":"@outputs('Send_an_HTTP_request_to_SharePoint_4')?['body']?['d']?['results']"},"Filter_array_3":{"runAfter":{"Compose_11":["Succeeded"]},"metadata":{"operationMetadataId":"0d4f8828-8780-4a26-a657-1d1a04ab4dda"},"type":"Query","inputs":{"from":"@outputs('Compose_11')","where":"@contains(variables('AllAvailableAgents'), item()?['UsersId'])"}},"Set_variable_26":{"runAfter":{"Filter_array_3":["Succeeded"]},"metadata":{"operationMetadataId":"dbc8ff8f-ad45-4dd7-9a09-80fb292dd582"},"type":"SetVariable","inputs":{"name":"AssignToAgentID","value":"@{body('Filter_array_3')?[0]?['UsersId']}"}},"Set_variable_7":{"runAfter":{"Set_variable_26":["Succeeded"]},"metadata":{"operationMetadataId":"c36e736b-cda1-425b-ba9e-b981269e1372"},"type":"SetVariable","inputs":{"name":"Assigned agent email","value":"@{body('Filter_array_3')?[0]?['Email']}"}}},"runAfter":{"Condition_2":["Succeeded"]},"else":{"actions":{"Condition_16":{"actions":{"Set_variable_10":{"runAfter":{},"metadata":{"operationMetadataId":"195e5717-9ba4-491a-92ae-3ed5ca86f572"},"type":"SetVariable","inputs":{"name":"AssignToAgentID","value":"@{variables('AllAvailableAgents')?[0]}"}}},"runAfter":{"Apply_to_each_12":["Succeeded"]},"else":{"actions":{"Set_variable_12":{"runAfter":{},"metadata":{"operationMetadataId":"167ba16f-a056-453d-893e-edb08f210cde"},"type":"SetVariable","inputs":{"name":"AssignToAgentID","value":"@{variables('AllAvailableAgents')?[variables('IndexOFArray')]}"}}}},"expression":{"or":[{"equals":["@variables('AllAvailableAgents')?[variables('IndexOFArray')]",""]},{"equals":["@variables('IndexOFArray')",-1]},{"equals":["@outputs('Compose_8')?[variables('IndexOFArray')]","@null"]}]},"metadata":{"operationMetadataId":"f2a9349a-64a7-45ce-b32e-56320f35f004"},"type":"If"},"Apply_to_each_12":{"foreach":"@variables('AllAvailableAgents')","actions":{"Increment_variable_2":{"runAfter":{},"metadata":{"operationMetadataId":"05ffc3d9-42b7-49c6-ab87-e4bf4753fe4d"},"type":"IncrementVariable","inputs":{"name":"IncrimentableIndex","value":1}},"Condition_17":{"actions":{"Set_variable_27":{"runAfter":{},"metadata":{"operationMetadataId":"311cef33-33da-44dc-adcc-ea5fc0c2e48d"},"type":"SetVariable","inputs":{"name":"IndexOFArray","value":"@variables('IncrimentableIndex')"}}},"runAfter":{"Increment_variable_2":["Succeeded"]},"expression":{"equals":["@items('Apply_to_each_12')","@outputs('Compose_5')?['LastAssignTicketId']"]},"metadata":{"operationMetadataId":"9ea46581-e134-4fbd-bfe7-b2cadb103f04"},"type":"If"}},"runAfter":{},"metadata":{"operationMetadataId":"7a407676-f8f3-4af3-816f-feecb807668e"},"type":"Foreach"},"Condition_6":{"actions":{},"runAfter":{"Condition_16":["Succeeded"]},"else":{"actions":{"Send_an_HTTP_request_to_SharePoint_11":{"runAfter":{},"metadata":{"operationMetadataId":"eb74243c-821a-496f-a0f6-6f951499830b"},"type":"OpenApiConnection","inputs":{"host":{"apiId":"/providers/Microsoft.PowerApps/apis/shared_sharepointonline","connectionName":"shared_sharepointonline","operationId":"HttpRequest"},"parameters":{"dataset":"@variables('ApplicationURL')","parameters/method":"GET","parameters/uri":"_api/web/lists/getByTitle('HR365HDMUsers')/items?$filter=UsersId eq '@{variables('AssignToAgentID')}'"},"authentication":"@parameters('$authentication')"}},"Set_variable_9":{"runAfter":{"Send_an_HTTP_request_to_SharePoint_11":["Succeeded"]},"metadata":{"operationMetadataId":"d7628454-13d5-4e8f-bacf-b9b574ba8414"},"type":"SetVariable","inputs":{"name":"Assigned agent email","value":"@{outputs('Send_an_HTTP_request_to_SharePoint_11')?['body']?['d']?['results']?[0]?['Email']}"}},"Compose_13":{"runAfter":{"Set_variable_9":["Succeeded","Failed","TimedOut"]},"metadata":{"operationMetadataId":"39b89bde-f143-4fcb-8b74-40bb29db1d55"},"type":"Compose","inputs":"Compose"}}},"expression":{"or":[{"equals":["@variables('AssignToAgentID')",""]},{"equals":["@variables('AssignToAgentID')","@null"]}]},"metadata":{"operationMetadataId":"4420c9ab-0862-4695-bf45-624680cb0122"},"type":"If"}}},"expression":{"equals":["@outputs('Send_an_HTTP_request_to_SharePoint')?['body']?['d']?['results'][0]['AutoAssignMethod']","WeightedRoundRobin"]},"metadata":{"operationMetadataId":"e8f19845-fd0f-4e52-b472-76e874f4fb04"},"type":"If"},"Condition_27":{"actions":{"Send_an_HTTP_request_to_SharePoint_9":{"runAfter":{},"metadata":{"operationMetadataId":"d17fe469-2a58-4dfe-8e81-2d46d4bab044"},"type":"OpenApiConnection","inputs":{"host":{"apiId":"/providers/Microsoft.PowerApps/apis/shared_sharepointonline","connectionName":"shared_sharepointonline","operationId":"HttpRequest"},"parameters":{"dataset":"@variables('ApplicationURL')","parameters/method":"POST","parameters/uri":"/_api/web/lists/getbytitle('HR365HDMDepartments')/items('@{outputs('Compose_5')?['ID']}')","parameters/headers":{"IF-MATCH":"*","X-HTTP-Method":"MERGE","content-type":"application/json;odata=verbose","accept":"application/json;odata=verbose"},"parameters/body":"{\n            '__metadata': { 'type': 'SP.Data.HR365HDMDepartmentsListItem' },\n'LastAssignTicketId':@{variables('AssignToAgentID')}\n        }"},"authentication":"@parameters('$authentication')"}},"Set_variable_13":{"runAfter":{"Send_an_HTTP_request_to_SharePoint_9":["Succeeded"]},"metadata":{"operationMetadataId":"28bcb201-9a3c-4c82-9691-6af9bfbc5e90"},"type":"SetVariable","inputs":{"name":"Status","value":"Open"}}},"runAfter":{"Condition_15":["Succeeded"]},"expression":{"not":{"equals":["@variables('AssignToAgentID')",""]}},"metadata":{"operationMetadataId":"464e6b82-057e-4558-802c-eb698c2a631c"},"type":"If"},"Send_an_HTTP_request_to_SharePoint_3":{"runAfter":{},"metadata":{"operationMetadataId":"a90494e4-7079-4811-91c3-42917646e71b"},"type":"OpenApiConnection","inputs":{"host":{"apiId":"/providers/Microsoft.PowerApps/apis/shared_sharepointonline","connectionName":"shared_sharepointonline","operationId":"HttpRequest"},"parameters":{"dataset":"@variables('ApplicationURL')","parameters/method":"GET","parameters/uri":"_api/web/lists/getByTitle('HR365HDMDepartments')/items?$top=5000&$filter=Title eq '@{variables('SelectedTeam')}'"},"authentication":"@parameters('$authentication')"}},"Condition_2":{"actions":{"Set_variable_8":{"runAfter":{},"metadata":{"operationMetadataId":"25bc3139-7b2c-4669-930c-c7265b1cf7f3"},"type":"SetVariable","inputs":{"name":"AllAvailableAgents","value":"@outputs('Compose_8')"}}},"runAfter":{"Apply_to_each_11":["Succeeded"]},"expression":{"or":[{"equals":["@variables('AllAvailableAgents')","@null"]},{"equals":["@variables('AllAvailableAgents')",""]},{"equals":["@length(variables('AllAvailableAgents'))",0]}]},"metadata":{"operationMetadataId":"8e200895-6d1f-4392-8de3-139230827cea"},"type":"If"}},"runAfter":{},"expression":{"not":{"equals":["@variables('SelectedTeam')",""]}},"metadata":{"operationMetadataId":"c3d8e399-d1b2-42cc-a618-41cdb841559d"},"type":"If"}},"runAfter":{},"expression":{"equals":["@outputs('Send_an_HTTP_request_to_SharePoint')?['body']?['d']?['results'][0]['AutoAssign']","On"]},"metadata":{"operationMetadataId":"bc2f3e02-ce9c-453b-a993-3cac6306eeea"},"type":"If"},"Send_an_HTTP_request_to_SharePoint_2":{"runAfter":{"IsAutoAssign":["Succeeded","Failed","TimedOut"]},"metadata":{"operationMetadataId":"c91ff7c5-ae32-4719-b3d9-4313f72bc496"},"type":"OpenApiConnection","inputs":{"host":{"apiId":"/providers/Microsoft.PowerApps/apis/shared_sharepointonline","connectionName":"shared_sharepointonline","operationId":"HttpRequest"},"parameters":{"dataset":"@variables('ApplicationURL')","parameters/method":"POST","parameters/uri":"_api/web/lists/getbytitle('HR365HDMTickets')/items","parameters/headers":{"accept":"application/json;odata=verbose","content-type":"application/json;odata=verbose"},"parameters/body":"{\n            '__metadata': { 'type': 'SP.Data.HR365HDMTicketsListItem' },\n\n\n                       'Title':'@{encodeUriComponent(string(triggerOutputs()?['body/subject']))}',\n    'Status':\"@{variables('Status')}\",\n    'Priority':\"@{string(variables('Priority'))}\",\n    'RequestType':\"Request\",\n'RequesterName': \"@{trim(split(triggerOutputs()?['body/from'],'@')[0])}\",\n'TicketDescription':'@{encodeUriComponent(replace(triggerOutputs()?['body/body'],'''',' '))}',\n    'RequesterEmail':\"@{triggerOutputs()?['body/from']}\",\n'TicketProperties': '@{string(variables('TicketProperties'))}',\n'TicketCreatedDate':'@{utcNow()}',\n'AssignedToId':@{variables('AssignToAgentID')},\n'SLAResponseDone':'No',\n'SLAResolveDone':'No',\n'SLAResponseInfo':'@{string(variables('SLAResponseInfo'))}',\n'SLAResolveInfo':'@{string(variables('SLAResolveInfo'))}',\n'DepartmentName':'@{variables('TeamName')}',\n'ConversationId':'@{triggerOutputs()?['body/conversationId']}'\n        }"},"authentication":"@parameters('$authentication')"}}},"runAfter":{},"else":{"actions":{"Send_an_HTTP_request_to_SharePoint_10":{"runAfter":{},"metadata":{"operationMetadataId":"da51f47c-2640-43b2-aa6c-e25738fc32eb"},"type":"OpenApiConnection","inputs":{"host":{"apiId":"/providers/Microsoft.PowerApps/apis/shared_sharepointonline","connectionName":"shared_sharepointonline","operationId":"HttpRequest"},"parameters":{"dataset":"@variables('ApplicationURL')","parameters/method":"POST","parameters/uri":"_api/web/lists/getbytitle('HR365HDMTicketsMailBox')/items","parameters/headers":{"accept":"application/json;odata=verbose","content-type":"application/json;odata=verbose"},"parameters/body":"{\n            '__metadata': { 'type': 'SP.Data.HR365HDMTicketsMailBoxListItem' },\n'Title':\"@{string(triggerOutputs()?['body/subject'])}\",\n            'to':\"@{triggerOutputs()?['body/toRecipients']}\",\n            'cC':\"@{triggerOutputs()?['body/ccRecipients']}\",\n            'Body':'@{encodeUriComponent(replace(triggerOutputs()?['body/body'],'''',' '))}',\n            'Subject':\"@{triggerOutputs()?['body/subject']}\",\n            'From':\"@{triggerOutputs()?['body/from']}\",\n            'ColF':\"@{triggerOutputs()?['body/receivedDateTime']}\",\n'TicketCreatedDate':\"@{utcNow()}\"\n        }"},"authentication":"@parameters('$authentication')"}},"Apply_to_each_3":{"foreach":"@triggerOutputs()?['body/attachments']","actions":{"Add_attachment":{"runAfter":{},"metadata":{"operationMetadataId":"de78d649-1f5a-4e32-89ff-ba6cdc65be7c"},"type":"OpenApiConnection","inputs":{"host":{"apiId":"/providers/Microsoft.PowerApps/apis/shared_sharepointonline","connectionName":"shared_sharepointonline","operationId":"CreateAttachment"},"parameters":{"dataset":"@variables('ApplicationURL')","table":"HR365HDMTicketsMailBox","itemId":"@outputs('Send_an_HTTP_request_to_SharePoint_10')?['body']?['d']['Id']","displayName":"@items('Apply_to_each_3')?['name']","body":"@items('Apply_to_each_3')?['contentBytes']"},"authentication":"@parameters('$authentication')"}}},"runAfter":{"Send_an_HTTP_request_to_SharePoint_10":["Succeeded"]},"metadata":{"operationMetadataId":"e44f4f91-6f82-4ff3-bb92-8f5cf95fd8a3"},"type":"Foreach"}}},"expression":{"equals":["@outputs('Send_an_HTTP_request_to_SharePoint')?['body']?['d']?['results'][0]['AutoTicket']","On"]},"metadata":{"operationMetadataId":"a1eff8ac-d6c4-4cf1-9820-00084ca6d49e"},"type":"If"}}},"expression":{"or":[{"contains":["@triggerOutputs()?['body/subject']","CusSat"]},{"and":[{"contains":["@triggerOutputs()?['body/subject']","#"]},{"contains":["@triggerOutputs()?['body/subject']","["]}]},{"not":{"equals":["@length(outputs('Send_an_HTTP_request_to_SharePoint_13')?['body']?['d']?['results'])",0]}}]},"metadata":{"operationMetadataId":"4e2c305e-0655-4224-8b9f-1759c3f57a7d"},"type":"If"}},"runAfter":{"Compose_17":["Succeeded"]},"expression":{"or":[{"contains":["@outputs('Compose_17')","@split(triggerOutputs()?['body/from'],'@')[1]"]},{"equals":["@outputs('Compose_17')",""]}]},"metadata":{"operationMetadataId":"8a40dbe8-f7f2-4910-8556-71acae6ec1e8"},"type":"If"},"EmptyArray":{"runAfter":{"CommentsattachmentId":["Succeeded"]},"metadata":{"operationMetadataId":"97517c43-2247-478e-85ce-79bcd2464826"},"type":"InitializeVariable","inputs":{"variables":[{"name":"EmptyArray","type":"array","value":[]}]}},"TeamCode":{"runAfter":{"TeamName":["Succeeded"]},"metadata":{"operationMetadataId":"114d37a7-ec32-4087-b7e8-ff44aadd4f43"},"type":"InitializeVariable","inputs":{"variables":[{"name":"TeamCode","type":"string","value":"IT"}]}},"TeamName":{"runAfter":{"ApplicationURL":["Succeeded"]},"metadata":{"operationMetadataId":"8ab79dd8-83c9-4dde-af99-e3f95e58c559"},"type":"InitializeVariable","inputs":{"variables":[{"name":"TeamName","type":"string","value":"Information Technology"}]}},"SupervisorMails":{"runAfter":{"TeamCode":["Succeeded"]},"metadata":{"operationMetadataId":"029e8025-84b3-4fcf-80ee-00941ff1d76b"},"type":"InitializeVariable","inputs":{"variables":[{"name":"SupervisorEmailids","type":"string"}]}},"TicketTitle":{"runAfter":{"EmptyArray":["Succeeded"]},"metadata":{"operationMetadataId":"27448f43-3ca1-4f19-bae9-9b6e82410a6c"},"type":"InitializeVariable","inputs":{"variables":[{"name":"Ticket Title","type":"string","value":"@triggerOutputs()?['body/subject']"}]}},"Assigned_agent_email":{"runAfter":{"TicketTitle":["Succeeded"]},"metadata":{"operationMetadataId":"9ee4720e-3388-486b-b532-0947f2d9fc43"},"type":"InitializeVariable","inputs":{"variables":[{"name":"Assigned agent email","type":"string"}]}},"Initialize_variable_8":{"runAfter":{"Assigned_agent_email":["Succeeded"]},"metadata":{"operationMetadataId":"cd3c19f2-1023-4f94-84b6-ddccffdce55c"},"type":"InitializeVariable","inputs":{"variables":[{"name":"QueryString","type":"string"}]}}},"outputs":{},"description":"HD365 - SharedMailboxHD365 - SharedMailboxHD365 - SharedMailbox"},"connectionReferences":{"shared_sharepointonline":{"connectionName":"596cdf7cc2444104b8aab1443ec0b75f","source":"Embedded","id":"/providers/Microsoft.PowerApps/apis/shared_sharepointonline","tier":"NotSpecified","apiName":"sharepointonline"},"shared_conversionservice_1":{"connectionName":"3758e9693c5f413ea2481b2667ede2ac","source":"Embedded","id":"/providers/Microsoft.PowerApps/apis/shared_conversionservice","tier":"NotSpecified","apiName":"conversionservice"},"shared_office365_1":{"connectionName":"shared-office365-3a7ea384-0e30-41c1-84d1-ef8e2f665ee7","source":"Embedded","id":"/providers/Microsoft.PowerApps/apis/shared_office365","tier":"NotSpecified","apiName":"office365"},"shared_sharepointonline_1":{"connectionName":"596cdf7cc2444104b8aab1443ec0b75f","source":"Embedded","id":"/providers/Microsoft.PowerApps/apis/shared_sharepointonline","tier":"NotSpecified","apiName":"sharepointonline"},"shared_office365":{"connectionName":"shared-office365-3a7ea384-0e30-41c1-84d1-ef8e2f665ee7","source":"Embedded","id":"/providers/Microsoft.PowerApps/apis/shared_office365","tier":"NotSpecified","apiName":"office365"}},"flowFailureAlertSubscribed":false,"isManaged":false}}