<environmentvariabledefinition schemaname="hr365_Application_URLEO365">
  <defaultvalue>https://cubicdirect.sharepoint.com/sites/EO365_AC20BO/SitePages/EO365.aspx#/</defaultvalue>
  <displayname default="Application_URL(EO365)">
    <label description="Application_URL(EO365)" languagecode="1033" />
  </displayname>
  <introducedversion>13.24.0130.1141</introducedversion>
  <iscustomizable>1</iscustomizable>
  <isrequired>0</isrequired>
  <secretstore>0</secretstore>
  <type>100000000</type>
</environmentvariabledefinition>