<environmentvariabledefinition schemaname="hrms365_CalendarIDHRMS365">
  <defaultvalue>Calendar</defaultvalue>
  <description default="HRMS New variable for CalendarId(hr365_CalendarId)">
    <label description="HRMS New variable for CalendarId(hr365_CalendarId)" languagecode="1033" />
  </description>
  <displayname default="CalendarID (HRMS365)">
    <label description="CalendarID (HRMS365)" languagecode="1033" />
  </displayname>
  <introducedversion>25.0825.1347.8</introducedversion>
  <iscustomizable>1</iscustomizable>
  <isrequired>0</isrequired>
  <secretstore>0</secretstore>
  <type>100000000</type>
</environmentvariabledefinition>