{
  "properties": {
    "connectionReferences": {
      "shared_sharepointonline": {
        "runtimeSource": "embedded",
        "connection": {
          "connectionReferenceLogicalName": "hr365_sharedsharepointonline_fbf4e"
        },
        "api": {
          "name": "shared_sharepointonline"
        }
      },
      "shared_sharepointonline_1": {
        "runtimeSource": "embedded",
        "connection": {
          "connectionReferenceLogicalName": "hr365_sharedsharepointonline_fbf4e"
        },
        "api": {
          "name": "shared_sharepointonline"
        }
      },
      "shared_office365": {
        "runtimeSource": "embedded",
        "connection": {
          "connectionReferenceLogicalName": "hr365_sharedoffice365_773c0"
        },
        "api": {
          "name": "shared_office365"
        }
      }
    },
    "definition": {
      "$schema": "https://schema.management.azure.com/providers/Microsoft.Logic/schemas/2016-06-01/workflowdefinition.json#",
      "contentVersion": "1.0.0.0",
      "parameters": {
        "$connections": {
          "defaultValue": {},
          "type": "Object"
        },
        "$authentication": {
          "defaultValue": {},
          "type": "SecureObject"
        },
        "TMS Site URL (hr365_SiteURL)": {
          "defaultValue": "https://xzm41.sharepoint.com/sites/TMS-FlowTesting",
          "type": "String",
          "metadata": {
            "schemaName": "hr365_SiteURL"
          }
        },
        "TMS App URL (hr365_AppURL)": {
          "defaultValue": "https://xzm41.sharepoint.com/sites/TMS-FlowTesting/SitePages/TMS-FlowTesting.aspx",
          "type": "String",
          "metadata": {
            "schemaName": "hr365_AppURL"
          }
        }
      },
      "triggers": {
        "Recurrence": {
          "recurrence": {
            "frequency": "Month",
            "interval": 1
          },
          "evaluatedRecurrence": {
            "frequency": "Month",
            "interval": 1
          },
          "metadata": {
            "operationMetadataId": "00b3e782-7245-4b15-b506-0b3708c411c5"
          },
          "type": "Recurrence"
        }
      },
      "actions": {
        "Application_URL": {
          "runAfter": {},
          "metadata": {
            "operationMetadataId": "a475942c-714e-4bb6-87d5-e7280b2828d6"
          },
          "type": "InitializeVariable",
          "inputs": {
            "variables": [
              {
                "name": "Application URL",
                "type": "string",
                "value": "@parameters('TMS App URL (hr365_AppURL)')"
              }
            ]
          }
        },
        "Send_an_HTTP_request_to_SharePoint": {
          "runAfter": {
            "TaskReminderNotification3Tog": [
              "Succeeded"
            ]
          },
          "metadata": {
            "operationMetadataId": "1ae60710-90e4-4adf-80da-96602c919107"
          },
          "type": "OpenApiConnection",
          "inputs": {
            "host": {
              "connectionName": "shared_sharepointonline",
              "operationId": "HttpRequest",
              "apiId": "/providers/Microsoft.PowerApps/apis/shared_sharepointonline"
            },
            "parameters": {
              "dataset": "@parameters('TMS Site URL (hr365_SiteURL)')",
              "parameters/method": "GET",
              "parameters/uri": "_api/web/lists/getbytitle('HR365TMSSettings')/items?$select=Created,License,Language,Settings,ID,Version,OldGuid,Id,UpdatedLanguages,FirstTimeInstallation,IntegrationToogle,NotificationSettings,ReminderNotifications",
              "parameters/headers": {
                "accept": "application/json;odata=verbose",
                "content-type": "application/json;odata=verbose"
              }
            },
            "authentication": "@parameters('$authentication')"
          }
        },
        "Compose": {
          "runAfter": {
            "Send_an_HTTP_request_to_SharePoint": [
              "Succeeded"
            ]
          },
          "metadata": {
            "operationMetadataId": "1536f879-9e6c-413a-a0ad-29b8aa995231"
          },
          "type": "Compose",
          "inputs": "@body('Send_an_HTTP_request_to_SharePoint')"
        },
        "Compose_2": {
          "runAfter": {
            "Compose": [
              "Succeeded"
            ]
          },
          "metadata": {
            "operationMetadataId": "6b5a0740-dca1-4321-93da-3f6b0678d178"
          },
          "type": "Compose",
          "inputs": "@json(outputs('Send_an_HTTP_request_to_SharePoint')?['body']?['d']?['results'][0]['ReminderNotifications'])"
        },
        "ReminderNotifications": {
          "runAfter": {
            "Initialize_variable_2": [
              "Succeeded"
            ]
          },
          "metadata": {
            "operationMetadataId": "cbd74b73-6774-419f-b007-ee86c7422d1e"
          },
          "type": "InitializeVariable",
          "inputs": {
            "variables": [
              {
                "name": "ReminderNotifications",
                "type": "string",
                "value": "@{outputs('Compose_2')}"
              }
            ]
          }
        },
        "Compose_3": {
          "runAfter": {
            "ReminderNotifications": [
              "Succeeded"
            ]
          },
          "metadata": {
            "operationMetadataId": "5bc8582f-a3dd-4c95-be38-39f918582b2b"
          },
          "type": "Compose",
          "inputs": "@variables('ReminderNotifications')"
        },
        "Apply_to_each": {
          "foreach": "@outputs('Compose_2')",
          "actions": {
            "Set_Variable_Task_Reminder1": {
              "runAfter": {},
              "metadata": {
                "operationMetadataId": "4e3668d7-2f01-41a3-a05f-46cc57f798e1"
              },
              "type": "SetVariable",
              "inputs": {
                "name": "TaskReminderNotification1",
                "value": "@{items('Apply_to_each')?['TaskReminderNotification1']}"
              }
            },
            "Set_variable_Task_Reminder2": {
              "runAfter": {
                "Set_variable_Task_Reminder_Toggle1": [
                  "Succeeded"
                ]
              },
              "metadata": {
                "operationMetadataId": "4d861d51-6d98-434a-8934-4079c6c7c5d7"
              },
              "type": "SetVariable",
              "inputs": {
                "name": "TaskReminderNotification2",
                "value": "@{items('Apply_to_each')?['TaskReminderNotification2']}"
              }
            },
            "Set_variable_Task_Reminder3": {
              "runAfter": {
                "Set_variable_Task_Reminder_Toggle_2": [
                  "Succeeded"
                ]
              },
              "metadata": {
                "operationMetadataId": "fa580e64-c80f-493c-8f31-9a7b83282d22"
              },
              "type": "SetVariable",
              "inputs": {
                "name": "TaskReminderNotification3",
                "value": "@{items('Apply_to_each')?['TaskReminderNotification3']}"
              }
            },
            "Set_variable_Task_Reminder_Toggle1": {
              "runAfter": {
                "set_Variable_Task_Reminder_1_ANd_1": [
                  "Succeeded"
                ]
              },
              "metadata": {
                "operationMetadataId": "3f832dbb-4fde-4acb-93cb-6a5e569af9d5"
              },
              "type": "SetVariable",
              "inputs": {
                "name": "TaskReminderNotification1Tog",
                "value": "@{items('Apply_to_each')?['TaskReminderNotification1Tog']}"
              }
            },
            "Set_variable_Task_Reminder_Toggle_2": {
              "runAfter": {
                "Set_variable_Task_Reminder2": [
                  "Succeeded"
                ]
              },
              "metadata": {
                "operationMetadataId": "f6f65af2-1475-4501-a7a6-8b8a544c50b7"
              },
              "type": "SetVariable",
              "inputs": {
                "name": "TaskReminderNotification2Tog",
                "value": "@{items('Apply_to_each')?['TaskReminderNotification2Tog']}"
              }
            },
            "Set_variable_Task_Reminder_Toggle3": {
              "runAfter": {
                "Set_variable_Task_Reminder3": [
                  "Succeeded"
                ]
              },
              "metadata": {
                "operationMetadataId": "348116b0-b95c-47f1-96a5-899684f1f785"
              },
              "type": "SetVariable",
              "inputs": {
                "name": "TaskReminderNotification3Tog",
                "value": "@{items('Apply_to_each')?['TaskReminderNotification3Tog']}"
              }
            },
            "set_Variable_Task_Reminder_1_ANd_1": {
              "runAfter": {
                "Set_Variable_Task_Reminder1": [
                  "Succeeded"
                ]
              },
              "metadata": {
                "operationMetadataId": "c154cbff-1951-4ddc-9ecc-8389edac03cf"
              },
              "type": "SetVariable",
              "inputs": {
                "name": "TaskReminderNotification1And1",
                "value": "@{add(int(items('Apply_to_each')?['TaskReminderNotification1']), 1)\r\n}"
              }
            }
          },
          "runAfter": {
            "Compose_2": [
              "Succeeded"
            ]
          },
          "metadata": {
            "operationMetadataId": "35bf6d48-e3ee-488f-bf8f-c760cec8ba29"
          },
          "type": "Foreach"
        },
        "TaskReminderNotification1": {
          "runAfter": {
            "Get_items": [
              "Succeeded"
            ]
          },
          "metadata": {
            "operationMetadataId": "34d06667-69e1-49aa-bc5b-e4d507833edd"
          },
          "type": "InitializeVariable",
          "inputs": {
            "variables": [
              {
                "name": "TaskReminderNotification1",
                "type": "string"
              }
            ]
          }
        },
        "TaskReminderNotification2": {
          "runAfter": {
            "TaskReminderNotification1Tog": [
              "Succeeded"
            ]
          },
          "metadata": {
            "operationMetadataId": "67f7266f-cd1f-4793-9382-eed096d2d57d"
          },
          "type": "InitializeVariable",
          "inputs": {
            "variables": [
              {
                "name": "TaskReminderNotification2",
                "type": "string"
              }
            ]
          }
        },
        "TaskReminderNotification3": {
          "runAfter": {
            "TaskReminderNotification2Tog": [
              "Succeeded"
            ]
          },
          "metadata": {
            "operationMetadataId": "bec809ae-0097-4537-9433-9b254606e4fe"
          },
          "type": "InitializeVariable",
          "inputs": {
            "variables": [
              {
                "name": "TaskReminderNotification3",
                "type": "string"
              }
            ]
          }
        },
        "TaskReminderNotification1Tog": {
          "runAfter": {
            "TaskReminderNotification1And1": [
              "Succeeded"
            ]
          },
          "metadata": {
            "operationMetadataId": "dbf0a454-e788-484f-b3fe-eb24c4acb675"
          },
          "type": "InitializeVariable",
          "inputs": {
            "variables": [
              {
                "name": "TaskReminderNotification1Tog",
                "type": "string"
              }
            ]
          }
        },
        "TaskReminderNotification2Tog": {
          "runAfter": {
            "TaskReminderNotification2": [
              "Succeeded"
            ]
          },
          "metadata": {
            "operationMetadataId": "b6f30cd1-d62e-4722-b455-dc7161ef2a00"
          },
          "type": "InitializeVariable",
          "inputs": {
            "variables": [
              {
                "name": "TaskReminderNotification2Tog",
                "type": "string"
              }
            ]
          }
        },
        "TaskReminderNotification3Tog": {
          "runAfter": {
            "TaskReminderNotification3": [
              "Succeeded"
            ]
          },
          "metadata": {
            "operationMetadataId": "8afc1fbf-d85e-4be4-8be1-a2f211c37b56"
          },
          "type": "InitializeVariable",
          "inputs": {
            "variables": [
              {
                "name": "TaskReminderNotification3Tog",
                "type": "string"
              }
            ]
          }
        },
        "Compose_4": {
          "runAfter": {
            "Compose_3": [
              "Succeeded"
            ]
          },
          "metadata": {
            "operationMetadataId": "88308fcc-815a-40ba-b251-c7f41a85d75f"
          },
          "type": "Compose",
          "inputs": "@formatDateTime(addDays(utcNow(), 30), 'MM/dd/yyyy')"
        },
        "Get_items": {
          "runAfter": {
            "Compose_8": [
              "Succeeded"
            ]
          },
          "metadata": {
            "operationMetadataId": "6e9a88f4-84c5-4acb-814f-a1f4eca56b87"
          },
          "type": "OpenApiConnection",
          "inputs": {
            "host": {
              "connectionName": "shared_sharepointonline",
              "operationId": "GetItems",
              "apiId": "/providers/Microsoft.PowerApps/apis/shared_sharepointonline"
            },
            "parameters": {
              "dataset": "@parameters('TMS Site URL (hr365_SiteURL)')",
              "table": "HR365TSTasks",
              "$filter": "TaskStatus ne 'Completed' ",
              "$top": 5000
            },
            "authentication": "@parameters('$authentication')"
          }
        },
        "Task_EndDate": {
          "runAfter": {
            "Apply_to_each": [
              "Succeeded"
            ]
          },
          "metadata": {
            "operationMetadataId": "17341e25-4dba-4b64-9a36-a3e0a33d6672"
          },
          "type": "InitializeVariable",
          "inputs": {
            "variables": [
              {
                "name": "Task EndDate",
                "type": "string"
              }
            ]
          }
        },
        "Task_Status": {
          "runAfter": {
            "Task_EndDate": [
              "Succeeded"
            ]
          },
          "metadata": {
            "operationMetadataId": "58dcecc6-dc81-4b86-a522-d98f1de6cb97"
          },
          "type": "InitializeVariable",
          "inputs": {
            "variables": [
              {
                "name": "Task Status",
                "type": "string"
              }
            ]
          }
        },
        "Apply_to_each_11": {
          "foreach": "@outputs('Get_items')?['body/value']",
          "actions": {},
          "runAfter": {
            "Compose_10": [
              "Succeeded"
            ]
          },
          "metadata": {
            "operationMetadataId": "ab2b2e7a-e750-486c-9da9-0d582c436e77"
          },
          "type": "Foreach"
        },
        "Compose_8": {
          "runAfter": {
            "Set_variable_3": [
              "Succeeded"
            ]
          },
          "metadata": {
            "operationMetadataId": "c8ff1c0d-5438-46ef-846b-513f08043c02"
          },
          "type": "Compose",
          "inputs": "@body('Send_an_HTTP_request_to_SharePoint_3')"
        },
        "Task_Reminder_Notifcation": {
          "actions": {
            "Get_items_2": {
              "runAfter": {},
              "metadata": {
                "operationMetadataId": "8cc90e68-b667-4a8e-b314-59ca788fde59"
              },
              "type": "OpenApiConnection",
              "inputs": {
                "host": {
                  "connectionName": "shared_sharepointonline_1",
                  "operationId": "GetItems",
                  "apiId": "/providers/Microsoft.PowerApps/apis/shared_sharepointonline"
                },
                "parameters": {
                  "dataset": "@parameters('TMS Site URL (hr365_SiteURL)')",
                  "table": "HR365TSTasks",
                  "$filter": "(\n  DueDate ge '@{formatDateTime(addDays(convertTimeZone(utcNow(), 'UTC', 'India Standard Time'), int(variables('TaskReminderNotification1'))), 'yyyy-MM-ddT00:00:00Z')}'\n  and \n  DueDate lt '@{formatDateTime(addDays(convertTimeZone(utcNow(), 'UTC', 'India Standard Time'), add(int(variables('TaskReminderNotification1')), 1)), 'yyyy-MM-ddT00:00:00Z')}'\n)\nor \nDueDate eq '@{formatDateTime(addDays(convertTimeZone(utcNow(), 'UTC', 'India Standard Time'), int(variables('TaskReminderNotification1'))), 'MM/dd/yyyy')}'\nand \nTaskStatus ne 'Completed'\n",
                  "$top": 5000
                },
                "authentication": "@parameters('$authentication')"
              }
            },
            "Compose_5": {
              "runAfter": {
                "Get_items_2": [
                  "Succeeded"
                ]
              },
              "metadata": {
                "operationMetadataId": "f69019c2-3586-4303-aee0-2b4b61bc64d7"
              },
              "type": "Compose",
              "inputs": "@length(outputs('Get_items_2')?['body/value'])"
            },
            "Condition": {
              "actions": {
                "Apply_to_each_3": {
                  "foreach": "@outputs('Get_items_2')?['body/value']",
                  "actions": {
                    "Compose_11": {
                      "runAfter": {},
                      "metadata": {
                        "operationMetadataId": "57ee3265-317e-435d-ab9f-958535bc3f3e"
                      },
                      "type": "Compose",
                      "inputs": "@items('Apply_to_each_3')?['Task']"
                    },
                    "Create_HTML_table_4": {
                      "runAfter": {
                        "Compose_7": [
                          "Succeeded"
                        ]
                      },
                      "metadata": {
                        "operationMetadataId": "ac16e720-eba7-4672-b79f-98e5696e5700"
                      },
                      "type": "Table",
                      "inputs": {
                        "from": "@outputs('Compose_7')",
                        "format": "HTML"
                      }
                    },
                    "CSS_4": {
                      "runAfter": {
                        "Create_HTML_table_4": [
                          "Succeeded"
                        ]
                      },
                      "metadata": {
                        "operationMetadataId": "df8e12a2-cff3-4f9d-b096-0978a6268f71"
                      },
                      "type": "Compose",
                      "inputs": "<style>\ntable {\n  border: 1px solid #1C6EA4;\n  background-color: #ffffff;\n  width: 100%;\n  text-align: left;\n  border-collapse: collapse;\n}\ntable td, table th {\n  border: 1px solid #AAAAAA;\n  padding: 3px 2px;\n}\ntable tbody td {\n font-size: 11px;\n padding:5px 5px;\n}\ntable thead {\n  background: #2179b3;\n  border-bottom: 2px solid #444444;\n  color: #ffffff;\n}\ntable thead th {\n  font-size: 12px;\n  font-weight: bold;\n  color: #FFFFFF;\n  padding: 2px 2px 2px 5px;\n  border-left: 2px solid #D0E4F5;\n}\ntable thead th:first-child {\n  border-left: none;\n}\n</style>"
                    },
                    "Compose_12": {
                      "runAfter": {
                        "CSS_4": [
                          "Succeeded"
                        ]
                      },
                      "metadata": {
                        "operationMetadataId": "52cebe2e-9c88-4fc9-ad5c-a9059034e231"
                      },
                      "type": "Compose",
                      "inputs": "@body('Create_HTML_table_4')"
                    },
                    "Compose_13": {
                      "runAfter": {
                        "Compose_11": [
                          "Succeeded"
                        ]
                      },
                      "metadata": {
                        "operationMetadataId": "a9393981-cc92-400d-9eab-bafaaa1dc499"
                      },
                      "type": "Compose",
                      "inputs": "@items('Apply_to_each_3')?['AssignedToUser']"
                    },
                    "Apply_to_each_4": {
                      "foreach": "@items('Apply_to_each_3')?['AssignedToUser']",
                      "actions": {
                        "Compose_14": {
                          "runAfter": {},
                          "metadata": {
                            "operationMetadataId": "26df76e7-5d04-4e64-a186-823b7ac77fdb"
                          },
                          "type": "Compose",
                          "inputs": "@items('Apply_to_each_4')?['Email']"
                        },
                        "Append_to_array_variable": {
                          "runAfter": {
                            "Compose_14": [
                              "Succeeded"
                            ]
                          },
                          "metadata": {
                            "operationMetadataId": "52533e86-a1f6-4fe7-8e43-2f55a64f2b62"
                          },
                          "type": "AppendToArrayVariable",
                          "inputs": {
                            "name": "AssignedToEmail",
                            "value": "@outputs('Compose_14')"
                          }
                        }
                      },
                      "runAfter": {
                        "Set_variable_4": [
                          "Succeeded"
                        ]
                      },
                      "metadata": {
                        "operationMetadataId": "25c444f1-f5ed-4987-a960-6d9dc6c413cf"
                      },
                      "type": "Foreach"
                    },
                    "Compose_15": {
                      "runAfter": {
                        "Apply_to_each_4": [
                          "Succeeded"
                        ]
                      },
                      "metadata": {
                        "operationMetadataId": "9a75b145-cfc3-4191-8f3f-a61a591bdf38"
                      },
                      "type": "Compose",
                      "inputs": "@variables('AssignedToEmail')"
                    },
                    "Send_an_email_(V2)": {
                      "runAfter": {
                        "Compose_16": [
                          "Succeeded"
                        ]
                      },
                      "metadata": {
                        "operationMetadataId": "4c386d69-2771-496b-9510-bf6a31a70323"
                      },
                      "type": "OpenApiConnection",
                      "inputs": {
                        "host": {
                          "connectionName": "shared_office365",
                          "operationId": "SendEmailV2",
                          "apiId": "/providers/Microsoft.PowerApps/apis/shared_office365"
                        },
                        "parameters": {
                          "emailMessage/To": "@outputs('Compose_16')",
                          "emailMessage/Subject": "@variables('Notification Task Email Subject')",
                          "emailMessage/Body": "<p>@{outputs('CSS_4')}@{replace(replace(variables('Notification Task Email Body'), '[TaskRemainderDetails]', outputs('compose_12')),'[TaskName]', outputs('compose_11'))}</p>",
                          "emailMessage/Importance": "Normal"
                        },
                        "authentication": "@parameters('$authentication')"
                      }
                    },
                    "Compose_7": {
                      "runAfter": {
                        "Switch": [
                          "Succeeded"
                        ]
                      },
                      "metadata": {
                        "operationMetadataId": "c131a807-49d4-4847-b806-1e2e7b3d7e0c"
                      },
                      "type": "Compose",
                      "inputs": [
                        {
                          "Task Name": "@items('Apply_to_each_3')?['Task']",
                          "Status": "@variables('Progress')",
                          "Due Date": "@formatDateTime(items('Apply_to_each_3')?['DueDate'], 'MM-dd-yyyy')"
                        }
                      ]
                    },
                    "Compose_16": {
                      "runAfter": {
                        "Compose_12": [
                          "Succeeded"
                        ]
                      },
                      "metadata": {
                        "operationMetadataId": "23cb53fa-a554-4314-9078-f5f281bc66c2"
                      },
                      "type": "Compose",
                      "inputs": "@join(variables('AssignedToEmail'), ';')"
                    },
                    "Set_variable_4": {
                      "runAfter": {
                        "Compose_13": [
                          "Succeeded"
                        ]
                      },
                      "metadata": {
                        "operationMetadataId": "79845f87-6c6d-4c7b-a4ba-d815a179979a"
                      },
                      "type": "SetVariable",
                      "inputs": {
                        "name": "AssignedToEmail",
                        "value": []
                      }
                    },
                    "Switch": {
                      "runAfter": {
                        "Set_variable_7": [
                          "Succeeded"
                        ]
                      },
                      "cases": {
                        "Case": {
                          "case": "4eff169e-98cc-4785-92a6-af713600b24a",
                          "actions": {
                            "Set_variable_8": {
                              "runAfter": {},
                              "metadata": {
                                "operationMetadataId": "1ff0b4d7-f06e-420a-afa4-76933a259cbf"
                              },
                              "type": "SetVariable",
                              "inputs": {
                                "name": "Progress",
                                "value": "Not Started"
                              }
                            }
                          }
                        },
                        "Case_2": {
                          "case": "d7688e5c-7469-4f28-96f8-9a7cdcb9ee49",
                          "actions": {
                            "Set_variable_9": {
                              "runAfter": {},
                              "metadata": {
                                "operationMetadataId": "f42f6ed2-5ed8-45ff-aed2-7a90683358d9"
                              },
                              "type": "SetVariable",
                              "inputs": {
                                "name": "Progress",
                                "value": "In Progress"
                              }
                            }
                          }
                        },
                        "Case_3": {
                          "case": "7535707e-ee15-4527-bbdf-f75ac794f30d",
                          "actions": {
                            "Set_variable_10": {
                              "runAfter": {},
                              "metadata": {
                                "operationMetadataId": "98a0e07a-78b4-4dfc-ac96-143e6af964df"
                              },
                              "type": "SetVariable",
                              "inputs": {
                                "name": "Progress",
                                "value": "Completed"
                              }
                            }
                          }
                        }
                      },
                      "default": {
                        "actions": {}
                      },
                      "expression": "@variables('Progress')",
                      "metadata": {
                        "operationMetadataId": "bd36f379-1083-4df9-92eb-bef470c4a667"
                      },
                      "type": "Switch"
                    },
                    "Set_variable_7": {
                      "runAfter": {
                        "Compose_15": [
                          "Succeeded"
                        ]
                      },
                      "metadata": {
                        "operationMetadataId": "3090008d-39dd-4a98-98a8-9a1235c33c96"
                      },
                      "type": "SetVariable",
                      "inputs": {
                        "name": "Progress",
                        "value": "@{items('Apply_to_each_3')?['Progress']}"
                      }
                    }
                  },
                  "runAfter": {},
                  "metadata": {
                    "operationMetadataId": "35bf6d48-e3ee-488f-bf8f-c760cec8ba29"
                  },
                  "type": "Foreach"
                }
              },
              "runAfter": {
                "Compose_5": [
                  "Succeeded"
                ]
              },
              "expression": {
                "greater": [
                  "@length(outputs('Get_items_2')?['body/value'])",
                  0
                ]
              },
              "metadata": {
                "operationMetadataId": "321af798-91ea-45d3-8131-4ff7f4ee0229"
              },
              "type": "If"
            }
          },
          "runAfter": {
            "Initialize_variable_4": [
              "Succeeded"
            ]
          },
          "expression": {
            "equals": [
              "@variables('TaskReminderNotification1Tog')",
              "Yes"
            ]
          },
          "metadata": {
            "operationMetadataId": "7af37e3f-5e68-41ce-b654-4e33f0a9dd72"
          },
          "type": "If"
        },
        "TaskReminderNotification1And1": {
          "runAfter": {
            "TaskReminderNotification1": [
              "Succeeded"
            ]
          },
          "metadata": {
            "operationMetadataId": "a9b488cf-0da2-4f39-a711-d28651439470"
          },
          "type": "InitializeVariable",
          "inputs": {
            "variables": [
              {
                "name": "TaskReminderNotification1And1",
                "type": "string"
              }
            ]
          }
        },
        "Others__Notification_Task_Present_1": {
          "runAfter": {
            "Notification_Task_Email_Subject": [
              "Succeeded"
            ]
          },
          "metadata": {
            "operationMetadataId": "5e07a26d-7d15-4fbb-a087-273da44dda1d"
          },
          "type": "InitializeVariable",
          "inputs": {
            "variables": [
              {
                "name": "Others  Notification Task Present 1",
                "type": "boolean",
                "value": false
              }
            ]
          }
        },
        "Others__Notification_Task_Present_2": {
          "runAfter": {
            "Others__Notification_Task_Present_1": [
              "Succeeded"
            ]
          },
          "metadata": {
            "operationMetadataId": "5e07a26d-7d15-4fbb-a087-273da44dda1d"
          },
          "type": "InitializeVariable",
          "inputs": {
            "variables": [
              {
                "name": "Others  Notification Task Present 2",
                "type": "boolean",
                "value": false
              }
            ]
          }
        },
        "Others__Notification_Task_Present_3": {
          "runAfter": {
            "Others__Notification_Task_Present_2": [
              "Succeeded"
            ]
          },
          "metadata": {
            "operationMetadataId": "5e07a26d-7d15-4fbb-a087-273da44dda1d"
          },
          "type": "InitializeVariable",
          "inputs": {
            "variables": [
              {
                "name": "Others  Notification Task Present 3",
                "type": "boolean",
                "value": false
              }
            ]
          }
        },
        "Send_an_HTTP_request_to_SharePoint_3": {
          "runAfter": {
            "Application_URL": [
              "Succeeded"
            ]
          },
          "metadata": {
            "operationMetadataId": "c6de6dfb-8dba-4824-bda2-15758c1bfe12"
          },
          "type": "OpenApiConnection",
          "inputs": {
            "host": {
              "connectionName": "shared_sharepointonline",
              "operationId": "HttpRequest",
              "apiId": "/providers/Microsoft.PowerApps/apis/shared_sharepointonline"
            },
            "parameters": {
              "dataset": "@parameters('TMS Site URL (hr365_SiteURL)')",
              "parameters/method": "GET",
              "parameters/uri": "_api/web/lists/getbytitle('HR365TSTasks')/items?$select=*&$top=5000",
              "parameters/headers": {
                "Accept": "application/json;odata=verbose",
                "content-type": "application/json;odata=verbose"
              }
            },
            "authentication": "@parameters('$authentication')"
          }
        },
        "Send_an_HTTP_request_to_SharePoint_2": {
          "runAfter": {
            "Send_an_HTTP_request_to_SharePoint_3": [
              "Succeeded"
            ]
          },
          "metadata": {
            "operationMetadataId": "c6de6dfb-8dba-4824-bda2-15758c1bfe12"
          },
          "type": "OpenApiConnection",
          "inputs": {
            "host": {
              "connectionName": "shared_sharepointonline",
              "operationId": "HttpRequest",
              "apiId": "/providers/Microsoft.PowerApps/apis/shared_sharepointonline"
            },
            "parameters": {
              "dataset": "@parameters('TMS Site URL (hr365_SiteURL)')",
              "parameters/method": "GET",
              "parameters/uri": "_api/web/lists/getbytitle('HR365TMSEmailTemplates')/items?$select=*&$filter=EmailTemplate eq 'Email-TaskAssigned-Reminder'&$top=5000",
              "parameters/headers": {
                "Accept": "application/json;odata=verbose",
                "content-type": "application/json;odata=verbose"
              }
            },
            "authentication": "@parameters('$authentication')"
          }
        },
        "set_Email_Template_Data": {
          "runAfter": {
            "Initialize_variable": [
              "Succeeded"
            ]
          },
          "metadata": {
            "operationMetadataId": "7d34824b-cc71-46f4-a4be-016950f5a654"
          },
          "type": "InitializeVariable",
          "inputs": {
            "variables": [
              {
                "name": "Email Template Data",
                "type": "string"
              }
            ]
          }
        },
        "Set_Notification_Task_Email_Body": {
          "runAfter": {
            "set_Email_Template_Data": [
              "Succeeded"
            ]
          },
          "metadata": {
            "operationMetadataId": "7d34824b-cc71-46f4-a4be-016950f5a654"
          },
          "type": "InitializeVariable",
          "inputs": {
            "variables": [
              {
                "name": "Notification Task Email Body",
                "type": "string"
              }
            ]
          }
        },
        "Notification_Task_Email_Subject": {
          "runAfter": {
            "Set_Notification_Task_Email_Body": [
              "Succeeded"
            ]
          },
          "metadata": {
            "operationMetadataId": "c1b3085d-dc37-4269-8494-9f7058b9eb99"
          },
          "type": "InitializeVariable",
          "inputs": {
            "variables": [
              {
                "name": "Notification Task Email Subject",
                "type": "string"
              }
            ]
          }
        },
        "Compose_6": {
          "runAfter": {
            "Send_an_HTTP_request_to_SharePoint_2": [
              "Succeeded"
            ]
          },
          "metadata": {
            "operationMetadataId": "8585a45b-3c4b-4420-a7c3-e47c7c8487fc"
          },
          "type": "Compose",
          "inputs": "@body('Send_an_HTTP_request_to_SharePoint_2')"
        },
        "Set_variable_2": {
          "runAfter": {
            "Others__Notification_Task_Present_3": [
              "Succeeded"
            ]
          },
          "metadata": {
            "operationMetadataId": "6afb1f71-3fe7-43a7-84eb-6a33116ac1a6"
          },
          "type": "SetVariable",
          "inputs": {
            "name": "Notification Task Email Subject",
            "value": "@{outputs('Send_an_HTTP_request_to_SharePoint_2')?['body']?['d']?['results'][0]['EmailSubject']}"
          }
        },
        "Set_variable": {
          "runAfter": {
            "Set_variable_2": [
              "Succeeded"
            ]
          },
          "metadata": {
            "operationMetadataId": "8f6e3c88-b192-4b6e-96e1-00d616b4ee58"
          },
          "type": "SetVariable",
          "inputs": {
            "name": "Notification Task Email Body",
            "value": "@{outputs('Send_an_HTTP_request_to_SharePoint_2')?['body']?['d']?['results'][0]['EmailBody']}"
          }
        },
        "Set_variable_3": {
          "runAfter": {
            "Set_variable": [
              "Succeeded"
            ]
          },
          "metadata": {
            "operationMetadataId": "49d00724-5328-4379-b9f8-97dfd5151593"
          },
          "type": "SetVariable",
          "inputs": {
            "name": "Email Template Data",
            "value": "@{outputs('Send_an_HTTP_request_to_SharePoint_2')?['body']?['d']?['results'][0]}"
          }
        },
        "Compose_9": {
          "runAfter": {
            "Compose_4": [
              "Succeeded"
            ]
          },
          "metadata": {
            "operationMetadataId": "7099b33c-8838-4398-8935-91a79ad1a83a"
          },
          "type": "Compose",
          "inputs": "@variables('TaskReminderNotification1')"
        },
        "Compose_10": {
          "runAfter": {
            "Compose_9": [
              "Succeeded"
            ]
          },
          "metadata": {
            "operationMetadataId": "888a9806-547e-4644-81a5-cc79b91334dd"
          },
          "type": "Compose",
          "inputs": "@formatDateTime(addDays(utcNow(), int(variables('TaskReminderNotification1'))), 'yyyy-MM-ddT00:00:00Z')"
        },
        "Initialize_variable": {
          "runAfter": {
            "Compose_6": [
              "Succeeded"
            ]
          },
          "metadata": {
            "operationMetadataId": "fd07fa7c-abeb-4c8c-bb76-f6688f280f63"
          },
          "type": "InitializeVariable",
          "inputs": {
            "variables": [
              {
                "name": "AssignedToEmail",
                "type": "array"
              }
            ]
          }
        },
        "Initialize_variable_2": {
          "runAfter": {
            "Task_Status": [
              "Succeeded"
            ]
          },
          "metadata": {
            "operationMetadataId": "a37a418d-86fb-42ca-b928-deb2c8122cb2"
          },
          "type": "InitializeVariable",
          "inputs": {
            "variables": [
              {
                "name": "Email",
                "type": "array"
              }
            ]
          }
        },
        "Initialize_variable_3": {
          "runAfter": {
            "Apply_to_each_11": [
              "Succeeded"
            ]
          },
          "metadata": {
            "operationMetadataId": "8d43b470-5ab9-467a-bb2b-059f1bd7b503"
          },
          "type": "InitializeVariable",
          "inputs": {
            "variables": [
              {
                "name": "TaskData",
                "type": "object",
                "value": {}
              }
            ]
          }
        },
        "Task_Reminder_Notifcation_2": {
          "actions": {
            "Get_items_3": {
              "runAfter": {},
              "metadata": {
                "operationMetadataId": "8cc90e68-b667-4a8e-b314-59ca788fde59"
              },
              "type": "OpenApiConnection",
              "inputs": {
                "host": {
                  "connectionName": "shared_sharepointonline_1",
                  "operationId": "GetItems",
                  "apiId": "/providers/Microsoft.PowerApps/apis/shared_sharepointonline"
                },
                "parameters": {
                  "dataset": "@parameters('TMS Site URL (hr365_SiteURL)')",
                  "table": "HR365TSTasks",
                  "$filter": "((DueDate ge '@{formatDateTime(addDays(utcNow(), int(variables('TaskReminderNotification2'))), 'yyyy-MM-ddT00:00:00Z')}' and \n  DueDate lt '@{formatDateTime(addDays(utcNow(), add(int(variables('TaskReminderNotification2')), 1)), 'yyyy-MM-ddT00:00:00Z')}') or \n  DueDate eq '@{formatDateTime(addDays(utcNow(), int(variables('TaskReminderNotification2'))), 'MM/dd/yyyy')}') and \n TaskStatus ne 'Completed'",
                  "$top": 5000
                },
                "authentication": "@parameters('$authentication')"
              }
            },
            "Compose_17": {
              "runAfter": {
                "Get_items_3": [
                  "Succeeded"
                ]
              },
              "metadata": {
                "operationMetadataId": "f69019c2-3586-4303-aee0-2b4b61bc64d7"
              },
              "type": "Compose",
              "inputs": "@length(outputs('Get_items_3')?['body/value'])"
            },
            "Condition_2": {
              "actions": {
                "Apply_to_each_2": {
                  "foreach": "@outputs('Get_items_3')?['body/value']",
                  "actions": {
                    "Compose_18": {
                      "runAfter": {},
                      "metadata": {
                        "operationMetadataId": "57ee3265-317e-435d-ab9f-958535bc3f3e"
                      },
                      "type": "Compose",
                      "inputs": "@items('Apply_to_each_2')?['Task']"
                    },
                    "Create_HTML_table": {
                      "runAfter": {
                        "Compose_22": [
                          "Succeeded"
                        ]
                      },
                      "metadata": {
                        "operationMetadataId": "ac16e720-eba7-4672-b79f-98e5696e5700"
                      },
                      "type": "Table",
                      "inputs": {
                        "from": "@outputs('Compose_22')",
                        "format": "HTML"
                      }
                    },
                    "CSS": {
                      "runAfter": {
                        "Create_HTML_table": [
                          "Succeeded"
                        ]
                      },
                      "metadata": {
                        "operationMetadataId": "df8e12a2-cff3-4f9d-b096-0978a6268f71"
                      },
                      "type": "Compose",
                      "inputs": "<style>\ntable {\n  border: 1px solid #1C6EA4;\n  background-color: #ffffff;\n  width: 100%;\n  text-align: left;\n  border-collapse: collapse;\n}\ntable td, table th {\n  border: 1px solid #AAAAAA;\n  padding: 3px 2px;\n}\ntable tbody td {\n font-size: 11px;\n padding:5px 5px;\n}\ntable thead {\n  background: #2179b3;\n  border-bottom: 2px solid #444444;\n  color: #ffffff;\n}\ntable thead th {\n  font-size: 12px;\n  font-weight: bold;\n  color: #FFFFFF;\n  padding: 2px 2px 2px 5px;\n  border-left: 2px solid #D0E4F5;\n}\ntable thead th:first-child {\n  border-left: none;\n}\n</style>"
                    },
                    "Compose_19": {
                      "runAfter": {
                        "CSS": [
                          "Succeeded"
                        ]
                      },
                      "metadata": {
                        "operationMetadataId": "52cebe2e-9c88-4fc9-ad5c-a9059034e231"
                      },
                      "type": "Compose",
                      "inputs": "@body('Create_HTML_table')"
                    },
                    "Compose_20": {
                      "runAfter": {
                        "Compose_18": [
                          "Succeeded"
                        ]
                      },
                      "metadata": {
                        "operationMetadataId": "a9393981-cc92-400d-9eab-bafaaa1dc499"
                      },
                      "type": "Compose",
                      "inputs": "@items('Apply_to_each_2')?['AssignedToUser']"
                    },
                    "Apply_to_each_5": {
                      "foreach": "@items('Apply_to_each_2')?['AssignedToUser']",
                      "actions": {
                        "Compose_24": {
                          "runAfter": {},
                          "metadata": {
                            "operationMetadataId": "26df76e7-5d04-4e64-a186-823b7ac77fdb"
                          },
                          "type": "Compose",
                          "inputs": "@items('Apply_to_each_5')?['Email']"
                        },
                        "Append_to_array_variable_2": {
                          "runAfter": {
                            "Compose_24": [
                              "Succeeded"
                            ]
                          },
                          "metadata": {
                            "operationMetadataId": "52533e86-a1f6-4fe7-8e43-2f55a64f2b62"
                          },
                          "type": "AppendToArrayVariable",
                          "inputs": {
                            "name": "AssignedToEmail",
                            "value": "@outputs('Compose_24')"
                          }
                        }
                      },
                      "runAfter": {
                        "Set_variable_5": [
                          "Succeeded"
                        ]
                      },
                      "metadata": {
                        "operationMetadataId": "25c444f1-f5ed-4987-a960-6d9dc6c413cf"
                      },
                      "type": "Foreach"
                    },
                    "Compose_21": {
                      "runAfter": {
                        "Apply_to_each_5": [
                          "Succeeded"
                        ]
                      },
                      "metadata": {
                        "operationMetadataId": "9a75b145-cfc3-4191-8f3f-a61a591bdf38"
                      },
                      "type": "Compose",
                      "inputs": "@variables('AssignedToEmail')"
                    },
                    "Send_an_email_(V2)_2": {
                      "runAfter": {
                        "Compose_23": [
                          "Succeeded"
                        ]
                      },
                      "metadata": {
                        "operationMetadataId": "4c386d69-2771-496b-9510-bf6a31a70323"
                      },
                      "type": "OpenApiConnection",
                      "inputs": {
                        "host": {
                          "connectionName": "shared_office365",
                          "operationId": "SendEmailV2",
                          "apiId": "/providers/Microsoft.PowerApps/apis/shared_office365"
                        },
                        "parameters": {
                          "emailMessage/To": "@outputs('Compose_23')",
                          "emailMessage/Subject": "@variables('Notification Task Email Subject')",
                          "emailMessage/Body": "<p>@{outputs('CSS')}@{replace(replace(variables('Notification Task Email Body'), '[TaskRemainderDetails]', outputs('compose_19')), '[TaskName]', outputs('compose_18'))}</p>",
                          "emailMessage/Importance": "Normal"
                        },
                        "authentication": "@parameters('$authentication')"
                      }
                    },
                    "Compose_22": {
                      "runAfter": {
                        "Switch_2": [
                          "Succeeded"
                        ]
                      },
                      "metadata": {
                        "operationMetadataId": "c131a807-49d4-4847-b806-1e2e7b3d7e0c"
                      },
                      "type": "Compose",
                      "inputs": [
                        {
                          "Task Name": "@items('Apply_to_each_2')?['Task']",
                          "Status": "@variables('Progress')",
                          "Due Date": "@formatDateTime(items('Apply_to_each_2')?['DueDate'], 'MM-dd-yyyy')"
                        }
                      ]
                    },
                    "Compose_23": {
                      "runAfter": {
                        "Compose_19": [
                          "Succeeded"
                        ]
                      },
                      "metadata": {
                        "operationMetadataId": "1b1fac8c-aa55-4203-91b6-f1a353874f9b"
                      },
                      "type": "Compose",
                      "inputs": "@join(variables('AssignedToEmail'), ';')"
                    },
                    "Set_variable_5": {
                      "runAfter": {
                        "Compose_20": [
                          "Succeeded"
                        ]
                      },
                      "metadata": {
                        "operationMetadataId": "6b500bcc-ad27-4dd2-a9be-9ee364a9474d"
                      },
                      "type": "SetVariable",
                      "inputs": {
                        "name": "AssignedToEmail",
                        "value": []
                      }
                    },
                    "Set_variable_11": {
                      "runAfter": {
                        "Compose_21": [
                          "Succeeded"
                        ]
                      },
                      "metadata": {
                        "operationMetadataId": "3090008d-39dd-4a98-98a8-9a1235c33c96"
                      },
                      "type": "SetVariable",
                      "inputs": {
                        "name": "Progress",
                        "value": "@{items('Apply_to_each_2')?['Progress']}"
                      }
                    },
                    "Switch_2": {
                      "runAfter": {
                        "Set_variable_11": [
                          "Succeeded"
                        ]
                      },
                      "cases": {
                        "Case-1": {
                          "case": "4eff169e-98cc-4785-92a6-af713600b24a",
                          "actions": {
                            "Set_variable_12": {
                              "runAfter": {},
                              "metadata": {
                                "operationMetadataId": "1ff0b4d7-f06e-420a-afa4-76933a259cbf"
                              },
                              "type": "SetVariable",
                              "inputs": {
                                "name": "Progress",
                                "value": "Not Started"
                              }
                            }
                          }
                        },
                        "Case_2-1": {
                          "case": "d7688e5c-7469-4f28-96f8-9a7cdcb9ee49",
                          "actions": {
                            "Set_variable_13": {
                              "runAfter": {},
                              "metadata": {
                                "operationMetadataId": "f42f6ed2-5ed8-45ff-aed2-7a90683358d9"
                              },
                              "type": "SetVariable",
                              "inputs": {
                                "name": "Progress",
                                "value": "In Progress"
                              }
                            }
                          }
                        },
                        "Case_3-1": {
                          "case": "7535707e-ee15-4527-bbdf-f75ac794f30d",
                          "actions": {
                            "Set_variable_14": {
                              "runAfter": {},
                              "metadata": {
                                "operationMetadataId": "555c46c9-6d4a-4478-8684-52113f00d147"
                              },
                              "type": "SetVariable",
                              "inputs": {
                                "name": "Progress",
                                "value": "Completed"
                              }
                            }
                          }
                        }
                      },
                      "default": {
                        "actions": {}
                      },
                      "expression": "@variables('Progress')",
                      "metadata": {
                        "operationMetadataId": "bd36f379-1083-4df9-92eb-bef470c4a667"
                      },
                      "type": "Switch"
                    }
                  },
                  "runAfter": {},
                  "metadata": {
                    "operationMetadataId": "35bf6d48-e3ee-488f-bf8f-c760cec8ba29"
                  },
                  "type": "Foreach"
                }
              },
              "runAfter": {
                "Compose_17": [
                  "Succeeded"
                ]
              },
              "expression": {
                "greater": [
                  "@length(outputs('Get_items_3')?['body/value'])",
                  0
                ]
              },
              "metadata": {
                "operationMetadataId": "321af798-91ea-45d3-8131-4ff7f4ee0229"
              },
              "type": "If"
            }
          },
          "runAfter": {
            "Task_Reminder_Notifcation": [
              "Succeeded"
            ]
          },
          "expression": {
            "equals": [
              "@variables('TaskReminderNotification2Tog')",
              "Yes"
            ]
          },
          "metadata": {
            "operationMetadataId": "7af37e3f-5e68-41ce-b654-4e33f0a9dd72"
          },
          "type": "If"
        },
        "Task_Reminder_Notifcation_3": {
          "actions": {
            "Get_items_4": {
              "runAfter": {},
              "metadata": {
                "operationMetadataId": "8cc90e68-b667-4a8e-b314-59ca788fde59"
              },
              "type": "OpenApiConnection",
              "inputs": {
                "host": {
                  "connectionName": "shared_sharepointonline_1",
                  "operationId": "GetItems",
                  "apiId": "/providers/Microsoft.PowerApps/apis/shared_sharepointonline"
                },
                "parameters": {
                  "dataset": "@parameters('TMS Site URL (hr365_SiteURL)')",
                  "table": "HR365TSTasks",
                  "$filter": "((DueDate ge '@{formatDateTime(addDays(utcNow(), int(variables('TaskReminderNotification3'))), 'yyyy-MM-ddT00:00:00Z')}' and \n  DueDate lt '@{formatDateTime(addDays(utcNow(), add(int(variables('TaskReminderNotification3')), 1)), 'yyyy-MM-ddT00:00:00Z')}') or \n  DueDate eq '@{formatDateTime(addDays(utcNow(), int(variables('TaskReminderNotification3'))), 'MM/dd/yyyy')}') and \n TaskStatus ne 'Completed'",
                  "$top": 5000
                },
                "authentication": "@parameters('$authentication')"
              }
            },
            "Compose_25": {
              "runAfter": {
                "Get_items_4": [
                  "Succeeded"
                ]
              },
              "metadata": {
                "operationMetadataId": "f69019c2-3586-4303-aee0-2b4b61bc64d7"
              },
              "type": "Compose",
              "inputs": "@length(outputs('Get_items_4')?['body/value'])"
            },
            "Condition_3": {
              "actions": {
                "Apply_to_each_6": {
                  "foreach": "@outputs('Get_items_4')?['body/value']",
                  "actions": {
                    "Compose_26": {
                      "runAfter": {},
                      "metadata": {
                        "operationMetadataId": "57ee3265-317e-435d-ab9f-958535bc3f3e"
                      },
                      "type": "Compose",
                      "inputs": "@items('Apply_to_each_6')?['Task']"
                    },
                    "Create_HTML_table_2": {
                      "runAfter": {
                        "Compose_30": [
                          "Succeeded"
                        ]
                      },
                      "metadata": {
                        "operationMetadataId": "ac16e720-eba7-4672-b79f-98e5696e5700"
                      },
                      "type": "Table",
                      "inputs": {
                        "from": "@outputs('Compose_30')",
                        "format": "HTML"
                      }
                    },
                    "CSS_2": {
                      "runAfter": {
                        "Create_HTML_table_2": [
                          "Succeeded"
                        ]
                      },
                      "metadata": {
                        "operationMetadataId": "df8e12a2-cff3-4f9d-b096-0978a6268f71"
                      },
                      "type": "Compose",
                      "inputs": "<style>\ntable {\n  border: 1px solid #1C6EA4;\n  background-color: #ffffff;\n  width: 100%;\n  text-align: left;\n  border-collapse: collapse;\n}\ntable td, table th {\n  border: 1px solid #AAAAAA;\n  padding: 3px 2px;\n}\ntable tbody td {\n font-size: 11px;\n padding:5px 5px;\n}\ntable thead {\n  background: #2179b3;\n  border-bottom: 2px solid #444444;\n  color: #ffffff;\n}\ntable thead th {\n  font-size: 12px;\n  font-weight: bold;\n  color: #FFFFFF;\n  padding: 2px 2px 2px 5px;\n  border-left: 2px solid #D0E4F5;\n}\ntable thead th:first-child {\n  border-left: none;\n}\n</style>"
                    },
                    "Compose_27": {
                      "runAfter": {
                        "CSS_2": [
                          "Succeeded"
                        ]
                      },
                      "metadata": {
                        "operationMetadataId": "52cebe2e-9c88-4fc9-ad5c-a9059034e231"
                      },
                      "type": "Compose",
                      "inputs": "@body('Create_HTML_table_2')"
                    },
                    "Compose_28": {
                      "runAfter": {
                        "Compose_26": [
                          "Succeeded"
                        ]
                      },
                      "metadata": {
                        "operationMetadataId": "a9393981-cc92-400d-9eab-bafaaa1dc499"
                      },
                      "type": "Compose",
                      "inputs": "@items('Apply_to_each_6')?['AssignedToUser']"
                    },
                    "Apply_to_each_7": {
                      "foreach": "@items('Apply_to_each_6')?['AssignedToUser']",
                      "actions": {
                        "Compose_32": {
                          "runAfter": {},
                          "metadata": {
                            "operationMetadataId": "26df76e7-5d04-4e64-a186-823b7ac77fdb"
                          },
                          "type": "Compose",
                          "inputs": "@items('Apply_to_each_7')?['Email']"
                        },
                        "Append_to_array_variable_3": {
                          "runAfter": {
                            "Compose_32": [
                              "Succeeded"
                            ]
                          },
                          "metadata": {
                            "operationMetadataId": "52533e86-a1f6-4fe7-8e43-2f55a64f2b62"
                          },
                          "type": "AppendToArrayVariable",
                          "inputs": {
                            "name": "AssignedToEmail",
                            "value": "@outputs('Compose_32')"
                          }
                        }
                      },
                      "runAfter": {
                        "Set_variable_6": [
                          "Succeeded"
                        ]
                      },
                      "metadata": {
                        "operationMetadataId": "25c444f1-f5ed-4987-a960-6d9dc6c413cf"
                      },
                      "type": "Foreach"
                    },
                    "Compose_29": {
                      "runAfter": {
                        "Apply_to_each_7": [
                          "Succeeded"
                        ]
                      },
                      "metadata": {
                        "operationMetadataId": "9a75b145-cfc3-4191-8f3f-a61a591bdf38"
                      },
                      "type": "Compose",
                      "inputs": "@variables('AssignedToEmail')"
                    },
                    "Send_an_email_(V2)_3": {
                      "runAfter": {
                        "Compose_31": [
                          "Succeeded"
                        ]
                      },
                      "metadata": {
                        "operationMetadataId": "4c386d69-2771-496b-9510-bf6a31a70323"
                      },
                      "type": "OpenApiConnection",
                      "inputs": {
                        "host": {
                          "connectionName": "shared_office365",
                          "operationId": "SendEmailV2",
                          "apiId": "/providers/Microsoft.PowerApps/apis/shared_office365"
                        },
                        "parameters": {
                          "emailMessage/To": "@outputs('Compose_31')",
                          "emailMessage/Subject": "@variables('Notification Task Email Subject')",
                          "emailMessage/Body": "<p>@{outputs('CSS_2')}@{replace(replace(variables('Notification Task Email Body'), '[TaskRemainderDetails]', outputs('compose_27')), '[TaskName]', outputs('compose_26'))}</p>",
                          "emailMessage/Importance": "Normal"
                        },
                        "authentication": "@parameters('$authentication')"
                      }
                    },
                    "Compose_30": {
                      "runAfter": {
                        "Switch_3": [
                          "Succeeded"
                        ]
                      },
                      "metadata": {
                        "operationMetadataId": "c131a807-49d4-4847-b806-1e2e7b3d7e0c"
                      },
                      "type": "Compose",
                      "inputs": [
                        {
                          "Task Name": "@items('Apply_to_each_6')?['Task']",
                          "Status": "@variables('Progress')",
                          "Due Date": "@formatDateTime(items('Apply_to_each_6')?['DueDate'], 'MM-dd-yyyy')"
                        }
                      ]
                    },
                    "Compose_31": {
                      "runAfter": {
                        "Compose_27": [
                          "Succeeded"
                        ]
                      },
                      "metadata": {
                        "operationMetadataId": "428dfbb3-df58-4b29-aec1-9acf968592d2"
                      },
                      "type": "Compose",
                      "inputs": "@join(variables('AssignedToEmail'), ';')"
                    },
                    "Set_variable_6": {
                      "runAfter": {
                        "Compose_28": [
                          "Succeeded"
                        ]
                      },
                      "metadata": {
                        "operationMetadataId": "c9e4d2a5-6b20-48c8-9600-a62f75bf4be5"
                      },
                      "type": "SetVariable",
                      "inputs": {
                        "name": "AssignedToEmail",
                        "value": []
                      }
                    },
                    "Set_variable_15": {
                      "runAfter": {
                        "Compose_29": [
                          "Succeeded"
                        ]
                      },
                      "metadata": {
                        "operationMetadataId": "3090008d-39dd-4a98-98a8-9a1235c33c96"
                      },
                      "type": "SetVariable",
                      "inputs": {
                        "name": "Progress",
                        "value": "@{items('Apply_to_each_6')?['Progress']}"
                      }
                    },
                    "Switch_3": {
                      "runAfter": {
                        "Set_variable_15": [
                          "Succeeded"
                        ]
                      },
                      "cases": {
                        "Case-2": {
                          "case": "4eff169e-98cc-4785-92a6-af713600b24a",
                          "actions": {
                            "Set_variable_16": {
                              "runAfter": {},
                              "metadata": {
                                "operationMetadataId": "1ff0b4d7-f06e-420a-afa4-76933a259cbf"
                              },
                              "type": "SetVariable",
                              "inputs": {
                                "name": "Progress",
                                "value": "Not Started"
                              }
                            }
                          }
                        },
                        "Case_2-2": {
                          "case": "d7688e5c-7469-4f28-96f8-9a7cdcb9ee49",
                          "actions": {
                            "Set_variable_17": {
                              "runAfter": {},
                              "metadata": {
                                "operationMetadataId": "f42f6ed2-5ed8-45ff-aed2-7a90683358d9"
                              },
                              "type": "SetVariable",
                              "inputs": {
                                "name": "Progress",
                                "value": "In Progress"
                              }
                            }
                          }
                        },
                        "Case_3-2": {
                          "case": "7535707e-ee15-4527-bbdf-f75ac794f30d",
                          "actions": {
                            "Set_variable_18": {
                              "runAfter": {},
                              "metadata": {
                                "operationMetadataId": "63833c6b-0d95-4a6a-a7cc-cefd0b38aa52"
                              },
                              "type": "SetVariable",
                              "inputs": {
                                "name": "Progress",
                                "value": "Completed"
                              }
                            }
                          }
                        }
                      },
                      "default": {
                        "actions": {}
                      },
                      "expression": "@variables('Progress')",
                      "metadata": {
                        "operationMetadataId": "bd36f379-1083-4df9-92eb-bef470c4a667"
                      },
                      "type": "Switch"
                    }
                  },
                  "runAfter": {},
                  "metadata": {
                    "operationMetadataId": "35bf6d48-e3ee-488f-bf8f-c760cec8ba29"
                  },
                  "type": "Foreach"
                }
              },
              "runAfter": {
                "Compose_25": [
                  "Succeeded"
                ]
              },
              "expression": {
                "greater": [
                  "@length(outputs('Get_items_4')?['body/value'])",
                  0
                ]
              },
              "metadata": {
                "operationMetadataId": "321af798-91ea-45d3-8131-4ff7f4ee0229"
              },
              "type": "If"
            }
          },
          "runAfter": {
            "Compose_34": [
              "Succeeded"
            ]
          },
          "expression": {
            "equals": [
              "@variables('TaskReminderNotification3Tog')",
              "Yes"
            ]
          },
          "metadata": {
            "operationMetadataId": "7af37e3f-5e68-41ce-b654-4e33f0a9dd72"
          },
          "type": "If"
        },
        "Compose_33": {
          "runAfter": {
            "Task_Reminder_Notifcation_2": [
              "Succeeded"
            ]
          },
          "metadata": {
            "operationMetadataId": "afc5f552-1eb9-41e2-9dd3-4a04643abbb9"
          },
          "type": "Compose",
          "inputs": "@variables('TaskReminderNotification3')"
        },
        "Compose_34": {
          "runAfter": {
            "Compose_33": [
              "Succeeded"
            ]
          },
          "metadata": {
            "operationMetadataId": "8d121d30-4e5e-44b0-b5a8-98d8054d565b"
          },
          "type": "Compose",
          "inputs": "@formatDateTime(addDays(utcNow(), int(variables('TaskReminderNotification3'))), 'yyyy-MM-ddT00:00:00Z')"
        },
        "Initialize_variable_4": {
          "runAfter": {
            "Initialize_variable_3": [
              "Succeeded"
            ]
          },
          "metadata": {
            "operationMetadataId": "c0fcc5dc-764d-4fed-9ffb-e9a0593dee47"
          },
          "type": "InitializeVariable",
          "inputs": {
            "variables": [
              {
                "name": "Progress",
                "type": "string"
              }
            ]
          }
        }
      }
    },
    "templateName": ""
  },
  "schemaVersion": "1.0.0.0"
}