<environmentvariabledefinition schemaname="hrms365_EPMNotificationListName">
  <defaultvalue> Active ne 'InActive' </defaultvalue>
  <description default="Active ne 'InActive'">
    <label description="Active ne 'InActive'" languagecode="1033" />
  </description>
  <displayname default="EPMNotificationColumn">
    <label description="EPMNotificationColumn" languagecode="1033" />
  </displayname>
  <introducedversion>25.0606.1205.1</introducedversion>
  <iscustomizable>1</iscustomizable>
  <isrequired>0</isrequired>
  <secretstore>0</secretstore>
  <type>100000000</type>
</environmentvariabledefinition>