<ImportExportXml version="9.2.24113.218" SolutionPackageVersion="9.2" languagecode="1033" generatedBy="CrmLive" xmlns:xsi="http://www.w3.org/2001/XMLSchema-instance" OrganizationVersion="9.2.24113.218" OrganizationSchemaType="Standard" CRMServerServiceabilityVersion="9.2.24113.00218">
  <SolutionManifest>
    <UniqueName>HR365OBM_SPFx</UniqueName>
    <LocalizedNames>
      <LocalizedName description="HR365 Employee Onboarding Solution" languagecode="1033" />
    </LocalizedNames>
    <Descriptions />
    <Version>13.25.0115.1147</Version>
    <Managed>0</Managed>
    <Publisher>
      <UniqueName>HR365OB</UniqueName>
      <LocalizedNames>
        <LocalizedName description="HR365OB" languagecode="1033" />
      </LocalizedNames>
      <Descriptions />
      <EMailAddress xsi:nil="true"></EMailAddress>
      <SupportingWebsiteUrl xsi:nil="true"></SupportingWebsiteUrl>
      <CustomizationPrefix>hr365</CustomizationPrefix>
      <CustomizationOptionValuePrefix>57112</CustomizationOptionValuePrefix>
      <Addresses>
        <Address>
          <AddressNumber>1</AddressNumber>
          <AddressTypeCode>1</AddressTypeCode>
          <City xsi:nil="true"></City>
          <County xsi:nil="true"></County>
          <Country xsi:nil="true"></Country>
          <Fax xsi:nil="true"></Fax>
          <FreightTermsCode xsi:nil="true"></FreightTermsCode>
          <ImportSequenceNumber xsi:nil="true"></ImportSequenceNumber>
          <Latitude xsi:nil="true"></Latitude>
          <Line1 xsi:nil="true"></Line1>
          <Line2 xsi:nil="true"></Line2>
          <Line3 xsi:nil="true"></Line3>
          <Longitude xsi:nil="true"></Longitude>
          <Name xsi:nil="true"></Name>
          <PostalCode xsi:nil="true"></PostalCode>
          <PostOfficeBox xsi:nil="true"></PostOfficeBox>
          <PrimaryContactName xsi:nil="true"></PrimaryContactName>
          <ShippingMethodCode>1</ShippingMethodCode>
          <StateOrProvince xsi:nil="true"></StateOrProvince>
          <Telephone1 xsi:nil="true"></Telephone1>
          <Telephone2 xsi:nil="true"></Telephone2>
          <Telephone3 xsi:nil="true"></Telephone3>
          <TimeZoneRuleVersionNumber xsi:nil="true"></TimeZoneRuleVersionNumber>
          <UPSZone xsi:nil="true"></UPSZone>
          <UTCOffset xsi:nil="true"></UTCOffset>
          <UTCConversionTimeZoneCode xsi:nil="true"></UTCConversionTimeZoneCode>
        </Address>
        <Address>
          <AddressNumber>2</AddressNumber>
          <AddressTypeCode>1</AddressTypeCode>
          <City xsi:nil="true"></City>
          <County xsi:nil="true"></County>
          <Country xsi:nil="true"></Country>
          <Fax xsi:nil="true"></Fax>
          <FreightTermsCode xsi:nil="true"></FreightTermsCode>
          <ImportSequenceNumber xsi:nil="true"></ImportSequenceNumber>
          <Latitude xsi:nil="true"></Latitude>
          <Line1 xsi:nil="true"></Line1>
          <Line2 xsi:nil="true"></Line2>
          <Line3 xsi:nil="true"></Line3>
          <Longitude xsi:nil="true"></Longitude>
          <Name xsi:nil="true"></Name>
          <PostalCode xsi:nil="true"></PostalCode>
          <PostOfficeBox xsi:nil="true"></PostOfficeBox>
          <PrimaryContactName xsi:nil="true"></PrimaryContactName>
          <ShippingMethodCode>1</ShippingMethodCode>
          <StateOrProvince xsi:nil="true"></StateOrProvince>
          <Telephone1 xsi:nil="true"></Telephone1>
          <Telephone2 xsi:nil="true"></Telephone2>
          <Telephone3 xsi:nil="true"></Telephone3>
          <TimeZoneRuleVersionNumber xsi:nil="true"></TimeZoneRuleVersionNumber>
          <UPSZone xsi:nil="true"></UPSZone>
          <UTCOffset xsi:nil="true"></UTCOffset>
          <UTCConversionTimeZoneCode xsi:nil="true"></UTCConversionTimeZoneCode>
        </Address>
      </Addresses>
    </Publisher>
    <RootComponents>
      <RootComponent type="29" id="{17398b87-7741-ee11-bdf3-000d3a1b9670}" behavior="0" />
      <RootComponent type="29" id="{1f843291-f35e-ee11-be6f-000d3a1b9670}" behavior="0" />
      <RootComponent type="29" id="{2d8d9e2f-b33d-ee11-bdf4-000d3a1b9670}" behavior="0" />
      <RootComponent type="29" id="{32a0b541-68bb-ee11-a569-000d3a1b9670}" behavior="0" />
      <RootComponent type="29" id="{37fb6868-9cba-ee11-a569-000d3a1b9670}" behavior="0" />
      <RootComponent type="29" id="{383af155-9836-ee11-bdf4-002248d5d764}" behavior="0" />
      <RootComponent type="29" id="{393af155-9836-ee11-bdf4-002248d5d764}" behavior="0" />
      <RootComponent type="29" id="{9f20d4d4-1c52-ee11-be6f-000d3a1b9670}" behavior="0" />
      <RootComponent type="29" id="{a866680d-403c-ee11-bdf4-002248d5d764}" behavior="0" />
      <RootComponent type="29" id="{aed5dce3-0b18-ef11-840a-6045bd732727}" behavior="0" />
      <RootComponent type="29" id="{f02b459e-4733-ed11-9db1-002248d5d764}" behavior="0" />
      <RootComponent type="29" id="{f7b73e8b-9836-ee11-bdf4-002248d5d764}" behavior="0" />
    </RootComponents>
    <MissingDependencies />
  </SolutionManifest>
</ImportExportXml>