<environmentvariabledefinition schemaname="hr365_MSFormIdExternalUsers">
  <defaultvalue>4wHPsE_O9E6NFc8eiwgu5HCFMPbZ7ytBsE-CLBvY6w1URE9ON0ZKSllHWlk4SDBIOVFZVUc5MFpTUy4u</defaultvalue>
  <displayname default="MSFormId - ExternalUsers">
    <label description="MSFormId - ExternalUsers" languagecode="1033" />
  </displayname>
  <introducedversion>13.23.0930.1224</introducedversion>
  <iscustomizable>1</iscustomizable>
  <isrequired>0</isrequired>
  <secretstore>0</secretstore>
  <type>100000000</type>
</environmentvariabledefinition>