<ImportExportXml version="9.2.25062.150" SolutionPackageVersion="9.2" languagecode="1033" generatedBy="CrmLive" xmlns:xsi="http://www.w3.org/2001/XMLSchema-instance" OrganizationVersion="9.2.25062.150" OrganizationSchemaType="Standard" CRMServerServiceabilityVersion="9.2.25062.00150">
  <SolutionManifest>
    <UniqueName>HRMS365</UniqueName>
    <LocalizedNames>
      <LocalizedName description="HRMS365" languagecode="1033" />
    </LocalizedNames>
    <Descriptions>
      <Description description="Upgrade of HRMS365" languagecode="1033" />
    </Descriptions>
    <Version>25.606.0.0</Version>
    <Managed>1</Managed>
    <Publisher>
      <UniqueName>HRMS365</UniqueName>
      <LocalizedNames>
        <LocalizedName description="HRMS365" languagecode="1033" />
      </LocalizedNames>
      <Descriptions />
      <EMailAddress xsi:nil="true"></EMailAddress>
      <SupportingWebsiteUrl xsi:nil="true"></SupportingWebsiteUrl>
      <CustomizationPrefix>hrms365</CustomizationPrefix>
      <CustomizationOptionValuePrefix>60482</CustomizationOptionValuePrefix>
      <Addresses>
        <Address>
          <AddressNumber>1</AddressNumber>
          <AddressTypeCode>1</AddressTypeCode>
          <City xsi:nil="true"></City>
          <County xsi:nil="true"></County>
          <Country xsi:nil="true"></Country>
          <Fax xsi:nil="true"></Fax>
          <FreightTermsCode xsi:nil="true"></FreightTermsCode>
          <ImportSequenceNumber xsi:nil="true"></ImportSequenceNumber>
          <Latitude xsi:nil="true"></Latitude>
          <Line1 xsi:nil="true"></Line1>
          <Line2 xsi:nil="true"></Line2>
          <Line3 xsi:nil="true"></Line3>
          <Longitude xsi:nil="true"></Longitude>
          <Name xsi:nil="true"></Name>
          <PostalCode xsi:nil="true"></PostalCode>
          <PostOfficeBox xsi:nil="true"></PostOfficeBox>
          <PrimaryContactName xsi:nil="true"></PrimaryContactName>
          <ShippingMethodCode>1</ShippingMethodCode>
          <StateOrProvince xsi:nil="true"></StateOrProvince>
          <Telephone1 xsi:nil="true"></Telephone1>
          <Telephone2 xsi:nil="true"></Telephone2>
          <Telephone3 xsi:nil="true"></Telephone3>
          <TimeZoneRuleVersionNumber xsi:nil="true"></TimeZoneRuleVersionNumber>
          <UPSZone xsi:nil="true"></UPSZone>
          <UTCOffset xsi:nil="true"></UTCOffset>
          <UTCConversionTimeZoneCode xsi:nil="true"></UTCConversionTimeZoneCode>
        </Address>
        <Address>
          <AddressNumber>2</AddressNumber>
          <AddressTypeCode>1</AddressTypeCode>
          <City xsi:nil="true"></City>
          <County xsi:nil="true"></County>
          <Country xsi:nil="true"></Country>
          <Fax xsi:nil="true"></Fax>
          <FreightTermsCode xsi:nil="true"></FreightTermsCode>
          <ImportSequenceNumber xsi:nil="true"></ImportSequenceNumber>
          <Latitude xsi:nil="true"></Latitude>
          <Line1 xsi:nil="true"></Line1>
          <Line2 xsi:nil="true"></Line2>
          <Line3 xsi:nil="true"></Line3>
          <Longitude xsi:nil="true"></Longitude>
          <Name xsi:nil="true"></Name>
          <PostalCode xsi:nil="true"></PostalCode>
          <PostOfficeBox xsi:nil="true"></PostOfficeBox>
          <PrimaryContactName xsi:nil="true"></PrimaryContactName>
          <ShippingMethodCode>1</ShippingMethodCode>
          <StateOrProvince xsi:nil="true"></StateOrProvince>
          <Telephone1 xsi:nil="true"></Telephone1>
          <Telephone2 xsi:nil="true"></Telephone2>
          <Telephone3 xsi:nil="true"></Telephone3>
          <TimeZoneRuleVersionNumber xsi:nil="true"></TimeZoneRuleVersionNumber>
          <UPSZone xsi:nil="true"></UPSZone>
          <UTCOffset xsi:nil="true"></UTCOffset>
          <UTCConversionTimeZoneCode xsi:nil="true"></UTCConversionTimeZoneCode>
        </Address>
      </Addresses>
    </Publisher>
    <RootComponents>
      <RootComponent type="29" id="{03293808-f8d9-ee11-904d-000d3a4eb3ce}" behavior="0" />
      <RootComponent type="29" id="{0b313d98-949d-ee11-a569-002248d5d764}" behavior="0" />
      <RootComponent type="29" id="{15bef764-bd33-f011-8c4e-7c1e520c75ef}" behavior="0" />
      <RootComponent type="29" id="{1f843291-f35e-ee11-be6f-000d3a1b9670}" behavior="0" />
      <RootComponent type="29" id="{24b4510a-97d1-ef11-8ee9-002248d5def5}" behavior="0" />
      <RootComponent type="29" id="{2c89d400-754d-ee11-be6f-002248d5d764}" behavior="0" />
      <RootComponent type="29" id="{2d8d9e2f-b33d-ee11-bdf4-000d3a1b9670}" behavior="0" />
      <RootComponent type="29" id="{30788eb0-f0bf-ed11-83ff-002248d5d764}" behavior="0" />
      <RootComponent type="29" id="{32a0b541-68bb-ee11-a569-000d3a1b9670}" behavior="0" />
      <RootComponent type="29" id="{37fb6868-9cba-ee11-a569-000d3a1b9670}" behavior="0" />
      <RootComponent type="29" id="{383af155-9836-ee11-bdf4-002248d5d764}" behavior="0" />
      <RootComponent type="29" id="{393af155-9836-ee11-bdf4-002248d5d764}" behavior="0" />
      <RootComponent type="29" id="{430eb11d-7d82-ed11-81ad-000d3a1b9670}" behavior="0" />
      <RootComponent type="29" id="{4d84b6ac-6e40-f011-877a-6045bdc5fe02}" behavior="0" />
      <RootComponent type="29" id="{570c6a2e-89d2-ef11-8ee9-002248d5def5}" behavior="0" />
      <RootComponent type="29" id="{58384b60-c28d-ee11-8178-000d3a4eb3ce}" behavior="0" />
      <RootComponent type="29" id="{58d5a191-81a5-ee11-a569-002248d5d764}" behavior="0" />
      <RootComponent type="29" id="{81c8117e-e60e-f011-998a-6045bda5cbfa}" behavior="0" />
      <RootComponent type="29" id="{83da42dc-79be-ed11-83ff-002248d5d764}" behavior="0" />
      <RootComponent type="29" id="{87031f1d-e4d9-ee11-904d-000d3a4eb3ce}" behavior="0" />
      <RootComponent type="29" id="{9f20d4d4-1c52-ee11-be6f-000d3a1b9670}" behavior="0" />
      <RootComponent type="29" id="{a866680d-403c-ee11-bdf4-002248d5d764}" behavior="0" />
      <RootComponent type="29" id="{acb0ed7b-80a5-ee11-a569-002248d5d764}" behavior="0" />
      <RootComponent type="29" id="{aed5dce3-0b18-ef11-840a-6045bd732727}" behavior="0" />
      <RootComponent type="29" id="{bec05d3c-2f20-f011-998a-6045bda5cbfa}" behavior="0" />
      <RootComponent type="29" id="{c52a62c6-5a49-ed11-bba2-000d3af06818}" behavior="0" />
      <RootComponent type="29" id="{c781bd4c-f5ad-ed11-83fe-002248d5d764}" behavior="0" />
      <RootComponent type="29" id="{ce2294a9-3cda-ef11-a730-00224832a080}" behavior="0" />
      <RootComponent type="29" id="{cf2294a9-3cda-ef11-a730-00224832a080}" behavior="0" />
      <RootComponent type="29" id="{d44da503-c99c-ed11-aad1-002248d5d764}" behavior="0" />
      <RootComponent type="29" id="{d8096971-5bd3-ef11-8ee9-002248d5def5}" behavior="0" />
      <RootComponent type="29" id="{eb81886f-48da-ef11-a730-00224832a080}" behavior="0" />
      <RootComponent type="29" id="{f02b459e-4733-ed11-9db1-002248d5d764}" behavior="0" />
      <RootComponent type="29" id="{f357deb8-6929-f011-8c4e-6045bda5cbfa}" behavior="0" />
      <RootComponent type="29" id="{f7b73e8b-9836-ee11-bdf4-002248d5d764}" behavior="0" />
      <RootComponent type="29" id="{f8230776-cba2-ed11-aad1-002248d5d764}" behavior="0" />
      <RootComponent type="29" id="{fcde1bf6-9970-ed11-81ac-002248d5d764}" behavior="0" />
    </RootComponents>
    <MissingDependencies>
      <MissingDependency>
        <Required type="29" displayName="HR365 Timesheet recurrence Invoice" solution="HR365Timesheet365Solution (13.24.0215.1259)" id="{58d5a191-81a5-ee11-a569-002248d5d764}" />
        <Dependent type="29" displayName="HR365 Timesheet recurrence Invoice" id="{58d5a191-81a5-ee11-a569-002248d5d764}" />
      </MissingDependency>
      <MissingDependency>
        <Required type="29" displayName="HR365 - TS Reminder Notifications - New" solution="HR365Timesheet365Solution (13.24.0215.1259)" id="{81c8117e-e60e-f011-998a-6045bda5cbfa}" />
        <Dependent type="29" displayName="HR365 - TS Reminder Notifications - New" id="{81c8117e-e60e-f011-998a-6045bda5cbfa}" />
      </MissingDependency>
      <MissingDependency>
        <Required type="29" displayName="TS365 External Email Trigger" solution="HR365Timesheet365Solution (13.24.0215.1259)" id="{acb0ed7b-80a5-ee11-a569-002248d5d764}" />
        <Dependent type="29" displayName="TS365 External Email Trigger" id="{acb0ed7b-80a5-ee11-a569-002248d5d764}" />
      </MissingDependency>
      <MissingDependency>
        <Required type="29" displayName="Timesheet365 childFlow" solution="HR365Timesheet365Solution (13.24.0215.1259)" id="{bec05d3c-2f20-f011-998a-6045bda5cbfa}" />
        <Dependent type="29" displayName="Timesheet365 childFlow" id="{bec05d3c-2f20-f011-998a-6045bda5cbfa}" />
      </MissingDependency>
      <MissingDependency>
        <Required type="29" displayName="HR365 TS User Reminder Notifications" solution="HR365Timesheet365Solution (13.24.0215.1259)" id="{f357deb8-6929-f011-8c4e-6045bda5cbfa}" />
        <Dependent type="29" displayName="HR365 TS User Reminder Notifications" id="{f357deb8-6929-f011-8c4e-6045bda5cbfa}" />
      </MissingDependency>
      <MissingDependency>
        <Required type="connectionreference" displayName="hr365_sharedoffice365_088b3" solution="HR365Timesheet365Solution (13.24.0215.1259)" id.connectionreferencelogicalname="hr365_sharedoffice365_088b3" />
        <Dependent type="connectionreference" displayName="hr365_sharedoffice365_088b3" id.connectionreferencelogicalname="hr365_sharedoffice365_088b3" />
      </MissingDependency>
      <MissingDependency>
        <Required type="connectionreference" displayName="hr365_sharedoffice365_fcc08" solution="HR365Timesheet365Solution (13.24.0215.1259)" id.connectionreferencelogicalname="hr365_sharedoffice365_fcc08" />
        <Dependent type="connectionreference" displayName="hr365_sharedoffice365_fcc08" id.connectionreferencelogicalname="hr365_sharedoffice365_fcc08" />
      </MissingDependency>
      <MissingDependency>
        <Required type="connectionreference" displayName="hr365_sharedsharepointonline_2d018" solution="HR365Timesheet365Solution (13.24.0215.1259)" id.connectionreferencelogicalname="hr365_sharedsharepointonline_2d018" />
        <Dependent type="connectionreference" displayName="hr365_sharedsharepointonline_2d018" id.connectionreferencelogicalname="hr365_sharedsharepointonline_2d018" />
      </MissingDependency>
      <MissingDependency>
        <Required type="connectionreference" displayName="hr365_sharedsharepointonline_4a75f" solution="HR365Timesheet365Solution (13.24.0215.1259)" id.connectionreferencelogicalname="hr365_sharedsharepointonline_4a75f" />
        <Dependent type="connectionreference" displayName="hr365_sharedsharepointonline_4a75f" id.connectionreferencelogicalname="hr365_sharedsharepointonline_4a75f" />
      </MissingDependency>
      <MissingDependency>
        <Required type="connectionreference" displayName="hr365_sharedsharepointonline_64d58" solution="HR365Timesheet365Solution (13.24.0215.1259)" id.connectionreferencelogicalname="hr365_sharedsharepointonline_64d58" />
        <Dependent type="connectionreference" displayName="hr365_sharedsharepointonline_64d58" id.connectionreferencelogicalname="hr365_sharedsharepointonline_64d58" />
      </MissingDependency>
      <MissingDependency>
        <Required type="EnvironmentVariableDefinition" displayName="hr365_ApplicationURLTS365" solution="HR365Timesheet365Solution (13.24.0215.1259)" id.schemaname="hr365_ApplicationURLTS365" />
        <Dependent type="EnvironmentVariableDefinition" displayName="hr365_ApplicationURLTS365" id.schemaname="hr365_ApplicationURLTS365" />
      </MissingDependency>
      <MissingDependency>
        <Required type="EnvironmentVariableDefinition" displayName="hr365_SharedMailbox" solution="HR365Timesheet365Solution (13.24.0215.1259)" id.schemaname="hr365_SharedMailbox" />
        <Dependent type="EnvironmentVariableDefinition" displayName="hr365_SharedMailbox" id.schemaname="hr365_SharedMailbox" />
      </MissingDependency>
    </MissingDependencies>
  </SolutionManifest>
</ImportExportXml>