{
  "properties": {
    "connectionReferences": {
      "shared_sharepointonline_1": {
        "runtimeSource": "embedded",
        "connection": {
          "connectionReferenceLogicalName": "hr365_sharedsharepointonline_e8531"
        },
        "api": {
          "name": "shared_sharepointonline"
        }
      },
      "shared_sharepointonline_2": {
        "runtimeSource": "embedded",
        "connection": {
          "connectionReferenceLogicalName": "hr365_sharedsharepointonline_9bd3b"
        },
        "api": {
          "name": "shared_sharepointonline"
        }
      },
      "shared_sharepointonline": {
        "runtimeSource": "embedded",
        "connection": {
          "connectionReferenceLogicalName": "hr365_sharedsharepointonline_caae9"
        },
        "api": {
          "name": "shared_sharepointonline"
        }
      }
    },
    "definition": {
      "$schema": "https://schema.management.azure.com/providers/Microsoft.Logic/schemas/2016-06-01/workflowdefinition.json#",
      "contentVersion": "1.0.0.0",
      "parameters": {
        "$connections": {
          "defaultValue": {},
          "type": "Object"
        },
        "$authentication": {
          "defaultValue": {},
          "type": "SecureObject"
        },
        "SiteAddress(AM365) (hr365_siteabsoluteadress)": {
          "defaultValue": "https://clayfly.sharepoint.com/sites/PowerApps",
          "type": "String",
          "metadata": {
            "schemaName": "hr365_siteabsoluteadress"
          }
        }
      },
      "triggers": {
        "Get_list_call": {
          "recurrence": {
            "interval": 1,
            "frequency": "Minute"
          },
          "splitOn": "@triggerOutputs()?['body/value']",
          "metadata": {
            "operationMetadataId": "cb9af1d7-2acd-4d75-b76d-fdd7935e70b7"
          },
          "type": "OpenApiConnection",
          "inputs": {
            "host": {
              "connectionName": "shared_sharepointonline_1",
              "operationId": "GetOnUpdatedItems",
              "apiId": "/providers/Microsoft.PowerApps/apis/shared_sharepointonline"
            },
            "parameters": {
              "dataset": "@parameters('SiteAddress(AM365) (hr365_siteabsoluteadress)')",
              "table": "HR365AMXAssets"
            },
            "authentication": "@parameters('$authentication')"
          }
        }
      },
      "actions": {
        "Site_Address": {
          "runAfter": {
            "Item_Id_": [
              "Succeeded"
            ]
          },
          "metadata": {
            "operationMetadataId": "792fca24-90b2-4044-894d-973cf4689afc"
          },
          "type": "InitializeVariable",
          "inputs": {
            "variables": [
              {
                "name": "SiteAddress",
                "type": "string",
                "value": "@parameters('SiteAddress(AM365) (hr365_siteabsoluteadress)')"
              }
            ]
          }
        },
        "Item_Id_": {
          "runAfter": {},
          "metadata": {
            "operationMetadataId": "63ef874f-d0b0-4e1c-94e1-9bb313f54227"
          },
          "type": "InitializeVariable",
          "inputs": {
            "variables": [
              {
                "name": "ItemID",
                "type": "string",
                "value": "@{triggerOutputs()?['body/ID']}"
              }
            ]
          }
        },
        "Get_Contribute_call": {
          "runAfter": {
            "Site_Address": [
              "Succeeded"
            ]
          },
          "metadata": {
            "operationMetadataId": "6bf0fd9e-8f7d-4f8b-8ef1-ada1832988c5"
          },
          "type": "OpenApiConnection",
          "inputs": {
            "host": {
              "connectionName": "shared_sharepointonline_1",
              "operationId": "HttpRequest",
              "apiId": "/providers/Microsoft.PowerApps/apis/shared_sharepointonline"
            },
            "parameters": {
              "dataset": "@variables('SiteAddress')",
              "parameters/method": "GET",
              "parameters/uri": "/_api/web/roledefinitions/getbyname('Contribute')"
            },
            "authentication": "@parameters('$authentication')"
          }
        },
        "Get_Item_Permission_call": {
          "runAfter": {
            "ContributeID": [
              "Succeeded"
            ]
          },
          "metadata": {
            "operationMetadataId": "e275097f-d809-403f-8086-7c5495bf4a33"
          },
          "type": "OpenApiConnection",
          "inputs": {
            "host": {
              "connectionName": "shared_sharepointonline_1",
              "operationId": "HttpRequest",
              "apiId": "/providers/Microsoft.PowerApps/apis/shared_sharepointonline"
            },
            "parameters": {
              "dataset": "@variables('SiteAddress')",
              "parameters/method": "GET",
              "parameters/uri": "_api/web/lists/getbytitle('HR365AMXAssets')/items?$select=ID,ItemPermission/ID,RemoveItemPermission/ID&$expand=ItemPermission,RemoveItemPermission&$filter=ID eq @{triggerOutputs()?['body/ID']}'"
            },
            "authentication": "@parameters('$authentication')"
          }
        },
        "ContributeID": {
          "runAfter": {
            "Get_Contribute_call": [
              "Succeeded"
            ]
          },
          "metadata": {
            "operationMetadataId": "7ad706fc-d7e2-4563-868c-c7f985a57dfa"
          },
          "type": "InitializeVariable",
          "inputs": {
            "variables": [
              {
                "name": "ContributeID",
                "type": "string",
                "value": "@{body('Get_Contribute_call')['d']['Id']}"
              }
            ]
          }
        },
        "Send_an_HTTP_request_to_SharePoint": {
          "runAfter": {
            "Get_Item_Permission_call": [
              "Succeeded"
            ]
          },
          "metadata": {
            "operationMetadataId": "e1466377-b344-4ccf-9a12-b66b65d55577"
          },
          "type": "OpenApiConnection",
          "inputs": {
            "host": {
              "connectionName": "shared_sharepointonline_2",
              "operationId": "HttpRequest",
              "apiId": "/providers/Microsoft.PowerApps/apis/shared_sharepointonline"
            },
            "parameters": {
              "dataset": "@variables('SiteAddress')",
              "parameters/method": "POST",
              "parameters/uri": "_api/lists/getByTitle('HR365AMXAssets')/items(@{triggerOutputs()?['body/ID']})/breakroleinheritance(copyRoleAssignments=false,clearSubscopes=true)"
            },
            "authentication": "@parameters('$authentication')"
          }
        },
        "Compose_3": {
          "runAfter": {
            "Send_an_HTTP_request_to_SharePoint": [
              "Succeeded"
            ]
          },
          "metadata": {
            "operationMetadataId": "f759a08d-41f7-4b01-893f-32ebfb07b78d"
          },
          "type": "Compose",
          "inputs": "@outputs('Get_Item_Permission_call')?['body']?['d']?['results']"
        },
        "Scope": {
          "actions": {
            "Delete_Permissions": {
              "foreach": "@outputs('Compose_3')",
              "actions": {
                "Apply_to_each_4": {
                  "foreach": "@items('Delete_Permissions')?['RemoveItemPermission']?['results']",
                  "actions": {
                    "Send_an_HTTP_request_to_SharePoint_7": {
                      "runAfter": {},
                      "metadata": {
                        "operationMetadataId": "cf8143b1-196b-4d41-8fc7-c0126472a11a"
                      },
                      "type": "OpenApiConnection",
                      "inputs": {
                        "host": {
                          "connectionName": "shared_sharepointonline",
                          "operationId": "HttpRequest",
                          "apiId": "/providers/Microsoft.PowerApps/apis/shared_sharepointonline"
                        },
                        "parameters": {
                          "dataset": "@variables('SiteAddress')",
                          "parameters/method": "POST",
                          "parameters/uri": "_api/web/lists/getByTitle('HR365AMXAssets')/items(@{triggerOutputs()?['body/ID']})/roleassignments/getbyprincipalid(@{items('Apply_to_each_4')?['ID']})/deleteobject"
                        },
                        "authentication": "@parameters('$authentication')"
                      }
                    }
                  },
                  "runAfter": {},
                  "metadata": {
                    "operationMetadataId": "75946a7a-c68b-474e-bcd3-5ce5c38c3c9a"
                  },
                  "type": "Foreach"
                }
              },
              "runAfter": {},
              "metadata": {
                "operationMetadataId": "7962c70f-2248-46d4-a98b-4e0f212d6f8f"
              },
              "type": "Foreach"
            }
          },
          "runAfter": {
            "Compose_3": [
              "Succeeded"
            ]
          },
          "metadata": {
            "operationMetadataId": "7dfbe53b-b8cb-4dd3-ac38-93590c69eb28"
          },
          "type": "Scope"
        },
        "Scope_2": {
          "actions": {},
          "runAfter": {
            "Scope": [
              "Succeeded"
            ]
          },
          "metadata": {
            "operationMetadataId": "4a7afc4c-a7d9-4622-977a-ac623958fb61"
          },
          "type": "Scope"
        },
        "Post_Permissions": {
          "foreach": "@outputs('Compose_3')",
          "actions": {
            "Apply_to_each_3": {
              "foreach": "@items('Post_Permissions')?['ItemPermission']?['results']",
              "actions": {
                "Send_an_HTTP_request_to_SharePoint_5": {
                  "runAfter": {},
                  "metadata": {
                    "operationMetadataId": "c8f3d74e-ffc1-450b-aa54-704fe49904ba"
                  },
                  "type": "OpenApiConnection",
                  "inputs": {
                    "host": {
                      "connectionName": "shared_sharepointonline_1",
                      "operationId": "HttpRequest",
                      "apiId": "/providers/Microsoft.PowerApps/apis/shared_sharepointonline"
                    },
                    "parameters": {
                      "dataset": "@variables('SiteAddress')",
                      "parameters/method": "POST",
                      "parameters/uri": "/_api/web/lists/getbytitle('HR365AMXAssets')/items(@{triggerOutputs()?['body/ID']})/roleassignments/addroleassignment(principalid=@{items('Apply_to_each_3')?['ID']},roledefid=@{variables('ContributeID')})"
                    },
                    "authentication": "@parameters('$authentication')"
                  }
                }
              },
              "runAfter": {},
              "metadata": {
                "operationMetadataId": "e739bd31-a38d-4ce5-b9e5-00bf0868caee"
              },
              "type": "Foreach"
            }
          },
          "runAfter": {
            "Scope_2": [
              "Succeeded"
            ]
          },
          "metadata": {
            "operationMetadataId": "aa262958-c599-41fc-92cd-067c023cdfb3"
          },
          "type": "Foreach"
        }
      }
    },
    "templateName": ""
  },
  "schemaVersion": "1.0.0.0"
}