{
  "properties": {
    "connectionReferences": {
      "shared_sharepointonline_2": {
        "runtimeSource": "embedded",
        "connection": {
          "connectionReferenceLogicalName": "hr365_sharedsharepointonline_92a58"
        },
        "api": {
          "name": "shared_sharepointonline"
        }
      },
      "shared_sharepointonline_3": {
        "runtimeSource": "embedded",
        "connection": {
          "connectionReferenceLogicalName": "hr365_sharedsharepointonline_92a58"
        },
        "api": {
          "name": "shared_sharepointonline"
        }
      },
      "shared_onedriveforbusiness_1": {
        "runtimeSource": "embedded",
        "connection": {
          "connectionReferenceLogicalName": "new_sharedonedriveforbusiness_2c30f"
        },
        "api": {
          "name": "shared_onedriveforbusiness"
        }
      },
      "shared_onedriveforbusiness_2": {
        "runtimeSource": "embedded",
        "connection": {
          "connectionReferenceLogicalName": "new_sharedonedriveforbusiness_2c30f"
        },
        "api": {
          "name": "shared_onedriveforbusiness"
        }
      },
      "shared_sharepointonline_4": {
        "runtimeSource": "embedded",
        "connection": {
          "connectionReferenceLogicalName": "hr365_sharedsharepointonline_92a58"
        },
        "api": {
          "name": "shared_sharepointonline"
        }
      },
      "shared_onedriveforbusiness_3": {
        "runtimeSource": "embedded",
        "connection": {
          "connectionReferenceLogicalName": "new_sharedonedriveforbusiness_2c30f"
        },
        "api": {
          "name": "shared_onedriveforbusiness"
        }
      },
      "shared_sharepointonline_5": {
        "runtimeSource": "embedded",
        "connection": {
          "connectionReferenceLogicalName": "hr365_sharedsharepointonline_92a58"
        },
        "api": {
          "name": "shared_sharepointonline"
        }
      },
      "shared_sharepointonline_6": {
        "runtimeSource": "embedded",
        "connection": {
          "connectionReferenceLogicalName": "hr365_sharedsharepointonline_d49a9"
        },
        "api": {
          "name": "shared_sharepointonline"
        }
      },
      "shared_sharepointonline_1": {
        "runtimeSource": "embedded",
        "connection": {
          "connectionReferenceLogicalName": "hr365_sharedsharepointonline_92a58"
        },
        "api": {
          "name": "shared_sharepointonline"
        }
      }
    },
    "definition": {
      "$schema": "https://schema.management.azure.com/providers/Microsoft.Logic/schemas/2016-06-01/workflowdefinition.json#",
      "contentVersion": "1.0.0.0",
      "parameters": {
        "$connections": {
          "defaultValue": {},
          "type": "Object"
        },
        "$authentication": {
          "defaultValue": {},
          "type": "SecureObject"
        },
        "SiteAddress(AM365) (hr365_siteabsoluteadress)": {
          "defaultValue": "https://megazap.sharepoint.com/sites/HR365-AssetManagement365",
          "type": "String",
          "metadata": {
            "schemaName": "hr365_siteabsoluteadress"
          }
        }
      },
      "triggers": {
        "When_an_item_is_created": {
          "recurrence": {
            "interval": 5,
            "frequency": "Minute"
          },
          "splitOn": "@triggerOutputs()?['body/value']",
          "metadata": {
            "operationMetadataId": "dd3352db-2278-4657-bd56-7ead7cbf4919"
          },
          "type": "OpenApiConnection",
          "inputs": {
            "host": {
              "connectionName": "shared_sharepointonline_1",
              "operationId": "GetOnNewItems",
              "apiId": "/providers/Microsoft.PowerApps/apis/shared_sharepointonline"
            },
            "parameters": {
              "dataset": "@parameters('SiteAddress(AM365) (hr365_siteabsoluteadress)')",
              "table": "HR365AMXAssetAccept"
            },
            "authentication": "@parameters('$authentication')"
          }
        }
      },
      "actions": {
        "ApplicationURL": {
          "runAfter": {},
          "metadata": {
            "operationMetadataId": "129c6d52-30eb-4327-b636-e763e78219f2"
          },
          "type": "InitializeVariable",
          "inputs": {
            "variables": [
              {
                "name": "ApplicationURL",
                "type": "string",
                "value": "@parameters('SiteAddress(AM365) (hr365_siteabsoluteadress)')"
              }
            ]
          }
        },
        "Initialize_variable": {
          "runAfter": {
            "ApplicationURL": [
              "Succeeded"
            ]
          },
          "metadata": {
            "operationMetadataId": "f8f99013-cff4-4787-9cfe-7e4a32fe5418"
          },
          "type": "InitializeVariable",
          "inputs": {
            "variables": [
              {
                "name": "FileCreation",
                "type": "string",
                "value": "<h1>Asset Acknowledgement</h1>"
              }
            ]
          }
        },
        "Initialize_variable_2": {
          "runAfter": {
            "Initialize_variable": [
              "Succeeded"
            ]
          },
          "metadata": {
            "operationMetadataId": "470af5fb-d7c4-493d-a612-801f31f399aa"
          },
          "type": "InitializeVariable",
          "inputs": {
            "variables": [
              {
                "name": "AssigneeIpaddress",
                "type": "string"
              }
            ]
          }
        },
        "Initialize_variable_3": {
          "runAfter": {
            "Initialize_variable_2": [
              "Succeeded"
            ]
          },
          "metadata": {
            "operationMetadataId": "26db783e-1024-4f3f-9ad5-7c98355ae027"
          },
          "type": "InitializeVariable",
          "inputs": {
            "variables": [
              {
                "name": "AssignedToIpaddress",
                "type": "string"
              }
            ]
          }
        },
        "Initialize_variable_4": {
          "runAfter": {
            "Initialize_variable_3": [
              "Succeeded"
            ]
          },
          "metadata": {
            "operationMetadataId": "51aba025-46b1-4832-868e-97fd11042ba2"
          },
          "type": "InitializeVariable",
          "inputs": {
            "variables": [
              {
                "name": "CategoryFilter",
                "type": "array",
                "value": []
              }
            ]
          }
        },
        "Initialize_variable_5": {
          "runAfter": {
            "Initialize_variable_4": [
              "Succeeded"
            ]
          },
          "metadata": {
            "operationMetadataId": "c591eb1a-d494-427c-becc-6b7ddfe2d0bd"
          },
          "type": "InitializeVariable",
          "inputs": {
            "variables": [
              {
                "name": "Subcategory filter",
                "type": "array"
              }
            ]
          }
        },
        "Initialize_variable_6": {
          "runAfter": {
            "Initialize_variable_5": [
              "Succeeded"
            ]
          },
          "metadata": {
            "operationMetadataId": "6732cf61-af00-490e-afaa-ff9661f1af6f"
          },
          "type": "InitializeVariable",
          "inputs": {
            "variables": [
              {
                "name": "Model filter",
                "type": "array"
              }
            ]
          }
        },
        "Send_an_HTTP_request_to_SharePoint": {
          "runAfter": {
            "Initialize_variable_9": [
              "Succeeded"
            ]
          },
          "metadata": {
            "operationMetadataId": "f9d05782-eac6-4745-ac5d-758aea84848e"
          },
          "type": "OpenApiConnection",
          "inputs": {
            "host": {
              "connectionName": "shared_sharepointonline_2",
              "operationId": "HttpRequest",
              "apiId": "/providers/Microsoft.PowerApps/apis/shared_sharepointonline"
            },
            "parameters": {
              "dataset": "@variables('ApplicationURL')",
              "parameters/method": "GET",
              "parameters/uri": "_api/web/lists/getbytitle('HR365AMXAssets')/items?$filter=Id eq '@{triggerOutputs()?['body/AssetID']}'",
              "parameters/headers": {
                "Accept": "application/json; odata=verbos",
                "Content-Type": "application/json"
              }
            },
            "authentication": "@parameters('$authentication')"
          }
        },
        "Send_an_HTTP_request_to_SharePoint_2": {
          "runAfter": {
            "Send_an_HTTP_request_to_SharePoint": [
              "Succeeded"
            ]
          },
          "metadata": {
            "operationMetadataId": "e1549b23-38b6-4ac8-8bf9-1276c695ab80"
          },
          "type": "OpenApiConnection",
          "inputs": {
            "host": {
              "connectionName": "shared_sharepointonline_2",
              "operationId": "HttpRequest",
              "apiId": "/providers/Microsoft.PowerApps/apis/shared_sharepointonline"
            },
            "parameters": {
              "dataset": "@variables('ApplicationURL')",
              "parameters/method": "GET",
              "parameters/uri": "_api/web/lists/getbytitle('HR365AMXSettings')/items?$filter=Id eq '1'",
              "parameters/headers": {
                "Accept": "application/json; odata=verbos",
                "Content-Type": "application/json"
              }
            },
            "authentication": "@parameters('$authentication')"
          }
        },
        "Send_an_HTTP_request_to_SharePoint_3": {
          "runAfter": {
            "Send_an_HTTP_request_to_SharePoint_2": [
              "Succeeded"
            ]
          },
          "metadata": {
            "operationMetadataId": "b9a01b09-dfe6-436a-a584-01ef7a9cba03"
          },
          "type": "OpenApiConnection",
          "inputs": {
            "host": {
              "connectionName": "shared_sharepointonline_2",
              "operationId": "HttpRequest",
              "apiId": "/providers/Microsoft.PowerApps/apis/shared_sharepointonline"
            },
            "parameters": {
              "dataset": "@variables('ApplicationURL')",
              "parameters/method": "GET",
              "parameters/uri": "_api/web/lists/getbytitle('HR365AMXCategory')/items",
              "parameters/headers": {
                "Accept": "application/json; odata=verbos",
                "Content-Type": "application/json"
              }
            },
            "authentication": "@parameters('$authentication')"
          }
        },
        "Send_an_HTTP_request_to_SharePoint_4": {
          "runAfter": {
            "Send_an_HTTP_request_to_SharePoint_3": [
              "Succeeded"
            ]
          },
          "metadata": {
            "operationMetadataId": "bf0acf66-b5e4-41d1-bc85-ee7e370ea584"
          },
          "type": "OpenApiConnection",
          "inputs": {
            "host": {
              "connectionName": "shared_sharepointonline_3",
              "operationId": "HttpRequest",
              "apiId": "/providers/Microsoft.PowerApps/apis/shared_sharepointonline"
            },
            "parameters": {
              "dataset": "@variables('ApplicationURL')",
              "parameters/method": "GET",
              "parameters/uri": "_api/web/lists/getbytitle('HR365AMXSubCategory')/items",
              "parameters/headers": {
                "Accept": "application/json; odata=verbos",
                "Content-Type": "application/json"
              }
            },
            "authentication": "@parameters('$authentication')"
          }
        },
        "Send_an_HTTP_request_to_SharePoint_5": {
          "runAfter": {
            "Send_an_HTTP_request_to_SharePoint_4": [
              "Succeeded"
            ]
          },
          "metadata": {
            "operationMetadataId": "b7b6f4c2-8412-4c72-a987-5f882e994af7"
          },
          "type": "OpenApiConnection",
          "inputs": {
            "host": {
              "connectionName": "shared_sharepointonline_2",
              "operationId": "HttpRequest",
              "apiId": "/providers/Microsoft.PowerApps/apis/shared_sharepointonline"
            },
            "parameters": {
              "dataset": "@variables('ApplicationURL')",
              "parameters/method": "GET",
              "parameters/uri": "_api/web/lists/getbytitle('HR365AMXModelNumber')/items",
              "parameters/headers": {
                "Accept": "application/json; odata=verbos",
                "Content-Type": "application/json"
              }
            },
            "authentication": "@parameters('$authentication')"
          }
        },
        "Condition": {
          "actions": {
            "Set_variable": {
              "runAfter": {},
              "metadata": {
                "operationMetadataId": "bec16d3f-a10d-4fa4-9687-aae19c3b50b7"
              },
              "type": "SetVariable",
              "inputs": {
                "name": "AssigneeIpaddress",
                "value": "<label class=\"ms-Label\">@{split(outputs('Send_an_HTTP_request_to_SharePoint')?['body']?['d']?['results'][0]['AssigneeIpAddress'],'|__|')[0]}</label>      "
              }
            },
            "Set_variable_2": {
              "runAfter": {
                "Set_variable": [
                  "Succeeded"
                ]
              },
              "metadata": {
                "operationMetadataId": "c58fea18-4b2e-463b-a216-3fb681365b86"
              },
              "type": "SetVariable",
              "inputs": {
                "name": "AssignedToIpaddress",
                "value": "@triggerOutputs()?['body/IpAddress']"
              }
            }
          },
          "runAfter": {
            "Send_an_HTTP_request_to_SharePoint_5": [
              "Succeeded"
            ]
          },
          "expression": {
            "equals": [
              "@outputs('Send_an_HTTP_request_to_SharePoint_2')?['body']?['d']?['results'][0]['EnableIpAddress']",
              "Yes"
            ]
          },
          "metadata": {
            "operationMetadataId": "59ec3d1b-e854-42a8-8dca-d688ee66d483"
          },
          "type": "If"
        },
        "Create_file": {
          "runAfter": {
            "Condition": [
              "Succeeded"
            ]
          },
          "metadata": {
            "operationMetadataId": "78da8fee-d1cf-4744-a71e-7c00e5b2d892"
          },
          "type": "OpenApiConnection",
          "inputs": {
            "host": {
              "connectionName": "shared_onedriveforbusiness_1",
              "operationId": "CreateFile",
              "apiId": "/providers/Microsoft.PowerApps/apis/shared_onedriveforbusiness"
            },
            "parameters": {
              "folderPath": "/",
              "name": "Document.html",
              "body": "@variables('FileCreation')"
            },
            "authentication": "@parameters('$authentication')"
          },
          "runtimeConfiguration": {
            "contentTransfer": {
              "transferMode": "Chunked"
            }
          }
        },
        "Convert_file_using_path": {
          "runAfter": {
            "Create_file": [
              "Succeeded"
            ]
          },
          "metadata": {
            "operationMetadataId": "63bc4868-61db-496a-baef-95d408770452"
          },
          "type": "OpenApiConnection",
          "inputs": {
            "host": {
              "connectionName": "shared_onedriveforbusiness_1",
              "operationId": "ConvertFileByPath",
              "apiId": "/providers/Microsoft.PowerApps/apis/shared_onedriveforbusiness"
            },
            "parameters": {
              "path": "/document.html",
              "type": "PDF"
            },
            "authentication": "@parameters('$authentication')"
          }
        },
        "Create_file_in_a_document_list": {
          "runAfter": {
            "Convert_file_using_path": [
              "Succeeded"
            ]
          },
          "metadata": {
            "operationMetadataId": "fcbe61c8-3358-43da-b124-24ab7086e510"
          },
          "type": "OpenApiConnection",
          "inputs": {
            "host": {
              "connectionName": "shared_sharepointonline_2",
              "operationId": "CreateFile",
              "apiId": "/providers/Microsoft.PowerApps/apis/shared_sharepointonline"
            },
            "parameters": {
              "dataset": "@variables('ApplicationURL')",
              "folderPath": "/HR365AMXAssetdoc/@{formatDateTime(utcNow(), 'yyyy')}/@{formatDateTime(utcNow(),'MM')}",
              "name": "@{concat(triggerOutputs()?['body/LoginUserEmail'],'_',outputs('Send_an_HTTP_request_to_SharePoint')?['body']?['d']?['results'][0]['AssetID'],'_',utcNow())}.pdf",
              "body": "@body('Convert_file_using_path')"
            },
            "authentication": "@parameters('$authentication')"
          },
          "runtimeConfiguration": {
            "contentTransfer": {
              "transferMode": "Chunked"
            }
          }
        },
        "Get_file_properties": {
          "runAfter": {
            "Create_file_in_a_document_list": [
              "Succeeded"
            ]
          },
          "metadata": {
            "operationMetadataId": "5df1807c-df3b-48b7-b243-f8425d164a00"
          },
          "type": "OpenApiConnection",
          "inputs": {
            "host": {
              "connectionName": "shared_sharepointonline_2",
              "operationId": "GetFileItem",
              "apiId": "/providers/Microsoft.PowerApps/apis/shared_sharepointonline"
            },
            "parameters": {
              "dataset": "@variables('ApplicationURL')",
              "table": "HR365AMXAssetdoc",
              "id": "@outputs('Create_file_in_a_document_list')?['body/ItemId']"
            },
            "authentication": "@parameters('$authentication')"
          }
        },
        "Scope": {
          "actions": {
            "Condition_2": {
              "actions": {
                "Filter_array": {
                  "runAfter": {},
                  "metadata": {
                    "operationMetadataId": "77e3c982-fb0b-48b1-b771-132ecf21572c"
                  },
                  "type": "Query",
                  "inputs": {
                    "from": "@outputs('Send_an_HTTP_request_to_SharePoint_3')?['body']?['d']?['results']",
                    "where": "@equals(item()?['ID'], int(outputs('Send_an_HTTP_request_to_SharePoint')?['body']?['d']?['results'][0]['Category']))"
                  }
                },
                "Set_variable_3": {
                  "runAfter": {
                    "Filter_array": [
                      "Succeeded"
                    ]
                  },
                  "metadata": {
                    "operationMetadataId": "e5520165-7fdf-41b7-aaf6-bb80a0ddbef5"
                  },
                  "type": "SetVariable",
                  "inputs": {
                    "name": "CategoryFilter",
                    "value": "@body('Filter_array')"
                  }
                }
              },
              "runAfter": {},
              "expression": {
                "equals": [
                  "@isInt(outputs('Send_an_HTTP_request_to_SharePoint')?['body']?['d']?['results'][0]['Category'])",
                  "@true"
                ]
              },
              "metadata": {
                "operationMetadataId": "0a9471be-a789-4d28-9d0b-8f48c7b20cd7"
              },
              "type": "If"
            },
            "Condition_3": {
              "actions": {
                "Filter_array_2": {
                  "runAfter": {},
                  "metadata": {
                    "operationMetadataId": "ad350a0f-fc33-4bf0-8ab6-5bbe1e2956e0"
                  },
                  "type": "Query",
                  "inputs": {
                    "from": "@outputs('Send_an_HTTP_request_to_SharePoint_4')?['body']?['d']?['results']",
                    "where": "@equals(item()?['ID'], int(outputs('Send_an_HTTP_request_to_SharePoint')?['body']?['d']?['results'][0]['SubCategory']))"
                  }
                },
                "Set_variable_4": {
                  "runAfter": {
                    "Filter_array_2": [
                      "Succeeded"
                    ]
                  },
                  "metadata": {
                    "operationMetadataId": "06bd9bea-3fc4-4743-8865-3df4a282ff0b"
                  },
                  "type": "SetVariable",
                  "inputs": {
                    "name": "Subcategory filter",
                    "value": "@body('Filter_array_2')"
                  }
                }
              },
              "runAfter": {
                "Condition_2": [
                  "Succeeded",
                  "Failed"
                ]
              },
              "expression": {
                "equals": [
                  "@isInt(outputs('Send_an_HTTP_request_to_SharePoint')?['body']?['d']?['results'][0]['SubCategory'])",
                  "@true"
                ]
              },
              "metadata": {
                "operationMetadataId": "5c85808a-f6ed-4b78-81f8-a9d531449a1d"
              },
              "type": "If"
            },
            "Condition_4": {
              "actions": {
                "Filter_array_3": {
                  "runAfter": {},
                  "metadata": {
                    "operationMetadataId": "b226e32b-fe88-48cd-9ff1-840ed92ab6f0"
                  },
                  "type": "Query",
                  "inputs": {
                    "from": "@outputs('Send_an_HTTP_request_to_SharePoint_5')?['body']?['d']?['results']",
                    "where": "@equals(item()?['ID'], int(outputs('Send_an_HTTP_request_to_SharePoint')?['body']?['d']?['results'][0]['Model']))"
                  }
                },
                "Set_variable_5": {
                  "runAfter": {
                    "Filter_array_3": [
                      "Succeeded"
                    ]
                  },
                  "metadata": {
                    "operationMetadataId": "bee61b2a-7daa-40f3-885c-8401b13a6c28"
                  },
                  "type": "SetVariable",
                  "inputs": {
                    "name": "Model filter",
                    "value": "@body('Filter_array_3')"
                  }
                }
              },
              "runAfter": {
                "Condition_3": [
                  "Succeeded",
                  "Failed"
                ]
              },
              "expression": {
                "equals": [
                  "@isInt(outputs('Send_an_HTTP_request_to_SharePoint')?['body']?['d']?['results'][0]['Model'])",
                  "@true"
                ]
              },
              "metadata": {
                "operationMetadataId": "8129d92f-7221-459a-824b-a4c9dd4750db"
              },
              "type": "If"
            },
            "Compose": {
              "runAfter": {
                "Condition_4": [
                  "Succeeded",
                  "Failed"
                ]
              },
              "metadata": {
                "operationMetadataId": "2c729045-4e11-4863-b719-761afbe447dc"
              },
              "type": "Compose",
              "inputs": "abc"
            }
          },
          "runAfter": {
            "Get_file_properties": [
              "Succeeded"
            ]
          },
          "metadata": {
            "operationMetadataId": "73d62561-079a-4408-a217-865f7bec6bb0"
          },
          "type": "Scope"
        },
        "Initialize_variable_7": {
          "runAfter": {
            "Scope": [
              "Succeeded"
            ]
          },
          "metadata": {
            "operationMetadataId": "ca748d7e-ece2-45ef-9790-99eb269352f7"
          },
          "type": "InitializeVariable",
          "inputs": {
            "variables": [
              {
                "name": "HtmlContent",
                "type": "string",
                "value": "<!DOCTYPE html>\n<html>\n<body> \n<div class=\"Heading\">\n<h2>Asset Acknowledgement</h2>\n</div>\n <div class=\"Alldata\">\n <table class=\"background-report-style\">\n\n                    <tbody>\n                      <tr>\n                        <td>\n                            <div class=\"Week-label-data\">\n                                 <b><label class=\"ms-Label\">Asset Name:</label></b>\n                                   @{outputs('Send_an_HTTP_request_to_SharePoint')?['body']?['d']?['results'][0]['AssetName']}                               \n                            </div>\n                        </td>\n                        <td>\n                            <div class=\"Week-label-data\">\n                                  <b><label class=\"ms-Label\">Asset ID:</label></b>\n                                  @{outputs('Send_an_HTTP_request_to_SharePoint')?['body']?['d']?['results'][0]['AssetID']}                              \n                            </div>\n                        </td>\n                    </tr>\n                        <tr>\n                        <td>\n                           <div class=\"Week-label-data\">\n                                 <b><label class=\"ms-Label\">Category:</label></b>\n                                      @{if(equals(length(variables('CategoryFilter')),0),outputs('Send_an_HTTP_request_to_SharePoint')?['body']?['d']?['results'][0]['Category'],body('Filter_array')?[0]?['Category'])}                            \n                            </div>\n                        </td>\n                        <td>\n                           <div class=\"Week-label-data\">\n                                  <b><label class=\"ms-Label\">Sub Category:</label></b>\n                                   @{if(equals(length(variables('Subcategory filter')),0),outputs('Send_an_HTTP_request_to_SharePoint')?['body']?['d']?['results']?[0]?['Sub Category'],body('Filter_array_2')?[0]?['SubCategory'])}                              \n                            </div>\n                        </td>\n                    </tr>\n                     <tr>\n                        <td>\n                           <div class=\"Week-label-data\">\n                                 <b><label class=\"ms-Label\">Serial Number:</label></b>\n                                    @{outputs('Send_an_HTTP_request_to_SharePoint')?['body']?['d']?['results'][0]['SerialNumber']}                              \n                            </div>\n                        </td>\n                        <td>\n                           <div class=\"Week-label-data\">\n                                 <b><label class=\"ms-Label\">Model Number:</label></b>\n                                   @{if(equals(length(variables('Model filter')),0),outputs('Send_an_HTTP_request_to_SharePoint')?['body']?['d']?['results']?[0]?['Sub Category'],body('Filter_array_2')?[0]?['SubCategory'])}                            \n                            </div>\n                        </td>\n                    </tr>\n                </tbody></table>\n </table>\n</div>\n<div id=\"TermsAndCond\">\n <h3>Terms & Conditions</h3>\n@{outputs('Send_an_HTTP_request_to_SharePoint_2')?['body']?['d']?['results'][0]['AssetAcknowledgement']}\n<div class=\"acceptTerms\">\n<div class=\"InlineAccept\">\n<p><div class=\"TickMark\">&#252;</div>\nI hereby accept above mentioned terms & conditions</p>\n</div>\n<p id=\"SignatureName\">@{triggerOutputs()?['body/LoginUserName']}</p>\n<p class=\"SignatureDate\">@{formatDateTime(utcNow(), 'MM/dd/yyyy')}, @{utcNow('T')}</p>\n</div>\n</div>\n\n</body>\n</html>\n\n\n<style type=\"text/css\">\n.Heading{\nmargin-top:20px;\nwidth:100%;\ntext-align: center;\n}\n.Alldata{\nmargin:50px;\n}\n.textclass{\n    margin: 0px;\n}\ntable.background-report-style {\n    width: 80%;\n    border-collapse: collapse;\n}\n.background-report-style tr td{\n    width: 80%;\n    float: left;\n    padding-bottom: 10px;\n}\n.ms-Label{\ndisplay:block;\n}\n#TermsAndCond{\nmargin:20px;\n}\nli div {\n    width: 75%;\n}\n.TickMark{\ndisplay: inline; \nfont-family: Wingdings; \nfont-size: 15px; \nwidth:16px;\nheight:8px;\nborder: 1px solid black; \npadding-top: 2px;\npadding-left: 2px;\npadding-right: 2px;\n}\n.InlineAccept{\ndisplay: inline; \n}\n#SignatureName{\nfont-family: Pristina;\nfont-size: 20px; \n}\n</style>\n\n<!DOCTYPE html>\n<html>\n<head>\n<meta name=\"viewport\" content=\"width=device-width, initial-scale=1\">\n\n<style>\n\nbody{\nbackground: #f4f4f4;\n}\n\n.header h1 {\n    font-size: 25px;\n    margin-bottom: 10px;\n    margin-top: 10px;\n}\n\n.column {\n  float: left;\n  width: 28%;\n  padding: 10px;\n\n}\n.column1 {\n    display: inline-block;\n    width: 80%;\n    background-color: #fff;\n\tpadding:10px;\n\tpadding-left: 15px;\n    padding-right: 15px;\n}\n.header1 {\n    float: right;\n    text-align: center;\n    width: 28%;\n    display: inline-block;\n\tpadding-right: 30px;\nmargin-right:20px;\n}\n.header1 h1 {\n    margin-bottom: 0px;\n    margin-top: 8px;\n}\n.header {\n    width: 27%;\n    display: inline-block;\n}\n.parah{\nwidth:20%;\n    margin-top: 5px;\n    margin-bottom: 5px;\n}\np.parah1 {\n    width: 55%;\n\t    margin-top: 5px;\n    margin-bottom: 5px;\n}\n\n.parah2{\nwidth:25%;\n    margin-top: 10px;\n    margin-bottom: 10px;\n}\n.parah3 {\n    width: 40%;\n\t    margin-top: 10px;\n    margin-bottom: 10px;\n}\n.parah4 {\n    width: 10%;\n\tmargin-top: 10px;\n    margin-bottom: 10px;\n}\n.Document-Details {\n    display: flex;\n}\n.Document-history {\n    display: flex;\n\tborder-bottom:1px solid #f4f4f4;\n}\n.row{\nbackground:#fff;\n}\n.button {\n  background-color: #4CAF50;\n  border: none;\n  color: white;\n  padding: 5px 20px;\n  text-align: center;\n  text-decoration: none;\n  display: inline-block;\n  font-size: 12px;\n  margin: 4px 2px;\n  cursor: pointer;\n}\n.document {\npadding-left:15px;\n    padding-right: 15px;\n  width:100%;\n}\n.document2 {\npadding-left:20px;\n    padding-right: 15px;\n  width:100%;\n}\n.document h3{\n    margin-top: 5px;\n    margin-bottom: 5px;\n}\n.Acceptdiv{\n    background-color: green;\n    text-align: center;\n    padding: 5px;\n    width: 70px;\n    color: white;\n    border-radius: 10px;\n}\n.detailstd{\n    padding-top: 10px;\n    padding-right: 15px;\n}\n.AssetAssigntd{\n    padding-top: 17px;\npadding-right: 15px;\n}\n.AssetAssigntr{\n    padding-top: 15px;\n}\n.Documenttitle{\npadding-top: 15px;\npadding-bottom: 15px;\n    padding-right: 15px;\n    background-color: grey;\n}\n.DocumentDet{\n    background-color: grey;\n}\n</style>\n</head>\n<body>\n\n\n<div class=\"container\">\n  <div class=\"row\">\n    <div class=\"column1\" >\n\t\n\t    <div class=\"header1\">\n          <h2>Audit Trail</h2>\n\t\t</div>\n    \n\t </div>\n  </div>\n</div>\n<div class=\"document\">\n<div class=\"DocumentDet\">\n <h3>Document Details</h3>\n</div>\n<table>\n\n                    <tbody>\n                      <tr>\n                        <td class=\"detailstd\">\n                            <label class=\"ms-Label\">Title</label>  \n                        </td>\n                        <td class=\"detailstd\">\n                             <label class=\"ms-Label\">Asset acceptance - @{outputs('Send_an_HTTP_request_to_SharePoint')?['body']?['d']?['results'][0]['AssetName']}</label>\n                        </td>\n                    </tr>\n                    <tr>\n                        <td class=\"detailstd\">\n                            <label class=\"ms-Label\">File Name</label>  \n                        </td>\n                        <td class=\"detailstd\">\n                         <label class=\"ms-Label\">@{concat(triggerOutputs()?['body/LoginUserName'], '_', utcNow())}.pdf</label>\n                        </td>\n                    </tr>\n                    \n                    <tr>\n                        <td class=\"detailstd\">\n                            <label class=\"ms-Label\">Status</label>  \n                        </td>\n                        <td class=\"detailstd\">\n                         <div class=\"Acceptdiv\">\n                         <label class=\"ms-Label\">Accepted</label>  \n                          </div>\n                        </td>\n                    </tr>\n                        \n                </tbody></table>\n </table>\n</div>\n\n<div class=\"document2\">\n<div class=\"Documenttitle\">\n <h3>Document History</h3>\n</div>\n<table>\n\n                    <tbody>\n<tr>\n    <th>Action</th>\n    <th>Information</th>\n<th>Date & Time (UTC)</th>\n  </tr>\n                      <tr class=\"AssetAssigntr\">\n                        <td class=\"AssetAssigntd\">\n                            <label class=\"ms-Label\">Asset is assigned</label>  \n                        </td>\n                        <td class=\"AssetAssigntd\">\n                               <label class=\"ms-Label\">Asset assigned to @{outputs('Send_an_HTTP_request_to_SharePoint')?['body']?['d']?['results'][0]['CheckOut']} by @{outputs('Send_an_HTTP_request_to_SharePoint')?['body']?['d']?['results'][0]['AssignedBy']}</label> \n                             \n                        </td>\n                         <td class=\"AssetAssigntd\">\n                               <label class=\"ms-Label\">@{outputs('Send_an_HTTP_request_to_SharePoint')?['body']?['d']?['results'][0]['AssignedDate']}</label>\n    \n                        </td>\n                    </tr>\n                    <tr class=\"AssetAssigntr\">\n                        <td class=\"AssetAssigntd\">\n                            <label class=\"ms-Label\">Viewed By</label>  \n                        </td>\n                        <td class=\"AssetAssigntd\">\n                               <label class=\"ms-Label\">Clicked on accept link@{outputs('Send_an_HTTP_request_to_SharePoint')?['body']?['d']?['results'][0]['CheckOut']}</label> \n                \n\n                        </td>\n                        <td class=\"AssetAssigntd\">\n                               <label class=\"ms-Label\">@{formatDateTime(utcNow(), 'MM/dd/yyyy')}, @{utcNow('T')}</label>\n                               <label class=\"ms-Label\">@{triggerOutputs()?['body/OsDetails']}</label>    \n                        </td>\n                    </tr>\n                    <tr class=\"AssetAssigntr\">\n                        <td class=\"AssetAssigntd\">\n                            <label class=\"ms-Label\">Signed By</label>  \n                        </td>\n                        <td class=\"AssetAssigntd\">\n                        <label class=\"ms-Label\">Document signed by @{outputs('Send_an_HTTP_request_to_SharePoint')?['body']?['d']?['results'][0]['CheckOut']}</label>\n                 \n\n                        </td>\n                        <td class=\"AssetAssigntd\">\n                               <label class=\"ms-Label\">@{formatDateTime(utcNow(), 'MM/dd/yyyy')}, @{utcNow('T')}</label>\n                               <label class=\"ms-Label\">@{triggerOutputs()?['body/OsDetails']}</label>    \n                        </td>\n                    </tr>\n                    <tr class=\"AssetAssigntr\">\n                        <td class=\"AssetAssigntd\">\n                            <label class=\"ms-Label\">Document Finalized</label>  \n                        </td>\n                        <td class=\"AssetAssigntd\">\n                        <label class=\"ms-Label\">Document finalized by @{outputs('Send_an_HTTP_request_to_SharePoint')?['body']?['d']?['results'][0]['CheckOut']}</label>\n                     \n\n                        </td>\n                        <td class=\"AssetAssigntd\">\n                               <label class=\"ms-Label\">@{formatDateTime(utcNow(), 'MM/dd/yyyy')}, @{utcNow('T')}</label>\n                               <label class=\"ms-Label\">@{triggerOutputs()?['body/OsDetails']}</label>    \n                        </td>\n                    </tr>\n                        <tr class=\"AssetAssigntr\">\n                        <td class=\"AssetAssigntd\">\n                            <label class=\"ms-Label\">Document Send</label>  \n                        </td>\n                        <td class=\"AssetAssigntd\">\n                        <label class=\"ms-Label\">Document send to@{outputs('Send_an_HTTP_request_to_SharePoint')?['body']?['d']?['results'][0]['CheckOut']} Email:@{outputs('Send_an_HTTP_request_to_SharePoint')?['body']?['d']?['results'][0]['AssignToEmailId']}</label>\n                   \n\n                        </td>\n                        <td class=\"AssetAssigntd\">\n                               <label class=\"ms-Label\">@{formatDateTime(utcNow(), 'MM/dd/yyyy')}, @{utcNow('T')}</label>\n                               <label class=\"ms-Label\">@{triggerOutputs()?['body/OsDetails']}</label>    \n                        </td>\n                    </tr>\n                </tbody></table>\n </table>\n</div>\n\n</body>\n</html> "
              }
            ]
          }
        },
        "Get_file_content_using_path": {
          "runAfter": {
            "Initialize_variable_7": [
              "Succeeded"
            ]
          },
          "metadata": {
            "operationMetadataId": "f49e979a-c730-431c-b9d8-a91c505cd808"
          },
          "type": "OpenApiConnection",
          "inputs": {
            "host": {
              "connectionName": "shared_sharepointonline_2",
              "operationId": "GetFileContentByPath",
              "apiId": "/providers/Microsoft.PowerApps/apis/shared_sharepointonline"
            },
            "parameters": {
              "dataset": "@variables('ApplicationURL')",
              "path": "/HR365AMXAssetdoc/@{formatDateTime(utcNow(), 'yyyy')}/@{formatDateTime(utcNow(),'MM')}/@{outputs('Create_file_in_a_document_list')?['body/Name']}",
              "inferContentType": true
            },
            "authentication": "@parameters('$authentication')"
          }
        },
        "Create_file_2": {
          "runAfter": {
            "Get_file_content_using_path": [
              "Succeeded"
            ]
          },
          "metadata": {
            "operationMetadataId": "946f6bc8-ddb8-4d53-8f03-561716a300b9"
          },
          "type": "OpenApiConnection",
          "inputs": {
            "host": {
              "connectionName": "shared_onedriveforbusiness_2",
              "operationId": "CreateFile",
              "apiId": "/providers/Microsoft.PowerApps/apis/shared_onedriveforbusiness"
            },
            "parameters": {
              "folderPath": "/",
              "name": "UpdateDoc.html",
              "body": "@variables('HtmlContent')"
            },
            "authentication": "@parameters('$authentication')"
          },
          "runtimeConfiguration": {
            "contentTransfer": {
              "transferMode": "Chunked"
            }
          }
        },
        "Convert_file_using_path_2": {
          "runAfter": {
            "Create_file_2": [
              "Succeeded"
            ]
          },
          "metadata": {
            "operationMetadataId": "e95b97cc-f383-4c5b-b95a-ece832c0a4ba"
          },
          "type": "OpenApiConnection",
          "inputs": {
            "host": {
              "connectionName": "shared_onedriveforbusiness_1",
              "operationId": "ConvertFileByPath",
              "apiId": "/providers/Microsoft.PowerApps/apis/shared_onedriveforbusiness"
            },
            "parameters": {
              "path": "/UpdateDoc.html",
              "type": "PDF"
            },
            "authentication": "@parameters('$authentication')"
          }
        },
        "Update_file": {
          "runAfter": {
            "Convert_file_using_path_2": [
              "Succeeded"
            ]
          },
          "metadata": {
            "operationMetadataId": "de56a720-8930-4c79-8049-15a0f91dcf69"
          },
          "type": "OpenApiConnection",
          "inputs": {
            "host": {
              "connectionName": "shared_sharepointonline_4",
              "operationId": "UpdateFile",
              "apiId": "/providers/Microsoft.PowerApps/apis/shared_sharepointonline"
            },
            "parameters": {
              "dataset": "@variables('ApplicationURL')",
              "id": "/HR365AMXAssetdoc/@{formatDateTime(utcNow(), 'yyyy')}/@{formatDateTime(utcNow(),'MM')}/@{outputs('Create_file_in_a_document_list')?['body/Name']}",
              "body": "@body('Convert_file_using_path_2')"
            },
            "authentication": "@parameters('$authentication')"
          }
        },
        "Delete_file": {
          "runAfter": {
            "Send_an_HTTP_request_to_SharePoint_6": [
              "Succeeded"
            ]
          },
          "metadata": {
            "operationMetadataId": "aca6eda7-28d4-4ef1-a931-537418ba7d4e"
          },
          "type": "OpenApiConnection",
          "inputs": {
            "host": {
              "connectionName": "shared_onedriveforbusiness_3",
              "operationId": "DeleteFile",
              "apiId": "/providers/Microsoft.PowerApps/apis/shared_onedriveforbusiness"
            },
            "parameters": {
              "id": "@outputs('Create_file_2')?['body/Id']"
            },
            "authentication": "@parameters('$authentication')"
          }
        },
        "Delete_file_2": {
          "runAfter": {
            "Delete_file": [
              "Succeeded"
            ]
          },
          "metadata": {
            "operationMetadataId": "c793de2c-7941-44eb-8449-778a24466920"
          },
          "type": "OpenApiConnection",
          "inputs": {
            "host": {
              "connectionName": "shared_onedriveforbusiness_3",
              "operationId": "DeleteFile",
              "apiId": "/providers/Microsoft.PowerApps/apis/shared_onedriveforbusiness"
            },
            "parameters": {
              "id": "@outputs('Create_file')?['body/Id']"
            },
            "authentication": "@parameters('$authentication')"
          }
        },
        "Delete_item": {
          "runAfter": {
            "Compose_2": [
              "Succeeded"
            ]
          },
          "metadata": {
            "operationMetadataId": "12494c06-2e54-4bfb-a822-b4deea796794"
          },
          "type": "OpenApiConnection",
          "inputs": {
            "host": {
              "connectionName": "shared_sharepointonline_5",
              "operationId": "DeleteItem",
              "apiId": "/providers/Microsoft.PowerApps/apis/shared_sharepointonline"
            },
            "parameters": {
              "dataset": "@variables('ApplicationURL')",
              "table": "HR365AMXAssetAccept",
              "id": "@triggerOutputs()?['body/ID']"
            },
            "authentication": "@parameters('$authentication')"
          }
        },
        "Initialize_variable_8": {
          "runAfter": {
            "Initialize_variable_6": [
              "Succeeded"
            ]
          },
          "metadata": {
            "operationMetadataId": "824ab89a-7ced-4bfe-9528-fd577054c750"
          },
          "type": "InitializeVariable",
          "inputs": {
            "variables": [
              {
                "name": "Body",
                "type": "string"
              }
            ]
          }
        },
        "Initialize_variable_9": {
          "runAfter": {
            "Initialize_variable_8": [
              "Succeeded"
            ]
          },
          "metadata": {
            "operationMetadataId": "7aa7a5c2-6f72-4feb-8466-69568b82cca2"
          },
          "type": "InitializeVariable",
          "inputs": {
            "variables": [
              {
                "name": "Subject",
                "type": "string"
              }
            ]
          }
        },
        "Set_variable_6": {
          "runAfter": {
            "Update_file": [
              "Succeeded"
            ]
          },
          "metadata": {
            "operationMetadataId": "676fa627-0a98-41ae-b28e-6f30185fbc31"
          },
          "type": "SetVariable",
          "inputs": {
            "name": "Subject",
            "value": "Asset-@{outputs('Send_an_HTTP_request_to_SharePoint')?['body']?['d']?['results'][0]['AssetID']} has been accepted"
          }
        },
        "Send_an_HTTP_request_to_SharePoint_6": {
          "runAfter": {
            "Condition_5": [
              "Succeeded"
            ]
          },
          "metadata": {
            "operationMetadataId": "b16ba482-a1ce-49c0-8268-6b282ab291ab"
          },
          "type": "OpenApiConnection",
          "inputs": {
            "host": {
              "connectionName": "shared_sharepointonline_6",
              "operationId": "HttpRequest",
              "apiId": "/providers/Microsoft.PowerApps/apis/shared_sharepointonline"
            },
            "parameters": {
              "dataset": "@parameters('SiteAddress(AM365) (hr365_siteabsoluteadress)')",
              "parameters/method": "POST",
              "parameters/uri": "/_api/SP.Utilities.Utility.SendEmail",
              "parameters/headers": {
                "accept": "application/json;odata=verbose",
                "content-type": "application/json;odata=verbose"
              },
              "parameters/body": "{\n  \"properties\": {\n    \"__metadata\": {\n      \"type\": \"SP.Utilities.EmailProperties\"\n    },\n    \"From\": \"no-reply@sharepoint.com\",\n    \"To\": {\n      \"results\": [\"@{triggerOutputs()?['body/LoginUserEmail']}\"]\n    },\n    \"CC\": {\n      \"results\": [\"\"]\n    },\n    \"Body\": \"<p>@{variables('Body')}</p>\",\n    \"Subject\": \"@{variables('Subject')}\"\n  }\n}\n"
            },
            "authentication": "@parameters('$authentication')"
          }
        },
        "Compose_2": {
          "runAfter": {
            "Delete_file_2": [
              "Succeeded",
              "Failed"
            ]
          },
          "metadata": {
            "operationMetadataId": "2ffdf8b5-3472-45ec-8be5-e21a3ead3558"
          },
          "type": "Compose",
          "inputs": "Deleted"
        },
        "Compose_3": {
          "runAfter": {
            "Delete_item": [
              "Succeeded",
              "Failed"
            ]
          },
          "metadata": {
            "operationMetadataId": "dab3cb34-f3f8-4bd3-83e4-66a90110f54d"
          },
          "type": "Compose",
          "inputs": "Succedded"
        },
        "Compose_4": {
          "runAfter": {
            "Set_variable_6": [
              "Succeeded"
            ]
          },
          "metadata": {
            "operationMetadataId": "12757681-b766-4791-a178-35b3f7096d8f"
          },
          "type": "Compose",
          "inputs": "@if(equals(triggerOutputs()?['body/Title'],'System'),'System',triggerOutputs()?['body/LoginUserName'])"
        },
        "Condition_5": {
          "actions": {
            "Set_variable_8": {
              "runAfter": {},
              "metadata": {
                "operationMetadataId": "bebc671b-53f4-4447-bd4e-a5d912caac99"
              },
              "type": "SetVariable",
              "inputs": {
                "name": "Body",
                "value": "<p style=\\\"font-family: 'Arial', sans-serif;\\\">\nHi,<br><br>\nThe Asset ID<strong> @{outputs('Send_an_HTTP_request_to_SharePoint')?['body']?['d']?['results'][0]['AssetID']} </strong>has been auto accepted by the <strong>system</strong>, and below are the details:<br>\n<br>\n<strong>Asset ID:</strong> @{outputs('Send_an_HTTP_request_to_SharePoint')?['body']?['d']?['results'][0]['AssetID']}<br>\n<strong>Asset Name:</strong> @{outputs('Send_an_HTTP_request_to_SharePoint')?['body']?['d']?['results'][0]['AssetName']}<br>\n<strong>Category:</strong> @{if(equals(length(variables('CategoryFilter')),0),outputs('Send_an_HTTP_request_to_SharePoint')?['body']?['d']?['results'][0]['Category'],body('Filter_array')?[0]?['Category'])}<br>\n<strong>Sub Category L1:</strong> @{if(equals(length(variables('Subcategory filter')),0),outputs('Send_an_HTTP_request_to_SharePoint')?['body']?['d']?['results']?[0]?['Sub Category'],body('Filter_array_2')?[0]?['SubCategory'])}<br>\n<strong>Serial Number:</strong> @{outputs('Send_an_HTTP_request_to_SharePoint')?['body']?['d']?['results'][0]['SerialNumber']}<br>\n<strong>Assigned To:</strong> @{outputs('Send_an_HTTP_request_to_SharePoint')?['body']?['d']?['results'][0]['AssignToName']}<br>\n<strong>Assigned Date:</strong> @{outputs('Send_an_HTTP_request_to_SharePoint')?['body']?['d']?['results'][0]['AssignedDate']}<br>\n<br><br>\nRegards,<br>\nAsset Management Automation<br>\nPowered by HR365<br>\n<span style=\\\"font-family: 'Arial', sans-serif;\\\">The information contained in this communication from the sender is confidential. It is intended solely for use by the recipient and others authorized to receive it. If you are not the recipient, you are hereby notified that any disclosure, copying, distribution, or taking action in relation to the contents of this information is strictly prohibited and may be unlawful.</span></p>"
              }
            }
          },
          "runAfter": {
            "Compose_4": [
              "Succeeded"
            ]
          },
          "else": {
            "actions": {
              "Set_variable_7": {
                "runAfter": {},
                "metadata": {
                  "operationMetadataId": "ef48912f-e591-44fa-ba37-35957992e0bd"
                },
                "type": "SetVariable",
                "inputs": {
                  "name": "Body",
                  "value": "<p style=\\\"font-family: 'Arial', sans-serif;\\\">\nHi,\n<br><br>\nThe Asset ID <b>@{outputs('Send_an_HTTP_request_to_SharePoint')?['body']?['d']?['results'][0]['AssetID']}</b> has been accepted by <b>@{triggerOutputs()?['body/LoginUserName']}</b> and below are the details.\n<br><br>\n<strong>Asset ID:</strong> @{outputs('Send_an_HTTP_request_to_SharePoint')?['body']?['d']?['results'][0]['AssetID']}<br>\n<strong>Asset Name:</strong> @{outputs('Send_an_HTTP_request_to_SharePoint')?['body']?['d']?['results'][0]['AssetName']}<br>\n<strong>Category:</strong> @{if(equals(length(variables('CategoryFilter')),0),outputs('Send_an_HTTP_request_to_SharePoint')?['body']?['d']?['results'][0]['Category'],body('Filter_array')?[0]?['Category'])}<br>\n<strong>Sub Category L1:</strong> @{if(equals(length(variables('Subcategory filter')),0),outputs('Send_an_HTTP_request_to_SharePoint')?['body']?['d']?['results']?[0]?['Sub Category'],body('Filter_array_2')?[0]?['SubCategory'])}<br>\n<strong>Serial Number:</strong> @{outputs('Send_an_HTTP_request_to_SharePoint')?['body']?['d']?['results'][0]['SerialNumber']}<br>\n<strong>Assigned To:</strong> @{outputs('Send_an_HTTP_request_to_SharePoint')?['body']?['d']?['results'][0]['AssignToName']}<br>\n<strong>Assigned Date:</strong> @{outputs('Send_an_HTTP_request_to_SharePoint')?['body']?['d']?['results'][0]['AssignedDate']}<br>\n<br><br>\n\nRegards,<br>\nAsset Management Automation<br>\nPowered by HR365<br>\n<span style=\\\"font-family: 'Arial', sans-serif;\\\">The information contained in this communication from the sender is confidential. It is intended solely for use by the recipient and others authorized to receive it. If you are not the recipient, you are hereby notified that any disclosure, copying, distribution or taking action in relation of the contents of this information is strictly prohibited and may be unlawful.</span></p>\n\n"
                }
              }
            }
          },
          "expression": {
            "equals": [
              "@triggerOutputs()?['body/Title']",
              "System"
            ]
          },
          "metadata": {
            "operationMetadataId": "e457f4dd-8c7c-4859-8701-b9fce7e9bdc9"
          },
          "type": "If"
        }
      }
    },
    "templateName": ""
  },
  "schemaVersion": "1.0.0.0"
}