<environmentvariabledefinition schemaname="hrms365_GraphAPiListHRMS365">
  <defaultvalue>HR365HCMGraphAPIEmails</defaultvalue>
  <description default="HRMS New Variable for GraphAPiList(hr365_GraphAPiList)">
    <label description="HRMS New Variable for GraphAPiList(hr365_GraphAPiList)" languagecode="1033" />
  </description>
  <displayname default="GraphAPiList (HRMS365)">
    <label description="GraphAPiList (HRMS365)" languagecode="1033" />
  </displayname>
  <introducedversion>25.0825.1347.8</introducedversion>
  <iscustomizable>1</iscustomizable>
  <isrequired>0</isrequired>
  <secretstore>0</secretstore>
  <type>100000000</type>
</environmentvariabledefinition>