<environmentvariabledefinition schemaname="hr365_ApplicationURLAM365">
  <defaultvalue>https://megazap.sharepoint.com/sites/HR365-AssetManagement365/SitePages/Asset-Management-365.aspx</defaultvalue>
  <displayname default="ApplicationURL(AM365)">
    <label description="ApplicationURL(AM365)" languagecode="1033" />
  </displayname>
  <introducedversion>23.1127.1351</introducedversion>
  <iscustomizable>1</iscustomizable>
  <isrequired>0</isrequired>
  <secretstore>0</secretstore>
  <type>100000000</type>
</environmentvariabledefinition>