<environmentvariabledefinition schemaname="hrms365_ClientIDHRMS365">
  <defaultvalue>79db8be4-ed03-487a-b7ce-b90c4300126a</defaultvalue>
  <description default="HRMS New variable for ClientId(hr365_ClientId)">
    <label description="HRMS New variable for ClientId(hr365_ClientId)" languagecode="1033" />
  </description>
  <displayname default="ClientID (HRMS365)">
    <label description="ClientID (HRMS365)" languagecode="1033" />
  </displayname>
  <introducedversion>25.0825.1347.8</introducedversion>
  <iscustomizable>1</iscustomizable>
  <isrequired>0</isrequired>
  <secretstore>0</secretstore>
  <type>100000000</type>
</environmentvariabledefinition>