{
  "properties": {
    "connectionReferences": {
      "shared_sharepointonline": {
        "runtimeSource": "embedded",
        "connection": {
          "connectionReferenceLogicalName": "hr365_sharedsharepointonline_7c495"
        },
        "api": {
          "name": "shared_sharepointonline"
        }
      }
    },
    "definition": {
      "$schema": "https://schema.management.azure.com/providers/Microsoft.Logic/schemas/2016-06-01/workflowdefinition.json#",
      "contentVersion": "1.0.0.0",
      "parameters": {
        "$connections": {
          "defaultValue": {},
          "type": "Object"
        },
        "$authentication": {
          "defaultValue": {},
          "type": "SecureObject"
        },
        "SiteURL(HD365) (hr365_SiteURLHD365)": {
          "defaultValue": "https://megazap.sharepoint.com/sites/Automation",
          "type": "String",
          "metadata": {
            "schemaName": "hr365_SiteURLHD365"
          }
        }
      },
      "triggers": {
        "Recurrence": {
          "recurrence": {
            "frequency": "Day",
            "interval": 1,
            "startTime": "2023-11-22T03:30:00Z"
          },
          "metadata": {
            "operationMetadataId": "718de1a9-86bf-438d-962b-02a64dc97083"
          },
          "type": "Recurrence"
        }
      },
      "actions": {
        "ApplicationURL": {
          "runAfter": {},
          "metadata": {
            "operationMetadataId": "6bceb5bc-d027-4cf6-ad52-46065c8ad98b"
          },
          "type": "InitializeVariable",
          "inputs": {
            "variables": [
              {
                "name": "ApplicationURL",
                "type": "string",
                "value": "@parameters('SiteURL(HD365) (hr365_SiteURLHD365)')"
              }
            ]
          }
        },
        "Get_AutoMation_List_Data": {
          "runAfter": {
            "AssinedTo": [
              "Succeeded"
            ]
          },
          "metadata": {
            "operationMetadataId": "1204db9e-085d-479b-97f8-93ba35cac21a"
          },
          "type": "OpenApiConnection",
          "inputs": {
            "host": {
              "connectionName": "shared_sharepointonline",
              "operationId": "HttpRequest",
              "apiId": "/providers/Microsoft.PowerApps/apis/shared_sharepointonline"
            },
            "parameters": {
              "dataset": "@variables('ApplicationURL')",
              "parameters/method": "GET",
              "parameters/uri": "_api/web/lists/getbytitle('HR365HDMAutoMation')/items?$filter=(BackEndToogleValue ne 'InActive') and (AutomationType eq 'Recurring')",
              "parameters/headers": {
                "accept": "application/json;odata=verbose",
                "content-type": "application/json;odata=verbose"
              }
            },
            "authentication": "@parameters('$authentication')"
          }
        },
        "Condition": {
          "actions": {
            "This_Loop_For_find_all_items_data_": {
              "foreach": "@body('Get_AutoMation_List_Data')?['d']?['results']",
              "actions": {
                "Action_Data": {
                  "runAfter": {},
                  "metadata": {
                    "operationMetadataId": "9a107bd0-32b8-42f0-87e3-b522cdd99b37"
                  },
                  "type": "Compose",
                  "inputs": "@JSON(items('This_Loop_For_find_all_items_data_')['Action'])[0]?['Action']?['0']"
                },
                "This_Condition_For_Check_Select_Date_": {
                  "actions": {
                    "Select_Date_Compose": {
                      "runAfter": {},
                      "metadata": {
                        "operationMetadataId": "ceace990-0725-4429-b651-0569f33fecd6"
                      },
                      "type": "Compose",
                      "inputs": "@JSON(items('This_Loop_For_find_all_items_data_')['AutoMationFlow'])[0]?['AutoMationFlow']?['0']?['Value']"
                    },
                    "Match_Single_Ticket_creation": {
                      "actions": {
                        "This_condition_for_check_single_ticket_creation": {
                          "actions": {
                            "Post_Single_Ticket_creation": {
                              "runAfter": {},
                              "metadata": {
                                "operationMetadataId": "835a4c6b-5bae-4b3c-9e1e-531cabf09932"
                              },
                              "type": "OpenApiConnection",
                              "inputs": {
                                "host": {
                                  "connectionName": "shared_sharepointonline",
                                  "operationId": "HttpRequest",
                                  "apiId": "/providers/Microsoft.PowerApps/apis/shared_sharepointonline"
                                },
                                "parameters": {
                                  "dataset": "@variables('ApplicationURL')",
                                  "parameters/method": "POST",
                                  "parameters/uri": "/_api/web/lists/getbytitle('HR365HDMTickets')/items",
                                  "parameters/headers": {
                                    "accept": "application/json;odata=verbose",
                                    "content-type": "application/json;odata=verbose",
                                    "odata-version": ""
                                  },
                                  "parameters/body": "{\n     \"__metadata\": { \"type\": \"SP.Data.HR365HDMTicketsListItem\" },\n\"TicketProperties\":'@{string(variables('Ticket Properties'))}',\n\"Title\":'@{JSON(items('This_Loop_For_find_all_items_data_')['Action'])[0]?['Action']?['0']?['TicketTitle']}',\n\"DepartmentName\":'@{JSON(items('This_Loop_For_find_all_items_data_')['Action'])[0]?['Action']?['0']?['TeamName']}',\n\"RequestType\":'@{JSON(items('This_Loop_For_find_all_items_data_')['Action'])[0]?['Action']?['0']?['RequestType']}',\n\"Priority\":'@{JSON(items('This_Loop_For_find_all_items_data_')['Action'])[0]?['Action']?['0']?['PriorityType']}',\n\"TicketDescription\":'@{JSON(items('This_Loop_For_find_all_items_data_')['Action'])[0]?['Action']?['0']?['TicketDescription']}',\n\"TicketDescInTextformat\":'@{replace(JSON(items('This_Loop_For_find_all_items_data_')['Action'])[0]?['Action']?['0']?['TicketDescription'], '<[^>]*>', '')}',\n\"RequesterName\":'@{JSON(items('This_Loop_For_find_all_items_data_')['Action'])[0]?['Action']?['0']?['RequesterName']}',\n\"RequesterEmail\":'@{JSON(items('This_Loop_For_find_all_items_data_')['Action'])[0]?['Action']?['0']?['RequesterEmailId']}',\n\"RequesterId\":@{int(JSON(items('This_Loop_For_find_all_items_data_')['Action'])[0]?['Action']?['0']?['RequesterId'])},\n\"AssignedToId\":@{if(empty(variables('Assinedto')), 'null',int(variables('Assinedto')))},\n\"AssignedTomail\":'@{JSON(items('This_Loop_For_find_all_items_data_')['Action'])[0]?['Action']?['0']?['AssignToEmailId']}',\n\"Status\":'@{if(equals(JSON(items('This_Loop_For_find_all_items_data_')['Action'])[0]?['Action']?['0']?['AssignToId'], null), 'Unassigned', 'Open')}',\n\"TicketCreatedDate\":'@{utcNow()}'\n        }"
                                },
                                "authentication": "@parameters('$authentication')"
                              }
                            }
                          },
                          "runAfter": {},
                          "expression": {
                            "and": [
                              {
                                "equals": [
                                  "@JSON(items('This_Loop_For_find_all_items_data_')['AutoMationFlow'])[0]?['AutoMationFlow']?['0']?['Value']",
                                  "@formatDateTime(utcNow(), 'yyyy/MM/dd')"
                                ]
                              },
                              {
                                "equals": [
                                  "@JSON(items('This_Loop_For_find_all_items_data_')['Action'])[0]?['Action']?['0']?['TicketCreationType']",
                                  "Single Ticket"
                                ]
                              }
                            ]
                          },
                          "metadata": {
                            "operationMetadataId": "4da0c2bf-a6cc-4081-a2b9-10badcbd5674"
                          },
                          "type": "If"
                        }
                      },
                      "runAfter": {
                        "Set_Ticket_Properties": [
                          "Succeeded"
                        ]
                      },
                      "else": {
                        "actions": {
                          "Match_weekly_and_monthly_condition": {
                            "actions": {
                              "This_condition_check_current_Day_value": {
                                "actions": {
                                  "Send_an_HTTP_request_to_SharePoint": {
                                    "runAfter": {},
                                    "metadata": {
                                      "operationMetadataId": "3c9ee600-846d-483f-af1e-7416a4c0e0ae"
                                    },
                                    "type": "OpenApiConnection",
                                    "inputs": {
                                      "host": {
                                        "connectionName": "shared_sharepointonline",
                                        "operationId": "HttpRequest",
                                        "apiId": "/providers/Microsoft.PowerApps/apis/shared_sharepointonline"
                                      },
                                      "parameters": {
                                        "dataset": "@variables('ApplicationURL')",
                                        "parameters/method": "POST",
                                        "parameters/uri": "/_api/web/lists/getbytitle('HR365HDMTickets')/items",
                                        "parameters/headers": {
                                          "accept": "application/json;odata=verbose",
                                          "content-type": "application/json;odata=verbose",
                                          "odata-version": ""
                                        },
                                        "parameters/body": "{\n     \"__metadata\": { \"type\": \"SP.Data.HR365HDMTicketsListItem\" },\n\"TicketProperties\":'@{string(variables('Ticket Properties'))}',\n\"Title\":'@{JSON(items('This_Loop_For_find_all_items_data_')['Action'])[0]?['Action']?['0']?['TicketTitle']}',\n\"DepartmentName\":'@{JSON(items('This_Loop_For_find_all_items_data_')['Action'])[0]?['Action']?['0']?['TeamName']}',\n\"RequestType\":'@{JSON(items('This_Loop_For_find_all_items_data_')['Action'])[0]?['Action']?['0']?['RequestType']}',\n\"Priority\":'@{JSON(items('This_Loop_For_find_all_items_data_')['Action'])[0]?['Action']?['0']?['PriorityType']}',\n\"TicketDescription\":'@{JSON(items('This_Loop_For_find_all_items_data_')['Action'])[0]?['Action']?['0']?['TicketDescription']}',\n\"TicketDescInTextformat\":'@{replace(JSON(items('This_Loop_For_find_all_items_data_')['Action'])[0]?['Action']?['0']?['TicketDescription'], '<[^>]*>', '')}',\n\"RequesterName\":'@{JSON(items('This_Loop_For_find_all_items_data_')['Action'])[0]?['Action']?['0']?['RequesterName']}',\n\"RequesterEmail\":'@{JSON(items('This_Loop_For_find_all_items_data_')['Action'])[0]?['Action']?['0']?['RequesterEmailId']}',\n\"RequesterId\":@{int(JSON(items('This_Loop_For_find_all_items_data_')['Action'])[0]?['Action']?['0']?['RequesterId'])},\n\"AssignedToId\":@{if(empty(variables('Assinedto')), 'null',int(variables('Assinedto')))},\n\"AssignedTomail\":'@{JSON(items('This_Loop_For_find_all_items_data_')['Action'])[0]?['Action']?['0']?['AssignToEmailId']}',\n\"Status\":'@{if(equals(JSON(items('This_Loop_For_find_all_items_data_')['Action'])[0]?['Action']?['0']?['AssignToId'], null), 'Unassigned', 'Open')}',\n\"TicketCreatedDate\":'@{utcNow()}'\n        }"
                                      },
                                      "authentication": "@parameters('$authentication')"
                                    }
                                  }
                                },
                                "runAfter": {},
                                "expression": {
                                  "equals": [
                                    "@JSON(items('This_Loop_For_find_all_items_data_')['RecurrenceConditions'])[0]?['RecurrenceConditions']?['0']?['WeeklyDaysValue']",
                                    "@formatDateTime(utcNow(), 'ddd')"
                                  ]
                                },
                                "metadata": {
                                  "operationMetadataId": "f174aae2-cab3-4f49-b942-e63cee3b315a"
                                },
                                "type": "If"
                              }
                            },
                            "runAfter": {},
                            "else": {
                              "actions": {
                                "This_conditoin_check_for_Day_and_month_": {
                                  "actions": {
                                    "Match_current_Date_and_selected_date_": {
                                      "actions": {
                                        "Every_month_date_match_base_post_call": {
                                          "runAfter": {},
                                          "metadata": {
                                            "operationMetadataId": "d199c8b6-0213-4dcf-b537-7c614f8bfc1f"
                                          },
                                          "type": "OpenApiConnection",
                                          "inputs": {
                                            "host": {
                                              "connectionName": "shared_sharepointonline",
                                              "operationId": "HttpRequest",
                                              "apiId": "/providers/Microsoft.PowerApps/apis/shared_sharepointonline"
                                            },
                                            "parameters": {
                                              "dataset": "@variables('ApplicationURL')",
                                              "parameters/method": "POST",
                                              "parameters/uri": "/_api/web/lists/getbytitle('HR365HDMTickets')/items",
                                              "parameters/headers": {
                                                "accept": "application/json;odata=verbose",
                                                "content-type": "application/json;odata=verbose",
                                                "odata-version": ""
                                              },
                                              "parameters/body": "{\n     \"__metadata\": { \"type\": \"SP.Data.HR365HDMTicketsListItem\" },\n\"TicketProperties\":'@{string(variables('Ticket Properties'))}',\n\"Title\":'@{JSON(items('This_Loop_For_find_all_items_data_')['Action'])[0]?['Action']?['0']?['TicketTitle']}',\n\"DepartmentName\":'@{JSON(items('This_Loop_For_find_all_items_data_')['Action'])[0]?['Action']?['0']?['TeamName']}',\n\"RequestType\":'@{JSON(items('This_Loop_For_find_all_items_data_')['Action'])[0]?['Action']?['0']?['RequestType']}',\n\"Priority\":'@{JSON(items('This_Loop_For_find_all_items_data_')['Action'])[0]?['Action']?['0']?['PriorityType']}',\n\"TicketDescription\":'@{JSON(items('This_Loop_For_find_all_items_data_')['Action'])[0]?['Action']?['0']?['TicketDescription']}',\n\"TicketDescInTextformat\":'@{replace(JSON(items('This_Loop_For_find_all_items_data_')['Action'])[0]?['Action']?['0']?['TicketDescription'], '<[^>]*>', '')}',\n\"RequesterName\":'@{JSON(items('This_Loop_For_find_all_items_data_')['Action'])[0]?['Action']?['0']?['RequesterName']}',\n\"RequesterEmail\":'@{JSON(items('This_Loop_For_find_all_items_data_')['Action'])[0]?['Action']?['0']?['RequesterEmailId']}',\n\"RequesterId\":@{int(JSON(items('This_Loop_For_find_all_items_data_')['Action'])[0]?['Action']?['0']?['RequesterId'])},\n\"AssignedToId\":@{if(empty(variables('Assinedto')), 'null',int(variables('Assinedto')))},\n\"AssignedTomail\":'@{JSON(items('This_Loop_For_find_all_items_data_')['Action'])[0]?['Action']?['0']?['AssignToEmailId']}',\n\"Status\":'@{if(equals(JSON(items('This_Loop_For_find_all_items_data_')['Action'])[0]?['Action']?['0']?['AssignToId'], null), 'Unassigned', 'Open')}',\n\"TicketCreatedDate\":'@{utcNow()}'\n        }"
                                            },
                                            "authentication": "@parameters('$authentication')"
                                          }
                                        }
                                      },
                                      "runAfter": {},
                                      "expression": {
                                        "equals": [
                                          "@formatDateTime(utcNow(), 'dd')",
                                          "@JSON(items('This_Loop_For_find_all_items_data_')['RecurrenceConditions'])[0]?['RecurrenceConditions']?['0']?['MonthlyDaysValue']"
                                        ]
                                      },
                                      "metadata": {
                                        "operationMetadataId": "cfdea49d-79ce-41a2-a05d-d97264437a1f"
                                      },
                                      "type": "If"
                                    }
                                  },
                                  "runAfter": {},
                                  "else": {
                                    "actions": {
                                      "Compose": {
                                        "runAfter": {},
                                        "metadata": {
                                          "operationMetadataId": "7527d341-4ee1-42ea-9056-6df16222d966"
                                        },
                                        "type": "Compose",
                                        "inputs": "@utcNow()"
                                      },
                                      "Compose_2": {
                                        "runAfter": {
                                          "Compose": [
                                            "Succeeded"
                                          ]
                                        },
                                        "metadata": {
                                          "operationMetadataId": "84c71f54-d237-4a1c-af4a-54b5af2a89d1"
                                        },
                                        "type": "Compose",
                                        "inputs": "@sub(dayOfMonth(outputs('Compose')),1)"
                                      },
                                      "Compose_3": {
                                        "runAfter": {
                                          "Compose_2": [
                                            "Succeeded"
                                          ]
                                        },
                                        "metadata": {
                                          "operationMetadataId": "e9b02cc7-1b16-4d1c-b758-5fc20391f3ca"
                                        },
                                        "type": "Compose",
                                        "inputs": "@div(add(outputs('Compose_2'), dayOfWeek(startOfMonth(outputs('Compose')))), 7)"
                                      },
                                      "Condition_2": {
                                        "actions": {
                                          "Send_an_HTTP_request_to_SharePoint_2": {
                                            "runAfter": {},
                                            "metadata": {
                                              "operationMetadataId": "d0db36dc-13a1-4703-8756-2d7189b4ae9b"
                                            },
                                            "type": "OpenApiConnection",
                                            "inputs": {
                                              "host": {
                                                "connectionName": "shared_sharepointonline",
                                                "operationId": "HttpRequest",
                                                "apiId": "/providers/Microsoft.PowerApps/apis/shared_sharepointonline"
                                              },
                                              "parameters": {
                                                "dataset": "@variables('ApplicationURL')",
                                                "parameters/method": "POST",
                                                "parameters/uri": "/_api/web/lists/getbytitle('HR365HDMTickets')/items",
                                                "parameters/headers": {
                                                  "accept": "application/json;odata=verbose",
                                                  "content-type": "application/json;odata=verbose",
                                                  "odata-version": ""
                                                },
                                                "parameters/body": "{\n     \"__metadata\": { \"type\": \"SP.Data.HR365HDMTicketsListItem\" },\n\"TicketProperties\":'@{string(variables('Ticket Properties'))}',\n\"Title\":'@{JSON(items('This_Loop_For_find_all_items_data_')['Action'])[0]?['Action']?['0']?['TicketTitle']}',\n\"DepartmentName\":'@{JSON(items('This_Loop_For_find_all_items_data_')['Action'])[0]?['Action']?['0']?['TeamName']}',\n\"RequestType\":'@{JSON(items('This_Loop_For_find_all_items_data_')['Action'])[0]?['Action']?['0']?['RequestType']}',\n\"Priority\":'@{JSON(items('This_Loop_For_find_all_items_data_')['Action'])[0]?['Action']?['0']?['PriorityType']}',\n\"TicketDescription\":'@{JSON(items('This_Loop_For_find_all_items_data_')['Action'])[0]?['Action']?['0']?['TicketDescription']}',\n\"TicketDescInTextformat\":'@{replace(JSON(items('This_Loop_For_find_all_items_data_')['Action'])[0]?['Action']?['0']?['TicketDescription'], '<[^>]*>', '')}',\n\"RequesterName\":'@{JSON(items('This_Loop_For_find_all_items_data_')['Action'])[0]?['Action']?['0']?['RequesterName']}',\n\"RequesterEmail\":'@{JSON(items('This_Loop_For_find_all_items_data_')['Action'])[0]?['Action']?['0']?['RequesterEmailId']}',\n\"RequesterId\":@{int(JSON(items('This_Loop_For_find_all_items_data_')['Action'])[0]?['Action']?['0']?['RequesterId'])},\n\"AssignedToId\":@{if(empty(variables('Assinedto')), 'null',int(variables('Assinedto')))},\n\"AssignedTomail\":'@{JSON(items('This_Loop_For_find_all_items_data_')['Action'])[0]?['Action']?['0']?['AssignToEmailId']}',\n\"Status\":'@{if(equals(JSON(items('This_Loop_For_find_all_items_data_')['Action'])[0]?['Action']?['0']?['AssignToId'], null), 'Unassigned', 'Open')}',\n\"TicketCreatedDate\":'@{utcNow()}'\n        }"
                                              },
                                              "authentication": "@parameters('$authentication')"
                                            }
                                          }
                                        },
                                        "runAfter": {
                                          "Compose_3": [
                                            "Succeeded"
                                          ]
                                        },
                                        "expression": {
                                          "and": [
                                            {
                                              "equals": [
                                                "@JSON(items('This_Loop_For_find_all_items_data_')['RecurrenceConditions'])[0]?['RecurrenceConditions']?['0']?['WeekValueForMonthlyType']",
                                                "@outputs('Compose_3')"
                                              ]
                                            },
                                            {
                                              "equals": [
                                                "@formatDateTime(utcNow(), 'ddd')",
                                                "@JSON(items('This_Loop_For_find_all_items_data_')['RecurrenceConditions'])[0]?['RecurrenceConditions']?['0']?['WeekDayValueForMonthlyType']"
                                              ]
                                            }
                                          ]
                                        },
                                        "metadata": {
                                          "operationMetadataId": "baa87082-0298-4ae5-92df-7d4c341a0f76"
                                        },
                                        "type": "If"
                                      }
                                    }
                                  },
                                  "expression": {
                                    "equals": [
                                      "@JSON(items('This_Loop_For_find_all_items_data_')['RecurrenceConditions'])[0]?['RecurrenceConditions']?['0']?['MonthlyDaysAndMonthType']",
                                      "Day"
                                    ]
                                  },
                                  "metadata": {
                                    "operationMetadataId": "e7e8a1e8-1727-4715-be3e-d70e316befff"
                                  },
                                  "type": "If"
                                }
                              }
                            },
                            "expression": {
                              "equals": [
                                "@JSON(items('This_Loop_For_find_all_items_data_')['RecurrenceConditions'])[0]?['RecurrenceConditions']?['0']?['WeeklyAndMontly']",
                                "Weekly"
                              ]
                            },
                            "metadata": {
                              "operationMetadataId": "10bc060e-ad31-4771-b9b1-d8ce77183fd4"
                            },
                            "type": "If"
                          }
                        }
                      },
                      "expression": {
                        "equals": [
                          "@JSON(items('This_Loop_For_find_all_items_data_')['Action'])[0]?['Action']?['0']?['TicketCreationType']",
                          "Single Ticket"
                        ]
                      },
                      "metadata": {
                        "operationMetadataId": "560874e5-e881-40d3-8340-3f458d548feb"
                      },
                      "type": "If"
                    },
                    "Set_Ticket_Properties": {
                      "runAfter": {
                        "Select_Date_Compose": [
                          "Succeeded"
                        ]
                      },
                      "metadata": {
                        "operationMetadataId": "e65fc02c-7d94-4493-b2e8-4c77df3f4df9"
                      },
                      "type": "SetVariable",
                      "inputs": {
                        "name": "Ticket Properties",
                        "value": [
                          {
                            "TicketOpenDate": "",
                            "InternalExtrenal": "Internal",
                            "CCMail": "",
                            "Read": "Unread",
                            "DepartmentCode": "@{JSON(items('This_Loop_For_find_all_items_data_')['Action'])[0]?['Action']?['0']?['TeamCode']}",
                            "SubTickets": "",
                            "LastSubTicketCharacter": "",
                            "MediaSource": "Portal",
                            "PushNotification": "Active",
                            "TicketDescription": "Inside",
                            "CustomFormID": ""
                          }
                        ]
                      }
                    }
                  },
                  "runAfter": {
                    "Set_variable": [
                      "Succeeded"
                    ]
                  },
                  "else": {
                    "actions": {
                      "Not_Select_Date": {
                        "runAfter": {},
                        "metadata": {
                          "operationMetadataId": "0bd1f858-c57a-4c4f-a05c-6da49b42d8f4"
                        },
                        "type": "Compose",
                        "inputs": "'You are not select Date Option'"
                      }
                    }
                  },
                  "expression": {
                    "equals": [
                      "@JSON(items('This_Loop_For_find_all_items_data_')['AutoMationFlow'])[0]?['AutoMationFlow']?['0']?['Trigger']",
                      "Date"
                    ]
                  },
                  "metadata": {
                    "operationMetadataId": "2727c4d8-03d8-42aa-97b6-0443b66a1fa7"
                  },
                  "type": "If"
                },
                "Recurrence_Conditions_Value": {
                  "runAfter": {
                    "Action_Data": [
                      "Succeeded"
                    ]
                  },
                  "metadata": {
                    "operationMetadataId": "b606e77b-9d73-4a37-81dd-46bdb0271012"
                  },
                  "type": "Compose",
                  "inputs": "@JSON(items('This_Loop_For_find_all_items_data_')['RecurrenceConditions'])[0]?['RecurrenceConditions']?['0']"
                },
                "AutoMation_flow_data_": {
                  "runAfter": {
                    "Recurrence_Conditions_Value": [
                      "Succeeded"
                    ]
                  },
                  "metadata": {
                    "operationMetadataId": "243e6d44-54d0-4b2b-81b9-3a6d6cd047b5"
                  },
                  "type": "Compose",
                  "inputs": "@JSON(items('This_Loop_For_find_all_items_data_')['AutoMationFlow'])[0]?['AutoMationFlow']?['0']"
                },
                "Set_variable": {
                  "runAfter": {
                    "AutoMation_flow_data_": [
                      "Succeeded"
                    ]
                  },
                  "metadata": {
                    "operationMetadataId": "2cb7bab1-a41b-405d-8785-cb5ad488ade0"
                  },
                  "type": "SetVariable",
                  "inputs": {
                    "name": "Assinedto",
                    "value": "@{string(JSON(items('This_Loop_For_find_all_items_data_')['Action'])[0]?['Action']?['0']?['AssignToId'])}"
                  }
                }
              },
              "runAfter": {},
              "metadata": {
                "operationMetadataId": "3028971e-23e2-4a5f-a2e0-9adabb9bc7fb"
              },
              "type": "Foreach"
            }
          },
          "runAfter": {
            "Get_AutoMation_List_Data": [
              "Succeeded"
            ]
          },
          "expression": {
            "and": [
              {
                "not": {
                  "equals": [
                    "@body('Get_AutoMation_List_Data')",
                    ""
                  ]
                }
              },
              {
                "not": {
                  "equals": [
                    "@body('Get_AutoMation_List_Data')",
                    "@null"
                  ]
                }
              }
            ]
          },
          "metadata": {
            "operationMetadataId": "26c4b904-1ee0-444b-9ee2-a12acc7bf749"
          },
          "type": "If"
        },
        "Ticket_Properties": {
          "runAfter": {
            "ApplicationURL": [
              "Succeeded"
            ]
          },
          "metadata": {
            "operationMetadataId": "e53daa93-4b09-4b8c-864e-9e23e148f677"
          },
          "type": "InitializeVariable",
          "inputs": {
            "variables": [
              {
                "name": "Ticket Properties",
                "type": "array"
              }
            ]
          }
        },
        "AssinedTo": {
          "runAfter": {
            "Ticket_Properties": [
              "Succeeded"
            ]
          },
          "metadata": {
            "operationMetadataId": "5de743f3-ff33-4056-944a-5d9b150fdb72"
          },
          "type": "InitializeVariable",
          "inputs": {
            "variables": [
              {
                "name": "Assinedto",
                "type": "string"
              }
            ]
          }
        }
      }
    },
    "templateName": ""
  },
  "schemaVersion": "1.0.0.0"
}