{
  "properties": {
    "connectionReferences": {
      "shared_sharepointonline": {
        "runtimeSource": "embedded",
        "connection": {
          "connectionReferenceLogicalName": "hr365_sharedsharepointonline_76e96"
        },
        "api": {
          "name": "shared_sharepointonline"
        }
      },
      "shared_office365_1": {
        "runtimeSource": "embedded",
        "connection": {
          "connectionReferenceLogicalName": "hr365_sharedoffice365_d8303"
        },
        "api": {
          "name": "shared_office365"
        }
      }
    },
    "definition": {
      "$schema": "https://schema.management.azure.com/providers/Microsoft.Logic/schemas/2016-06-01/workflowdefinition.json#",
      "contentVersion": "1.0.0.0",
      "parameters": {
        "$connections": {
          "defaultValue": {},
          "type": "Object"
        },
        "$authentication": {
          "defaultValue": {},
          "type": "SecureObject"
        },
        "SiteURL(HD365) (hr365_SiteURLHD365)": {
          "defaultValue": "https://megazap.sharepoint.com/sites/HR365",
          "type": "String",
          "metadata": {
            "schemaName": "hr365_SiteURLHD365"
          }
        }
      },
      "triggers": {
        "Recurrence": {
          "recurrence": {
            "frequency": "Hour",
            "interval": 2,
            "timeZone": "India Standard Time",
            "startTime": "2021-06-04T02:30:00Z"
          },
          "metadata": {
            "operationMetadataId": "0e2dda8e-b8cb-4b3a-8c28-1008ae002fc5"
          },
          "type": "Recurrence"
        }
      },
      "actions": {
        "ApplicationURL": {
          "runAfter": {},
          "metadata": {
            "operationMetadataId": "85e79341-d363-446a-8031-fd7b8a12e679"
          },
          "type": "InitializeVariable",
          "inputs": {
            "variables": [
              {
                "name": "ApplicationURL",
                "type": "string",
                "value": "@parameters('SiteURL(HD365) (hr365_SiteURLHD365)')"
              }
            ]
          }
        },
        "Send_an_HTTP_request_to_SharePoint": {
          "runAfter": {
            "ApplicationURL": [
              "Succeeded"
            ]
          },
          "metadata": {
            "operationMetadataId": "cea6c740-89a2-4f1d-8893-f78565cfa4e4"
          },
          "type": "OpenApiConnection",
          "inputs": {
            "host": {
              "connectionName": "shared_sharepointonline",
              "operationId": "HttpRequest",
              "apiId": "/providers/Microsoft.PowerApps/apis/shared_sharepointonline"
            },
            "parameters": {
              "dataset": "@variables('ApplicationURL')",
              "parameters/method": "GET",
              "parameters/uri": "_api/web/lists/getbytitle('HR365HDMBusinessHours')/items?$filter=IsActive eq 'Yes'",
              "parameters/headers": {
                "Accept": "application/json; odata=verbos",
                "Content-Type": "application/json"
              }
            },
            "authentication": "@parameters('$authentication')"
          }
        },
        "Compose_2": {
          "runAfter": {
            "Send_an_HTTP_request_to_SharePoint": [
              "Succeeded"
            ]
          },
          "metadata": {
            "operationMetadataId": "916849a1-9d4f-49e6-9f8a-484bd3fda10f"
          },
          "type": "Compose",
          "inputs": "@length(outputs('Send_an_HTTP_request_to_SharePoint')?['body']?['d']?['results'])"
        },
        "Condition_9": {
          "actions": {
            "Compose": {
              "runAfter": {},
              "metadata": {
                "operationMetadataId": "512cec78-5de4-45cb-959f-53b9ea74df55"
              },
              "type": "Compose",
              "inputs": "@concat(formatDateTime(utcNow(), 'yyyy-MM-dd'), 'T', formatDateTime(split(outputs('Send_an_HTTP_request_to_SharePoint')?['body']?['d']?['results'][0]['FridayTime'], '||')[0], 'HH:mm:ss'))"
            },
            "Condition": {
              "actions": {
                "Condition_2": {
                  "actions": {
                    "Set_up_automatic_replies_(V2)": {
                      "runAfter": {},
                      "metadata": {
                        "operationMetadataId": "dbe69230-5694-481e-969a-a41474ffc266"
                      },
                      "type": "OpenApiConnection",
                      "inputs": {
                        "host": {
                          "connectionName": "shared_office365_1",
                          "operationId": "SetAutomaticRepliesSetting_V2",
                          "apiId": "/providers/Microsoft.PowerApps/apis/shared_office365"
                        },
                        "parameters": {
                          "body/automaticRepliesSetting/status": "Scheduled",
                          "body/automaticRepliesSetting/externalAudience": "all",
                          "body/automaticRepliesSetting/scheduledStartDateTime/dateTime": "@concat(formatDateTime(utcNow(), 'yyyy-MM-dd'),'T', formatDateTime(split(outputs('Send_an_HTTP_request_to_SharePoint')?['body']?['d']?['results'][0]['MondayTime'], '||')[2], 'HH:mm:ss'))",
                          "body/automaticRepliesSetting/scheduledEndDateTime/dateTime": "@concat(formatDateTime(addDays(utcNow(), 1), 'yyyy-MM-dd'),'T', formatDateTime(split(outputs('Send_an_HTTP_request_to_SharePoint')?['body']?['d']?['results'][2]['TuesdayTime'], '||')[2], 'HH:mm:ss'))",
                          "body/automaticRepliesSetting/internalReplyMessage": "Hi\nthe business hours have ended,\nWe will contact you once the business hours have restarted\n",
                          "body/automaticRepliesSetting/externalReplyMessage": "Hi\nthe business hours have ended,\nWe will contact you once the business hours have restarted"
                        },
                        "authentication": "@parameters('$authentication')"
                      }
                    }
                  },
                  "runAfter": {},
                  "else": {
                    "actions": {
                      "Condition_3": {
                        "actions": {
                          "Set_up_automatic_replies_(V2)_2": {
                            "runAfter": {},
                            "metadata": {
                              "operationMetadataId": "54ba37d0-d558-4d2e-b663-d63df1a238c5"
                            },
                            "type": "OpenApiConnection",
                            "inputs": {
                              "host": {
                                "connectionName": "shared_office365_1",
                                "operationId": "SetAutomaticRepliesSetting_V2",
                                "apiId": "/providers/Microsoft.PowerApps/apis/shared_office365"
                              },
                              "parameters": {
                                "body/automaticRepliesSetting/status": "Scheduled",
                                "body/automaticRepliesSetting/externalAudience": "all",
                                "body/automaticRepliesSetting/scheduledStartDateTime/dateTime": "@concat(formatDateTime(utcNow(), 'yyyy-MM-dd'), 'T', formatDateTime(split(outputs('Send_an_HTTP_request_to_SharePoint')?['body']?['d']?['results'][0]['TuesdayTime'], '||')[0], 'HH:mm:ss'))",
                                "body/automaticRepliesSetting/scheduledEndDateTime/dateTime": "@concat(formatDateTime(addDays(utcNow(), 1), 'yyyy-MM-dd'), 'T', formatDateTime(split(outputs('Send_an_HTTP_request_to_SharePoint')?['body']?['d']?['results'][0]['WednesdayTime'], '||')[0], 'HH:mm:ss'))",
                                "body/automaticRepliesSetting/internalReplyMessage": "Hi\nthe business hours have ended,\nWe will contact you once the business hours have restarted",
                                "body/automaticRepliesSetting/externalReplyMessage": "Hi\nthe business hours have ended,\nWe will contact you once the business hours have restarted"
                              },
                              "authentication": "@parameters('$authentication')"
                            }
                          }
                        },
                        "runAfter": {},
                        "else": {
                          "actions": {
                            "Condition_4": {
                              "actions": {
                                "Set_up_automatic_replies_(V2)_3": {
                                  "runAfter": {},
                                  "metadata": {
                                    "operationMetadataId": "554ed253-da6f-436e-aef4-80a850026bf6"
                                  },
                                  "type": "OpenApiConnection",
                                  "inputs": {
                                    "host": {
                                      "connectionName": "shared_office365_1",
                                      "operationId": "SetAutomaticRepliesSetting_V2",
                                      "apiId": "/providers/Microsoft.PowerApps/apis/shared_office365"
                                    },
                                    "parameters": {
                                      "body/automaticRepliesSetting/status": "Scheduled",
                                      "body/automaticRepliesSetting/externalAudience": "all",
                                      "body/automaticRepliesSetting/scheduledStartDateTime/dateTime": "@concat(formatDateTime(utcNow(), 'yyyy-MM-dd'), 'T', formatDateTime(split(outputs('Send_an_HTTP_request_to_SharePoint')?['body']?['d']?['results'][0]['WednesdayTime'], '||')[2], 'HH:mm:ss'))",
                                      "body/automaticRepliesSetting/scheduledEndDateTime/dateTime": "@concat(formatDateTime(addDays(utcNow(), 1), 'yyyy-MM-dd'), 'T', formatDateTime(split(outputs('Send_an_HTTP_request_to_SharePoint')?['body']?['d']?['results'][0]['ThursdayTime'], '||')[0], 'HH:mm:ss'))",
                                      "body/automaticRepliesSetting/internalReplyMessage": "Hi\nthe business hours have ended,\nWe will contact you once the business hours have restarted",
                                      "body/automaticRepliesSetting/externalReplyMessage": "Hi\nthe business hours has ended,\nWe will contact you once the buisness hours ha restarted"
                                    },
                                    "authentication": "@parameters('$authentication')"
                                  }
                                }
                              },
                              "runAfter": {},
                              "else": {
                                "actions": {
                                  "Condition_5": {
                                    "actions": {
                                      "Set_up_automatic_replies_(V2)_4": {
                                        "runAfter": {},
                                        "metadata": {
                                          "operationMetadataId": "c17dff72-aff1-4e45-ba33-33b9bdc68bde"
                                        },
                                        "type": "OpenApiConnection",
                                        "inputs": {
                                          "host": {
                                            "connectionName": "shared_office365_1",
                                            "operationId": "SetAutomaticRepliesSetting_V2",
                                            "apiId": "/providers/Microsoft.PowerApps/apis/shared_office365"
                                          },
                                          "parameters": {
                                            "body/automaticRepliesSetting/status": "Scheduled",
                                            "body/automaticRepliesSetting/externalAudience": "all",
                                            "body/automaticRepliesSetting/scheduledStartDateTime/dateTime": "@concat(formatDateTime(utcNow(), 'yyyy-MM-dd'), 'T', formatDateTime(split(outputs('Send_an_HTTP_request_to_SharePoint')?['body']?['d']?['results'][0]['ThursdayTime'], '||')[2], 'HH:mm:ss'))",
                                            "body/automaticRepliesSetting/scheduledEndDateTime/dateTime": "@concat(formatDateTime(addDays(utcNow(), 1), 'yyyy-MM-dd'), 'T', formatDateTime(split(outputs('Send_an_HTTP_request_to_SharePoint')?['body']?['d']?['results'][0]['FirdayTime'], '||')[0], 'HH:mm:ss'))",
                                            "body/automaticRepliesSetting/internalReplyMessage": "Hi\nthe business hours have ended,\nWe will contact you once the business hours have restarted",
                                            "body/automaticRepliesSetting/externalReplyMessage": "Hi\nthe business hours have ended,\nWe will contact you once the business hours have restarted"
                                          },
                                          "authentication": "@parameters('$authentication')"
                                        }
                                      }
                                    },
                                    "runAfter": {},
                                    "else": {
                                      "actions": {
                                        "Condition_6": {
                                          "actions": {
                                            "Set_up_automatic_replies_(V2)_5": {
                                              "runAfter": {},
                                              "metadata": {
                                                "operationMetadataId": "d71aade3-bde6-4c16-b34d-51f86073b48d"
                                              },
                                              "type": "OpenApiConnection",
                                              "inputs": {
                                                "host": {
                                                  "connectionName": "shared_office365_1",
                                                  "operationId": "SetAutomaticRepliesSetting_V2",
                                                  "apiId": "/providers/Microsoft.PowerApps/apis/shared_office365"
                                                },
                                                "parameters": {
                                                  "body/automaticRepliesSetting/status": "Scheduled",
                                                  "body/automaticRepliesSetting/externalAudience": "all",
                                                  "body/automaticRepliesSetting/scheduledStartDateTime/dateTime": "@concat(formatDateTime(utcNow(), 'yyyy-MM-dd'), 'T', formatDateTime(split(outputs('Send_an_HTTP_request_to_SharePoint')?['body']?['d']?['results'][0]['FridayTime'], '||')[2], 'HH:mm:ss'))",
                                                  "body/automaticRepliesSetting/scheduledEndDateTime/dateTime": "@concat(formatDateTime(addDays(utcNow(), 1), 'yyyy-MM-dd'), 'T', formatDateTime(split(outputs('Send_an_HTTP_request_to_SharePoint')?['body']?['d']?['results'][0]['SaturdayTime'], '||')[0], 'HH:mm:ss'))",
                                                  "body/automaticRepliesSetting/internalReplyMessage": "Hi\nthe business hours have ended,\nWe will contact you once the business hours have restarted",
                                                  "body/automaticRepliesSetting/externalReplyMessage": "Hi\nthe business hours have ended,\nWe will contact you once the business hours have restarted"
                                                },
                                                "authentication": "@parameters('$authentication')"
                                              }
                                            }
                                          },
                                          "runAfter": {},
                                          "else": {
                                            "actions": {
                                              "Condition_7": {
                                                "actions": {
                                                  "Set_up_automatic_replies_(V2)_6": {
                                                    "runAfter": {},
                                                    "metadata": {
                                                      "operationMetadataId": "b5f0ad25-fa0e-4b7a-93fd-76260992f9a9"
                                                    },
                                                    "type": "OpenApiConnection",
                                                    "inputs": {
                                                      "host": {
                                                        "connectionName": "shared_office365_1",
                                                        "operationId": "SetAutomaticRepliesSetting_V2",
                                                        "apiId": "/providers/Microsoft.PowerApps/apis/shared_office365"
                                                      },
                                                      "parameters": {
                                                        "body/automaticRepliesSetting/status": "Scheduled",
                                                        "body/automaticRepliesSetting/externalAudience": "all",
                                                        "body/automaticRepliesSetting/scheduledStartDateTime/dateTime": "@concat(formatDateTime(utcNow(), 'yyyy-MM-dd'), 'T', formatDateTime(split(outputs('Send_an_HTTP_request_to_SharePoint')?['body']?['d']?['results'][0]['SaturdayTime'], '||')[2], 'HH:mm:ss'))",
                                                        "body/automaticRepliesSetting/scheduledEndDateTime/dateTime": "@concat(formatDateTime(addDays(utcNow(), 1), 'yyyy-MM-dd'), 'T', formatDateTime(split(outputs('Send_an_HTTP_request_to_SharePoint')?['body']?['d']?['results'][0]['SundayTime'], '||')[0], 'HH:mm:ss'))",
                                                        "body/automaticRepliesSetting/internalReplyMessage": "Hi\nthe business hours have ended,\nWe will contact you once the business hours have restarted",
                                                        "body/automaticRepliesSetting/externalReplyMessage": "Hi\nthe business hours have ended,\nWe will contact you once the business hours have restarted"
                                                      },
                                                      "authentication": "@parameters('$authentication')"
                                                    }
                                                  }
                                                },
                                                "runAfter": {},
                                                "expression": {
                                                  "equals": [
                                                    "@formatDateTime(utcNow(), 'ddd')",
                                                    "Sat"
                                                  ]
                                                },
                                                "metadata": {
                                                  "operationMetadataId": "01ecc84c-1828-44f5-8e78-915aaa59b67f"
                                                },
                                                "type": "If"
                                              }
                                            }
                                          },
                                          "expression": {
                                            "equals": [
                                              "@formatDateTime(utcNow(), 'ddd')",
                                              "Fri"
                                            ]
                                          },
                                          "metadata": {
                                            "operationMetadataId": "72b79ca6-1900-466d-802e-e868a89c373c"
                                          },
                                          "type": "If"
                                        }
                                      }
                                    },
                                    "expression": {
                                      "equals": [
                                        "@formatDateTime(utcNow(), 'ddd')",
                                        "Thu"
                                      ]
                                    },
                                    "metadata": {
                                      "operationMetadataId": "e08fec30-ac0d-453e-8ba1-f0b88eaac0b4"
                                    },
                                    "type": "If"
                                  }
                                }
                              },
                              "expression": {
                                "equals": [
                                  "@formatDateTime(utcNow(), 'ddd')",
                                  "Wed"
                                ]
                              },
                              "metadata": {
                                "operationMetadataId": "f3bbd092-f41b-46c6-86e0-2c869cfc7d42"
                              },
                              "type": "If"
                            }
                          }
                        },
                        "expression": {
                          "equals": [
                            "@formatDateTime(utcNow(), 'ddd')",
                            "Tue"
                          ]
                        },
                        "metadata": {
                          "operationMetadataId": "1cead88b-8a2b-4d4d-8e95-ef12f9a31d66"
                        },
                        "type": "If"
                      }
                    }
                  },
                  "expression": {
                    "equals": [
                      "@formatDateTime(utcNow(), 'ddd')",
                      "Mon"
                    ]
                  },
                  "metadata": {
                    "operationMetadataId": "63af0893-3d2b-47ed-9627-da14c9be7a1b"
                  },
                  "type": "If"
                }
              },
              "runAfter": {
                "Compose": [
                  "Succeeded"
                ]
              },
              "expression": {
                "equals": [
                  "@outputs('Send_an_HTTP_request_to_SharePoint')?['body']?['d']?['results'][0]['Type']",
                  "No"
                ]
              },
              "metadata": {
                "operationMetadataId": "43d3e621-aa1d-4bc7-bf37-5c8a979b8200"
              },
              "type": "If"
            }
          },
          "runAfter": {
            "Compose_2": [
              "Succeeded"
            ]
          },
          "expression": {
            "greater": [
              "@length(outputs('Send_an_HTTP_request_to_SharePoint')?['body']?['d']?['results'])",
              0
            ]
          },
          "metadata": {
            "operationMetadataId": "156ebcc1-63e5-4417-bfcd-f42cfacdc91e"
          },
          "type": "If"
        }
      }
    },
    "templateName": ""
  },
  "schemaVersion": "1.0.0.0"
}