{
  "properties": {
    "connectionReferences": {
      "shared_microsoftforms": {
        "runtimeSource": "embedded",
        "connection": {
          "connectionReferenceLogicalName": "hr365_sharedmicrosoftforms_542da"
        },
        "api": {
          "name": "shared_microsoftforms"
        }
      },
      "shared_sharepointonline_3": {
        "runtimeSource": "embedded",
        "connection": {
          "connectionReferenceLogicalName": "hr365_sharedsharepointonline_1192a"
        },
        "api": {
          "name": "shared_sharepointonline"
        }
      },
      "shared_office365": {
        "runtimeSource": "embedded",
        "connection": {
          "connectionReferenceLogicalName": "hr365_sharedoffice365_0c5be"
        },
        "api": {
          "name": "shared_office365"
        }
      },
      "shared_office365_1": {
        "runtimeSource": "embedded",
        "connection": {
          "connectionReferenceLogicalName": "hr365_sharedoffice365_33642"
        },
        "api": {
          "name": "shared_office365"
        }
      },
      "shared_onedriveforbusiness": {
        "runtimeSource": "embedded",
        "connection": {
          "connectionReferenceLogicalName": "hr365_sharedonedriveforbusiness_07a46"
        },
        "api": {
          "name": "shared_onedriveforbusiness"
        }
      },
      "shared_sharepointonline": {
        "runtimeSource": "embedded",
        "connection": {
          "connectionReferenceLogicalName": "hr365_sharedsharepointonline_1d025"
        },
        "api": {
          "name": "shared_sharepointonline"
        }
      },
      "shared_office365users_1": {
        "runtimeSource": "embedded",
        "connection": {
          "connectionReferenceLogicalName": "hr365_sharedoffice365users_28e5a"
        },
        "api": {
          "name": "shared_office365users"
        }
      },
      "shared_sharepointonline_1": {
        "runtimeSource": "embedded",
        "connection": {
          "connectionReferenceLogicalName": "hr365_sharedsharepointonline_35566"
        },
        "api": {
          "name": "shared_sharepointonline"
        }
      }
    },
    "definition": {
      "$schema": "https://schema.management.azure.com/providers/Microsoft.Logic/schemas/2016-06-01/workflowdefinition.json#",
      "contentVersion": "1.0.0.0",
      "parameters": {
        "$connections": {
          "defaultValue": {},
          "type": "Object"
        },
        "$authentication": {
          "defaultValue": {},
          "type": "SecureObject"
        },
        "SiteURL(HD365) (hr365_SiteURLHD365)": {
          "defaultValue": "https://megazap.sharepoint.com/sites/HR365",
          "type": "String",
          "metadata": {
            "schemaName": "hr365_SiteURLHD365"
          }
        },
        "SupportMailBoxID (hr365_SupportMailBoxID)": {
          "defaultValue": "teamsupport@megazap.us",
          "type": "String",
          "metadata": {
            "schemaName": "hr365_SupportMailBoxID"
          }
        },
        "MSFormID - InternalUsers (hr365_MSFormIDInternal)": {
          "defaultValue": "4wHPsE_O9E6NFc8eiwgu5HCFMPbZ7ytBsE-CLBvY6w1URVhEMFFSWUZJNzhWMzU2SjVQTVRFSEFPRi4u",
          "type": "String",
          "metadata": {
            "schemaName": "hr365_MSFormIDInternal"
          }
        }
      },
      "triggers": {
        "When_a_new_response_is_submitted": {
          "metadata": {
            "operationMetadataId": "5d10806b-1c17-45d5-bd0a-e575239f21b8",
            "flowSystemMetadata": {
              "swaggerOperationId": "CreateFormWebhook"
            }
          },
          "type": "ApiConnectionWebhook",
          "inputs": {
            "host": {
              "connection": {
                "name": "@parameters('$connections')['shared_microsoftforms']['connectionId']"
              }
            },
            "body": {
              "eventType": "responseAdded",
              "notificationUrl": "@{listCallbackUrl()}",
              "source": "ms-connector"
            },
            "path": "/formapi/api/forms/@{encodeURIComponent(parameters('MSFormID - InternalUsers (hr365_MSFormIDInternal)'))}/webhooks",
            "authentication": "@parameters('$authentication')"
          }
        }
      },
      "actions": {
        "Apply_to_each": {
          "foreach": "@triggerBody()?['value']",
          "actions": {
            "Get_response_details": {
              "runAfter": {},
              "metadata": {
                "operationMetadataId": "2543d877-a4ec-47b1-8005-11679555658f",
                "flowSystemMetadata": {
                  "swaggerOperationId": "GetFormResponseById"
                }
              },
              "type": "ApiConnection",
              "inputs": {
                "host": {
                  "connection": {
                    "name": "@parameters('$connections')['shared_microsoftforms']['connectionId']"
                  }
                },
                "method": "get",
                "path": "/formapi/api/forms('@{encodeURIComponent(parameters('MSFormID - InternalUsers (hr365_MSFormIDInternal)'))}')/responses",
                "queries": {
                  "response_id": "@items('Apply_to_each')?['resourceData']?['responseId']"
                },
                "authentication": "@parameters('$authentication')"
              }
            },
            "Send_an_HTTP_request_to_SharePoint": {
              "runAfter": {
                "Set_variable_4": [
                  "Succeeded",
                  "Failed",
                  "Skipped",
                  "TimedOut"
                ]
              },
              "metadata": {
                "operationMetadataId": "e7ca9a1c-d184-4459-acf0-b69f14a49620",
                "flowSystemMetadata": {
                  "swaggerOperationId": "HttpRequest"
                }
              },
              "type": "ApiConnection",
              "inputs": {
                "host": {
                  "connection": {
                    "name": "@parameters('$connections')['shared_sharepointonline_3']['connectionId']"
                  }
                },
                "method": "post",
                "body": {
                  "method": "POST",
                  "uri": "_api/web/lists/getbytitle('HR365HDMTickets')/items",
                  "headers": {
                    "accept": "application/json;odata=verbose",
                    "content-type": "application/json;odata=verbose"
                  },
                  "body": "{\n            '__metadata': { 'type': 'SP.Data.HR365HDMTicketsListItem' },\n\n\n                       'Title':'@{body('Get_response_details')?['rb040eb1251c1445fb601d52a18ffc9f9']}',\n   'Status':\"@{variables('Status')}\",\n    'Priority':\"@{body('Get_response_details')?['r5ab0d783132e4b8f8c106cfd1b3763e2']}\",\n    'RequestType':\"@{body('Get_response_details')?['r69fadc1662544d138922c2a4501ee9ab']}\",\n'RequesterName': \"@{variables('UserDisplayName')}\",\n'TicketDescription':'@{body('Get_response_details')?['re380ed9fb2054d1998cce66080b9bccd']}',\n'AssignedToId':@{variables('AssignToAgentID')},\n    'RequesterEmail':\"@{outputs('Get_user_profile_(V2)')?['body/userPrincipalName']}\",\n'Services':\"@{body('Get_response_details')?['rf141e33b574544a889b1c51bf90216d5']}\",\n'DepartmentName':\"@{body('Get_response_details')?['ra5fa7afbf973436fb4773ae3d12cf00d']}\",\n'TicketProperties': '@{variables('TicketProperties')}',\n'TicketCreatedDate':'@{utcNow()}'\n\n        }"
                },
                "path": "/datasets/@{encodeURIComponent(encodeURIComponent(variables('AppsiteURL')))}/httprequest",
                "authentication": "@parameters('$authentication')"
              }
            },
            "Compose": {
              "runAfter": {
                "IsAutoAssign": [
                  "Succeeded",
                  "Failed",
                  "TimedOut"
                ]
              },
              "metadata": {
                "operationMetadataId": "c1cd1ffc-7d34-4855-8a8d-58d941ee9996"
              },
              "type": "Compose",
              "inputs": "@triggerBody()?['value']"
            },
            "Compose_2": {
              "runAfter": {
                "Compose": [
                  "Succeeded"
                ]
              },
              "metadata": {
                "operationMetadataId": "b28c086f-1428-40eb-95ab-47182a314019"
              },
              "type": "Compose",
              "inputs": "@body('Get_response_details')?['re65bfee09e154b1db06d2ef9b5410032']"
            },
            "Get_user_profile_(V2)": {
              "runAfter": {
                "Set_variable": [
                  "Succeeded"
                ]
              },
              "metadata": {
                "operationMetadataId": "4045b3eb-7556-4802-8069-47b97a56955f"
              },
              "type": "OpenApiConnection",
              "inputs": {
                "host": {
                  "connectionName": "shared_office365users_1",
                  "operationId": "UserProfile_V2",
                  "apiId": "/providers/Microsoft.PowerApps/apis/shared_office365users"
                },
                "parameters": {
                  "id": "@body('Get_response_details')?['responder']"
                },
                "authentication": "@parameters('$authentication')"
              }
            },
            "Set_variable_3": {
              "runAfter": {
                "Get_user_profile_(V2)": [
                  "Succeeded"
                ]
              },
              "metadata": {
                "operationMetadataId": "ea083a55-4029-4530-856e-a931491333fb"
              },
              "type": "SetVariable",
              "inputs": {
                "name": "UserDisPlayName",
                "value": "@outputs('Get_user_profile_(V2)')?['body/displayName']"
              }
            },
            "Set_variable_4": {
              "runAfter": {
                "Set_variable_3": [
                  "Failed",
                  "Skipped",
                  "TimedOut"
                ]
              },
              "metadata": {
                "operationMetadataId": "00e783dd-0e8b-4146-8855-e147629ce210"
              },
              "type": "SetVariable",
              "inputs": {
                "name": "UserDisPlayName",
                "value": "@{split(triggerOutputs()?['body/from'], '@')[0]}"
              }
            },
            "Send_an_HTTP_request_to_SharePoint_11": {
              "runAfter": {
                "Send_an_HTTP_request_to_SharePoint": [
                  "Succeeded"
                ]
              },
              "metadata": {
                "operationMetadataId": "b4c26775-a414-49f7-8f46-1ebb4c58af4a"
              },
              "type": "OpenApiConnection",
              "inputs": {
                "host": {
                  "connectionName": "shared_sharepointonline",
                  "operationId": "HttpRequest",
                  "apiId": "/providers/Microsoft.PowerApps/apis/shared_sharepointonline"
                },
                "parameters": {
                  "dataset": "@variables('AppsiteURL')",
                  "parameters/method": "GET",
                  "parameters/uri": "_api/web/lists/getbytitle('HR365HDMTickets')",
                  "parameters/headers": {
                    "accept": "application/json;odata=verbose",
                    "content-type": "application/json;odata=verbose"
                  }
                },
                "authentication": "@parameters('$authentication')"
              }
            },
            "Set_variable_2": {
              "runAfter": {
                "Send_an_HTTP_request_to_SharePoint_11": [
                  "Succeeded"
                ]
              },
              "metadata": {
                "operationMetadataId": "5318d678-112f-4a16-bbd1-1de94845dc49"
              },
              "type": "SetVariable",
              "inputs": {
                "name": "ListGudID",
                "value": "@{outputs('Send_an_HTTP_request_to_SharePoint_11')?['body']?['d']?['Id']}"
              }
            },
            "Send_an_HTTP_request_to_SharePoint_7": {
              "runAfter": {
                "Apply_to_each_3": [
                  "Succeeded",
                  "Failed",
                  "TimedOut"
                ]
              },
              "metadata": {
                "operationMetadataId": "1b6f0bac-a584-46b4-a564-98979b85776c"
              },
              "type": "OpenApiConnection",
              "inputs": {
                "host": {
                  "connectionName": "shared_sharepointonline",
                  "operationId": "HttpRequest",
                  "apiId": "/providers/Microsoft.PowerApps/apis/shared_sharepointonline"
                },
                "parameters": {
                  "dataset": "@variables('AppsiteURL')",
                  "parameters/method": "POST",
                  "parameters/uri": "_api/web/lists/getbytitle('HR365HDMTickets')/items(@{outputs('Send_an_HTTP_request_to_SharePoint')?['body']?['d']['Id']})",
                  "parameters/headers": {
                    "accept": "application/json;odata=verbose",
                    "content-type": "application/json;odata=verbose",
                    "IF-MATCH": "*",
                    "X-HTTP-Method": "PATCH"
                  },
                  "parameters/body": "{\n            '__metadata': { 'type': 'SP.Data.HR365HDMTicketsListItem' },\n'TicketSeqnumber':\"@{concat(outputs('Send_an_HTTP_request_to_SharePoint_2')?['body']?['d']?['results'][0]['SequenceTitle'],'#',add(int(outputs('Send_an_HTTP_request_to_SharePoint_2')?['body']?['d']?['results'][0]['TicketPrefix']),outputs('Send_an_HTTP_request_to_SharePoint')?['body']?['d']['ID']))}\",\n'TicketseqWOsuffix':\"@{concat(outputs('Send_an_HTTP_request_to_SharePoint_2')?['body']?['d']?['results'][0]['SequenceTitle'],'#',add(int(outputs('Send_an_HTTP_request_to_SharePoint_2')?['body']?['d']?['results'][0]['TicketPrefix']),outputs('Send_an_HTTP_request_to_SharePoint')?['body']?['d']['ID']))}\",\n'TicketID':\"@{concat('Ticket','#',outputs('Send_an_HTTP_request_to_SharePoint')?['body']?['d']['ID'])}\",\n'IssueId':\"@{concat(toUpper(substring(guid(),0,4)),outputs('Send_an_HTTP_request_to_SharePoint')?['body']?['d']['ID'],toUpper(substring(guid(),0,int(sub(12,add(4,int(length(string(outputs('Send_an_HTTP_request_to_SharePoint')?['body']?['d']['ID'])))))))))}\"\n        }"
                },
                "authentication": "@parameters('$authentication')"
              }
            },
            "Get_items": {
              "runAfter": {
                "Send_an_HTTP_request_to_SharePoint_7": [
                  "Succeeded"
                ]
              },
              "metadata": {
                "operationMetadataId": "7326537e-0f77-4a99-88b9-4cb0724d6682"
              },
              "type": "OpenApiConnection",
              "inputs": {
                "host": {
                  "connectionName": "shared_sharepointonline",
                  "operationId": "GetItems",
                  "apiId": "/providers/Microsoft.PowerApps/apis/shared_sharepointonline"
                },
                "parameters": {
                  "dataset": "@variables('AppsiteURL')",
                  "table": "HR365HDMUsers",
                  "$filter": "(Roles eq 'Admin') or (Roles eq 'Supervisor')"
                },
                "authentication": "@parameters('$authentication')"
              }
            },
            "Apply_to_each_2": {
              "foreach": "@outputs('Get_items')?['body/value']",
              "actions": {
                "Condition": {
                  "actions": {
                    "Append_to_array_variable": {
                      "runAfter": {},
                      "metadata": {
                        "operationMetadataId": "b3c7a8ff-3ebc-4d42-a89f-39edfaaa02b8"
                      },
                      "type": "AppendToArrayVariable",
                      "inputs": {
                        "name": "SupervisorEmailids",
                        "value": "@items('Apply_to_each_2')?['Email']"
                      }
                    }
                  },
                  "runAfter": {},
                  "expression": {
                    "and": [
                      {
                        "not": {
                          "equals": [
                            "@items('Apply_to_each_2')?['Email']",
                            "@null"
                          ]
                        }
                      },
                      {
                        "not": {
                          "equals": [
                            "@items('Apply_to_each_2')?['Email']",
                            ""
                          ]
                        }
                      }
                    ]
                  },
                  "metadata": {
                    "operationMetadataId": "05b35d61-622c-4d4c-b404-62c4532c279d"
                  },
                  "type": "If"
                }
              },
              "runAfter": {
                "Get_items": [
                  "Succeeded"
                ]
              },
              "metadata": {
                "operationMetadataId": "90e6028f-f7f1-4e21-98a8-7f8717011796"
              },
              "type": "Foreach"
            },
            "Condition_6": {
              "actions": {
                "Send_an_email_from_a_shared_mailbox_(V2)": {
                  "runAfter": {},
                  "metadata": {
                    "operationMetadataId": "6434076e-f73a-4b0e-ab74-27791316e96b",
                    "flowSystemMetadata": {
                      "swaggerOperationId": "SharedMailboxSendEmailV2"
                    }
                  },
                  "type": "ApiConnection",
                  "inputs": {
                    "host": {
                      "connection": {
                        "name": "@parameters('$connections')['shared_office365']['connectionId']"
                      }
                    },
                    "method": "post",
                    "body": {
                      "MailboxAddress": "@variables('SupportMailID')",
                      "To": "@{join(variables('SupervisorEmailids'),';')}",
                      "Subject": "Ticket Received - Help Desk Request - @{body('Get_response_details')?['rb040eb1251c1445fb601d52a18ffc9f9']} - Ticket ID [@{concat(outputs('Send_an_HTTP_request_to_SharePoint_2')?['body']?['d']?['results'][0]['SequenceTitle'],'#',add(int(outputs('Send_an_HTTP_request_to_SharePoint_2')?['body']?['d']?['results'][0]['TicketPrefix']),outputs('Send_an_HTTP_request_to_SharePoint')?['body']?['d']['ID']))}]",
                      "Body": "<p>Hi ,<br>\n<br>\nA new ticket is raised by @{variables('UserDisplayName')},<br>\nPlease to take action accordingly.<br>\n<br>\nwith description:<br>\n<br>\n@{variables('AllDescriptionData')}<br>\n<br>\nRegards,<br>\n<br>\nHelpdesk Services</p>",
                      "Importance": "Normal"
                    },
                    "path": "/v2/SharedMailbox/Mail",
                    "authentication": "@parameters('$authentication')"
                  }
                },
                "Send_an_email_from_a_shared_mailbox_(V2)_2": {
                  "runAfter": {
                    "Send_an_email_from_a_shared_mailbox_(V2)": [
                      "Succeeded"
                    ]
                  },
                  "metadata": {
                    "operationMetadataId": "fcdc13c0-883b-48ca-a10d-527e6e6c3176",
                    "flowSystemMetadata": {
                      "swaggerOperationId": "SharedMailboxSendEmailV2"
                    }
                  },
                  "type": "ApiConnection",
                  "inputs": {
                    "host": {
                      "connection": {
                        "name": "@parameters('$connections')['shared_office365_1']['connectionId']"
                      }
                    },
                    "method": "post",
                    "body": {
                      "MailboxAddress": "@parameters('SupportMailBoxID (hr365_SupportMailBoxID)')",
                      "To": "@body('Get_response_details')?['responder']",
                      "Subject": "New Ticket Created - @{body('Get_response_details')?['rb040eb1251c1445fb601d52a18ffc9f9']} - Ticket ID @{concat(outputs('Send_an_HTTP_request_to_SharePoint_2')?['body']?['d']?['results'][0]['SequenceTitle'],'#',add(int(outputs('Send_an_HTTP_request_to_SharePoint_2')?['body']?['d']?['results'][0]['TicketPrefix']),outputs('Send_an_HTTP_request_to_SharePoint')?['body']?['d']['ID']))}",
                      "Body": "<p>Hi @{body('Get_response_details')?['r446c399a79884374b31cf93613fc13b7']},<br>\n<br>\nWe would like to acknowledge that we have received your request and a ticket has been created with Ticket Id @{concat(outputs('Send_an_HTTP_request_to_SharePoint_2')?['body']?['d']?['results'][0]['SequenceTitle'],'#',add(int(outputs('Send_an_HTTP_request_to_SharePoint_2')?['body']?['d']?['results'][0]['TicketPrefix']),outputs('Send_an_HTTP_request_to_SharePoint')?['body']?['d']['ID']))}.<br>\n<br>\nA support representative will be reviewing your request and will send you a personal response (usually within one business day).<br>\n<br>\nThank you for your patience.<br>\n<br>\nSincerely,<br>\n<br>\nHelpdesk Services</p>",
                      "Importance": "Normal"
                    },
                    "path": "/v2/SharedMailbox/Mail",
                    "authentication": "@parameters('$authentication')"
                  }
                }
              },
              "runAfter": {
                "assigned_agent_email_send": [
                  "Succeeded"
                ]
              },
              "expression": {
                "not": {
                  "equals": [
                    "@length(variables('SupervisorEmailids'))",
                    0
                  ]
                }
              },
              "metadata": {
                "operationMetadataId": "6cde8c4a-c3a7-4b85-aae6-b6d7110fe362"
              },
              "type": "If"
            },
            "Apply_to_each_3": {
              "foreach": "@json(body('Get_response_details')?['r588754b1237c4505bc724125fed0590a'])",
              "actions": {
                "Get_file_content": {
                  "runAfter": {},
                  "metadata": {
                    "operationMetadataId": "869d5806-5c8f-4138-bd7a-e7fad628e18c",
                    "flowSystemMetadata": {
                      "swaggerOperationId": "GetFileContent"
                    }
                  },
                  "type": "ApiConnection",
                  "inputs": {
                    "host": {
                      "connection": {
                        "name": "@parameters('$connections')['shared_onedriveforbusiness']['connectionId']"
                      }
                    },
                    "method": "get",
                    "path": "/datasets/default/files/@{encodeURIComponent(encodeURIComponent(item()?['id']))}/content",
                    "queries": {
                      "inferContentType": true
                    },
                    "authentication": "@parameters('$authentication')"
                  }
                },
                "Add_attachment_2": {
                  "runAfter": {
                    "Get_file_content": [
                      "Succeeded"
                    ]
                  },
                  "metadata": {
                    "operationMetadataId": "cae807ce-4de4-4968-8179-ec4586106a28"
                  },
                  "type": "OpenApiConnection",
                  "inputs": {
                    "host": {
                      "connectionName": "shared_sharepointonline_1",
                      "operationId": "CreateAttachment",
                      "apiId": "/providers/Microsoft.PowerApps/apis/shared_sharepointonline"
                    },
                    "parameters": {
                      "dataset": "@variables('AppsiteURL')",
                      "table": "@variables('ListGudID')",
                      "itemId": "@outputs('Send_an_HTTP_request_to_SharePoint')?['body']?['d']['Id']",
                      "displayName": "@item()?['name']",
                      "body": "@body('Get_file_content')"
                    },
                    "authentication": "@parameters('$authentication')"
                  }
                }
              },
              "runAfter": {
                "Set_variable_2": [
                  "Succeeded"
                ]
              },
              "metadata": {
                "operationMetadataId": "85a636a9-864c-4925-a24e-7beb320f4040"
              },
              "type": "Foreach"
            },
            "Set_variable": {
              "runAfter": {
                "Compose_2": [
                  "Succeeded"
                ]
              },
              "metadata": {
                "operationMetadataId": "a2c86780-0bc7-4883-987c-c67be4053969"
              },
              "type": "SetVariable",
              "inputs": {
                "name": "AllDescriptionData",
                "value": "<b>Name:</b> @{body('Get_response_details')?['r446c399a79884374b31cf93613fc13b7']}</br>\n<b>Email:</b> @{body('Get_response_details')?['r2abdf8d299b94ebba9d16781151176f9']}</br>\n<b>Request Issue:</b> @{body('Get_response_details')?['rb040eb1251c1445fb601d52a18ffc9f9']}</br>\n<b>Team:</b> @{body('Get_response_details')?['ra5fa7afbf973436fb4773ae3d12cf00d']}</br>\n<b>Services:</b> @{body('Get_response_details')?['rf141e33b574544a889b1c51bf90216d5']}</br>\n<b>Request Type:</b> @{body('Get_response_details')?['r69fadc1662544d138922c2a4501ee9ab']}</br>\n<b>Priority:</b> @{body('Get_response_details')?['r5ab0d783132e4b8f8c106cfd1b3763e2']}</br>\n<b>Ticket Description:</b> @{body('Get_response_details')?['re380ed9fb2054d1998cce66080b9bccd']}</br>"
              }
            },
            "IsAutoAssign": {
              "actions": {
                "Condition_12": {
                  "actions": {
                    "Compose_5": {
                      "runAfter": {
                        "Send_an_HTTP_request_to_SharePoint_3": [
                          "Succeeded"
                        ]
                      },
                      "metadata": {
                        "operationMetadataId": "e77c60d3-236f-4dd3-8d32-b45b71b880b2"
                      },
                      "type": "Compose",
                      "inputs": "@outputs('Send_an_HTTP_request_to_SharePoint_3')?['body']?['d']?['results']?[0]"
                    },
                    "Compose_8": {
                      "runAfter": {
                        "Set_variable_6": [
                          "Succeeded"
                        ]
                      },
                      "metadata": {
                        "operationMetadataId": "e6cbd931-2bbc-46da-89db-7ed0f7e0ad30"
                      },
                      "type": "Compose",
                      "inputs": "@outputs('Send_an_HTTP_request_to_SharePoint_3')?['body']?['d']?['results']?[0]?['Teammembers1Id']?['results']"
                    },
                    "Apply_to_each_11": {
                      "foreach": "@reverse(outputs('Compose_8'))",
                      "actions": {
                        "Compose_9": {
                          "runAfter": {},
                          "metadata": {
                            "operationMetadataId": "86bbe739-431f-497c-9332-66f59f3d4de1"
                          },
                          "type": "Compose",
                          "inputs": "@items('Apply_to_each_11')"
                        },
                        "Condition_13": {
                          "actions": {
                            "Append_to_array_variable_5": {
                              "runAfter": {},
                              "metadata": {
                                "operationMetadataId": "10542dae-51b4-4ba1-b76c-342c6fafd719"
                              },
                              "type": "AppendToArrayVariable",
                              "inputs": {
                                "name": "AllAvailableAgents",
                                "value": "@items('Apply_to_each_11')"
                              }
                            }
                          },
                          "runAfter": {
                            "Compose_10": [
                              "Succeeded"
                            ]
                          },
                          "expression": {
                            "and": [
                              {
                                "not": {
                                  "equals": [
                                    "@items('Apply_to_each_11')",
                                    ""
                                  ]
                                }
                              },
                              {
                                "not": {
                                  "equals": [
                                    "@outputs('Send_an_HTTP_request_to_SharePoint_2')?['body']?['d']?['results'][0]['ExcludeAgentsSomePortal']",
                                    "@null"
                                  ]
                                }
                              },
                              {
                                "and": [
                                  {
                                    "not": {
                                      "equals": [
                                        "@items('Apply_to_each_11')",
                                        ""
                                      ]
                                    }
                                  },
                                  {
                                    "not": {
                                      "equals": [
                                        "@outputs('Send_an_HTTP_request_to_SharePoint_2')?['body']?['d']?['results'][0]['ExcludeAgentsSomePortal']",
                                        ""
                                      ]
                                    }
                                  },
                                  {
                                    "not": {
                                      "equals": [
                                        "@outputs('Send_an_HTTP_request_to_SharePoint_2')?['body']?['d']?['results'][0]['ExcludeAgentsSomePortal']",
                                        "@null"
                                      ]
                                    }
                                  },
                                  {
                                    "not": {
                                      "contains": [
                                        "@outputs('Send_an_HTTP_request_to_SharePoint_2')?['body']?['d']?['results'][0]['ExcludeAgentsSomePortal']",
                                        "@string(items('Apply_to_each_11'))"
                                      ]
                                    }
                                  }
                                ]
                              }
                            ]
                          },
                          "metadata": {
                            "operationMetadataId": "72267635-7ae0-45bc-b36e-32c8c7c6f37a"
                          },
                          "type": "If"
                        },
                        "Compose_10": {
                          "runAfter": {
                            "Compose_9": [
                              "Succeeded"
                            ]
                          },
                          "metadata": {
                            "operationMetadataId": "fbcd7697-617b-4f14-a107-1ba6aa9f3ef4"
                          },
                          "type": "Compose",
                          "inputs": "@outputs('Send_an_HTTP_request_to_SharePoint_2')?['body']?['d']?['results'][0]['ExcludeAgentsSomePortal']"
                        }
                      },
                      "runAfter": {
                        "Compose_8": [
                          "Succeeded"
                        ]
                      },
                      "metadata": {
                        "operationMetadataId": "98b0b22a-786b-44cf-b7f9-46e0511a17f3"
                      },
                      "type": "Foreach"
                    },
                    "Condition_15": {
                      "actions": {
                        "Send_an_HTTP_request_to_SharePoint_4": {
                          "runAfter": {},
                          "metadata": {
                            "operationMetadataId": "2927fe1f-bc75-410d-a8fe-5656d2c12905"
                          },
                          "type": "OpenApiConnection",
                          "inputs": {
                            "host": {
                              "connectionName": "shared_sharepointonline",
                              "operationId": "HttpRequest",
                              "apiId": "/providers/Microsoft.PowerApps/apis/shared_sharepointonline"
                            },
                            "parameters": {
                              "dataset": "@variables('ApplicationURL')",
                              "parameters/method": "GET",
                              "parameters/uri": "_api/web/lists/getByTitle('HR365HDMUsers')/items?$top=4999&$orderBy=TicketCount%20asc"
                            },
                            "authentication": "@parameters('$authentication')"
                          }
                        },
                        "Compose_11": {
                          "runAfter": {
                            "Send_an_HTTP_request_to_SharePoint_4": [
                              "Succeeded"
                            ]
                          },
                          "metadata": {
                            "operationMetadataId": "6d97b2c1-0243-4fa2-a628-e9795aab9e9b"
                          },
                          "type": "Compose",
                          "inputs": "@outputs('Send_an_HTTP_request_to_SharePoint_4')?['body']?['d']?['results']"
                        },
                        "Filter_array_3": {
                          "runAfter": {
                            "Compose_11": [
                              "Succeeded"
                            ]
                          },
                          "metadata": {
                            "operationMetadataId": "0d4f8828-8780-4a26-a657-1d1a04ab4dda"
                          },
                          "type": "Query",
                          "inputs": {
                            "from": "@outputs('Compose_11')",
                            "where": "@contains(variables('AllAvailableAgents'), item()?['UsersId'])"
                          }
                        },
                        "Set_variable_26": {
                          "runAfter": {
                            "Filter_array_3": [
                              "Succeeded"
                            ]
                          },
                          "metadata": {
                            "operationMetadataId": "dbc8ff8f-ad45-4dd7-9a09-80fb292dd582"
                          },
                          "type": "SetVariable",
                          "inputs": {
                            "name": "AssignToAgentID",
                            "value": "@{body('Filter_array_3')?[0]?['UsersId']}"
                          }
                        },
                        "Set_variable_7": {
                          "runAfter": {
                            "Set_variable_26": [
                              "Succeeded"
                            ]
                          },
                          "metadata": {
                            "operationMetadataId": "c36e736b-cda1-425b-ba9e-b981269e1372"
                          },
                          "type": "SetVariable",
                          "inputs": {
                            "name": "Assigned agent email",
                            "value": "@{body('Filter_array_3')?[0]?['Email']}"
                          }
                        },
                        "Condition_9": {
                          "actions": {
                            "Send_an_HTTP_request_to_SharePoint_13": {
                              "runAfter": {},
                              "metadata": {
                                "operationMetadataId": "c04e47b8-0782-444a-a74f-0baaf269a5df"
                              },
                              "type": "OpenApiConnection",
                              "inputs": {
                                "host": {
                                  "connectionName": "shared_sharepointonline",
                                  "operationId": "HttpRequest",
                                  "apiId": "/providers/Microsoft.PowerApps/apis/shared_sharepointonline"
                                },
                                "parameters": {
                                  "dataset": "@variables('ApplicationURL')",
                                  "parameters/method": "POST",
                                  "parameters/uri": "_api/web/lists/getByTitle('HR365HDMUsers')/items('@{body('Filter_array_3')?[0]?['ID']}')",
                                  "parameters/headers": {
                                    "IF-MATCH": "*",
                                    "X-HTTP-Method": "MERGE",
                                    "content-type": "application/json;odata=verbose",
                                    "accept": "application/json;odata=verbose"
                                  },
                                  "parameters/body": "{\n            '__metadata': { 'type': 'SP.Data.HR365HDMUsersListItem' },\n'TicketCount':'1'\n        }"
                                },
                                "authentication": "@parameters('$authentication')"
                              }
                            }
                          },
                          "runAfter": {
                            "Set_variable_7": [
                              "Succeeded"
                            ]
                          },
                          "else": {
                            "actions": {
                              "Send_an_HTTP_request_to_SharePoint_14": {
                                "runAfter": {},
                                "metadata": {
                                  "operationMetadataId": "94ce4879-887e-4387-b1d3-5d89d58635f7"
                                },
                                "type": "OpenApiConnection",
                                "inputs": {
                                  "host": {
                                    "connectionName": "shared_sharepointonline",
                                    "operationId": "HttpRequest",
                                    "apiId": "/providers/Microsoft.PowerApps/apis/shared_sharepointonline"
                                  },
                                  "parameters": {
                                    "dataset": "@variables('ApplicationURL')",
                                    "parameters/method": "POST",
                                    "parameters/uri": "_api/web/lists/getByTitle('HR365HDMUsers')/items('@{body('Filter_array_3')?[0]?['ID']}')",
                                    "parameters/headers": {
                                      "IF-MATCH": "*",
                                      "X-HTTP-Method": "MERGE",
                                      "content-type": "application/json;odata=verbose",
                                      "accept": "application/json;odata=verbose"
                                    },
                                    "parameters/body": "{\n            '__metadata': { 'type': 'SP.Data.HR365HDMUsersListItem' },\n'TicketCount':'@{add(int(body('Filter_array_3')?[0]?['TicketCount']), 1)}'\n        }"
                                  },
                                  "authentication": "@parameters('$authentication')"
                                }
                              }
                            }
                          },
                          "expression": {
                            "or": [
                              {
                                "equals": [
                                  "@body('Filter_array_3')?[0]?['TicketCount']",
                                  ""
                                ]
                              },
                              {
                                "equals": [
                                  "@body('Filter_array_3')?[0]?['TicketCount']",
                                  "@null"
                                ]
                              }
                            ]
                          },
                          "metadata": {
                            "operationMetadataId": "1936272e-6306-40ba-ba9c-268afa0f204a"
                          },
                          "type": "If"
                        }
                      },
                      "runAfter": {
                        "Condition_2": [
                          "Succeeded"
                        ]
                      },
                      "else": {
                        "actions": {
                          "Condition_16": {
                            "actions": {
                              "Set_variable_10": {
                                "runAfter": {},
                                "metadata": {
                                  "operationMetadataId": "195e5717-9ba4-491a-92ae-3ed5ca86f572"
                                },
                                "type": "SetVariable",
                                "inputs": {
                                  "name": "AssignToAgentID",
                                  "value": "@{variables('AllAvailableAgents')?[0]}"
                                }
                              }
                            },
                            "runAfter": {
                              "Apply_to_each_12": [
                                "Succeeded"
                              ]
                            },
                            "else": {
                              "actions": {
                                "Set_variable_12": {
                                  "runAfter": {},
                                  "metadata": {
                                    "operationMetadataId": "167ba16f-a056-453d-893e-edb08f210cde"
                                  },
                                  "type": "SetVariable",
                                  "inputs": {
                                    "name": "AssignToAgentID",
                                    "value": "@{variables('AllAvailableAgents')?[variables('IndexOFArray')]}"
                                  }
                                }
                              }
                            },
                            "expression": {
                              "or": [
                                {
                                  "equals": [
                                    "@variables('AllAvailableAgents')?[variables('IndexOFArray')]",
                                    ""
                                  ]
                                },
                                {
                                  "equals": [
                                    "@variables('IndexOFArray')",
                                    -1
                                  ]
                                },
                                {
                                  "equals": [
                                    "@outputs('Compose_8')?[variables('IndexOFArray')]",
                                    "@null"
                                  ]
                                }
                              ]
                            },
                            "metadata": {
                              "operationMetadataId": "f2a9349a-64a7-45ce-b32e-56320f35f004"
                            },
                            "type": "If"
                          },
                          "Apply_to_each_12": {
                            "foreach": "@variables('AllAvailableAgents')",
                            "actions": {
                              "Increment_variable_2": {
                                "runAfter": {},
                                "metadata": {
                                  "operationMetadataId": "05ffc3d9-42b7-49c6-ab87-e4bf4753fe4d"
                                },
                                "type": "IncrementVariable",
                                "inputs": {
                                  "name": "IncrimentableIndex",
                                  "value": 1
                                }
                              },
                              "Condition_17": {
                                "actions": {
                                  "Set_variable_27": {
                                    "runAfter": {},
                                    "metadata": {
                                      "operationMetadataId": "311cef33-33da-44dc-adcc-ea5fc0c2e48d"
                                    },
                                    "type": "SetVariable",
                                    "inputs": {
                                      "name": "IndexOFArray",
                                      "value": "@variables('IncrimentableIndex')"
                                    }
                                  }
                                },
                                "runAfter": {
                                  "Increment_variable_2": [
                                    "Succeeded"
                                  ]
                                },
                                "expression": {
                                  "equals": [
                                    "@items('Apply_to_each_12')",
                                    "@outputs('Compose_5')?['LastAssignTicketId']"
                                  ]
                                },
                                "metadata": {
                                  "operationMetadataId": "9ea46581-e134-4fbd-bfe7-b2cadb103f04"
                                },
                                "type": "If"
                              }
                            },
                            "runAfter": {},
                            "metadata": {
                              "operationMetadataId": "7a407676-f8f3-4af3-816f-feecb807668e"
                            },
                            "type": "Foreach"
                          },
                          "Condition_3": {
                            "actions": {},
                            "runAfter": {
                              "Condition_16": [
                                "Succeeded"
                              ]
                            },
                            "else": {
                              "actions": {
                                "Send_an_HTTP_request_to_SharePoint_5": {
                                  "runAfter": {},
                                  "metadata": {
                                    "operationMetadataId": "eb74243c-821a-496f-a0f6-6f951499830b"
                                  },
                                  "type": "OpenApiConnection",
                                  "inputs": {
                                    "host": {
                                      "connectionName": "shared_sharepointonline",
                                      "operationId": "HttpRequest",
                                      "apiId": "/providers/Microsoft.PowerApps/apis/shared_sharepointonline"
                                    },
                                    "parameters": {
                                      "dataset": "@variables('ApplicationURL')",
                                      "parameters/method": "GET",
                                      "parameters/uri": "_api/web/lists/getByTitle('HR365HDMUsers')/items?$filter=UsersId eq '@{variables('AssignToAgentID')}'"
                                    },
                                    "authentication": "@parameters('$authentication')"
                                  }
                                },
                                "Set_variable_9": {
                                  "runAfter": {
                                    "Send_an_HTTP_request_to_SharePoint_5": [
                                      "Succeeded"
                                    ]
                                  },
                                  "metadata": {
                                    "operationMetadataId": "d7628454-13d5-4e8f-bacf-b9b574ba8414"
                                  },
                                  "type": "SetVariable",
                                  "inputs": {
                                    "name": "Assigned agent email",
                                    "value": "@{outputs('Send_an_HTTP_request_to_SharePoint_5')?['body']?['d']?['results']?[0]?['Email']}"
                                  }
                                },
                                "Compose_13": {
                                  "runAfter": {
                                    "Set_variable_9": [
                                      "Succeeded",
                                      "Failed",
                                      "TimedOut"
                                    ]
                                  },
                                  "metadata": {
                                    "operationMetadataId": "39b89bde-f143-4fcb-8b74-40bb29db1d55"
                                  },
                                  "type": "Compose",
                                  "inputs": "Compose"
                                }
                              }
                            },
                            "expression": {
                              "or": [
                                {
                                  "equals": [
                                    "@variables('AssignToAgentID')",
                                    ""
                                  ]
                                },
                                {
                                  "equals": [
                                    "@variables('AssignToAgentID')",
                                    "@null"
                                  ]
                                }
                              ]
                            },
                            "metadata": {
                              "operationMetadataId": "4420c9ab-0862-4695-bf45-624680cb0122"
                            },
                            "type": "If"
                          }
                        }
                      },
                      "expression": {
                        "equals": [
                          "@outputs('Send_an_HTTP_request_to_SharePoint_2')?['body']?['d']?['results'][0]['AutoAssignMethod']",
                          "WeightedRoundRobin"
                        ]
                      },
                      "metadata": {
                        "operationMetadataId": "e8f19845-fd0f-4e52-b472-76e874f4fb04"
                      },
                      "type": "If"
                    },
                    "Condition_27": {
                      "actions": {
                        "Send_an_HTTP_request_to_SharePoint_9": {
                          "runAfter": {},
                          "metadata": {
                            "operationMetadataId": "d17fe469-2a58-4dfe-8e81-2d46d4bab044"
                          },
                          "type": "OpenApiConnection",
                          "inputs": {
                            "host": {
                              "connectionName": "shared_sharepointonline",
                              "operationId": "HttpRequest",
                              "apiId": "/providers/Microsoft.PowerApps/apis/shared_sharepointonline"
                            },
                            "parameters": {
                              "dataset": "@variables('ApplicationURL')",
                              "parameters/method": "POST",
                              "parameters/uri": "/_api/web/lists/getbytitle('HR365HDMDepartments')/items('@{outputs('Compose_5')?['ID']}')",
                              "parameters/headers": {
                                "IF-MATCH": "*",
                                "X-HTTP-Method": "MERGE",
                                "content-type": "application/json;odata=verbose",
                                "accept": "application/json;odata=verbose"
                              },
                              "parameters/body": "{\n            '__metadata': { 'type': 'SP.Data.HR365HDMDepartmentsListItem' },\n'LastAssignTicketId':@{variables('AssignToAgentID')}\n        }"
                            },
                            "authentication": "@parameters('$authentication')"
                          }
                        },
                        "Set_variable_13": {
                          "runAfter": {
                            "Send_an_HTTP_request_to_SharePoint_9": [
                              "Succeeded"
                            ]
                          },
                          "metadata": {
                            "operationMetadataId": "28bcb201-9a3c-4c82-9691-6af9bfbc5e90"
                          },
                          "type": "SetVariable",
                          "inputs": {
                            "name": "Status",
                            "value": "Open"
                          }
                        }
                      },
                      "runAfter": {
                        "Condition_15": [
                          "Succeeded"
                        ]
                      },
                      "expression": {
                        "not": {
                          "equals": [
                            "@variables('AssignToAgentID')",
                            ""
                          ]
                        }
                      },
                      "metadata": {
                        "operationMetadataId": "464e6b82-057e-4558-802c-eb698c2a631c"
                      },
                      "type": "If"
                    },
                    "Send_an_HTTP_request_to_SharePoint_3": {
                      "runAfter": {},
                      "metadata": {
                        "operationMetadataId": "a90494e4-7079-4811-91c3-42917646e71b"
                      },
                      "type": "OpenApiConnection",
                      "inputs": {
                        "host": {
                          "connectionName": "shared_sharepointonline",
                          "operationId": "HttpRequest",
                          "apiId": "/providers/Microsoft.PowerApps/apis/shared_sharepointonline"
                        },
                        "parameters": {
                          "dataset": "@variables('ApplicationURL')",
                          "parameters/method": "GET",
                          "parameters/uri": "_api/web/lists/getByTitle('HR365HDMDepartments')/items?$top=5000&$filter=Title eq '@{variables('SelectedTeam')}'"
                        },
                        "authentication": "@parameters('$authentication')"
                      }
                    },
                    "Condition_2": {
                      "actions": {
                        "Set_variable_8": {
                          "runAfter": {},
                          "metadata": {
                            "operationMetadataId": "25bc3139-7b2c-4669-930c-c7265b1cf7f3"
                          },
                          "type": "SetVariable",
                          "inputs": {
                            "name": "AllAvailableAgents",
                            "value": "@outputs('Compose_8')"
                          }
                        }
                      },
                      "runAfter": {
                        "Apply_to_each_11": [
                          "Succeeded"
                        ]
                      },
                      "expression": {
                        "or": [
                          {
                            "equals": [
                              "@variables('AllAvailableAgents')",
                              "@null"
                            ]
                          },
                          {
                            "equals": [
                              "@variables('AllAvailableAgents')",
                              ""
                            ]
                          },
                          {
                            "equals": [
                              "@length(variables('AllAvailableAgents'))",
                              0
                            ]
                          }
                        ]
                      },
                      "metadata": {
                        "operationMetadataId": "8e200895-6d1f-4392-8de3-139230827cea"
                      },
                      "type": "If"
                    },
                    "Set_variable_6": {
                      "runAfter": {
                        "Compose_5": [
                          "Succeeded"
                        ]
                      },
                      "metadata": {
                        "operationMetadataId": "1c7db91f-5f39-4ac8-b213-46a49b0b77a6"
                      },
                      "type": "SetVariable",
                      "inputs": {
                        "name": "TicketProperties",
                        "value": [
                          {
                            "TicketOpenDate": "",
                            "InternalExtrenal": "",
                            "CCMail": "",
                            "Read": "Unread",
                            "DepartmentCode": "@{outputs('Compose_5')?['Onqueue']}",
                            "SubTickets": "",
                            "LastSubTicketCharacter": "",
                            "MediaSource": "Email",
                            "PushNotification": "Active",
                            "TicketDescription": "Inside"
                          }
                        ]
                      }
                    }
                  },
                  "runAfter": {},
                  "expression": {
                    "not": {
                      "equals": [
                        "@variables('SelectedTeam')",
                        ""
                      ]
                    }
                  },
                  "metadata": {
                    "operationMetadataId": "c3d8e399-d1b2-42cc-a618-41cdb841559d"
                  },
                  "type": "If"
                }
              },
              "runAfter": {
                "Set_variable_5": [
                  "Succeeded"
                ]
              },
              "expression": {
                "equals": [
                  "@outputs('Send_an_HTTP_request_to_SharePoint_2')?['body']?['d']?['results'][0]['AutoAssign']",
                  "On"
                ]
              },
              "metadata": {
                "operationMetadataId": "bc2f3e02-ce9c-453b-a993-3cac6306eeea"
              },
              "type": "If"
            },
            "Set_variable_5": {
              "runAfter": {
                "Get_response_details": [
                  "Succeeded"
                ]
              },
              "metadata": {
                "operationMetadataId": "b7843a77-33f9-4c4a-9702-4f7605eae1c9"
              },
              "type": "SetVariable",
              "inputs": {
                "name": "SelectedTeam",
                "value": "@{body('Get_response_details')?['ra5fa7afbf973436fb4773ae3d12cf00d']}"
              }
            },
            "assigned_agent_email_send": {
              "actions": {},
              "runAfter": {
                "Apply_to_each_2": [
                  "Succeeded"
                ]
              },
              "else": {
                "actions": {
                  "Send_an_email_from_a_shared_mailbox_(V2)_5": {
                    "runAfter": {},
                    "metadata": {
                      "operationMetadataId": "516388db-322f-45ed-aa0d-43ba6fffae36"
                    },
                    "type": "OpenApiConnection",
                    "inputs": {
                      "host": {
                        "connectionName": "shared_office365_1",
                        "operationId": "SharedMailboxSendEmailV2",
                        "apiId": "/providers/Microsoft.PowerApps/apis/shared_office365"
                      },
                      "parameters": {
                        "emailMessage/MailboxAddress": "@variables('SupportMailID')",
                        "emailMessage/To": "@variables('Assigned agent email')",
                        "emailMessage/Subject": "Ticket Assigned - @{body('Get_response_details')?['rb040eb1251c1445fb601d52a18ffc9f9']} - Ticket ID [@{concat(outputs('Send_an_HTTP_request_to_SharePoint_2')?['body']?['d']?['results'][0]['SequenceTitle'],'#',add(int(outputs('Send_an_HTTP_request_to_SharePoint_2')?['body']?['d']?['results'][0]['TicketPrefix']),outputs('Send_an_HTTP_request_to_SharePoint')?['body']?['d']['ID']))}]",
                        "emailMessage/Body": "<p>Hi ,<br>\n<br>\nA new ticket is raised by @{variables('UserDisplayName')}, has been assigned to you<br>\nPlease to take action accordingly.<br>\n<br>\nwith description:<br>\n<br>\n@{variables('AllDescriptionData')}<br>\n<br>\nRegards,<br>\n<br>\nHelpdesk Services</p>",
                        "emailMessage/Importance": "Normal"
                      },
                      "authentication": "@parameters('$authentication')"
                    }
                  }
                }
              },
              "expression": {
                "or": [
                  {
                    "equals": [
                      "@variables('Assigned agent email')",
                      ""
                    ]
                  },
                  {
                    "equals": [
                      "@variables('Assigned agent email')",
                      "@null"
                    ]
                  }
                ]
              },
              "metadata": {
                "operationMetadataId": "cd7c4541-523e-47cb-96ed-899074763de0"
              },
              "type": "If"
            }
          },
          "runAfter": {
            "Send_an_HTTP_request_to_SharePoint_2": [
              "Succeeded"
            ]
          },
          "metadata": {
            "operationMetadataId": "56b9ed5b-2ced-48b1-ac65-f01a4da06ebd"
          },
          "type": "Foreach"
        },
        "Application_URL": {
          "runAfter": {},
          "metadata": {
            "operationMetadataId": "f512f466-d09d-4e2d-8415-0b979221dbf6"
          },
          "type": "InitializeVariable",
          "inputs": {
            "variables": [
              {
                "name": "AppsiteURL",
                "type": "string",
                "value": "@parameters('SiteURL(HD365) (hr365_SiteURLHD365)')"
              }
            ]
          }
        },
        "AllDescriptionData": {
          "runAfter": {
            "Application": [
              "Succeeded"
            ]
          },
          "metadata": {
            "operationMetadataId": "eaf34017-a535-4bcc-90bf-7c4073cf42b8"
          },
          "type": "InitializeVariable",
          "inputs": {
            "variables": [
              {
                "name": "AllDescriptionData",
                "type": "string"
              }
            ]
          }
        },
        "SupportMailID": {
          "runAfter": {
            "AllDescriptionData": [
              "Succeeded"
            ]
          },
          "metadata": {
            "operationMetadataId": "8ad64995-c05c-4e41-a68e-7630111d0861"
          },
          "type": "InitializeVariable",
          "inputs": {
            "variables": [
              {
                "name": "SupportMailID",
                "type": "string",
                "value": "@parameters('SupportMailBoxID (hr365_SupportMailBoxID)')"
              }
            ]
          }
        },
        "UserDisplayName": {
          "runAfter": {
            "SupportMailID": [
              "Succeeded"
            ]
          },
          "metadata": {
            "operationMetadataId": "77212549-a0b1-44e6-9deb-989f9e27ffb8"
          },
          "type": "InitializeVariable",
          "inputs": {
            "variables": [
              {
                "name": "UserDisplayName",
                "type": "string"
              }
            ]
          }
        },
        "Send_an_HTTP_request_to_SharePoint_2": {
          "runAfter": {
            "Initialize_variable": [
              "Succeeded"
            ]
          },
          "metadata": {
            "operationMetadataId": "fbadda86-a88c-4b8b-9f63-72dd209ef91d",
            "flowSystemMetadata": {
              "swaggerOperationId": "HttpRequest"
            }
          },
          "type": "ApiConnection",
          "inputs": {
            "host": {
              "connection": {
                "name": "@parameters('$connections')['shared_sharepointonline']['connectionId']"
              }
            },
            "method": "post",
            "body": {
              "method": "GET",
              "uri": "_api/web/lists/getbytitle('HR365HDMSettings')/items?$top=1",
              "headers": {
                "Accept": "application/json; odata=verbos",
                "Content-Type": "application/json"
              }
            },
            "path": "/datasets/@{encodeURIComponent(encodeURIComponent(variables('AppsiteURL')))}/httprequest",
            "authentication": "@parameters('$authentication')"
          }
        },
        "ListGudID": {
          "runAfter": {
            "UserDisplayName": [
              "Succeeded"
            ]
          },
          "metadata": {
            "operationMetadataId": "6d4b4f31-6ebd-4651-9a02-aadee45f5b47"
          },
          "type": "InitializeVariable",
          "inputs": {
            "variables": [
              {
                "name": "ListGudID",
                "type": "string"
              }
            ]
          }
        },
        "ConlistGudId": {
          "runAfter": {
            "ListGudID": [
              "Succeeded"
            ]
          },
          "metadata": {
            "operationMetadataId": "6c5713dd-0779-4f32-bd3d-cf38fc67585d"
          },
          "type": "InitializeVariable",
          "inputs": {
            "variables": [
              {
                "name": "ConlistGudId",
                "type": "string"
              }
            ]
          }
        },
        "SupervisorEmailids": {
          "runAfter": {
            "ConlistGudId": [
              "Succeeded"
            ]
          },
          "metadata": {
            "operationMetadataId": "d6797e53-2a5b-4750-9f28-c75cbb4850d2"
          },
          "type": "InitializeVariable",
          "inputs": {
            "variables": [
              {
                "name": "SupervisorEmailids",
                "type": "array"
              }
            ]
          }
        },
        "TicketProperties": {
          "runAfter": {
            "SupervisorEmailids": [
              "Succeeded"
            ]
          },
          "metadata": {
            "operationMetadataId": "44901f99-98dd-41a1-aa0c-3eb6b477cc4a"
          },
          "type": "InitializeVariable",
          "inputs": {
            "variables": [
              {
                "name": "TicketProperties",
                "type": "array",
                "value": [
                  {
                    "TicketOpenDate": "",
                    "InternalExtrenal": "",
                    "CCMail": "",
                    "Read": "Unread",
                    "DepartmentCode": "HR",
                    "SubTickets": "",
                    "LastSubTicketCharacter": "",
                    "MediaSource": "Email",
                    "PushNotification": "Active",
                    "TicketDescription": "Inside"
                  }
                ]
              }
            ]
          }
        },
        "TeamName": {
          "runAfter": {
            "TicketProperties": [
              "Succeeded"
            ]
          },
          "metadata": {
            "operationMetadataId": "7b5ea285-41a7-42f6-8292-9f016e50a02f"
          },
          "type": "InitializeVariable",
          "inputs": {
            "variables": [
              {
                "name": "TeamName",
                "type": "string"
              }
            ]
          }
        },
        "SelectedTeam": {
          "runAfter": {
            "TeamName": [
              "Succeeded"
            ]
          },
          "metadata": {
            "operationMetadataId": "0989f221-9fe5-4d99-ab57-0bb0090f6d54"
          },
          "type": "InitializeVariable",
          "inputs": {
            "variables": [
              {
                "name": "SelectedTeam",
                "type": "string"
              }
            ]
          }
        },
        "AllAvailableAgents": {
          "runAfter": {
            "SelectedTeam": [
              "Succeeded"
            ]
          },
          "metadata": {
            "operationMetadataId": "7dcb3c81-8209-4ff6-845a-cb04456fe6b7"
          },
          "type": "InitializeVariable",
          "inputs": {
            "variables": [
              {
                "name": "AllAvailableAgents",
                "type": "array"
              }
            ]
          }
        },
        "AssignToAgentID": {
          "runAfter": {
            "AllAvailableAgents": [
              "Succeeded"
            ]
          },
          "metadata": {
            "operationMetadataId": "a94d4cbf-d36b-40ed-8ebe-b66d9326bbe4"
          },
          "type": "InitializeVariable",
          "inputs": {
            "variables": [
              {
                "name": "AssignToAgentID",
                "type": "string",
                "value": "null"
              }
            ]
          }
        },
        "IndexOFArray": {
          "runAfter": {
            "AssignToAgentID": [
              "Succeeded"
            ]
          },
          "metadata": {
            "operationMetadataId": "71d28463-e593-4246-9be2-514951457b07"
          },
          "type": "InitializeVariable",
          "inputs": {
            "variables": [
              {
                "name": "IndexOFArray",
                "type": "integer",
                "value": -1
              }
            ]
          }
        },
        "IncrimentableIndex": {
          "runAfter": {
            "IndexOFArray": [
              "Succeeded"
            ]
          },
          "metadata": {
            "operationMetadataId": "486bac2a-d9c9-4c6c-abfd-744aa11bb8c6"
          },
          "type": "InitializeVariable",
          "inputs": {
            "variables": [
              {
                "name": "IncrimentableIndex",
                "type": "integer",
                "value": 0
              }
            ]
          }
        },
        "Assigned_agent_email": {
          "runAfter": {
            "IncrimentableIndex": [
              "Succeeded"
            ]
          },
          "metadata": {
            "operationMetadataId": "f482086a-23c5-4379-9c95-5bc8e754a743"
          },
          "type": "InitializeVariable",
          "inputs": {
            "variables": [
              {
                "name": "Assigned agent email",
                "type": "string"
              }
            ]
          }
        },
        "Initialize_variable": {
          "runAfter": {
            "Assigned_agent_email": [
              "Succeeded"
            ]
          },
          "metadata": {
            "operationMetadataId": "399a8018-f0da-4533-ad3a-5ecf9f829a55"
          },
          "type": "InitializeVariable",
          "inputs": {
            "variables": [
              {
                "name": "Status",
                "type": "string",
                "value": "Unassigned"
              }
            ]
          }
        },
        "Application": {
          "runAfter": {
            "Application_URL": [
              "Succeeded"
            ]
          },
          "metadata": {
            "operationMetadataId": "c1a64f0a-c2c6-4187-ae7e-b04fb88d9904"
          },
          "type": "InitializeVariable",
          "inputs": {
            "variables": [
              {
                "name": "ApplicationURL",
                "type": "string",
                "value": "@variables('AppsiteURL')"
              }
            ]
          }
        }
      },
      "outputs": {}
    },
    "templateName": ""
  },
  "schemaVersion": "1.0.0.0"
}