<ImportExportXml version="9.2.24094.196" SolutionPackageVersion="9.2" languagecode="1033" generatedBy="CrmLive" xmlns:xsi="http://www.w3.org/2001/XMLSchema-instance" OrganizationVersion="9.2.24094.196" OrganizationSchemaType="Standard" CRMServerServiceabilityVersion="9.2.24094.00196">
  <SolutionManifest>
    <UniqueName>HR365HelpdeskModern</UniqueName>
    <LocalizedNames>
      <LocalizedName description="HR365 Helpdesk Solution" languagecode="1033" />
    </LocalizedNames>
    <Descriptions />
    <Version>13.24.1015.1002</Version>
    <Managed>0</Managed>
    <Publisher>
      <UniqueName>Helpdesk</UniqueName>
      <LocalizedNames>
        <LocalizedName description="HR365_Helpdesk" languagecode="1033" />
      </LocalizedNames>
      <Descriptions />
      <EMailAddress xsi:nil="true"></EMailAddress>
      <SupportingWebsiteUrl xsi:nil="true"></SupportingWebsiteUrl>
      <CustomizationPrefix>hr365</CustomizationPrefix>
      <CustomizationOptionValuePrefix>57112</CustomizationOptionValuePrefix>
      <Addresses>
        <Address>
          <AddressNumber>1</AddressNumber>
          <AddressTypeCode>1</AddressTypeCode>
          <City xsi:nil="true"></City>
          <County xsi:nil="true"></County>
          <Country xsi:nil="true"></Country>
          <Fax xsi:nil="true"></Fax>
          <FreightTermsCode xsi:nil="true"></FreightTermsCode>
          <ImportSequenceNumber xsi:nil="true"></ImportSequenceNumber>
          <Latitude xsi:nil="true"></Latitude>
          <Line1 xsi:nil="true"></Line1>
          <Line2 xsi:nil="true"></Line2>
          <Line3 xsi:nil="true"></Line3>
          <Longitude xsi:nil="true"></Longitude>
          <Name xsi:nil="true"></Name>
          <PostalCode xsi:nil="true"></PostalCode>
          <PostOfficeBox xsi:nil="true"></PostOfficeBox>
          <PrimaryContactName xsi:nil="true"></PrimaryContactName>
          <ShippingMethodCode>1</ShippingMethodCode>
          <StateOrProvince xsi:nil="true"></StateOrProvince>
          <Telephone1 xsi:nil="true"></Telephone1>
          <Telephone2 xsi:nil="true"></Telephone2>
          <Telephone3 xsi:nil="true"></Telephone3>
          <TimeZoneRuleVersionNumber xsi:nil="true"></TimeZoneRuleVersionNumber>
          <UPSZone xsi:nil="true"></UPSZone>
          <UTCOffset xsi:nil="true"></UTCOffset>
          <UTCConversionTimeZoneCode xsi:nil="true"></UTCConversionTimeZoneCode>
        </Address>
        <Address>
          <AddressNumber>2</AddressNumber>
          <AddressTypeCode>1</AddressTypeCode>
          <City xsi:nil="true"></City>
          <County xsi:nil="true"></County>
          <Country xsi:nil="true"></Country>
          <Fax xsi:nil="true"></Fax>
          <FreightTermsCode xsi:nil="true"></FreightTermsCode>
          <ImportSequenceNumber xsi:nil="true"></ImportSequenceNumber>
          <Latitude xsi:nil="true"></Latitude>
          <Line1 xsi:nil="true"></Line1>
          <Line2 xsi:nil="true"></Line2>
          <Line3 xsi:nil="true"></Line3>
          <Longitude xsi:nil="true"></Longitude>
          <Name xsi:nil="true"></Name>
          <PostalCode xsi:nil="true"></PostalCode>
          <PostOfficeBox xsi:nil="true"></PostOfficeBox>
          <PrimaryContactName xsi:nil="true"></PrimaryContactName>
          <ShippingMethodCode>1</ShippingMethodCode>
          <StateOrProvince xsi:nil="true"></StateOrProvince>
          <Telephone1 xsi:nil="true"></Telephone1>
          <Telephone2 xsi:nil="true"></Telephone2>
          <Telephone3 xsi:nil="true"></Telephone3>
          <TimeZoneRuleVersionNumber xsi:nil="true"></TimeZoneRuleVersionNumber>
          <UPSZone xsi:nil="true"></UPSZone>
          <UTCOffset xsi:nil="true"></UTCOffset>
          <UTCConversionTimeZoneCode xsi:nil="true"></UTCConversionTimeZoneCode>
        </Address>
      </Addresses>
    </Publisher>
    <RootComponents>
      <RootComponent type="29" id="{2d171aa3-3a25-ee11-9965-6045bdaad761}" behavior="0" />
      <RootComponent type="29" id="{331cc169-adde-ed11-a7c7-000d3a1b9670}" behavior="0" />
      <RootComponent type="29" id="{4bda2d9e-acde-ed11-a7c7-000d3a1b9670}" behavior="0" />
      <RootComponent type="29" id="{9e24bbcf-adde-ed11-a7c7-000d3a1b9670}" behavior="0" />
      <RootComponent type="29" id="{aa07bb96-3825-ee11-9965-6045bdaad761}" behavior="0" />
      <RootComponent type="29" id="{b534c4d1-5d5f-ee11-be6e-000d3a1b9670}" behavior="0" />
      <RootComponent type="29" id="{b88c124b-3925-ee11-9965-6045bdaad761}" behavior="0" />
      <RootComponent type="29" id="{d88a3ffe-abde-ed11-a7c7-000d3a1b9670}" behavior="0" />
      <RootComponent type="29" id="{e61b9ccf-acde-ed11-a7c7-000d3a1b9670}" behavior="0" />
      <RootComponent type="29" id="{f6fba0ea-0989-ee11-be37-6045bdaa8a35}" behavior="0" />
    </RootComponents>
    <MissingDependencies />
  </SolutionManifest>
</ImportExportXml>