<ImportExportXml version="9.2.25084.140" SolutionPackageVersion="9.2" languagecode="1033" generatedBy="CrmLive" xmlns:xsi="http://www.w3.org/2001/XMLSchema-instance" OrganizationVersion="9.2.25084.140" OrganizationSchemaType="Standard" CRMServerServiceabilityVersion="9.2.25084.00140">
  <SolutionManifest>
    <UniqueName>HR365AMMReminder</UniqueName>
    <LocalizedNames>
      <LocalizedName description="HR365 Asset Management 365" languagecode="1033" />
    </LocalizedNames>
    <Descriptions />
    <Version>25.0909.1652</Version>
    <Managed>0</Managed>
    <Publisher>
      <UniqueName>AMM</UniqueName>
      <LocalizedNames>
        <LocalizedName description="HR365 AMM" languagecode="1033" />
      </LocalizedNames>
      <Descriptions />
      <EMailAddress xsi:nil="true"></EMailAddress>
      <SupportingWebsiteUrl xsi:nil="true"></SupportingWebsiteUrl>
      <CustomizationPrefix>hr365</CustomizationPrefix>
      <CustomizationOptionValuePrefix>57112</CustomizationOptionValuePrefix>
      <Addresses>
        <Address>
          <AddressNumber>1</AddressNumber>
          <AddressTypeCode>1</AddressTypeCode>
          <City xsi:nil="true"></City>
          <County xsi:nil="true"></County>
          <Country xsi:nil="true"></Country>
          <Fax xsi:nil="true"></Fax>
          <FreightTermsCode xsi:nil="true"></FreightTermsCode>
          <ImportSequenceNumber xsi:nil="true"></ImportSequenceNumber>
          <Latitude xsi:nil="true"></Latitude>
          <Line1 xsi:nil="true"></Line1>
          <Line2 xsi:nil="true"></Line2>
          <Line3 xsi:nil="true"></Line3>
          <Longitude xsi:nil="true"></Longitude>
          <Name xsi:nil="true"></Name>
          <PostalCode xsi:nil="true"></PostalCode>
          <PostOfficeBox xsi:nil="true"></PostOfficeBox>
          <PrimaryContactName xsi:nil="true"></PrimaryContactName>
          <ShippingMethodCode>1</ShippingMethodCode>
          <StateOrProvince xsi:nil="true"></StateOrProvince>
          <Telephone1 xsi:nil="true"></Telephone1>
          <Telephone2 xsi:nil="true"></Telephone2>
          <Telephone3 xsi:nil="true"></Telephone3>
          <TimeZoneRuleVersionNumber xsi:nil="true"></TimeZoneRuleVersionNumber>
          <UPSZone xsi:nil="true"></UPSZone>
          <UTCOffset xsi:nil="true"></UTCOffset>
          <UTCConversionTimeZoneCode xsi:nil="true"></UTCConversionTimeZoneCode>
        </Address>
        <Address>
          <AddressNumber>2</AddressNumber>
          <AddressTypeCode>1</AddressTypeCode>
          <City xsi:nil="true"></City>
          <County xsi:nil="true"></County>
          <Country xsi:nil="true"></Country>
          <Fax xsi:nil="true"></Fax>
          <FreightTermsCode xsi:nil="true"></FreightTermsCode>
          <ImportSequenceNumber xsi:nil="true"></ImportSequenceNumber>
          <Latitude xsi:nil="true"></Latitude>
          <Line1 xsi:nil="true"></Line1>
          <Line2 xsi:nil="true"></Line2>
          <Line3 xsi:nil="true"></Line3>
          <Longitude xsi:nil="true"></Longitude>
          <Name xsi:nil="true"></Name>
          <PostalCode xsi:nil="true"></PostalCode>
          <PostOfficeBox xsi:nil="true"></PostOfficeBox>
          <PrimaryContactName xsi:nil="true"></PrimaryContactName>
          <ShippingMethodCode>1</ShippingMethodCode>
          <StateOrProvince xsi:nil="true"></StateOrProvince>
          <Telephone1 xsi:nil="true"></Telephone1>
          <Telephone2 xsi:nil="true"></Telephone2>
          <Telephone3 xsi:nil="true"></Telephone3>
          <TimeZoneRuleVersionNumber xsi:nil="true"></TimeZoneRuleVersionNumber>
          <UPSZone xsi:nil="true"></UPSZone>
          <UTCOffset xsi:nil="true"></UTCOffset>
          <UTCConversionTimeZoneCode xsi:nil="true"></UTCConversionTimeZoneCode>
        </Address>
      </Addresses>
    </Publisher>
    <RootComponents>
      <RootComponent type="29" id="{23e798b3-ae14-ee11-9cbd-002248d5d764}" behavior="0" />
      <RootComponent type="29" id="{36bc1f3e-8dac-ef11-8a69-002248d5def5}" behavior="0" />
      <RootComponent type="29" id="{53caaf58-fbc8-ef11-b8e8-6045bd72fcf4}" behavior="0" />
      <RootComponent type="29" id="{6187b93a-a9e4-ef11-9341-7c1e523aead3}" behavior="0" />
      <RootComponent type="29" id="{9c570847-9ce9-ed11-a7c6-000d3a1b9670}" behavior="0" />
      <RootComponent type="29" id="{d62aa1ab-113b-ed11-9db1-000d3af06fb9}" behavior="0" />
    </RootComponents>
    <MissingDependencies>
      <MissingDependency>
        <Required type="connectionreference" displayName="hr365_sharedoffice365_088b3" solution="HR365Timesheet365Solution (13.24.0215.1258)" id.connectionreferencelogicalname="hr365_sharedoffice365_088b3" />
        <Dependent type="connectionreference" displayName="hr365_sharedoffice365_088b3" id.connectionreferencelogicalname="hr365_sharedoffice365_088b3" />
      </MissingDependency>
      <MissingDependency>
        <Required type="connectionreference" displayName="hr365_sharedoffice365_fcc08" solution="HR365Timesheet365Solution (13.24.0215.1258)" id.connectionreferencelogicalname="hr365_sharedoffice365_fcc08" />
        <Dependent type="connectionreference" displayName="hr365_sharedoffice365_fcc08" id.connectionreferencelogicalname="hr365_sharedoffice365_fcc08" />
      </MissingDependency>
      <MissingDependency>
        <Required type="connectionreference" displayName="hr365_sharedsharepointonline_4a75f" solution="HR365Timesheet365Solution (13.24.0215.1258)" id.connectionreferencelogicalname="hr365_sharedsharepointonline_4a75f" />
        <Dependent type="connectionreference" displayName="hr365_sharedsharepointonline_4a75f" id.connectionreferencelogicalname="hr365_sharedsharepointonline_4a75f" />
      </MissingDependency>
      <MissingDependency>
        <Required type="EnvironmentVariableDefinition" displayName="bt365_BT365SiteUrl" solution="Active" id.schemaname="bt365_BT365SiteUrl" />
        <Dependent type="29" displayName="BT365 - Send Email from Graph API" id="{53caaf58-fbc8-ef11-b8e8-6045bd72fcf4}" />
      </MissingDependency>
      <MissingDependency>
        <Required type="EnvironmentVariableDefinition" displayName="bt365_SharedMailBoxID" solution="Active" id.schemaname="bt365_SharedMailBoxID" />
        <Dependent type="29" displayName="BT365 - Send Email from Graph API" id="{53caaf58-fbc8-ef11-b8e8-6045bd72fcf4}" />
      </MissingDependency>
    </MissingDependencies>
  </SolutionManifest>
</ImportExportXml>