{
  "properties": {
    "connectionReferences": {
      "shared_sharepointonline": {
        "runtimeSource": "embedded",
        "connection": {
          "connectionReferenceLogicalName": "hr365_sharedsharepointonline_2d2c0"
        },
        "api": {
          "name": "shared_sharepointonline"
        }
      },
      "shared_office365": {
        "runtimeSource": "embedded",
        "connection": {
          "connectionReferenceLogicalName": "hr365_sharedoffice365_17029"
        },
        "api": {
          "name": "shared_office365"
        }
      }
    },
    "definition": {
      "$schema": "https://schema.management.azure.com/providers/Microsoft.Logic/schemas/2016-06-01/workflowdefinition.json#",
      "contentVersion": "1.0.0.0",
      "parameters": {
        "$connections": {
          "defaultValue": {},
          "type": "Object"
        },
        "$authentication": {
          "defaultValue": {},
          "type": "SecureObject"
        },
        "SiteAddress(AM365) (hr365_siteabsoluteadress)": {
          "defaultValue": "https://megazap.sharepoint.com/sites/AM3650322",
          "type": "String",
          "metadata": {
            "schemaName": "hr365_siteabsoluteadress"
          }
        }
      },
      "triggers": {
        "Recurrence": {
          "recurrence": {
            "frequency": "Minute",
            "interval": 1,
            "startTime": "2024-06-27T04:30:00Z"
          },
          "metadata": {
            "operationMetadataId": "5308f829-cd27-4d59-aae5-1e9b38bf9fac"
          },
          "type": "Recurrence"
        }
      },
      "actions": {
        "Get_items": {
          "runAfter": {},
          "metadata": {
            "operationMetadataId": "48f694e9-a26d-41b7-956e-a36d9f30e2da"
          },
          "type": "OpenApiConnection",
          "inputs": {
            "host": {
              "connectionName": "shared_sharepointonline",
              "operationId": "GetItems",
              "apiId": "/providers/Microsoft.PowerApps/apis/shared_sharepointonline"
            },
            "parameters": {
              "dataset": "@parameters('SiteAddress(AM365) (hr365_siteabsoluteadress)')",
              "table": "HR365AMXEmailNotifySetting"
            },
            "authentication": "@parameters('$authentication')"
          }
        },
        "Initialize_variable": {
          "runAfter": {
            "Initialize_variable_3": [
              "Succeeded"
            ]
          },
          "metadata": {
            "operationMetadataId": "9fb48e30-6367-46a3-a357-f98ecd9f009e"
          },
          "type": "InitializeVariable",
          "inputs": {
            "variables": [
              {
                "name": "DateReminderSoftExp",
                "type": "string",
                "value": "@{outputs('Get_items')?['body/value']?[0]?['DateReminderSoftExp']}"
              }
            ]
          }
        },
        "Initialize_variable_2": {
          "runAfter": {
            "Initialize_variable": [
              "Succeeded"
            ]
          },
          "metadata": {
            "operationMetadataId": "356c6144-9eb0-4c91-991c-bd5e9b57e623"
          },
          "type": "InitializeVariable",
          "inputs": {
            "variables": [
              {
                "name": "ReminderSoftExpiry",
                "type": "string",
                "value": "-@{outputs('Get_items')?['body/value']?[0]?['ReminderSoftExpiry']}"
              }
            ]
          }
        },
        "Condition": {
          "actions": {
            "Apply_to_each": {
              "foreach": "@outputs('Get_items_2')?['body/value']",
              "actions": {
                "Condition_2": {
                  "actions": {
                    "Send_an_email_(V2)": {
                      "runAfter": {},
                      "metadata": {
                        "operationMetadataId": "0589e794-c19d-4be5-8a0b-5c7842d2f970"
                      },
                      "type": "OpenApiConnection",
                      "inputs": {
                        "host": {
                          "connectionName": "shared_office365",
                          "operationId": "SendEmailV2",
                          "apiId": "/providers/Microsoft.PowerApps/apis/shared_office365"
                        },
                        "parameters": {
                          "emailMessage/To": "@join(variables('AllAdminEmail'),';')",
                          "emailMessage/Subject": "Reminder: Upcoming Software License Expiry Notification",
                          "emailMessage/Body": "<p>Hi,<br>\n<br>\nYour software expiry date is due on @{formatDateTime(item()['ExpiryDate'],'dd-MM-yyyy')} . Please review the licenses below<br>\n<strong>Software ID </strong>: @{items('Apply_to_each')?['LicenseID']}<br>\n<strong>Software Name </strong>: @{items('Apply_to_each')?['Name']}<br>\n<br>\nRegards,<br>\nAsset Management Modern<br>\nPowered by HR365</p>",
                          "emailMessage/Importance": "Normal"
                        },
                        "authentication": "@parameters('$authentication')"
                      }
                    }
                  },
                  "runAfter": {},
                  "expression": {
                    "equals": [
                      "@formatDateTime(addDays(item()['ExpiryDate'],if(empty(variables('ReminderSoftExpiry')),0,int(variables('ReminderSoftExpiry')))),'yyyy-MM-dd')",
                      "@utcNow('yyyy-MM-dd')"
                    ]
                  },
                  "metadata": {
                    "operationMetadataId": "14c24b2a-4a36-4fe7-81e2-5ab6da3c4f7d"
                  },
                  "type": "If"
                }
              },
              "runAfter": {
                "Get_items_2": [
                  "Succeeded"
                ]
              },
              "metadata": {
                "operationMetadataId": "6462facb-c37e-4158-99f9-1e9719d85927"
              },
              "type": "Foreach"
            },
            "Apply_to_each_2": {
              "foreach": "@outputs('Get_items_3')?['body/value']",
              "actions": {
                "Append_to_array_variable": {
                  "runAfter": {},
                  "metadata": {
                    "operationMetadataId": "a80cbed6-1053-43ca-a059-8277112c3f04"
                  },
                  "type": "AppendToArrayVariable",
                  "inputs": {
                    "name": "AllAdminEmail",
                    "value": "@item()?['Email']"
                  }
                }
              },
              "runAfter": {},
              "metadata": {
                "operationMetadataId": "d09d7d38-6c53-4d0a-a5a4-f5bc9e9e401a"
              },
              "type": "Foreach"
            },
            "Get_items_2": {
              "runAfter": {
                "Apply_to_each_2": [
                  "Succeeded"
                ]
              },
              "metadata": {
                "operationMetadataId": "6bf34d8c-d0f1-42f5-86b7-e56617c2bd77"
              },
              "type": "OpenApiConnection",
              "inputs": {
                "host": {
                  "connectionName": "shared_sharepointonline",
                  "operationId": "GetItems",
                  "apiId": "/providers/Microsoft.PowerApps/apis/shared_sharepointonline"
                },
                "parameters": {
                  "dataset": "@parameters('SiteAddress(AM365) (hr365_siteabsoluteadress)')",
                  "table": "HR365AMXSoftware",
                  "$filter": "ExpiryDate ne null",
                  "$top": 4999
                },
                "authentication": "@parameters('$authentication')"
              }
            }
          },
          "runAfter": {
            "Initialize_variable_2": [
              "Succeeded"
            ]
          },
          "expression": {
            "equals": [
              "@variables('DateReminderSoftExp')",
              "Yes"
            ]
          },
          "metadata": {
            "operationMetadataId": "5504fd71-4dda-45b2-89ea-ebb8645015b0"
          },
          "type": "If"
        },
        "Get_items_3": {
          "runAfter": {
            "Get_items": [
              "Succeeded"
            ]
          },
          "metadata": {
            "operationMetadataId": "9d144041-b242-4dff-8f2e-9786068ece9f"
          },
          "type": "OpenApiConnection",
          "inputs": {
            "host": {
              "connectionName": "shared_sharepointonline",
              "operationId": "GetItems",
              "apiId": "/providers/Microsoft.PowerApps/apis/shared_sharepointonline"
            },
            "parameters": {
              "dataset": "@parameters('SiteAddress(AM365) (hr365_siteabsoluteadress)')",
              "table": "HR365AMXUsers",
              "$filter": "Role eq 'Admin'"
            },
            "authentication": "@parameters('$authentication')"
          }
        },
        "Initialize_variable_3": {
          "runAfter": {
            "Get_items_3": [
              "Succeeded"
            ]
          },
          "metadata": {
            "operationMetadataId": "eea09692-cac8-4a42-a783-05a13050b725"
          },
          "type": "InitializeVariable",
          "inputs": {
            "variables": [
              {
                "name": "AllAdminEmail",
                "type": "array"
              }
            ]
          }
        }
      }
    },
    "templateName": ""
  },
  "schemaVersion": "1.0.0.0"
}