{
  "properties": {
    "connectionReferences": {
      "shared_sharepointonline": {
        "runtimeSource": "embedded",
        "connection": {
          "connectionReferenceLogicalName": "hr365_sharedsharepointonline_d1126"
        },
        "api": {
          "name": "shared_sharepointonline"
        }
      },
      "shared_onedriveforbusiness_1": {
        "runtimeSource": "embedded",
        "connection": {
          "connectionReferenceLogicalName": "hr365_sharedonedriveforbusiness_2c06b"
        },
        "api": {
          "name": "shared_onedriveforbusiness"
        }
      },
      "shared_office365": {
        "runtimeSource": "embedded",
        "connection": {
          "connectionReferenceLogicalName": "hr365_sharedoffice365_54cd6"
        },
        "api": {
          "name": "shared_office365"
        }
      },
      "shared_sharepointonline_1": {
        "runtimeSource": "embedded",
        "connection": {
          "connectionReferenceLogicalName": "hr365_sharedsharepointonline_37452"
        },
        "api": {
          "name": "shared_sharepointonline"
        }
      },
      "shared_sharepointonline_2": {
        "runtimeSource": "embedded",
        "connection": {
          "connectionReferenceLogicalName": "hr365_sharedsharepointonline_79d78"
        },
        "api": {
          "name": "shared_sharepointonline"
        }
      }
    },
    "definition": {
      "$schema": "https://schema.management.azure.com/providers/Microsoft.Logic/schemas/2016-06-01/workflowdefinition.json#",
      "contentVersion": "1.0.0.0",
      "parameters": {
        "$connections": {
          "defaultValue": {},
          "type": "Object"
        },
        "$authentication": {
          "defaultValue": {},
          "type": "SecureObject"
        },
        "SiteAddress(AM365) (hr365_siteabsoluteadress)": {
          "defaultValue": "https://megazap.sharepoint.com/sites/Assetmanagement365Dileep",
          "type": "String",
          "metadata": {
            "schemaName": "hr365_siteabsoluteadress"
          }
        }
      },
      "triggers": {
        "When_an_item_is_created": {
          "recurrence": {
            "interval": 3,
            "frequency": "Minute"
          },
          "splitOn": "@triggerOutputs()?['body/value']",
          "metadata": {
            "operationMetadataId": "c64b43a3-d251-4045-ab49-adfa8bf8ea26"
          },
          "type": "OpenApiConnection",
          "inputs": {
            "host": {
              "connectionName": "shared_sharepointonline_2",
              "operationId": "GetOnNewItems",
              "apiId": "/providers/Microsoft.PowerApps/apis/shared_sharepointonline"
            },
            "parameters": {
              "dataset": "@parameters('SiteAddress(AM365) (hr365_siteabsoluteadress)')",
              "table": "HR365AMXAssetAccept"
            },
            "authentication": "@parameters('$authentication')"
          }
        }
      },
      "actions": {
        "Delete_item": {
          "runAfter": {
            "Delete_file_2": [
              "Succeeded"
            ]
          },
          "metadata": {
            "operationMetadataId": "b1d268d3-d72a-46a4-8201-0e54c62f3ba3"
          },
          "type": "OpenApiConnection",
          "inputs": {
            "host": {
              "connectionName": "shared_sharepointonline",
              "operationId": "DeleteItem",
              "apiId": "/providers/Microsoft.PowerApps/apis/shared_sharepointonline"
            },
            "parameters": {
              "dataset": "@variables('ApplicationURL')",
              "table": "HR365AMXAssetAccept",
              "id": "@triggerOutputs()?['body/ID']"
            },
            "authentication": "@parameters('$authentication')"
          }
        },
        "Html_Variable": {
          "runAfter": {
            "Scope": [
              "Succeeded",
              "Failed",
              "TimedOut"
            ]
          },
          "metadata": {
            "operationMetadataId": "c35852a4-a8c3-4c7b-980a-747fa101c614"
          },
          "type": "InitializeVariable",
          "inputs": {
            "variables": [
              {
                "name": "HtmlContent",
                "type": "string",
                "value": "<!DOCTYPE html>\n<html>\n<body> \n<div class=\"Heading\">\n<h2>Asset Acknowledgement</h2>\n</div>\n <div class=\"Alldata\">\n <table class=\"background-report-style\">\n\n                    <tbody>\n                      <tr>\n                        <td>\n                            <div class=\"Week-label-data\">\n                                 <b><label class=\"ms-Label\">Asset Name:</label></b>\n                                   @{outputs('Send_an_HTTP_request_to_SharePoint')?['body']?['d']?['results'][0]['AssetName']}                               \n                            </div>\n                        </td>\n                        <td>\n                            <div class=\"Week-label-data\">\n                                  <b><label class=\"ms-Label\">Asset ID:</label></b>\n                                  @{outputs('Send_an_HTTP_request_to_SharePoint')?['body']?['d']?['results'][0]['AssetID']}                              \n                            </div>\n                        </td>\n                    </tr>\n                        <tr>\n                        <td>\n                           <div class=\"Week-label-data\">\n                                 <b><label class=\"ms-Label\">Category:</label></b>\n                                      @{if(equals(length(variables('CategoryFilter')),0),outputs('Send_an_HTTP_request_to_SharePoint')?['body']?['d']?['results'][0]['Category'],body('Filter_array')?[0]?['Category'])}                            \n                            </div>\n                        </td>\n                        <td>\n                           <div class=\"Week-label-data\">\n                                  <b><label class=\"ms-Label\">Sub Category:</label></b>\n                                   @{if(equals(length(variables('Subcategory filter')),0),outputs('Send_an_HTTP_request_to_SharePoint')?['body']?['d']?['results']?[0]?['Sub Category'],body('Filter_array_2')?[0]?['SubCategory'])}                              \n                            </div>\n                        </td>\n                    </tr>\n                     <tr>\n                        <td>\n                           <div class=\"Week-label-data\">\n                                 <b><label class=\"ms-Label\">Serial Number:</label></b>\n                                    @{outputs('Send_an_HTTP_request_to_SharePoint')?['body']?['d']?['results'][0]['SerialNumber']}                              \n                            </div>\n                        </td>\n                        <td>\n                           <div class=\"Week-label-data\">\n                                 <b><label class=\"ms-Label\">Model Number:</label></b>\n                                   @{if(equals(length(variables('Model filter')),0),outputs('Send_an_HTTP_request_to_SharePoint')?['body']?['d']?['results']?[0]?['Sub Category'],body('Filter_array_2')?[0]?['SubCategory'])}                            \n                            </div>\n                        </td>\n                    </tr>\n                </tbody></table>\n </table>\n</div>\n<div id=\"TermsAndCond\">\n <h3>Terms & Conditions</h3>\n@{outputs('Send_an_HTTP_request_to_SharePoint_2')?['body']?['d']?['results'][0]['AssetAcknowledgement']}\n<div class=\"acceptTerms\">\n<div class=\"InlineAccept\">\n<p><div class=\"TickMark\">&#252;</div>\nI hereby accept above mentioned terms & conditions</p>\n</div>\n<p id=\"SignatureName\">@{triggerOutputs()?['body/LoginUserName']}</p>\n<p class=\"SignatureDate\">@{formatDateTime(utcNow(), 'MM/dd/yyyy')}, @{utcNow('T')}</p>\n</div>\n</div>\n\n</body>\n</html>\n\n\n<style type=\"text/css\">\n.Heading{\nmargin-top:20px;\nwidth:100%;\ntext-align: center;\n}\n.Alldata{\nmargin:50px;\n}\n.textclass{\n    margin: 0px;\n}\ntable.background-report-style {\n    width: 80%;\n    border-collapse: collapse;\n}\n.background-report-style tr td{\n    width: 80%;\n    float: left;\n    padding-bottom: 10px;\n}\n.ms-Label{\ndisplay:block;\n}\n#TermsAndCond{\nmargin:20px;\n}\nli div {\n    width: 75%;\n}\n.TickMark{\ndisplay: inline; \nfont-family: Wingdings; \nfont-size: 15px; \nwidth:16px;\nheight:8px;\nborder: 1px solid black; \npadding-top: 2px;\npadding-left: 2px;\npadding-right: 2px;\n}\n.InlineAccept{\ndisplay: inline; \n}\n#SignatureName{\nfont-family: Pristina;\nfont-size: 20px; \n}\n</style>\n\n<!DOCTYPE html>\n<html>\n<head>\n<meta name=\"viewport\" content=\"width=device-width, initial-scale=1\">\n\n<style>\n\nbody{\nbackground: #f4f4f4;\n}\n\n.header h1 {\n    font-size: 25px;\n    margin-bottom: 10px;\n    margin-top: 10px;\n}\n\n.column {\n  float: left;\n  width: 28%;\n  padding: 10px;\n\n}\n.column1 {\n    display: inline-block;\n    width: 80%;\n    background-color: #fff;\n\tpadding:10px;\n\tpadding-left: 15px;\n    padding-right: 15px;\n}\n.header1 {\n    float: right;\n    text-align: center;\n    width: 28%;\n    display: inline-block;\n\tpadding-right: 30px;\nmargin-right:20px;\n}\n.header1 h1 {\n    margin-bottom: 0px;\n    margin-top: 8px;\n}\n.header {\n    width: 27%;\n    display: inline-block;\n}\n.parah{\nwidth:20%;\n    margin-top: 5px;\n    margin-bottom: 5px;\n}\np.parah1 {\n    width: 55%;\n\t    margin-top: 5px;\n    margin-bottom: 5px;\n}\n\n.parah2{\nwidth:25%;\n    margin-top: 10px;\n    margin-bottom: 10px;\n}\n.parah3 {\n    width: 40%;\n\t    margin-top: 10px;\n    margin-bottom: 10px;\n}\n.parah4 {\n    width: 10%;\n\tmargin-top: 10px;\n    margin-bottom: 10px;\n}\n.Document-Details {\n    display: flex;\n}\n.Document-history {\n    display: flex;\n\tborder-bottom:1px solid #f4f4f4;\n}\n.row{\nbackground:#fff;\n}\n.button {\n  background-color: #4CAF50;\n  border: none;\n  color: white;\n  padding: 5px 20px;\n  text-align: center;\n  text-decoration: none;\n  display: inline-block;\n  font-size: 12px;\n  margin: 4px 2px;\n  cursor: pointer;\n}\n.document {\npadding-left:15px;\n    padding-right: 15px;\n  width:100%;\n}\n.document2 {\npadding-left:20px;\n    padding-right: 15px;\n  width:100%;\n}\n.document h3{\n    margin-top: 5px;\n    margin-bottom: 5px;\n}\n.Acceptdiv{\n    background-color: green;\n    text-align: center;\n    padding: 5px;\n    width: 70px;\n    color: white;\n    border-radius: 10px;\n}\n.detailstd{\n    padding-top: 10px;\n    padding-right: 15px;\n}\n.AssetAssigntd{\n    padding-top: 17px;\npadding-right: 15px;\n}\n.AssetAssigntr{\n    padding-top: 15px;\n}\n.Documenttitle{\npadding-top: 15px;\npadding-bottom: 15px;\n    padding-right: 15px;\n    background-color: grey;\n}\n.DocumentDet{\n    background-color: grey;\n}\n</style>\n</head>\n<body>\n\n\n<div class=\"container\">\n  <div class=\"row\">\n    <div class=\"column1\" >\n\t\n\t    <div class=\"header1\">\n          <h2>Audit Trail</h2>\n\t\t</div>\n    \n\t </div>\n  </div>\n</div>\n<div class=\"document\">\n<div class=\"DocumentDet\">\n <h3>Document Details</h3>\n</div>\n<table>\n\n                    <tbody>\n                      <tr>\n                        <td class=\"detailstd\">\n                            <label class=\"ms-Label\">Title</label>  \n                        </td>\n                        <td class=\"detailstd\">\n                             <label class=\"ms-Label\">Asset acceptance - @{outputs('Send_an_HTTP_request_to_SharePoint')?['body']?['d']?['results'][0]['AssetName']}</label>\n                        </td>\n                    </tr>\n                    <tr>\n                        <td class=\"detailstd\">\n                            <label class=\"ms-Label\">File Name</label>  \n                        </td>\n                        <td class=\"detailstd\">\n                         <label class=\"ms-Label\">@{concat(triggerOutputs()?['body/LoginUserName'], '_', utcNow())}.pdf</label>\n                        </td>\n                    </tr>\n                    \n                    <tr>\n                        <td class=\"detailstd\">\n                            <label class=\"ms-Label\">Status</label>  \n                        </td>\n                        <td class=\"detailstd\">\n                         <div class=\"Acceptdiv\">\n                         <label class=\"ms-Label\">Accepted</label>  \n                          </div>\n                        </td>\n                    </tr>\n                        \n                </tbody></table>\n </table>\n</div>\n\n<div class=\"document2\">\n<div class=\"Documenttitle\">\n <h3>Document History</h3>\n</div>\n<table>\n\n                    <tbody>\n<tr>\n    <th>Action</th>\n    <th>Information</th>\n<th>Date & Time (UTC)</th>\n  </tr>\n                      <tr class=\"AssetAssigntr\">\n                        <td class=\"AssetAssigntd\">\n                            <label class=\"ms-Label\">Asset is assigned</label>  \n                        </td>\n                        <td class=\"AssetAssigntd\">\n                               <label class=\"ms-Label\">Asset assigned to @{outputs('Send_an_HTTP_request_to_SharePoint')?['body']?['d']?['results'][0]['CheckOut']} by @{outputs('Send_an_HTTP_request_to_SharePoint')?['body']?['d']?['results'][0]['AssignedBy']}</label> \n                             \n                        </td>\n                         <td class=\"AssetAssigntd\">\n                               <label class=\"ms-Label\">@{outputs('Send_an_HTTP_request_to_SharePoint')?['body']?['d']?['results'][0]['AssignedDate']}</label>\n    \n                        </td>\n                    </tr>\n                    <tr class=\"AssetAssigntr\">\n                        <td class=\"AssetAssigntd\">\n                            <label class=\"ms-Label\">Viewed By</label>  \n                        </td>\n                        <td class=\"AssetAssigntd\">\n                               <label class=\"ms-Label\">Clicked on accept link@{outputs('Send_an_HTTP_request_to_SharePoint')?['body']?['d']?['results'][0]['CheckOut']}</label> \n                \n\n                        </td>\n                        <td class=\"AssetAssigntd\">\n                               <label class=\"ms-Label\">@{formatDateTime(utcNow(), 'MM/dd/yyyy')}, @{utcNow('T')}</label>\n                               <label class=\"ms-Label\">@{triggerOutputs()?['body/OsDetails']}</label>    \n                        </td>\n                    </tr>\n                    <tr class=\"AssetAssigntr\">\n                        <td class=\"AssetAssigntd\">\n                            <label class=\"ms-Label\">Signed By</label>  \n                        </td>\n                        <td class=\"AssetAssigntd\">\n                        <label class=\"ms-Label\">Document signed by @{outputs('Send_an_HTTP_request_to_SharePoint')?['body']?['d']?['results'][0]['CheckOut']}</label>\n                 \n\n                        </td>\n                        <td class=\"AssetAssigntd\">\n                               <label class=\"ms-Label\">@{formatDateTime(utcNow(), 'MM/dd/yyyy')}, @{utcNow('T')}</label>\n                               <label class=\"ms-Label\">@{triggerOutputs()?['body/OsDetails']}</label>    \n                        </td>\n                    </tr>\n                    <tr class=\"AssetAssigntr\">\n                        <td class=\"AssetAssigntd\">\n                            <label class=\"ms-Label\">Document Finalized</label>  \n                        </td>\n                        <td class=\"AssetAssigntd\">\n                        <label class=\"ms-Label\">Document finalized by @{outputs('Send_an_HTTP_request_to_SharePoint')?['body']?['d']?['results'][0]['CheckOut']}</label>\n                     \n\n                        </td>\n                        <td class=\"AssetAssigntd\">\n                               <label class=\"ms-Label\">@{formatDateTime(utcNow(), 'MM/dd/yyyy')}, @{utcNow('T')}</label>\n                               <label class=\"ms-Label\">@{triggerOutputs()?['body/OsDetails']}</label>    \n                        </td>\n                    </tr>\n                        <tr class=\"AssetAssigntr\">\n                        <td class=\"AssetAssigntd\">\n                            <label class=\"ms-Label\">Document Send</label>  \n                        </td>\n                        <td class=\"AssetAssigntd\">\n                        <label class=\"ms-Label\">Document send to@{outputs('Send_an_HTTP_request_to_SharePoint')?['body']?['d']?['results'][0]['CheckOut']} Email:@{outputs('Send_an_HTTP_request_to_SharePoint')?['body']?['d']?['results'][0]['AssignToEmailId']}</label>\n                   \n\n                        </td>\n                        <td class=\"AssetAssigntd\">\n                               <label class=\"ms-Label\">@{formatDateTime(utcNow(), 'MM/dd/yyyy')}, @{utcNow('T')}</label>\n                               <label class=\"ms-Label\">@{triggerOutputs()?['body/OsDetails']}</label>    \n                        </td>\n                    </tr>\n                </tbody></table>\n </table>\n</div>\n\n</body>\n</html> "
              }
            ]
          }
        },
        "Create_file": {
          "runAfter": {
            "Condition": [
              "Succeeded"
            ]
          },
          "metadata": {
            "operationMetadataId": "6012d4c5-5e6b-4e2e-962e-f8db9be84a79"
          },
          "type": "OpenApiConnection",
          "inputs": {
            "host": {
              "connectionName": "shared_onedriveforbusiness_1",
              "operationId": "CreateFile",
              "apiId": "/providers/Microsoft.PowerApps/apis/shared_onedriveforbusiness"
            },
            "parameters": {
              "folderPath": "/",
              "name": "Document.html",
              "body": "@variables('FileCreation')"
            },
            "authentication": "@parameters('$authentication')"
          },
          "runtimeConfiguration": {
            "contentTransfer": {
              "transferMode": "Chunked"
            }
          }
        },
        "Convert_file_using_path": {
          "runAfter": {
            "Create_file": [
              "Succeeded"
            ]
          },
          "metadata": {
            "operationMetadataId": "f3749e4b-345f-4397-ae1f-a27a72c19b27"
          },
          "type": "OpenApiConnection",
          "inputs": {
            "host": {
              "connectionName": "shared_onedriveforbusiness_1",
              "operationId": "ConvertFileByPath",
              "apiId": "/providers/Microsoft.PowerApps/apis/shared_onedriveforbusiness"
            },
            "parameters": {
              "path": "/document.html",
              "type": "PDF"
            },
            "authentication": "@parameters('$authentication')"
          }
        },
        "Delete_file": {
          "runAfter": {
            "Send_an_email_(V2)": [
              "Succeeded"
            ]
          },
          "metadata": {
            "operationMetadataId": "4a4cb8d1-0cfd-413e-ab81-6304c11a6453"
          },
          "type": "OpenApiConnection",
          "inputs": {
            "host": {
              "connectionName": "shared_onedriveforbusiness_1",
              "operationId": "DeleteFile",
              "apiId": "/providers/Microsoft.PowerApps/apis/shared_onedriveforbusiness"
            },
            "parameters": {
              "id": "@outputs('Create_file_2')?['body/Id']"
            },
            "authentication": "@parameters('$authentication')"
          }
        },
        "Send_an_HTTP_request_to_SharePoint": {
          "runAfter": {
            "Initialize_variable_6": [
              "Succeeded"
            ]
          },
          "metadata": {
            "operationMetadataId": "9ddb91f8-ed32-4ff1-a77a-6b2b5e1b36e8"
          },
          "type": "OpenApiConnection",
          "inputs": {
            "host": {
              "connectionName": "shared_sharepointonline",
              "operationId": "HttpRequest",
              "apiId": "/providers/Microsoft.PowerApps/apis/shared_sharepointonline"
            },
            "parameters": {
              "dataset": "@variables('ApplicationURL')",
              "parameters/method": "GET",
              "parameters/uri": "_api/web/lists/getbytitle('HR365AMXAssets')/items?$filter=Id eq '@{triggerOutputs()?['body/AssetID']}'",
              "parameters/headers": {
                "Accept": "application/json; odata=verbos",
                "Content-Type": "application/json"
              }
            },
            "authentication": "@parameters('$authentication')"
          }
        },
        "ApplicationURL": {
          "runAfter": {},
          "metadata": {
            "operationMetadataId": "ac4d023b-25a2-4431-8376-a57c5caba83c"
          },
          "type": "InitializeVariable",
          "inputs": {
            "variables": [
              {
                "name": "ApplicationURL",
                "type": "string",
                "value": "@parameters('SiteAddress(AM365) (hr365_siteabsoluteadress)')"
              }
            ]
          }
        },
        "Send_an_email_(V2)": {
          "runAfter": {
            "Update_file": [
              "Succeeded"
            ]
          },
          "metadata": {
            "operationMetadataId": "57bf6afe-02ad-4ee5-8b2d-ac05cb608cf0"
          },
          "type": "OpenApiConnection",
          "inputs": {
            "host": {
              "connectionName": "shared_office365",
              "operationId": "SendEmailV2",
              "apiId": "/providers/Microsoft.PowerApps/apis/shared_office365"
            },
            "parameters": {
              "emailMessage/To": "@triggerOutputs()?['body/LoginUserEmail']",
              "emailMessage/Subject": "Asset-@{outputs('Send_an_HTTP_request_to_SharePoint')?['body']?['d']?['results'][0]['AssetID']}  Acceptance Acknowledgement",
              "emailMessage/Body": "<p>Hi @{triggerOutputs()?['body/LoginUserName']},<br>\n<br>\nPlease find asset acceptance acknowledgement with the mail.<br>\n<br>\nAsset ID : @{outputs('Send_an_HTTP_request_to_SharePoint')?['body']?['d']?['results'][0]['AssetID']}<br>\nAsset Name : @{outputs('Send_an_HTTP_request_to_SharePoint')?['body']?['d']?['results'][0]['AssetName']}<br>\n<br>\nRegards,<br>\nAsset Management 365 Automation</p>",
              "emailMessage/Attachments": [
                {
                  "Name": "@outputs('Update_file')?['body/Name']",
                  "ContentBytes": "@outputs('Convert_file_using_path_2')?['body']"
                }
              ]
            },
            "authentication": "@parameters('$authentication')"
          }
        },
        "Create_file_in_document_list": {
          "runAfter": {
            "Convert_file_using_path": [
              "Succeeded"
            ]
          },
          "metadata": {
            "operationMetadataId": "4d56a17d-1dae-4baf-ac50-fc6c64b13aab"
          },
          "type": "OpenApiConnection",
          "inputs": {
            "host": {
              "connectionName": "shared_sharepointonline",
              "operationId": "CreateFile",
              "apiId": "/providers/Microsoft.PowerApps/apis/shared_sharepointonline"
            },
            "parameters": {
              "dataset": "@variables('ApplicationURL')",
              "folderPath": "/HR365AMXAssetdoc/@{formatDateTime(utcNow(), 'yyyy')}/@{formatDateTime(utcNow(),'MM')}",
              "name": "@{concat(triggerOutputs()?['body/LoginUserEmail'],'_',outputs('Send_an_HTTP_request_to_SharePoint')?['body']?['d']?['results'][0]['AssetID'],'_',utcNow())}.pdf",
              "body": "@outputs('Convert_file_using_path')?['body']"
            },
            "authentication": "@parameters('$authentication')"
          },
          "runtimeConfiguration": {
            "contentTransfer": {
              "transferMode": "Chunked"
            }
          }
        },
        "Initialize_variable": {
          "runAfter": {
            "ApplicationURL": [
              "Succeeded"
            ]
          },
          "metadata": {
            "operationMetadataId": "470af5fb-d7c4-493d-a612-801f31f399aa"
          },
          "type": "InitializeVariable",
          "inputs": {
            "variables": [
              {
                "name": "FileCreation",
                "type": "string",
                "value": "<h1>Asset Acknowledgement</h1>"
              }
            ]
          }
        },
        "Update_file": {
          "runAfter": {
            "Convert_file_using_path_2": [
              "Succeeded"
            ]
          },
          "metadata": {
            "operationMetadataId": "85fc69da-bcb7-49b1-9465-4d6d90ee5ad6"
          },
          "type": "OpenApiConnection",
          "inputs": {
            "host": {
              "connectionName": "shared_sharepointonline",
              "operationId": "UpdateFile",
              "apiId": "/providers/Microsoft.PowerApps/apis/shared_sharepointonline"
            },
            "parameters": {
              "dataset": "@variables('ApplicationURL')",
              "id": "/HR365AMXAssetdoc/@{formatDateTime(utcNow(), 'yyyy')}/@{formatDateTime(utcNow(),'MM')}/@{outputs('Create_file_in_document_list')?['body/Name']}",
              "body": "@outputs('Convert_file_using_path_2')?['body']"
            },
            "authentication": "@parameters('$authentication')"
          }
        },
        "Get_file_content_using_path": {
          "runAfter": {
            "Html_Variable": [
              "Succeeded"
            ]
          },
          "metadata": {
            "operationMetadataId": "08680f85-4a3c-4e69-8760-a383a496e152"
          },
          "type": "OpenApiConnection",
          "inputs": {
            "host": {
              "connectionName": "shared_sharepointonline",
              "operationId": "GetFileContentByPath",
              "apiId": "/providers/Microsoft.PowerApps/apis/shared_sharepointonline"
            },
            "parameters": {
              "dataset": "@variables('ApplicationURL')",
              "path": "/HR365AMXAssetdoc/@{formatDateTime(utcNow(), 'yyyy')}/@{formatDateTime(utcNow(),'MM')}/@{outputs('Create_file_in_document_list')?['body/Name']}",
              "inferContentType": true
            },
            "authentication": "@parameters('$authentication')"
          }
        },
        "Create_file_2": {
          "runAfter": {
            "Get_file_content_using_path": [
              "Succeeded"
            ]
          },
          "metadata": {
            "operationMetadataId": "28209254-dff7-4272-8cfe-e8d19d796769"
          },
          "type": "OpenApiConnection",
          "inputs": {
            "host": {
              "connectionName": "shared_onedriveforbusiness_1",
              "operationId": "CreateFile",
              "apiId": "/providers/Microsoft.PowerApps/apis/shared_onedriveforbusiness"
            },
            "parameters": {
              "folderPath": "/",
              "name": "UpdateDoc.html",
              "body": "@variables('HtmlContent')"
            },
            "authentication": "@parameters('$authentication')"
          },
          "runtimeConfiguration": {
            "contentTransfer": {
              "transferMode": "Chunked"
            }
          }
        },
        "Convert_file_using_path_2": {
          "runAfter": {
            "Create_file_2": [
              "Succeeded"
            ]
          },
          "metadata": {
            "operationMetadataId": "f762c333-7d2a-4fa9-be82-f8c4af0f6044"
          },
          "type": "OpenApiConnection",
          "inputs": {
            "host": {
              "connectionName": "shared_onedriveforbusiness_1",
              "operationId": "ConvertFileByPath",
              "apiId": "/providers/Microsoft.PowerApps/apis/shared_onedriveforbusiness"
            },
            "parameters": {
              "path": "/UpdateDoc.html",
              "type": "PDF"
            },
            "authentication": "@parameters('$authentication')"
          }
        },
        "Delete_file_2": {
          "runAfter": {
            "Delete_file": [
              "Succeeded"
            ]
          },
          "metadata": {
            "operationMetadataId": "eb845a61-81fb-44c4-ab1d-4d5337ee4520"
          },
          "type": "OpenApiConnection",
          "inputs": {
            "host": {
              "connectionName": "shared_onedriveforbusiness_1",
              "operationId": "DeleteFile",
              "apiId": "/providers/Microsoft.PowerApps/apis/shared_onedriveforbusiness"
            },
            "parameters": {
              "id": "@outputs('Create_file')?['body/Id']"
            },
            "authentication": "@parameters('$authentication')"
          }
        },
        "Send_an_HTTP_request_to_SharePoint_2": {
          "runAfter": {
            "Send_an_HTTP_request_to_SharePoint": [
              "Succeeded"
            ]
          },
          "metadata": {
            "operationMetadataId": "b4a94834-bf1b-45ae-8dee-90c0c9f9f57e"
          },
          "type": "OpenApiConnection",
          "inputs": {
            "host": {
              "connectionName": "shared_sharepointonline",
              "operationId": "HttpRequest",
              "apiId": "/providers/Microsoft.PowerApps/apis/shared_sharepointonline"
            },
            "parameters": {
              "dataset": "@variables('ApplicationURL')",
              "parameters/method": "GET",
              "parameters/uri": "_api/web/lists/getbytitle('HR365AMXSettings')/items?$filter=Id eq '1'",
              "parameters/headers": {
                "Accept": "application/json; odata=verbos",
                "Content-Type": "application/json"
              }
            },
            "authentication": "@parameters('$authentication')"
          }
        },
        "Get_file_properties_2": {
          "runAfter": {
            "Create_file_in_document_list": [
              "Succeeded"
            ]
          },
          "metadata": {
            "operationMetadataId": "18f59e9d-1e44-4d2a-b6cd-c610c8697d64"
          },
          "type": "OpenApiConnection",
          "inputs": {
            "host": {
              "connectionName": "shared_sharepointonline",
              "operationId": "GetFileItem",
              "apiId": "/providers/Microsoft.PowerApps/apis/shared_sharepointonline"
            },
            "parameters": {
              "dataset": "@variables('ApplicationURL')",
              "table": "HR365AMXAssetdoc",
              "id": "@outputs('Create_file_in_document_list')?['body/ItemId']"
            },
            "authentication": "@parameters('$authentication')"
          }
        },
        "Initialize_variable_2": {
          "runAfter": {
            "Initialize_variable": [
              "Succeeded"
            ]
          },
          "metadata": {
            "operationMetadataId": "9bfeab47-4084-4482-a6ed-f4b198db6da8"
          },
          "type": "InitializeVariable",
          "inputs": {
            "variables": [
              {
                "name": "AssigneeIpaddress",
                "type": "string"
              }
            ]
          }
        },
        "Initialize_variable_3": {
          "runAfter": {
            "Initialize_variable_2": [
              "Succeeded"
            ]
          },
          "metadata": {
            "operationMetadataId": "e988e7da-de32-4b33-b9f2-d154554bc6a8"
          },
          "type": "InitializeVariable",
          "inputs": {
            "variables": [
              {
                "name": "AssignedToIpaddress",
                "type": "string"
              }
            ]
          }
        },
        "Condition": {
          "actions": {
            "Set_variable": {
              "runAfter": {},
              "metadata": {
                "operationMetadataId": "6a04dbe8-dbd0-4f2c-a74f-7025c354e566"
              },
              "type": "SetVariable",
              "inputs": {
                "name": "AssigneeIpaddress",
                "value": "<label class=\"ms-Label\">@{split(outputs('Send_an_HTTP_request_to_SharePoint')?['body']?['d']?['results'][0]['AssigneeIpAddress'],'|__|')[0]}</label>      "
              }
            },
            "Set_variable_2": {
              "runAfter": {
                "Set_variable": [
                  "Succeeded"
                ]
              },
              "metadata": {
                "operationMetadataId": "3ba09129-c1cf-4d90-8d16-2b31b548e955"
              },
              "type": "SetVariable",
              "inputs": {
                "name": "AssignedToIpaddress",
                "value": "@triggerOutputs()?['body/IpAddress']"
              }
            }
          },
          "runAfter": {
            "Send_an_HTTP_request_to_SharePoint_5": [
              "Succeeded"
            ]
          },
          "expression": {
            "equals": [
              "@outputs('Send_an_HTTP_request_to_SharePoint_2')?['body']?['d']?['results'][0]['EnableIpAddress']",
              "Yes"
            ]
          },
          "metadata": {
            "operationMetadataId": "af017641-c2c3-4711-8118-79830212eb6b"
          },
          "type": "If"
        },
        "Send_an_HTTP_request_to_SharePoint_3": {
          "runAfter": {
            "Send_an_HTTP_request_to_SharePoint_2": [
              "Succeeded"
            ]
          },
          "metadata": {
            "operationMetadataId": "623ac1a1-b9c5-4896-ac27-28599666a0d6"
          },
          "type": "OpenApiConnection",
          "inputs": {
            "host": {
              "connectionName": "shared_sharepointonline_1",
              "operationId": "HttpRequest",
              "apiId": "/providers/Microsoft.PowerApps/apis/shared_sharepointonline"
            },
            "parameters": {
              "dataset": "@variables('ApplicationURL')",
              "parameters/method": "GET",
              "parameters/uri": "_api/web/lists/getbytitle('HR365AMXCategory')/items",
              "parameters/headers": {
                "Accept": "application/json; odata=verbos",
                "Content-Type": "application/json"
              }
            },
            "authentication": "@parameters('$authentication')"
          }
        },
        "Send_an_HTTP_request_to_SharePoint_4": {
          "runAfter": {
            "Send_an_HTTP_request_to_SharePoint_3": [
              "Succeeded"
            ]
          },
          "metadata": {
            "operationMetadataId": "dc540c00-1587-41db-9757-d3efc8cbbec3"
          },
          "type": "OpenApiConnection",
          "inputs": {
            "host": {
              "connectionName": "shared_sharepointonline_1",
              "operationId": "HttpRequest",
              "apiId": "/providers/Microsoft.PowerApps/apis/shared_sharepointonline"
            },
            "parameters": {
              "dataset": "@variables('ApplicationURL')",
              "parameters/method": "GET",
              "parameters/uri": "_api/web/lists/getbytitle('HR365AMXSubCategory')/items",
              "parameters/headers": {
                "Accept": "application/json; odata=verbos",
                "Content-Type": "application/json"
              }
            },
            "authentication": "@parameters('$authentication')"
          }
        },
        "Send_an_HTTP_request_to_SharePoint_5": {
          "runAfter": {
            "Send_an_HTTP_request_to_SharePoint_4": [
              "Succeeded"
            ]
          },
          "metadata": {
            "operationMetadataId": "1c96c86b-1b9d-44e1-85c9-1f35ba829f75"
          },
          "type": "OpenApiConnection",
          "inputs": {
            "host": {
              "connectionName": "shared_sharepointonline_1",
              "operationId": "HttpRequest",
              "apiId": "/providers/Microsoft.PowerApps/apis/shared_sharepointonline"
            },
            "parameters": {
              "dataset": "@variables('ApplicationURL')",
              "parameters/method": "GET",
              "parameters/uri": "_api/web/lists/getbytitle('HR365AMXModelNumber')/items",
              "parameters/headers": {
                "Accept": "application/json; odata=verbos",
                "Content-Type": "application/json"
              }
            },
            "authentication": "@parameters('$authentication')"
          }
        },
        "Scope": {
          "actions": {
            "Condition_2": {
              "actions": {
                "Filter_array": {
                  "runAfter": {},
                  "metadata": {
                    "operationMetadataId": "f1c99f7e-9510-425d-9f68-d4145ca452d3"
                  },
                  "type": "Query",
                  "inputs": {
                    "from": "@outputs('Send_an_HTTP_request_to_SharePoint_3')?['body']?['d']?['results']",
                    "where": "@equals(item()?['ID'], int(outputs('Send_an_HTTP_request_to_SharePoint')?['body']?['d']?['results'][0]['Category']))"
                  }
                },
                "Set_variable_3": {
                  "runAfter": {
                    "Filter_array": [
                      "Succeeded"
                    ]
                  },
                  "metadata": {
                    "operationMetadataId": "5cf0cdc6-ffc4-410c-956d-4a03f953eea2"
                  },
                  "type": "SetVariable",
                  "inputs": {
                    "name": "CategoryFilter",
                    "value": "@body('Filter_array')"
                  }
                }
              },
              "runAfter": {},
              "expression": {
                "equals": [
                  "@isInt(outputs('Send_an_HTTP_request_to_SharePoint')?['body']?['d']?['results'][0]['Category'])",
                  "@true"
                ]
              },
              "metadata": {
                "operationMetadataId": "d858e0d0-e942-478f-8dc7-0c6e8b1bab0d"
              },
              "type": "If"
            },
            "Condition_3": {
              "actions": {
                "Filter_array_2": {
                  "runAfter": {},
                  "metadata": {
                    "operationMetadataId": "43bbefa8-e822-49e6-b5b0-99ee895a2f3a"
                  },
                  "type": "Query",
                  "inputs": {
                    "from": "@body('Send_an_HTTP_request_to_SharePoint_4')['d']?['results']",
                    "where": "@equals(item()?['ID'], int(outputs('Send_an_HTTP_request_to_SharePoint')?['body']?['d']?['results'][0]['SubCategory']))"
                  }
                },
                "Set_variable_4": {
                  "runAfter": {
                    "Filter_array_2": [
                      "Succeeded"
                    ]
                  },
                  "metadata": {
                    "operationMetadataId": "cd55b3a3-6deb-4ad4-8938-190e4aee0208"
                  },
                  "type": "SetVariable",
                  "inputs": {
                    "name": "Subcategory filter",
                    "value": "@body('Filter_array_2')"
                  }
                }
              },
              "runAfter": {
                "Condition_2": [
                  "Succeeded"
                ]
              },
              "expression": {
                "equals": [
                  "@isInt(outputs('Send_an_HTTP_request_to_SharePoint')?['body']?['d']?['results'][0]['SubCategory'])",
                  "@true"
                ]
              },
              "metadata": {
                "operationMetadataId": "9b87ebd7-dbd4-470f-a733-8e0034b69178"
              },
              "type": "If"
            },
            "Condition_4": {
              "actions": {
                "Filter_array_3": {
                  "runAfter": {},
                  "metadata": {
                    "operationMetadataId": "14b4ab67-4c28-48d4-8ec4-d1642905c207"
                  },
                  "type": "Query",
                  "inputs": {
                    "from": "@body('Send_an_HTTP_request_to_SharePoint_5')['d']?['results']",
                    "where": "@equals(item()?['ID'], int(outputs('Send_an_HTTP_request_to_SharePoint')?['body']?['d']?['results'][0]['Model']))"
                  }
                },
                "Set_variable_5": {
                  "runAfter": {
                    "Filter_array_3": [
                      "Succeeded"
                    ]
                  },
                  "metadata": {
                    "operationMetadataId": "e058b6ba-7c03-415d-82b2-b48c21e99709"
                  },
                  "type": "SetVariable",
                  "inputs": {
                    "name": "Model filter",
                    "value": "@body('Filter_array_3')"
                  }
                }
              },
              "runAfter": {
                "Condition_3": [
                  "Succeeded"
                ]
              },
              "expression": {
                "equals": [
                  "@isInt(outputs('Send_an_HTTP_request_to_SharePoint')?['body']?['d']?['results'][0]['Model'])",
                  "@true"
                ]
              },
              "metadata": {
                "operationMetadataId": "54ae43d8-23d3-4f74-85ef-249eed4d57fe"
              },
              "type": "If"
            }
          },
          "runAfter": {
            "Get_file_properties_2": [
              "Succeeded"
            ]
          },
          "metadata": {
            "operationMetadataId": "3a97a242-b065-40e0-8e49-508789fcd3ba"
          },
          "type": "Scope"
        },
        "Initialize_variable_4": {
          "runAfter": {
            "Initialize_variable_3": [
              "Succeeded"
            ]
          },
          "metadata": {
            "operationMetadataId": "354c67f4-8896-4a0a-915d-e0664e83c571"
          },
          "type": "InitializeVariable",
          "inputs": {
            "variables": [
              {
                "name": "CategoryFilter",
                "type": "array",
                "value": []
              }
            ]
          }
        },
        "Initialize_variable_5": {
          "runAfter": {
            "Initialize_variable_4": [
              "Succeeded"
            ]
          },
          "metadata": {
            "operationMetadataId": "ddfaa1d2-eb1d-4ad3-b380-1afd18cce18f"
          },
          "type": "InitializeVariable",
          "inputs": {
            "variables": [
              {
                "name": "Subcategory filter",
                "type": "array"
              }
            ]
          }
        },
        "Initialize_variable_6": {
          "runAfter": {
            "Initialize_variable_5": [
              "Succeeded"
            ]
          },
          "metadata": {
            "operationMetadataId": "a468aeb9-ee0d-4186-a6eb-5f22c2f29684"
          },
          "type": "InitializeVariable",
          "inputs": {
            "variables": [
              {
                "name": "Model filter",
                "type": "array"
              }
            ]
          }
        }
      }
    },
    "templateName": ""
  },
  "schemaVersion": "1.0.0.0"
}