{
  "properties": {
    "connectionReferences": {
      "shared_sharepointonline_1": {
        "runtimeSource": "embedded",
        "connection": {
          "connectionReferenceLogicalName": "hr365_sharedsharepointonline_e8531"
        },
        "api": {
          "name": "shared_sharepointonline"
        }
      },
      "shared_office365_2": {
        "runtimeSource": "embedded",
        "connection": {
          "connectionReferenceLogicalName": "hr365_sharedoffice365_79008"
        },
        "api": {
          "name": "shared_office365"
        }
      },
      "shared_office365": {
        "runtimeSource": "embedded",
        "connection": {
          "connectionReferenceLogicalName": "hr365_sharedoffice365_aaf00"
        },
        "api": {
          "name": "shared_office365"
        }
      }
    },
    "definition": {
      "$schema": "https://schema.management.azure.com/providers/Microsoft.Logic/schemas/2016-06-01/workflowdefinition.json#",
      "contentVersion": "1.0.0.0",
      "parameters": {
        "$connections": {
          "defaultValue": {},
          "type": "Object"
        },
        "$authentication": {
          "defaultValue": {},
          "type": "SecureObject"
        },
        "SiteAddress(AM365) (hr365_siteabsoluteadress)": {
          "defaultValue": "https://clayfly.sharepoint.com/sites/WWEE",
          "type": "String",
          "metadata": {
            "schemaName": "hr365_siteabsoluteadress"
          }
        }
      },
      "triggers": {
        "Recurrence": {
          "recurrence": {
            "frequency": "Day",
            "interval": 1,
            "startTime": "2023-04-19T03:30:00Z"
          },
          "metadata": {
            "operationMetadataId": "b18eccc7-cc8e-4b50-86c8-5a6916f8c0c7"
          },
          "type": "Recurrence"
        }
      },
      "actions": {
        "Send_an_HTTP_request_to_SharePoint": {
          "runAfter": {
            "ApproverEnabled": [
              "Succeeded"
            ]
          },
          "metadata": {
            "operationMetadataId": "8de00509-dd4a-423d-a40d-9aca86d6b9ae"
          },
          "type": "OpenApiConnection",
          "inputs": {
            "host": {
              "connectionName": "shared_sharepointonline_1",
              "operationId": "HttpRequest",
              "apiId": "/providers/Microsoft.PowerApps/apis/shared_sharepointonline"
            },
            "parameters": {
              "dataset": "@variables('SiteURL')",
              "parameters/method": "GET",
              "parameters/uri": "_api/web/lists/getbytitle('HR365AMXSettings')/items?$top=1",
              "parameters/headers": {
                "Accept": "application/json; odata=verbos",
                "Content-Type": "application/json"
              }
            },
            "authentication": "@parameters('$authentication')"
          }
        },
        "Site_URL": {
          "runAfter": {},
          "metadata": {
            "operationMetadataId": "b17c1534-c4fd-4be7-b451-42ee15b8f86c"
          },
          "type": "InitializeVariable",
          "inputs": {
            "variables": [
              {
                "name": "SiteURL",
                "type": "string",
                "value": "@parameters('SiteAddress(AM365) (hr365_siteabsoluteadress)')"
              }
            ]
          }
        },
        "Compose": {
          "runAfter": {
            "Condition_11": [
              "Succeeded"
            ]
          },
          "metadata": {
            "operationMetadataId": "c473b894-5d6f-4992-934f-6de55999ddea"
          },
          "type": "Compose",
          "inputs": "@body('Send_an_HTTP_request_to_SharePoint')"
        },
        "Compose_2": {
          "runAfter": {
            "Compose": [
              "Succeeded"
            ]
          },
          "metadata": {
            "operationMetadataId": "4c44bab1-9f3b-4ccc-9ac1-42c9de22aa43"
          },
          "type": "Compose",
          "inputs": "@outputs('Send_an_HTTP_request_to_SharePoint')?['body']?['d']?['results'][0]['AllowUserToBookAsset']"
        },
        "Send_an_HTTP_request_to_SharePoint_2": {
          "runAfter": {
            "Compose_2": [
              "Succeeded"
            ]
          },
          "metadata": {
            "operationMetadataId": "8de00509-dd4a-423d-a40d-9aca86d6b9ae"
          },
          "type": "OpenApiConnection",
          "inputs": {
            "host": {
              "connectionName": "shared_sharepointonline_1",
              "operationId": "HttpRequest",
              "apiId": "/providers/Microsoft.PowerApps/apis/shared_sharepointonline"
            },
            "parameters": {
              "dataset": "@variables('SiteURL')",
              "parameters/method": "GET",
              "parameters/uri": "_api/web/lists/getbytitle('HR365AMXEmailNotifySetting')/items?$top=1",
              "parameters/headers": {
                "Accept": "application/json; odata=verbos",
                "Content-Type": "application/json"
              }
            },
            "authentication": "@parameters('$authentication')"
          }
        },
        "Get_items": {
          "runAfter": {
            "Send_an_HTTP_request_to_SharePoint_2": [
              "Succeeded"
            ]
          },
          "metadata": {
            "operationMetadataId": "8baec05b-fff2-48b5-aa0d-86532c8a2a2b"
          },
          "type": "OpenApiConnection",
          "inputs": {
            "host": {
              "connectionName": "shared_sharepointonline_1",
              "operationId": "GetItems",
              "apiId": "/providers/Microsoft.PowerApps/apis/shared_sharepointonline"
            },
            "parameters": {
              "dataset": "@variables('SiteURL')",
              "table": "HR365AMXUsers",
              "$filter": "Role eq 'Admin'"
            },
            "authentication": "@parameters('$authentication')"
          }
        },
        "AllAdminsEmails": {
          "runAfter": {
            "Site_URL": [
              "Succeeded"
            ]
          },
          "metadata": {
            "operationMetadataId": "31d7e874-73da-4939-858f-cfb3f18211db"
          },
          "type": "InitializeVariable",
          "inputs": {
            "variables": [
              {
                "name": "AllAdminsEmails",
                "type": "array"
              }
            ]
          }
        },
        "Apply_to_each": {
          "foreach": "@outputs('Get_items')?['body/value']",
          "actions": {
            "Condition": {
              "actions": {
                "Append_to_array_variable": {
                  "runAfter": {},
                  "metadata": {
                    "operationMetadataId": "572a25de-7ba5-4070-8bbc-7449f433d945"
                  },
                  "type": "AppendToArrayVariable",
                  "inputs": {
                    "name": "AllAdminsEmails",
                    "value": "@{items('Apply_to_Each')?['EmailID']};"
                  }
                }
              },
              "runAfter": {},
              "expression": {
                "and": [
                  {
                    "not": {
                      "equals": [
                        "@items('Apply_to_Each')?['EmailID']",
                        ""
                      ]
                    }
                  },
                  {
                    "not": {
                      "contains": [
                        "@variables('AllAdminsEmails')",
                        "@items('Apply_to_Each')?['EmailID']"
                      ]
                    }
                  }
                ]
              },
              "metadata": {
                "operationMetadataId": "8f2f725f-9057-425c-86c0-8f080ce324b0"
              },
              "type": "If"
            }
          },
          "runAfter": {
            "Get_items": [
              "Succeeded"
            ]
          },
          "metadata": {
            "operationMetadataId": "33562a55-6920-4d73-9b5f-29efe5b390d3"
          },
          "type": "Foreach"
        },
        "Condition_2": {
          "actions": {
            "Get_items_2": {
              "runAfter": {},
              "metadata": {
                "operationMetadataId": "28a42822-5eb7-419a-89ff-05df2a29fd67"
              },
              "type": "OpenApiConnection",
              "inputs": {
                "host": {
                  "connectionName": "shared_sharepointonline_1",
                  "operationId": "GetItems",
                  "apiId": "/providers/Microsoft.PowerApps/apis/shared_sharepointonline"
                },
                "parameters": {
                  "dataset": "@variables('SiteURL')",
                  "table": "HR365AMXAssets",
                  "$filter": "MaintenanceDueDate ne null"
                },
                "authentication": "@parameters('$authentication')"
              }
            },
            "Apply_to_each_2": {
              "foreach": "@outputs('Get_items_2')?['body/value']",
              "actions": {
                "Condition_5": {
                  "actions": {
                    "Condition_6": {
                      "actions": {
                        "Send_an_email_(V2)": {
                          "runAfter": {},
                          "metadata": {
                            "operationMetadataId": "d60e08f6-51aa-4c4e-9a22-46eaddeb4590"
                          },
                          "type": "OpenApiConnection",
                          "inputs": {
                            "host": {
                              "connectionName": "shared_office365_2",
                              "operationId": "SendEmailV2",
                              "apiId": "/providers/Microsoft.PowerApps/apis/shared_office365"
                            },
                            "parameters": {
                              "emailMessage/To": "@join(variables('AllAdminsEmails'),';')",
                              "emailMessage/Subject": "Asset ID @{items('Apply_to_each_2')?['AssetID']} Maintenance Due Remainder",
                              "emailMessage/Body": "<p>Hi,<br>\n<br>\nAsset ID : @{items('Apply_to_each_2')?['AssetID']},<br>\nAsset Name : @{items('Apply_to_each_2')?['AssetName']},<br>\nCategory &nbsp;: @{items('Apply_to_each_2')?['Category']},<br>\nSerial No : @{items('Apply_to_each_2')?['VendorCode']},<br>\nMaintenance Frequency : @{items('Apply_to_each_2')?['MaintenanceFrequency']},<br>\nMaintenance Due Date: @{items('Apply_to_each_2')?['MaintenanceDueDate']}<br>\n<br>\nRegards,<br>\nPower by Asset Management 365 and HR365</p>",
                              "emailMessage/Importance": "Normal"
                            },
                            "authentication": "@parameters('$authentication')"
                          }
                        }
                      },
                      "runAfter": {},
                      "expression": {
                        "and": [
                          {
                            "not": {
                              "equals": [
                                "@length(variables('AllAdminsEmails'))",
                                ""
                              ]
                            }
                          },
                          {
                            "not": {
                              "equals": [
                                "@length(variables('AllAdminsEmails'))",
                                "@null"
                              ]
                            }
                          }
                        ]
                      },
                      "metadata": {
                        "operationMetadataId": "2cb2658e-988b-49dc-aa9a-573a1bd89731"
                      },
                      "type": "If"
                    }
                  },
                  "runAfter": {},
                  "expression": {
                    "equals": [
                      "@formatDateTime(items('Apply_to_each_2')?['MaintenanceDueDate'],'MM/dd/yyyy')",
                      "@formatDateTime(addDays(utcnow(),int(variables('MaintainenceReminder1'))),'MM/dd/yyyy')"
                    ]
                  },
                  "metadata": {
                    "operationMetadataId": "815ef5a2-031a-477d-9feb-eb3738fdc910"
                  },
                  "type": "If"
                }
              },
              "runAfter": {
                "Get_items_2": [
                  "Succeeded"
                ]
              },
              "metadata": {
                "operationMetadataId": "d800ab48-db14-48cd-b44b-da466db81c80"
              },
              "type": "Foreach"
            }
          },
          "runAfter": {
            "Condition_12": [
              "Succeeded"
            ]
          },
          "expression": {
            "and": [
              {
                "equals": [
                  "@outputs('Send_an_HTTP_request_to_SharePoint_2')?['body']?['d']?['results'][0]['MaintenanceDue1']",
                  "Yes"
                ]
              },
              {
                "not": {
                  "equals": [
                    "@outputs('Send_an_HTTP_request_to_SharePoint_2')?['body']?['d']?['results'][0]['MaintenanceDue1Days']",
                    ""
                  ]
                }
              }
            ]
          },
          "metadata": {
            "operationMetadataId": "7f54dc71-3802-466f-920f-905b0fb2fe1e"
          },
          "type": "If"
        },
        "MaintainenceReminder1": {
          "runAfter": {
            "AllAdminsEmails": [
              "Succeeded"
            ]
          },
          "metadata": {
            "operationMetadataId": "bc9485d4-db1f-4f54-98ba-09f8f0080916"
          },
          "type": "InitializeVariable",
          "inputs": {
            "variables": [
              {
                "name": "MaintainenceReminder1",
                "type": "string"
              }
            ]
          }
        },
        "MaintainenceReminder_2": {
          "runAfter": {
            "MaintainenceReminder1": [
              "Succeeded"
            ]
          },
          "metadata": {
            "operationMetadataId": "3dd3fc86-3742-4330-844b-3593ba54473e"
          },
          "type": "InitializeVariable",
          "inputs": {
            "variables": [
              {
                "name": "MaintainenceReminder2",
                "type": "string"
              }
            ]
          }
        },
        "MaintainenceReminder_3": {
          "runAfter": {
            "MaintainenceReminder_2": [
              "Succeeded"
            ]
          },
          "metadata": {
            "operationMetadataId": "9b2228d3-6374-4536-83f7-4b3f286f572d"
          },
          "type": "InitializeVariable",
          "inputs": {
            "variables": [
              {
                "name": "MaintainenceReminder3",
                "type": "string"
              }
            ]
          }
        },
        "Set_variable": {
          "runAfter": {
            "Apply_to_each": [
              "Succeeded"
            ]
          },
          "metadata": {
            "operationMetadataId": "56b64e02-0da1-4fea-813a-7879f7e41692"
          },
          "type": "SetVariable",
          "inputs": {
            "name": "MaintainenceReminder1",
            "value": "@{outputs('Send_an_HTTP_request_to_SharePoint_2')?['body']?['d']?['results'][0]['MaintenanceDue1Days']}"
          }
        },
        "Set_variable_2": {
          "runAfter": {
            "Set_variable": [
              "Succeeded"
            ]
          },
          "metadata": {
            "operationMetadataId": "84a05351-665d-4de5-a1a0-49d6b0febe36"
          },
          "type": "SetVariable",
          "inputs": {
            "name": "MaintainenceReminder2",
            "value": "@{outputs('Send_an_HTTP_request_to_SharePoint_2')?['body']?['d']?['results'][0]['MaintenanceDue2Days']}"
          }
        },
        "Set_variable_3": {
          "runAfter": {
            "Set_variable_2": [
              "Succeeded"
            ]
          },
          "metadata": {
            "operationMetadataId": "c3336bbe-7da8-4231-a904-fb3c9306b4e7"
          },
          "type": "SetVariable",
          "inputs": {
            "name": "MaintainenceReminder3",
            "value": "@{outputs('Send_an_HTTP_request_to_SharePoint_2')?['body']?['d']?['results'][0]['MaintenanceDue3Days']}"
          }
        },
        "Condition_3": {
          "actions": {
            "Get_items_3": {
              "runAfter": {},
              "metadata": {
                "operationMetadataId": "5f4a4ea8-d8e6-4825-8b07-7e20e516ce9f"
              },
              "type": "OpenApiConnection",
              "inputs": {
                "host": {
                  "connectionName": "shared_sharepointonline_1",
                  "operationId": "GetItems",
                  "apiId": "/providers/Microsoft.PowerApps/apis/shared_sharepointonline"
                },
                "parameters": {
                  "dataset": "@variables('SiteURL')",
                  "table": "HR365AMXAssets",
                  "$filter": "MaintenanceDueDate ne null"
                },
                "authentication": "@parameters('$authentication')"
              }
            },
            "Apply_to_each_3": {
              "foreach": "@outputs('Get_items_3')?['body/value']",
              "actions": {
                "Condition_4": {
                  "actions": {
                    "Condition_7": {
                      "actions": {
                        "Send_an_email_(V2)_2": {
                          "runAfter": {},
                          "metadata": {
                            "operationMetadataId": "c00f18aa-f799-4c6b-83e8-ad73d7ddfeec"
                          },
                          "type": "OpenApiConnection",
                          "inputs": {
                            "host": {
                              "connectionName": "shared_office365",
                              "operationId": "SendEmailV2",
                              "apiId": "/providers/Microsoft.PowerApps/apis/shared_office365"
                            },
                            "parameters": {
                              "emailMessage/To": "@join(variables('AllAdminsEmails'), ';')",
                              "emailMessage/Subject": "Asset ID @{items('Apply_to_each_3')?['AssetID']} Maintenance Due Remainder",
                              "emailMessage/Body": "<p>Hi,<br>\n<br>\nAsset ID : @{items('Apply_to_each_3')?['AssetID']},<br>\nAsset Name : @{items('Apply_to_each_3')?['AssetName']},<br>\nCategory &nbsp;: @{items('Apply_to_each_3')?['Category']},<br>\nSerial No : @{items('Apply_to_each_3')?['VendorCode']},<br>\nMaintenance Frequency : @{items('Apply_to_each_3')?['MaintenanceFrequency']},<br>\nMaintenance Due Date: @{items('Apply_to_each_3')?['MaintenanceDueDate']}<br>\n<br>\nRegards,<br>\nPower by Asset Management 365 and HR365</p>",
                              "emailMessage/Importance": "Normal"
                            },
                            "authentication": "@parameters('$authentication')"
                          }
                        }
                      },
                      "runAfter": {},
                      "expression": {
                        "and": [
                          {
                            "not": {
                              "equals": [
                                "@length(variables('AllAdminsEmails'))",
                                ""
                              ]
                            }
                          },
                          {
                            "not": {
                              "equals": [
                                "@length(variables('AllAdminsEmails'))",
                                "@null"
                              ]
                            }
                          }
                        ]
                      },
                      "metadata": {
                        "operationMetadataId": "d486570d-9d14-4569-8230-3fa315c601b5"
                      },
                      "type": "If"
                    }
                  },
                  "runAfter": {},
                  "expression": {
                    "equals": [
                      "@formatDateTime(items('Apply_to_each_3')?['MaintenanceDueDate'],'MM/dd/yyyy')",
                      "@formatDateTime(addDays(utcnow(), int(variables('MaintainenceReminder2'))), 'MM/dd/yyyy')"
                    ]
                  },
                  "metadata": {
                    "operationMetadataId": "9a92c848-e31e-4bc1-970a-60c3dc84675d"
                  },
                  "type": "If"
                }
              },
              "runAfter": {
                "Get_items_3": [
                  "Succeeded"
                ]
              },
              "metadata": {
                "operationMetadataId": "80b59c66-49af-4aef-b0ea-3612a691b4ac"
              },
              "type": "Foreach"
            }
          },
          "runAfter": {
            "Condition_2": [
              "Succeeded"
            ]
          },
          "expression": {
            "and": [
              {
                "equals": [
                  "@outputs('Send_an_HTTP_request_to_SharePoint_2')?['body']?['d']?['results'][0]['MaintenanceDue2']",
                  "Yes"
                ]
              },
              {
                "not": {
                  "equals": [
                    "@outputs('Send_an_HTTP_request_to_SharePoint_2')?['body']?['d']?['results'][0]['MaintenanceDue2Days']",
                    ""
                  ]
                }
              }
            ]
          },
          "metadata": {
            "operationMetadataId": "58a74085-a0aa-4690-b5e8-d362f3ec6f01"
          },
          "type": "If"
        },
        "Condition_8": {
          "actions": {
            "Get_items_4": {
              "runAfter": {},
              "metadata": {
                "operationMetadataId": "da4b11da-b011-41ab-b532-4146c2ae3139"
              },
              "type": "OpenApiConnection",
              "inputs": {
                "host": {
                  "connectionName": "shared_sharepointonline_1",
                  "operationId": "GetItems",
                  "apiId": "/providers/Microsoft.PowerApps/apis/shared_sharepointonline"
                },
                "parameters": {
                  "dataset": "@variables('SiteURL')",
                  "table": "HR365AMXAssets",
                  "$filter": "MaintenanceDueDate ne null"
                },
                "authentication": "@parameters('$authentication')"
              }
            },
            "Apply_to_each_4": {
              "foreach": "@outputs('Get_items_4')?['body/value']",
              "actions": {
                "Condition_9": {
                  "actions": {
                    "Condition_10": {
                      "actions": {
                        "Send_an_email_(V2)_3": {
                          "runAfter": {},
                          "metadata": {
                            "operationMetadataId": "e9dbc7b4-688a-4701-b237-6acc84fc7f67"
                          },
                          "type": "OpenApiConnection",
                          "inputs": {
                            "host": {
                              "connectionName": "shared_office365_2",
                              "operationId": "SendEmailV2",
                              "apiId": "/providers/Microsoft.PowerApps/apis/shared_office365"
                            },
                            "parameters": {
                              "emailMessage/To": "@join(variables('AllAdminsEmails'), ';')",
                              "emailMessage/Subject": "Asset ID @{items('Apply_to_each_4')?['AssetID']} Maintenance Due Remainder",
                              "emailMessage/Body": "<p>Hi,<br>\n<br>\nAsset ID : @{items('Apply_to_each_4')?['AssetID']},<br>\nAsset Name : @{items('Apply_to_each_4')?['AssetName']},<br>\nCategory &nbsp;: @{items('Apply_to_each_4')?['Category']},<br>\nSerial No : @{items('Apply_to_each_4')?['VendorCode']},<br>\nMaintenance Frequency : @{items('Apply_to_each_4')?['MaintenanceFrequency']},<br>\nMaintenance Due Date: @{items('Apply_to_each_4')?['MaintenanceDueDate']}<br>\n<br>\nRegards,<br>\nPower by Asset Management 365 and HR365</p>",
                              "emailMessage/Importance": "Normal"
                            },
                            "authentication": "@parameters('$authentication')"
                          }
                        }
                      },
                      "runAfter": {},
                      "expression": {
                        "and": [
                          {
                            "not": {
                              "equals": [
                                "@length(variables('AllAdminsEmails'))",
                                ""
                              ]
                            }
                          },
                          {
                            "not": {
                              "equals": [
                                "@length(variables('AllAdminsEmails'))",
                                "@null"
                              ]
                            }
                          }
                        ]
                      },
                      "metadata": {
                        "operationMetadataId": "ed6657ef-ce97-4171-b0fe-ffb9a7491cd4"
                      },
                      "type": "If"
                    }
                  },
                  "runAfter": {},
                  "expression": {
                    "equals": [
                      "@formatDateTime(items('Apply_to_each_4')?['MaintenanceDueDate'],'MM/dd/yyyy')",
                      "@formatDateTime(addDays(utcnow(), int(variables('MaintainenceReminder3'))), 'MM/dd/yyyy')"
                    ]
                  },
                  "metadata": {
                    "operationMetadataId": "b7da97ae-1d0d-4671-a5ee-81fefe39bed9"
                  },
                  "type": "If"
                }
              },
              "runAfter": {
                "Get_items_4": [
                  "Succeeded"
                ]
              },
              "metadata": {
                "operationMetadataId": "320f138b-a55e-487c-b1d1-2cf4e54d4bcf"
              },
              "type": "Foreach"
            }
          },
          "runAfter": {
            "Condition_3": [
              "Succeeded"
            ]
          },
          "expression": {
            "and": [
              {
                "equals": [
                  "@outputs('Send_an_HTTP_request_to_SharePoint_2')?['body']?['d']?['results'][0]['MaintenanceDue3']",
                  "Yes"
                ]
              },
              {
                "not": {
                  "equals": [
                    "@outputs('Send_an_HTTP_request_to_SharePoint_2')?['body']?['d']?['results'][0]['MaintenanceDue3Days']",
                    ""
                  ]
                }
              }
            ]
          },
          "metadata": {
            "operationMetadataId": "2f20c9e2-f305-416b-868b-c65bd01b1e69"
          },
          "type": "If"
        },
        "ApproverEnabled": {
          "runAfter": {
            "MaintainenceReminder_3": [
              "Succeeded"
            ]
          },
          "metadata": {
            "operationMetadataId": "0bedeac9-e59c-4097-beae-e5e469de0891"
          },
          "type": "InitializeVariable",
          "inputs": {
            "variables": [
              {
                "name": "ApproverEnabled",
                "type": "string"
              }
            ]
          }
        },
        "Condition_12": {
          "actions": {
            "Get_items_5": {
              "runAfter": {},
              "metadata": {
                "operationMetadataId": "ff5846eb-6127-4778-a1d9-3a9ed81f2def"
              },
              "type": "OpenApiConnection",
              "inputs": {
                "host": {
                  "connectionName": "shared_sharepointonline_1",
                  "operationId": "GetItems",
                  "apiId": "/providers/Microsoft.PowerApps/apis/shared_sharepointonline"
                },
                "parameters": {
                  "dataset": "@variables('SiteURL')",
                  "table": "HR365AMXAssetBooking",
                  "$filter": "AssetBookingStatus eq 'Approved'"
                },
                "authentication": "@parameters('$authentication')"
              }
            },
            "Apply_to_each_5": {
              "foreach": "@outputs('Get_items_5')?['body/value']",
              "actions": {
                "Condition_13": {
                  "actions": {
                    "Send_an_HTTP_request_to_SharePoint_3": {
                      "runAfter": {},
                      "metadata": {
                        "operationMetadataId": "a0c027dc-79aa-4bcc-b3f8-389dcddab101"
                      },
                      "type": "OpenApiConnection",
                      "inputs": {
                        "host": {
                          "connectionName": "shared_sharepointonline_1",
                          "operationId": "HttpRequest",
                          "apiId": "/providers/Microsoft.PowerApps/apis/shared_sharepointonline"
                        },
                        "parameters": {
                          "dataset": "@variables('SiteURL')",
                          "parameters/method": "GET",
                          "parameters/uri": "_api/web/lists/getbytitle('HR365AMXAssets')/items?$select=CheckOut&$filter=Id eq '@{items('Apply_to_each_5')?['AssetID']}'"
                        },
                        "authentication": "@parameters('$authentication')"
                      }
                    },
                    "Condition_14": {
                      "actions": {
                        "Send_an_email_(V2)_4": {
                          "runAfter": {},
                          "metadata": {
                            "operationMetadataId": "70aeb382-8e4d-4532-b3e0-3e25ae7fc746"
                          },
                          "type": "OpenApiConnection",
                          "inputs": {
                            "host": {
                              "connectionName": "shared_office365",
                              "operationId": "SendEmailV2",
                              "apiId": "/providers/Microsoft.PowerApps/apis/shared_office365"
                            },
                            "parameters": {
                              "emailMessage/To": "@items('Apply_to_each_5')?['AssetBookedTo']",
                              "emailMessage/Subject": "Asset ID @{items('Apply_to_each_5')?['AssetID']} has been assigned to @{items('Apply_to_each_5')?['AssetBookedTo']}",
                              "emailMessage/Body": "<p>Hi,<br>\n<br>\nThe Asset ID @{items('Apply_to_each_5')?['AssetID']} has been assigned to you, the asset details as mentioned below.<br>\n<br>\nBookingID : @{items('Apply_to_each_5')?['BookingID']},<br>\nAssetID &nbsp;: @{items('Apply_to_each_5')?['AssetID']},<br>\nBooked On : @{items('Apply_to_each_5')?['AssetBookedDate']},<br>\nBooked By :@{items('Apply_to_each_5')?['AssetBookedBy']}<br>\nAssigned Date: @{items('Apply_to_each_5')?['AssetBookedFromDate']},<br>\nReturn Date:@{items('Apply_to_each_5')?['AssetReturnDate']}<br>\n<br>\nRegards,<br>\nPower by Asset Management 365 and HR365</p>",
                              "emailMessage/Importance": "Normal"
                            },
                            "authentication": "@parameters('$authentication')"
                          }
                        },
                        "Condition_15": {
                          "actions": {
                            "Send_an_HTTP_request_to_SharePoint_4": {
                              "runAfter": {},
                              "metadata": {
                                "operationMetadataId": "bd17b649-9aad-4a38-9635-0f232369e327"
                              },
                              "type": "OpenApiConnection",
                              "inputs": {
                                "host": {
                                  "connectionName": "shared_sharepointonline_1",
                                  "operationId": "HttpRequest",
                                  "apiId": "/providers/Microsoft.PowerApps/apis/shared_sharepointonline"
                                },
                                "parameters": {
                                  "dataset": "@variables('SiteURL')",
                                  "parameters/method": "PATCH",
                                  "parameters/uri": "_api/web/lists/getbytitle('HR365AMXAssets')/items(@{items('Apply_to_each_5')?['AssetID']})",
                                  "parameters/headers": {
                                    "Accept": "application/json;odata=verbose",
                                    "Content-Type": "application/json;odata=verbose",
                                    "IF-MATCH": "*"
                                  },
                                  "parameters/body": "{            \"__metadata\":\n                {             \n                \"type\": 'SP.Data.HR365AMXAssetsListItem'\n                        },\n                        'Status1': \"Assigned\" ,\n                       'AssignedDate':\"@{formatDateTime(utcnow(), 'MM/dd/yyyy hh:mm:ss tt')}\",\n                       'AssetReturnDate':\"@{items('Apply_to_each_5')?['AssetReturnDate']}\",\n                      'CheckOut':\"@{items('Apply_to_each_5')?['AssetBookedTo']}\",\n                      'CheckOutbyDep': \"@{items('Apply_to_each_5')?['AssetBookedToDept']}\",\n                      'CheckOutby':\"@{items('Apply_to_each_5')?['AssetBookedToLoc']}\"\n                    }"
                                },
                                "authentication": "@parameters('$authentication')"
                              }
                            },
                            "Send_an_HTTP_request_to_SharePoint_5": {
                              "runAfter": {
                                "Send_an_HTTP_request_to_SharePoint_4": [
                                  "Succeeded"
                                ]
                              },
                              "metadata": {
                                "operationMetadataId": "ed8543d7-cc6c-457b-9b50-3ea6465e25bf"
                              },
                              "type": "OpenApiConnection",
                              "inputs": {
                                "host": {
                                  "connectionName": "shared_sharepointonline_1",
                                  "operationId": "HttpRequest",
                                  "apiId": "/providers/Microsoft.PowerApps/apis/shared_sharepointonline"
                                },
                                "parameters": {
                                  "dataset": "@variables('SiteURL')",
                                  "parameters/method": "PATCH",
                                  "parameters/uri": "_api/web/lists/getbytitle('HR365AMXAssetBooking')/items(@{items('Apply_to_each_5')?['AssetID']})",
                                  "parameters/headers": {
                                    "Accept": "application/json;odata=verbose",
                                    "Content-Type": "application/json;odata=verbose",
                                    "IF-MATCH": "*"
                                  },
                                  "parameters/body": "{            \"__metadata\":\n                {             \n                \"type\": 'SP.Data.HR365AMXAssetBookingListItem'\n                        },\n                        'AssetBookingStatus': \"Assigned\" \n                      \n                    }"
                                },
                                "authentication": "@parameters('$authentication')"
                              }
                            }
                          },
                          "runAfter": {
                            "Send_an_email_(V2)_4": [
                              "Succeeded"
                            ]
                          },
                          "expression": {
                            "not": {
                              "equals": [
                                "@empty(items('Apply_to_each_5')?['AssetID'])",
                                "@true"
                              ]
                            }
                          },
                          "metadata": {
                            "operationMetadataId": "8dd6d975-4724-4459-b173-b8512df5d876"
                          },
                          "type": "If"
                        }
                      },
                      "runAfter": {
                        "Send_an_HTTP_request_to_SharePoint_3": [
                          "Succeeded"
                        ]
                      },
                      "else": {
                        "actions": {
                          "Send_an_email_(V2)_5": {
                            "runAfter": {},
                            "metadata": {
                              "operationMetadataId": "625e8050-398e-4607-bb22-914eb0919a58"
                            },
                            "type": "OpenApiConnection",
                            "inputs": {
                              "host": {
                                "connectionName": "shared_office365_2",
                                "operationId": "SendEmailV2",
                                "apiId": "/providers/Microsoft.PowerApps/apis/shared_office365"
                              },
                              "parameters": {
                                "emailMessage/To": "@items('Apply_to_each_5')?['AssetBookedTo']",
                                "emailMessage/Subject": "Asset ID @{items('Apply_to_each_5')?['AssetID']} is not available at this moment",
                                "emailMessage/Body": "<p>Hi,<br>\n<br>\nAsset which is booked as per below details<br>\n<br>\nBookingID : @{items('Apply_to_each_5')?['BookingID']},<br>\nAssetID &nbsp;: @{items('Apply_to_each_5')?['AssetID']},<br>\nBooked On : @{items('Apply_to_each_5')?['AssetBookedDate']},<br>\nBooked By :@{items('Apply_to_each_5')?['AssetBookedBy']}<br>\nAssigned Date: @{items('Apply_to_each_5')?['AssetBookedFromDate']},<br>\nReturn Date:@{items('Apply_to_each_5')?['AssetReturnDate']}<br>\nIs not available at this moment, please check and find required asset from the asset management app<br>\n<br>\nRegards,<br>\nPower by Asset Management 365 and HR365</p>",
                                "emailMessage/Importance": "Normal"
                              },
                              "authentication": "@parameters('$authentication')"
                            }
                          }
                        }
                      },
                      "expression": {
                        "and": [
                          {
                            "equals": [
                              "@outputs('Send_an_HTTP_request_to_SharePoint_3')?['body']?['d']?['results'][0]['CheckOut']",
                              ""
                            ]
                          },
                          {
                            "equals": [
                              "@outputs('Send_an_HTTP_request_to_SharePoint')?['body_2']?['d']?['results'][0]['CheckOut']",
                              ""
                            ]
                          }
                        ]
                      },
                      "metadata": {
                        "operationMetadataId": "00203ebd-fc0a-4d51-a5f1-359d99045372"
                      },
                      "type": "If"
                    }
                  },
                  "runAfter": {},
                  "expression": {
                    "equals": [
                      "@items('Apply_to_each_5')?['AssetBookedFromDate']",
                      "@formatDateTime(utcnow(),'MM/dd/yyyy')"
                    ]
                  },
                  "metadata": {
                    "operationMetadataId": "57377992-fdcb-4215-843e-ef568d8c1310"
                  },
                  "type": "If"
                }
              },
              "runAfter": {
                "Get_items_5": [
                  "Succeeded"
                ]
              },
              "metadata": {
                "operationMetadataId": "99477a68-64dc-4a75-881f-fa186a7843b8"
              },
              "type": "Foreach"
            }
          },
          "runAfter": {
            "Set_variable_3": [
              "Succeeded"
            ]
          },
          "else": {
            "actions": {
              "Get_items_6": {
                "runAfter": {},
                "metadata": {
                  "operationMetadataId": "94cb3acd-8069-46cb-8078-d07cdfbc4dd9"
                },
                "type": "OpenApiConnection",
                "inputs": {
                  "host": {
                    "connectionName": "shared_sharepointonline_1",
                    "operationId": "GetItems",
                    "apiId": "/providers/Microsoft.PowerApps/apis/shared_sharepointonline"
                  },
                  "parameters": {
                    "dataset": "@variables('SiteURL')",
                    "table": "HR365AMXAssetBooking",
                    "$filter": "AssetBookingStatus eq 'Booked'"
                  },
                  "authentication": "@parameters('$authentication')"
                }
              },
              "Apply_to_each_6": {
                "foreach": "@outputs('Get_items_6')?['body/value']",
                "actions": {
                  "Condition_16": {
                    "actions": {
                      "Send_an_HTTP_request_to_SharePoint_6": {
                        "runAfter": {},
                        "metadata": {
                          "operationMetadataId": "783493c2-2564-43d0-83e5-f6bb117dc27a"
                        },
                        "type": "OpenApiConnection",
                        "inputs": {
                          "host": {
                            "connectionName": "shared_sharepointonline_1",
                            "operationId": "HttpRequest",
                            "apiId": "/providers/Microsoft.PowerApps/apis/shared_sharepointonline"
                          },
                          "parameters": {
                            "dataset": "@variables('SiteURL')",
                            "parameters/method": "GET",
                            "parameters/uri": "_api/web/lists/getbytitle('HR365AMXAssets')/items?$select=CheckOut&$filter=Id eq '@{items('Apply_to_each_6')?['AssetID']}'"
                          },
                          "authentication": "@parameters('$authentication')"
                        }
                      },
                      "Condition_17": {
                        "actions": {
                          "Send_an_email_(V2)_6": {
                            "runAfter": {},
                            "metadata": {
                              "operationMetadataId": "5bba70bf-2ba5-4962-bc2b-d1252b54d01d"
                            },
                            "type": "OpenApiConnection",
                            "inputs": {
                              "host": {
                                "connectionName": "shared_office365_2",
                                "operationId": "SendEmailV2",
                                "apiId": "/providers/Microsoft.PowerApps/apis/shared_office365"
                              },
                              "parameters": {
                                "emailMessage/To": "@items('Apply_to_each_6')?['AssetBookedTo']",
                                "emailMessage/Subject": "Asset ID @{items('Apply_to_each_6')?['AssetID']} has been assigned to @{items('Apply_to_each_6')?['AssetBookedTo']}",
                                "emailMessage/Body": "<p>Hi,<br>\n<br>\nThe Asset ID @{items('Apply_to_each_6')?['AssetID']} has been assigned to you, the asset details as mentioned below.<br>\n<br>\nBookingID : @{items('Apply_to_each_6')?['BookingID']},<br>\nAssetID &nbsp;: @{items('Apply_to_each_6')?['AssetID']},<br>\nBooked On : @{items('Apply_to_each_6')?['AssetBookedDate']},<br>\nBooked By :@{items('Apply_to_each_6')?['AssetBookedBy']}<br>\nAssigned Date: @{items('Apply_to_each_6')?['AssetBookedFromDate']},<br>\nReturn Date:@{items('Apply_to_each_6')?['AssetReturnDate']}<br>\n<br>\nRegards,<br>\nPower by Asset Management 365 and HR365</p>",
                                "emailMessage/Importance": "Normal"
                              },
                              "authentication": "@parameters('$authentication')"
                            }
                          },
                          "Condition_18": {
                            "actions": {
                              "Send_an_HTTP_request_to_SharePoint_7": {
                                "runAfter": {},
                                "metadata": {
                                  "operationMetadataId": "19403608-6e6d-4fda-9f46-9f7388236390"
                                },
                                "type": "OpenApiConnection",
                                "inputs": {
                                  "host": {
                                    "connectionName": "shared_sharepointonline_1",
                                    "operationId": "HttpRequest",
                                    "apiId": "/providers/Microsoft.PowerApps/apis/shared_sharepointonline"
                                  },
                                  "parameters": {
                                    "dataset": "@variables('SiteURL')",
                                    "parameters/method": "PATCH",
                                    "parameters/uri": "_api/web/lists/getbytitle('HR365AMXAssets')/items(@{items('Apply_to_each_6')?['AssetID']})",
                                    "parameters/headers": {
                                      "Accept": "application/json;odata=verbose",
                                      "Content-Type": "application/json;odata=verbose",
                                      "IF-MATCH": "*"
                                    },
                                    "parameters/body": "{            \"__metadata\":\n                {             \n                \"type\": 'SP.Data.HR365AMXAssetsListItem'\n                        },\n                        'Status1': \"Assigned\" ,\n                       'AssignedDate':\"@{formatDateTime(utcnow(), 'MM/dd/yyyy hh:mm:ss tt')}\",\n                       'AssetReturnDate':\"@{items('Apply_to_each_6')?['AssetReturnDate']}\",\n                      'CheckOut':\"@{items('Apply_to_each_6')?['AssetBookedTo']}\",\n                      'CheckOutbyDep': \"@{items('Apply_to_each_6')?['AssetBookedToDept']}\",\n                      'CheckOutby':\"@{items('Apply_to_each_6')?['AssetBookedToLoc']}\"\n                    }"
                                  },
                                  "authentication": "@parameters('$authentication')"
                                }
                              },
                              "Send_an_HTTP_request_to_SharePoint_8": {
                                "runAfter": {
                                  "Send_an_HTTP_request_to_SharePoint_7": [
                                    "Succeeded"
                                  ]
                                },
                                "metadata": {
                                  "operationMetadataId": "1c0c7095-b9d4-40c3-8a5c-540982cf14b3"
                                },
                                "type": "OpenApiConnection",
                                "inputs": {
                                  "host": {
                                    "connectionName": "shared_sharepointonline_1",
                                    "operationId": "HttpRequest",
                                    "apiId": "/providers/Microsoft.PowerApps/apis/shared_sharepointonline"
                                  },
                                  "parameters": {
                                    "dataset": "@variables('SiteURL')",
                                    "parameters/method": "PATCH",
                                    "parameters/uri": "_api/web/lists/getbytitle('HR365AMXAssetBooking')/items(@{items('Apply_to_each_6')?['AssetID']})",
                                    "parameters/headers": {
                                      "Accept": "application/json;odata=verbose",
                                      "Content-Type": "application/json;odata=verbose",
                                      "IF-MATCH": "*"
                                    },
                                    "parameters/body": "{            \"__metadata\":\n                {             \n                \"type\": 'SP.Data.HR365AMXAssetBookingListItem'\n                        },\n                        'AssetBookingStatus': \"Assigned\" \n                      \n                    }"
                                  },
                                  "authentication": "@parameters('$authentication')"
                                }
                              }
                            },
                            "runAfter": {
                              "Send_an_email_(V2)_6": [
                                "Succeeded"
                              ]
                            },
                            "expression": {
                              "not": {
                                "equals": [
                                  "@empty(items('Apply_to_each_6')?['AssetID'])",
                                  "@true"
                                ]
                              }
                            },
                            "metadata": {
                              "operationMetadataId": "769b789a-aaca-4b2f-b257-a38b0f2e1593"
                            },
                            "type": "If"
                          }
                        },
                        "runAfter": {
                          "Send_an_HTTP_request_to_SharePoint_6": [
                            "Succeeded"
                          ]
                        },
                        "else": {
                          "actions": {
                            "Send_an_email_(V2)_7": {
                              "runAfter": {},
                              "metadata": {
                                "operationMetadataId": "e1f4512a-1597-4e04-9955-f63a6a427cc3"
                              },
                              "type": "OpenApiConnection",
                              "inputs": {
                                "host": {
                                  "connectionName": "shared_office365",
                                  "operationId": "SendEmailV2",
                                  "apiId": "/providers/Microsoft.PowerApps/apis/shared_office365"
                                },
                                "parameters": {
                                  "emailMessage/To": "@items('Apply_to_each_6')?['AssetBookedTo']",
                                  "emailMessage/Subject": "Asset ID @{items('Apply_to_each_6')?['AssetID']} is not available at this moment",
                                  "emailMessage/Body": "<p>Hi,<br>\n<br>\nAsset which is booked as per below details<br>\n<br>\nBookingID : @{items('Apply_to_each_6')?['BookingID']},<br>\nAssetID &nbsp;: @{items('Apply_to_each_6')?['AssetID']},<br>\nBooked On : @{items('Apply_to_each_6')?['AssetBookedDate']},<br>\nBooked By :@{items('Apply_to_each_6')?['AssetBookedBy']}<br>\nAssigned Date: @{items('Apply_to_each_6')?['AssetBookedFromDate']},<br>\nReturn Date:@{items('Apply_to_each_6')?['AssetReturnDate']}<br>\nIs not available at this moment, please check and find required asset from the asset management app<br>\n<br>\nRegards,<br>\nPower by Asset Management 365 and HR365</p>",
                                  "emailMessage/Importance": "Normal"
                                },
                                "authentication": "@parameters('$authentication')"
                              }
                            }
                          }
                        },
                        "expression": {
                          "and": [
                            {
                              "equals": [
                                "@outputs('Send_an_HTTP_request_to_SharePoint_6')?['body']?['d']?['results'][0]['CheckOut']",
                                ""
                              ]
                            },
                            {
                              "equals": [
                                "@outputs('Send_an_HTTP_request_to_SharePoint')?['body_2']?['d']?['results'][0]['CheckOut']",
                                ""
                              ]
                            }
                          ]
                        },
                        "metadata": {
                          "operationMetadataId": "bd85db73-a1f1-4c0a-88ce-d5bf6edd0737"
                        },
                        "type": "If"
                      }
                    },
                    "runAfter": {},
                    "expression": {
                      "equals": [
                        "@items('Apply_to_each_6')?['AssetBookedFromDate']",
                        "@formatDateTime(utcnow(), 'MM/dd/yyyy')"
                      ]
                    },
                    "metadata": {
                      "operationMetadataId": "070ec908-f24c-467c-93d3-faf4874a8cef"
                    },
                    "type": "If"
                  }
                },
                "runAfter": {
                  "Get_items_6": [
                    "Succeeded"
                  ]
                },
                "metadata": {
                  "operationMetadataId": "1c6c4ed9-1d01-4f01-8ed5-64b80e7ff43d"
                },
                "type": "Foreach"
              }
            }
          },
          "expression": {
            "equals": [
              "@variables('ApproverEnabled')",
              "Yes"
            ]
          },
          "metadata": {
            "operationMetadataId": "457f6d44-a9a1-4369-80ef-15fe301737c1"
          },
          "type": "If"
        },
        "Set_variable_4": {
          "runAfter": {
            "Send_an_HTTP_request_to_SharePoint": [
              "Succeeded"
            ]
          },
          "metadata": {
            "operationMetadataId": "cbbd77fc-1728-4a6b-8ac2-d8db0216e33d"
          },
          "type": "SetVariable",
          "inputs": {
            "name": "ApproverEnabled",
            "value": "@{if(empty(outputs('Send_an_HTTP_request_to_SharePoint')?['body']?['d']?['results'][0]['SelectApproverManager']),outputs('Send_an_HTTP_request_to_SharePoint')?['body']?['d']?['results'][0]['SelectApproverManager'],'')}"
          }
        },
        "Condition_11": {
          "actions": {
            "Set_variable_5": {
              "runAfter": {},
              "metadata": {
                "operationMetadataId": "7aff8927-dd8d-46dd-8443-4354b489ac56"
              },
              "type": "SetVariable",
              "inputs": {
                "name": "ApproverEnabled",
                "value": "@{outputs('Send_an_HTTP_request_to_SharePoint')?['body']?['d']?['results'][0]['SelectApproverManager']}"
              }
            }
          },
          "runAfter": {
            "Set_variable_4": [
              "Succeeded"
            ]
          },
          "expression": {
            "and": [
              {
                "not": {
                  "equals": [
                    "@outputs('Send_an_HTTP_request_to_SharePoint')?['body']?['d']?['results'][0]['SelectApproverManager']",
                    ""
                  ]
                }
              },
              {
                "not": {
                  "equals": [
                    "@outputs('Send_an_HTTP_request_to_SharePoint')?['body']?['d']?['results'][0]['SelectApproverManager']",
                    "@null"
                  ]
                }
              }
            ]
          },
          "metadata": {
            "operationMetadataId": "d94171f0-27f9-425a-b1e8-d683a3fb31f4"
          },
          "type": "If"
        }
      }
    },
    "templateName": ""
  },
  "schemaVersion": "1.0.0.0"
}