{
  "properties": {
    "connectionReferences": {
      "shared_sharepointonline_2": {
        "runtimeSource": "embedded",
        "connection": {
          "connectionReferenceLogicalName": "hr365_sharedsharepointonline_caae9"
        },
        "api": {
          "name": "shared_sharepointonline"
        }
      },
      "shared_office365": {
        "runtimeSource": "embedded",
        "connection": {
          "connectionReferenceLogicalName": "hr365_sharedoffice365_aaf00"
        },
        "api": {
          "name": "shared_office365"
        }
      },
      "shared_sharepointonline": {
        "runtimeSource": "embedded",
        "connection": {
          "connectionReferenceLogicalName": "hr365_sharedsharepointonline_2d2c0"
        },
        "api": {
          "name": "shared_sharepointonline"
        }
      },
      "shared_sharepointonline_3": {
        "runtimeSource": "embedded",
        "connection": {
          "connectionReferenceLogicalName": "hr365_sharedsharepointonline_9bd3b"
        },
        "api": {
          "name": "shared_sharepointonline"
        }
      },
      "shared_office365_1": {
        "runtimeSource": "embedded",
        "connection": {
          "connectionReferenceLogicalName": "hr365_sharedoffice365_2da46"
        },
        "api": {
          "name": "shared_office365"
        }
      },
      "shared_office365_3": {
        "runtimeSource": "embedded",
        "connection": {
          "connectionReferenceLogicalName": "hr365_sharedoffice365_79008"
        },
        "api": {
          "name": "shared_office365"
        }
      }
    },
    "definition": {
      "$schema": "https://schema.management.azure.com/providers/Microsoft.Logic/schemas/2016-06-01/workflowdefinition.json#",
      "contentVersion": "1.0.0.0",
      "parameters": {
        "$connections": {
          "defaultValue": {},
          "type": "Object"
        },
        "$authentication": {
          "defaultValue": {},
          "type": "SecureObject"
        },
        "SiteAddress(AM365) (hr365_siteabsoluteadress)": {
          "defaultValue": "https://2qsnd3.sharepoint.com/sites/AssetManagement365",
          "type": "String",
          "metadata": {
            "schemaName": "hr365_siteabsoluteadress"
          }
        }
      },
      "triggers": {
        "Recurrence": {
          "recurrence": {
            "frequency": "Day",
            "interval": 1,
            "startTime": "2022-09-21T04:30:00Z"
          },
          "metadata": {
            "operationMetadataId": "ffcdf73d-7de1-452c-a446-7f06c84220c2"
          },
          "type": "Recurrence"
        }
      },
      "actions": {
        "Get_Items_AMXassets_All": {
          "runAfter": {
            "Get_Items_Emailnotify_Settings": [
              "Succeeded"
            ]
          },
          "metadata": {
            "operationMetadataId": "16d32691-da95-4c5b-b2e6-ed89b1acf099"
          },
          "type": "OpenApiConnection",
          "inputs": {
            "host": {
              "connectionName": "shared_sharepointonline_2",
              "operationId": "GetItems",
              "apiId": "/providers/Microsoft.PowerApps/apis/shared_sharepointonline"
            },
            "parameters": {
              "dataset": "@parameters('SiteAddress(AM365) (hr365_siteabsoluteadress)')",
              "table": "HR365AMXAssets"
            },
            "authentication": "@parameters('$authentication')"
          }
        },
        "Only_assets_with_return_date": {
          "runAfter": {
            "Only_Assigned_assets": [
              "Succeeded"
            ]
          },
          "metadata": {
            "operationMetadataId": "6fcc1022-f4d9-4667-a9d5-fd07ffb25da9"
          },
          "type": "Query",
          "inputs": {
            "from": "@body('Only_Assigned_assets')",
            "where": "@not(equals(item()?['AssetReturnDate'], null))"
          }
        },
        "Loop_on_filtered_array_Users": {
          "foreach": "@body('Assigned_To_User')",
          "actions": {
            "If_Returndate_less_than_today": {
              "actions": {
                "Send_an_email_(V2)(Users)": {
                  "runAfter": {},
                  "metadata": {
                    "operationMetadataId": "5af72d8d-29cd-46e7-ba2e-58201937f32f"
                  },
                  "type": "OpenApiConnection",
                  "inputs": {
                    "host": {
                      "connectionName": "shared_office365",
                      "operationId": "SendEmailV2",
                      "apiId": "/providers/Microsoft.PowerApps/apis/shared_office365"
                    },
                    "parameters": {
                      "emailMessage/To": "@item()?['AssignToEmailId']",
                      "emailMessage/Subject": "Asset Return Reminder",
                      "emailMessage/Body": "<p>Hi,<br>\n<br>\nYour asset return date is due on @{formatDateTime(item()['AssetReturnDate'], 'dd-MM-yyyy')} . Please return the asset on or before the due date.<br>\n<br>\n<strong>Asset ID</strong> : @{items('Loop_on_filtered_array_Users')?['AssetID']}<br>\n<strong>Asset Name</strong> : @{items('Loop_on_filtered_array_Users')?['AssetName']}<br>\n<strong>Asset Type</strong> : @{items('Loop_on_filtered_array_Users')?['AssetType']}<br>\n<strong>Return Date</strong> : @{formatDateTime(item()['AssetReturnDate'], 'dd-MM-yyyy')}<br>\n<br>\n<br>\nRegards,<br>\nAsset Management Modern<br>\nPowered by HR365</p>",
                      "emailMessage/Cc": "@variables('Emails')",
                      "emailMessage/Importance": "Normal"
                    },
                    "authentication": "@parameters('$authentication')"
                  }
                }
              },
              "runAfter": {},
              "expression": {
                "equals": [
                  "@formatDateTime(addDays(item()['AssetReturnDate'],if(empty(variables('Days Before')),0,int(variables('Days Before')))),'yyyy-MM-dd')",
                  "@utcNow('yyyy-MM-dd')"
                ]
              },
              "metadata": {
                "operationMetadataId": "b0969bf0-a50d-460f-8409-4864711902e0"
              },
              "type": "If"
            }
          },
          "runAfter": {
            "Loop_on_Email_Notify_Settings": [
              "Succeeded"
            ]
          },
          "metadata": {
            "operationMetadataId": "6af0376d-70f1-4506-85d7-440a9d4159b5"
          },
          "type": "Foreach"
        },
        "Only_Assigned_assets": {
          "runAfter": {
            "Intializing_for_groups_email": [
              "Succeeded"
            ]
          },
          "metadata": {
            "operationMetadataId": "573b2a0a-eaf5-4840-a87a-a294861286ab"
          },
          "type": "Query",
          "inputs": {
            "from": "@outputs('Get_Items_AMXassets_All')?['body/value']",
            "where": "@not(equals(item()?['CheckOut'], null))"
          }
        },
        "Get_Items_Emailnotify_Settings": {
          "runAfter": {},
          "metadata": {
            "operationMetadataId": "16d32691-da95-4c5b-b2e6-ed89b1acf099"
          },
          "type": "OpenApiConnection",
          "inputs": {
            "host": {
              "connectionName": "shared_sharepointonline",
              "operationId": "GetItems",
              "apiId": "/providers/Microsoft.PowerApps/apis/shared_sharepointonline"
            },
            "parameters": {
              "dataset": "@parameters('SiteAddress(AM365) (hr365_siteabsoluteadress)')",
              "table": "HR365AMXEmailNotifySetting",
              "$top": 1
            },
            "authentication": "@parameters('$authentication')"
          }
        },
        "Days_Before": {
          "runAfter": {
            "Asset_Expiry_Enable": [
              "Succeeded"
            ]
          },
          "metadata": {
            "operationMetadataId": "adaa6930-e498-44e9-989c-18644f3da1f3"
          },
          "type": "InitializeVariable",
          "inputs": {
            "variables": [
              {
                "name": "Days Before",
                "type": "string"
              }
            ]
          }
        },
        "Loop_on_Email_Notify_Settings": {
          "foreach": "@outputs('Get_Items_Emailnotify_Settings')?['body/value']",
          "actions": {
            "Set_Days_Before": {
              "runAfter": {},
              "metadata": {
                "operationMetadataId": "5601cd36-4b52-40cf-a8b5-4c0edf8d7926"
              },
              "type": "SetVariable",
              "inputs": {
                "name": "Days Before",
                "value": "-@{items('Loop_on_Email_Notify_Settings')?['Reminder1']}"
              }
            },
            "Set_Expiry_Notification_1": {
              "runAfter": {
                "Email_Check_4": [
                  "Succeeded"
                ]
              },
              "metadata": {
                "operationMetadataId": "eac143d2-8b87-424c-af27-039c43ea35a1"
              },
              "type": "SetVariable",
              "inputs": {
                "name": "Expiray date 1",
                "value": "-@{items('Loop_on_Email_Notify_Settings')?['Reminder2']}"
              }
            },
            "Set_Expiry_Notification_2": {
              "runAfter": {
                "Set_Expiry_Notification_1": [
                  "Succeeded"
                ]
              },
              "metadata": {
                "operationMetadataId": "0d09f7a8-7ab2-4584-ac76-abaebdcdec19"
              },
              "type": "SetVariable",
              "inputs": {
                "name": "Expiray date 2",
                "value": "-@{items('Loop_on_Email_Notify_Settings')?['Reminder3']}"
              }
            },
            "Email_Check": {
              "actions": {
                "Append_to_string_variable_3": {
                  "runAfter": {},
                  "metadata": {
                    "operationMetadataId": "b6879f4b-fced-4e96-ae48-1fd1c0e7ad02"
                  },
                  "type": "AppendToStringVariable",
                  "inputs": {
                    "name": "Emails",
                    "value": "@{item()?['EmailId']};"
                  }
                }
              },
              "runAfter": {
                "Set_Days_Before": [
                  "Succeeded"
                ]
              },
              "expression": {
                "not": {
                  "equals": [
                    "@item()?['EmailId']",
                    "@null"
                  ]
                }
              },
              "metadata": {
                "operationMetadataId": "3445294f-c294-4854-a8e2-937d971e8b5a"
              },
              "type": "If"
            },
            "Email_Check_2": {
              "actions": {
                "Append_to_string_variable_4": {
                  "runAfter": {},
                  "metadata": {
                    "operationMetadataId": "19b70f76-9416-4f1b-a53f-9db62da2fedc"
                  },
                  "type": "AppendToStringVariable",
                  "inputs": {
                    "name": "Emails",
                    "value": "@{item()?['EmailId2']};"
                  }
                }
              },
              "runAfter": {
                "Email_Check": [
                  "Succeeded"
                ]
              },
              "expression": {
                "not": {
                  "equals": [
                    "@item()?['EmailId2']",
                    "@null"
                  ]
                }
              },
              "metadata": {
                "operationMetadataId": "24b1b240-632a-4c08-8412-9f0dafaad920"
              },
              "type": "If"
            },
            "Email_Check_3": {
              "actions": {
                "Append_to_string_variable_5": {
                  "runAfter": {},
                  "metadata": {
                    "operationMetadataId": "977035d1-eace-4030-ba0e-6dcd050a71ad"
                  },
                  "type": "AppendToStringVariable",
                  "inputs": {
                    "name": "Emails",
                    "value": "@{item()?['EmailId3']};"
                  }
                }
              },
              "runAfter": {
                "Email_Check_2": [
                  "Succeeded"
                ]
              },
              "expression": {
                "not": {
                  "equals": [
                    "@item()?['EmailId3']",
                    "@null"
                  ]
                }
              },
              "metadata": {
                "operationMetadataId": "4ef45c9b-955c-4d78-9da2-863406f8f293"
              },
              "type": "If"
            },
            "Email_Check_4": {
              "actions": {
                "Append_to_string_variable_6": {
                  "runAfter": {},
                  "metadata": {
                    "operationMetadataId": "8478fe6e-55cc-49fb-8784-36276c16d409"
                  },
                  "type": "AppendToStringVariable",
                  "inputs": {
                    "name": "Emails",
                    "value": "@{item()?['EmailId4']};"
                  }
                }
              },
              "runAfter": {
                "Email_Check_3": [
                  "Succeeded"
                ]
              },
              "expression": {
                "not": {
                  "equals": [
                    "@item()?['EmailId4']",
                    "@null"
                  ]
                }
              },
              "metadata": {
                "operationMetadataId": "844f664a-6770-40bb-beae-b231881eeb88"
              },
              "type": "If"
            }
          },
          "runAfter": {
            "Loop_Users": [
              "Succeeded"
            ]
          },
          "metadata": {
            "operationMetadataId": "c28edc2e-96b3-4094-9b58-8cedf35dad17"
          },
          "type": "Foreach"
        },
        "Emails_CC": {
          "runAfter": {
            "Days_Before": [
              "Succeeded"
            ]
          },
          "metadata": {
            "operationMetadataId": "70e0701e-ede8-4943-ae2a-7f79ffdbc26c"
          },
          "type": "InitializeVariable",
          "inputs": {
            "variables": [
              {
                "name": "Emails",
                "type": "string"
              }
            ]
          }
        },
        "Assigned_To_User": {
          "runAfter": {
            "Only_assets_with_return_date": [
              "Succeeded"
            ]
          },
          "metadata": {
            "operationMetadataId": "a2b49119-12b8-43a4-ade3-511c77bcb20e"
          },
          "type": "Query",
          "inputs": {
            "from": "@body('Only_assets_with_return_date')",
            "where": "@not(equals(item()?['AssignToEmailid'], null))"
          }
        },
        "Assigned_To_Location": {
          "runAfter": {
            "Assigned_To_User": [
              "Succeeded"
            ]
          },
          "metadata": {
            "operationMetadataId": "4688d1be-1485-4398-b650-3a6383bdf05b"
          },
          "type": "Query",
          "inputs": {
            "from": "@body('Only_assets_with_return_date')",
            "where": "@not(equals(item()?['AssignToLocation'], null))"
          }
        },
        "Loop_on_filtered_array_Location": {
          "foreach": "@body('Assigned_To_Location')",
          "actions": {
            "Get_data_from_location_list": {
              "runAfter": {},
              "metadata": {
                "operationMetadataId": "16d32691-da95-4c5b-b2e6-ed89b1acf099"
              },
              "type": "OpenApiConnection",
              "inputs": {
                "host": {
                  "connectionName": "shared_sharepointonline_3",
                  "operationId": "GetItems",
                  "apiId": "/providers/Microsoft.PowerApps/apis/shared_sharepointonline"
                },
                "parameters": {
                  "dataset": "@parameters('SiteAddress(AM365) (hr365_siteabsoluteadress)')",
                  "table": "HR365AMXLocation",
                  "$filter": "Location eq '@{item()?['AssignToLocation']}'"
                },
                "authentication": "@parameters('$authentication')"
              }
            },
            "Condition": {
              "actions": {
                "Send_an_email_(V2)_(Location)": {
                  "runAfter": {},
                  "metadata": {
                    "operationMetadataId": "95947362-1da1-4eb7-a0bf-40e267f4d125"
                  },
                  "type": "OpenApiConnection",
                  "inputs": {
                    "host": {
                      "connectionName": "shared_office365",
                      "operationId": "SendEmailV2",
                      "apiId": "/providers/Microsoft.PowerApps/apis/shared_office365"
                    },
                    "parameters": {
                      "emailMessage/To": "@variables('LocationEmail')",
                      "emailMessage/Subject": "Asset Return Reminder",
                      "emailMessage/Body": "<p>Hi,<br>\n<br>\nYour asset return date is due on @{formatDateTime(item()['AssetReturnDate'],'dd-MM-yyyy')}. Please return the asset on or before the due date.<br>\n<br>\n<strong>Asset ID</strong> : @{item()?['AssetID']}<br>\n<strong>Asset Name</strong> : @{item()?['AssetName']}<br>\n<strong>Asset Type</strong> : @{item()?['AssetType']}<br>\n<strong>Return Date</strong> : @{formatDateTime(item()['AssetReturnDate'],'dd-MM-yyyy')}<br>\n<br>\n<br>\nRegards,<br>\nAsset Management Modern<br>\nPowered by HR365</p>",
                      "emailMessage/Cc": "@variables('Emails')",
                      "emailMessage/Importance": "Normal"
                    },
                    "authentication": "@parameters('$authentication')"
                  }
                }
              },
              "runAfter": {
                "Location_Emails_with_':'": [
                  "Succeeded"
                ]
              },
              "expression": {
                "equals": [
                  "@formatDateTime(addDays(item()['AssetReturnDate'],int(variables('Days Before'))),'yyyy-MM-dd')",
                  "@utcNow('yyyy-MM-dd')"
                ]
              },
              "metadata": {
                "operationMetadataId": "128f8031-5f8d-45db-85ff-4679ac1753fa"
              },
              "type": "If"
            },
            "Location_Emails_with_':'": {
              "foreach": "@outputs('Get_data_from_location_list')?['body/value']",
              "actions": {
                "Set_variable": {
                  "runAfter": {},
                  "metadata": {
                    "operationMetadataId": "dc19568c-e9ac-465c-90a0-203ccd62fd4b"
                  },
                  "type": "SetVariable",
                  "inputs": {
                    "name": "LocationEmail",
                    "value": "@items('Location_Emails_with_'':''')?['LocationEmailID']"
                  }
                }
              },
              "runAfter": {
                "Get_data_from_location_list": [
                  "Succeeded"
                ]
              },
              "metadata": {
                "operationMetadataId": "b4b77440-b435-462f-a0a9-8a3998df79ec"
              },
              "type": "Foreach"
            }
          },
          "runAfter": {
            "Loop_on_filtered_array_Users": [
              "Succeeded"
            ]
          },
          "metadata": {
            "operationMetadataId": "8dd963e4-6751-437a-b124-b73d1523b06e"
          },
          "type": "Foreach"
        },
        "Location_Email": {
          "runAfter": {
            "Emails_CC": [
              "Succeeded"
            ]
          },
          "metadata": {
            "operationMetadataId": "2dece94a-466a-41e1-967b-0acc50ed860e"
          },
          "type": "InitializeVariable",
          "inputs": {
            "variables": [
              {
                "name": "LocationEmail",
                "type": "string"
              }
            ]
          }
        },
        "Assigned_To_Groups": {
          "runAfter": {
            "Assigned_To_Location": [
              "Succeeded"
            ]
          },
          "metadata": {
            "operationMetadataId": "4688d1be-1485-4398-b650-3a6383bdf05b"
          },
          "type": "Query",
          "inputs": {
            "from": "@body('Only_assets_with_return_date')",
            "where": "@not(equals(item()?['AssignToGroup'], null))"
          }
        },
        "Asset_Expiry_Enable": {
          "runAfter": {
            "Assigned_To_Groups": [
              "Succeeded"
            ]
          },
          "metadata": {
            "operationMetadataId": "b6cda6f5-26bb-4210-ae1d-525efe85ff41"
          },
          "type": "Query",
          "inputs": {
            "from": "@outputs('Get_Items_AMXassets_All')?['body/value']",
            "where": "@equals(item()?['AssetExpiryNotification'], 'Enable')"
          }
        },
        "Loop_Asset_Expiry_Enable": {
          "foreach": "@body('Asset_Expiry_Enable')",
          "actions": {
            "Expiry_Date_ne_null": {
              "actions": {
                "Check_Dates": {
                  "actions": {
                    "Warrenty_Expiry_Notification": {
                      "runAfter": {},
                      "metadata": {
                        "operationMetadataId": "ceb9e844-07cf-4df1-8f70-06a4f0706ebe"
                      },
                      "type": "OpenApiConnection",
                      "inputs": {
                        "host": {
                          "connectionName": "shared_office365",
                          "operationId": "SendEmailV2",
                          "apiId": "/providers/Microsoft.PowerApps/apis/shared_office365"
                        },
                        "parameters": {
                          "emailMessage/To": "@variables('Admin Emails')",
                          "emailMessage/Subject": "Asset Warrenty Expiry Reminder",
                          "emailMessage/Body": "<p>Hi,<br>\n<br>\nYour asset warrenty expiry date is due on @{formatDateTime(item()?['warrantyExpiryDate'],'dd-MM-yyyy')} .<br>\n<br>\nAsset ID : @{item()?['AssetId']}<br>\nAsset Name : @{item()?['AssetName']}<br>\nAsset Type : @{item()?['AssetType']}<br>\nReturn Date : @{formatDateTime(item()?['warrantyExpiryDate'],'dd-MM-yyyy')}<br>\n<br>\n<br>\nRegards,<br>\nAsset Management Modern<br>\nPowered by HR365</p>",
                          "emailMessage/Cc": "@variables('Emails')",
                          "emailMessage/Importance": "Normal"
                        },
                        "authentication": "@parameters('$authentication')"
                      }
                    }
                  },
                  "runAfter": {},
                  "expression": {
                    "or": [
                      {
                        "equals": [
                          "@formatDateTime(addDays(item()['warrantyExpiryDate'],int(variables('Expiray date 1'))),'yyyy-MM-dd')",
                          "@utcNow('yyyy-MM-dd')"
                        ]
                      },
                      {
                        "equals": [
                          "@formatDateTime(addDays(item()['warrantyExpiryDate'],int(variables('Expiray date 2'))),'yyyy-MM-dd')",
                          "@utcNow('yyyy-MM-dd')"
                        ]
                      }
                    ]
                  },
                  "metadata": {
                    "operationMetadataId": "5236eae5-35a3-473e-806b-cf9a0e93c9c3"
                  },
                  "type": "If"
                }
              },
              "runAfter": {},
              "else": {
                "actions": {
                  "Check_End_date_exists": {
                    "actions": {
                      "Check_Dates_with_utc_2": {
                        "actions": {
                          "End_date_Expiry_Notification_": {
                            "runAfter": {},
                            "metadata": {
                              "operationMetadataId": "9a212579-8e77-4d9e-903e-0acd8520c55d"
                            },
                            "type": "OpenApiConnection",
                            "inputs": {
                              "host": {
                                "connectionName": "shared_office365_1",
                                "operationId": "SendEmailV2",
                                "apiId": "/providers/Microsoft.PowerApps/apis/shared_office365"
                              },
                              "parameters": {
                                "emailMessage/To": "@variables('Admin Emails')",
                                "emailMessage/Subject": "Asset Expiry Reminder",
                                "emailMessage/Body": "<p>Hi,<br>\n<br>\nYour asset expiry date is due on @{formatDateTime(item()['EndDate'],'dd-MM-yyyy')} . <br>\n<br>\nAsset ID : @{item()?['AssetId']}<br>\nAsset Name : @{item()?['AssetName']}<br>\nAsset Type : @{item()?['AssetType']}<br>\nReturn Date : @{formatDateTime(item()['EndDate'],'dd-MM-yyyy')}<br>\n<br>\n<br>\nRegards,<br>\nAsset Management Modern<br>\nPowered by HR365</p>",
                                "emailMessage/Cc": "@variables('Emails')",
                                "emailMessage/Importance": "Normal"
                              },
                              "authentication": "@parameters('$authentication')"
                            }
                          }
                        },
                        "runAfter": {},
                        "expression": {
                          "or": [
                            {
                              "equals": [
                                "@formatDateTime(addDays(item()['EndDate'], int(variables('Expiray date 1'))), 'yyyy-MM-dd')",
                                "@utcNow('yyyy-MM-dd')"
                              ]
                            },
                            {
                              "equals": [
                                "@formatDateTime(addDays(item()['EndDate'], int(variables('Expiray date 2'))), 'yyyy-MM-dd')",
                                "@utcNow('yyyy-MM-dd')"
                              ]
                            }
                          ]
                        },
                        "metadata": {
                          "operationMetadataId": "47980554-4723-4b57-960d-e4bb1d800823"
                        },
                        "type": "If"
                      }
                    },
                    "runAfter": {},
                    "expression": {
                      "not": {
                        "equals": [
                          "@items('Loop_Asset_Expiry_Enable')?['EndDate']",
                          "@null"
                        ]
                      }
                    },
                    "metadata": {
                      "operationMetadataId": "80ea0aac-33da-4d85-b0cf-fbb6c4258d93"
                    },
                    "type": "If"
                  }
                }
              },
              "expression": {
                "not": {
                  "equals": [
                    "@item()?['warrantyExpiryDate']",
                    "@null"
                  ]
                }
              },
              "metadata": {
                "operationMetadataId": "fe3c1071-d6da-4647-8a01-dac691d8cd53"
              },
              "type": "If"
            }
          },
          "runAfter": {
            "Loop_on_filtered_array_Location": [
              "Succeeded"
            ]
          },
          "metadata": {
            "operationMetadataId": "92568255-18d2-4480-8c05-d3ee46a757ef"
          },
          "type": "Foreach"
        },
        "Expiry_Date_1": {
          "runAfter": {
            "Location_Email": [
              "Succeeded"
            ]
          },
          "metadata": {
            "operationMetadataId": "3912b972-9923-440b-895f-92bf357bf793"
          },
          "type": "InitializeVariable",
          "inputs": {
            "variables": [
              {
                "name": "Expiray date 1",
                "type": "string"
              }
            ]
          }
        },
        "Expiry_Date_2": {
          "runAfter": {
            "Expiry_Date_1": [
              "Succeeded"
            ]
          },
          "metadata": {
            "operationMetadataId": "34cdbd72-39e7-4b8b-928b-9d465f4e294f"
          },
          "type": "InitializeVariable",
          "inputs": {
            "variables": [
              {
                "name": "Expiray date 2",
                "type": "string"
              }
            ]
          }
        },
        "Get_items_Users_List": {
          "runAfter": {
            "Get_Items_AMXassets_All": [
              "Succeeded"
            ]
          },
          "metadata": {
            "operationMetadataId": "6f0f468f-7ba3-41a6-942a-bdfe1c2ce942"
          },
          "type": "OpenApiConnection",
          "inputs": {
            "host": {
              "connectionName": "shared_sharepointonline_3",
              "operationId": "GetItems",
              "apiId": "/providers/Microsoft.PowerApps/apis/shared_sharepointonline"
            },
            "parameters": {
              "dataset": "@parameters('SiteAddress(AM365) (hr365_siteabsoluteadress)')",
              "table": "HR365AMXUsers",
              "$filter": "Role eq 'Admin'"
            },
            "authentication": "@parameters('$authentication')"
          }
        },
        "Intialize_Admin_Emails": {
          "runAfter": {
            "Get_items_Users_List": [
              "Succeeded"
            ]
          },
          "metadata": {
            "operationMetadataId": "cb411eab-b7a4-487e-8fbd-5087c488c204"
          },
          "type": "InitializeVariable",
          "inputs": {
            "variables": [
              {
                "name": "Admin Emails",
                "type": "string"
              }
            ]
          }
        },
        "Loop_Users": {
          "foreach": "@outputs('Get_items_Users_List')?['body/value']",
          "actions": {
            "Append_to_string_variable": {
              "runAfter": {},
              "metadata": {
                "operationMetadataId": "b8d2039a-916a-4404-8cb1-af517fef970b"
              },
              "type": "AppendToStringVariable",
              "inputs": {
                "name": "Admin Emails",
                "value": "@{items('Loop_Users')?['EmailID']};"
              }
            }
          },
          "runAfter": {
            "Expiry_Date_2": [
              "Succeeded"
            ]
          },
          "metadata": {
            "operationMetadataId": "821cbc62-28cf-4358-ab2f-200208ff780a"
          },
          "type": "Foreach"
        },
        "Loop_on_filtered_array_Groups": {
          "foreach": "@body('Assigned_To_Groups')",
          "actions": {
            "Send_an_HTTP_request_to_SharePoint": {
              "runAfter": {},
              "metadata": {
                "operationMetadataId": "834d7594-9b55-49a6-8c89-60458f8395de"
              },
              "type": "OpenApiConnection",
              "inputs": {
                "host": {
                  "connectionName": "shared_sharepointonline_3",
                  "operationId": "HttpRequest",
                  "apiId": "/providers/Microsoft.PowerApps/apis/shared_sharepointonline"
                },
                "parameters": {
                  "dataset": "@parameters('SiteAddress(AM365) (hr365_siteabsoluteadress)')",
                  "parameters/method": "GET",
                  "parameters/uri": "_api/web/SiteGroups?$filter=LoginName eq '@{item()?['Checkout']}'"
                },
                "authentication": "@parameters('$authentication')"
              }
            },
            "Emails_SP_Groups_With_';'": {
              "foreach": "@outputs('Send_an_HTTP_request_to_SharePoint_2')?['body']?['d']?['results']",
              "actions": {
                "IF_email_ne_''": {
                  "actions": {
                    "Append_to_string_variable_2": {
                      "runAfter": {},
                      "metadata": {
                        "operationMetadataId": "aa24be67-7d07-4d18-ae0c-b2ecfb3f0f20"
                      },
                      "type": "AppendToStringVariable",
                      "inputs": {
                        "name": "SP Group",
                        "value": "@{item()?['Email']};"
                      }
                    }
                  },
                  "runAfter": {},
                  "expression": {
                    "not": {
                      "equals": [
                        "@item()?['Email']",
                        "@''"
                      ]
                    }
                  },
                  "metadata": {
                    "operationMetadataId": "3450c6fa-e8c3-4a15-9670-7c629b6c3e53"
                  },
                  "type": "If"
                }
              },
              "runAfter": {
                "Send_an_HTTP_request_to_SharePoint_2": [
                  "Succeeded"
                ]
              },
              "metadata": {
                "operationMetadataId": "b4b77440-b435-462f-a0a9-8a3998df79ec"
              },
              "type": "Foreach"
            },
            "Send_an_HTTP_request_to_SharePoint_2": {
              "runAfter": {
                "Send_an_HTTP_request_to_SharePoint": [
                  "Succeeded"
                ]
              },
              "metadata": {
                "operationMetadataId": "cb72e839-ba23-4e17-8e64-152d4746775d"
              },
              "type": "OpenApiConnection",
              "inputs": {
                "host": {
                  "connectionName": "shared_sharepointonline_2",
                  "operationId": "HttpRequest",
                  "apiId": "/providers/Microsoft.PowerApps/apis/shared_sharepointonline"
                },
                "parameters": {
                  "dataset": "@parameters('SiteAddress(AM365) (hr365_siteabsoluteadress)')",
                  "parameters/method": "GET",
                  "parameters/uri": "_api/Web/SiteGroups/GetById(@{outputs('Send_an_HTTP_request_to_SharePoint')?['body']?['d']?['results']?[0]?['Id']})/Users"
                },
                "authentication": "@parameters('$authentication')"
              }
            },
            "Checking_Emails": {
              "actions": {
                "Checking_Dates": {
                  "actions": {
                    "Send_an_email_(V2)_(SP_Groups)_": {
                      "runAfter": {},
                      "metadata": {
                        "operationMetadataId": "95947362-1da1-4eb7-a0bf-40e267f4d125"
                      },
                      "type": "OpenApiConnection",
                      "inputs": {
                        "host": {
                          "connectionName": "shared_office365_3",
                          "operationId": "SendEmailV2",
                          "apiId": "/providers/Microsoft.PowerApps/apis/shared_office365"
                        },
                        "parameters": {
                          "emailMessage/To": "@variables('SP Group')",
                          "emailMessage/Subject": "Asset Return Reminder",
                          "emailMessage/Body": "<p>Hi,<br>\n<br>\nYour asset return date is due on @{formatDateTime(item()['AssetReturnDate'], 'dd-MM-yyyy')}. Please return the asset on or before the due date.<br>\n<br>\n<strong>Asset ID</strong> : @{items('Loop_on_filtered_array_Groups')?['AssetID']}<br>\n<strong>Asset Name</strong> : @{items('Loop_on_filtered_array_Groups')?['AssetName']}<br>\n<strong>Asset Type</strong> : @{items('Loop_on_filtered_array_Groups')?['AssetType']}<br>\n<strong>Return Date</strong> : @{formatDateTime(item()['AssetReturnDate'], 'dd-MM-yyyy')}<br>\n<br>\n<br>\nRegards,<br>\nAsset Management Modern<br>\nPowered by HR365</p>",
                          "emailMessage/Cc": "@variables('Emails')",
                          "emailMessage/Importance": "Normal"
                        },
                        "authentication": "@parameters('$authentication')"
                      }
                    }
                  },
                  "runAfter": {},
                  "expression": {
                    "equals": [
                      "@formatDateTime(addDays(item()['AssetReturnDate'], int(variables('Days Before'))), 'yyyy-MM-dd')",
                      "@utcNow('yyyy-MM-dd')"
                    ]
                  },
                  "metadata": {
                    "operationMetadataId": "128f8031-5f8d-45db-85ff-4679ac1753fa"
                  },
                  "type": "If"
                }
              },
              "runAfter": {
                "Emails_SP_Groups_With_';'": [
                  "Succeeded"
                ]
              },
              "expression": {
                "and": [
                  {
                    "not": {
                      "equals": [
                        "@variables('SP Group')",
                        "@''"
                      ]
                    }
                  },
                  {
                    "not": {
                      "equals": [
                        "@variables('SP Group')",
                        "@null"
                      ]
                    }
                  }
                ]
              },
              "metadata": {
                "operationMetadataId": "7836bbf1-a203-47b6-92f7-6921bb2b947f"
              },
              "type": "If"
            }
          },
          "runAfter": {
            "Loop_Asset_Expiry_Enable": [
              "Succeeded"
            ]
          },
          "metadata": {
            "operationMetadataId": "8dd963e4-6751-437a-b124-b73d1523b06e"
          },
          "type": "Foreach"
        },
        "Intializing_for_groups_email": {
          "runAfter": {
            "Intialize_Admin_Emails": [
              "Succeeded"
            ]
          },
          "metadata": {
            "operationMetadataId": "7ae0191d-4bc8-40de-b5ba-88672b203b49"
          },
          "type": "InitializeVariable",
          "inputs": {
            "variables": [
              {
                "name": "SP Group",
                "type": "string"
              }
            ]
          }
        }
      }
    },
    "templateName": ""
  },
  "schemaVersion": "1.0.0.0"
}