{
  "properties": {
    "connectionReferences": {
      "shared_office365groups_1": {
        "runtimeSource": "embedded",
        "connection": {
          "connectionReferenceLogicalName": "hr365_sharedoffice365groups_86df6"
        },
        "api": {
          "name": "shared_office365groups"
        }
      },
      "shared_sharepointonline": {
        "runtimeSource": "embedded",
        "connection": {
          "connectionReferenceLogicalName": "hr365_sharedsharepointonline_fbf4e"
        },
        "api": {
          "name": "shared_sharepointonline"
        }
      }
    },
    "definition": {
      "$schema": "https://schema.management.azure.com/providers/Microsoft.Logic/schemas/2016-06-01/workflowdefinition.json#",
      "contentVersion": "1.0.0.0",
      "parameters": {
        "$connections": {
          "defaultValue": {},
          "type": "Object"
        },
        "$authentication": {
          "defaultValue": {},
          "type": "SecureObject"
        },
        "Site URL (hr365_SiteURL)": {
          "defaultValue": "https://megazap.sharepoint.com/sites/EOB0509",
          "type": "String",
          "metadata": {
            "schemaName": "hr365_SiteURL"
          }
        }
      },
      "triggers": {
        "Recurrence": {
          "recurrence": {
            "frequency": "Day",
            "interval": 1,
            "startTime": "2023-08-17T02:30:00Z"
          },
          "metadata": {
            "operationMetadataId": "24c923d9-1cf7-4d9d-8ca1-adf32edbf3a1"
          },
          "type": "Recurrence"
        }
      },
      "actions": {
        "MS_Groups": {
          "runAfter": {},
          "metadata": {
            "operationMetadataId": "79694e47-61fb-4e8e-9ed0-b0f700a63fa3"
          },
          "type": "InitializeVariable",
          "inputs": {
            "variables": [
              {
                "name": "Groups",
                "type": "array"
              }
            ]
          }
        },
        "Scope": {
          "actions": {
            "List_groups": {
              "runAfter": {},
              "metadata": {
                "operationMetadataId": "2f46e00b-63fb-465f-9ae9-ea18036a8aac"
              },
              "type": "OpenApiConnection",
              "inputs": {
                "host": {
                  "connectionName": "shared_office365groups_1",
                  "operationId": "ListGroups",
                  "apiId": "/providers/Microsoft.PowerApps/apis/shared_office365groups"
                },
                "parameters": {
                  "$top": 999
                },
                "authentication": "@parameters('$authentication')"
              }
            },
            "Send_an_HTTP_request_to_SharePoint_2": {
              "runAfter": {
                "List_groups": [
                  "Succeeded"
                ]
              },
              "metadata": {
                "operationMetadataId": "e775ec65-05ef-4031-b18a-d7eff70331eb"
              },
              "type": "OpenApiConnection",
              "inputs": {
                "host": {
                  "connectionName": "shared_sharepointonline",
                  "operationId": "HttpRequest",
                  "apiId": "/providers/Microsoft.PowerApps/apis/shared_sharepointonline"
                },
                "parameters": {
                  "dataset": "@parameters('Site URL (hr365_SiteURL)')",
                  "parameters/method": "GET",
                  "parameters/uri": "_api/web/lists/getbytitle('HR365TSMGroups')/items?$top=1",
                  "parameters/headers": {
                    "accept": "application/json;odata=verbose",
                    "content-type": "application/json;odata=verbose"
                  }
                },
                "authentication": "@parameters('$authentication')"
              }
            },
            "Compose_4": {
              "runAfter": {
                "Send_an_HTTP_request_to_SharePoint_2": [
                  "Succeeded"
                ]
              },
              "metadata": {
                "operationMetadataId": "34be9031-f6e8-4863-bdee-abd0181ad85e"
              },
              "type": "Compose",
              "inputs": "@length(body('Send_an_HTTP_request_to_SharePoint_2')['d']['Results'])"
            },
            "Loop_on_group_items": {
              "foreach": "@outputs('List_groups')?['body/value']",
              "actions": {
                "Append_to_array_variable": {
                  "runAfter": {},
                  "metadata": {
                    "operationMetadataId": "df54d525-baab-4cb0-a233-c044525a414d"
                  },
                  "type": "AppendToArrayVariable",
                  "inputs": {
                    "name": "Groups",
                    "value": {
                      "id": "@{items('Loop_on_group_items')?['id']}",
                      "displayName": "@{encodeUriComponent(item()?['displayName'])}",
                      "mail": "@{items('Loop_on_group_items')?['mail']}",
                      "groupType": "@items('Loop_on_group_items')?['groupTypes']",
                      "mailEnabled": "@items('Loop_on_group_items')?['mailEnabled']",
                      "createdDateTime": "@{items('Loop_on_group_items')?['createdDateTime']}",
                      "description": "",
                      "resourceProvisioningOptions": "@items('Loop_on_group_items')?['resourceProvisioningOptions']"
                    }
                  }
                }
              },
              "runAfter": {
                "Compose_4": [
                  "Succeeded"
                ]
              },
              "metadata": {
                "operationMetadataId": "41fa980b-0df1-47ac-8e51-82a6df3c80c5"
              },
              "type": "Foreach"
            },
            "Get_groups_data": {
              "runAfter": {
                "Loop_on_group_items": [
                  "Succeeded"
                ]
              },
              "metadata": {
                "operationMetadataId": "85604f19-84c6-4d0d-a469-fe0fee6114c1"
              },
              "type": "Compose",
              "inputs": "@variables('Groups')"
            },
            "Condition": {
              "actions": {
                "Send_an_HTTP_request_to_SharePoint": {
                  "runAfter": {},
                  "metadata": {
                    "operationMetadataId": "f4d702ec-d57b-4a57-ba6b-ecb071ae282b"
                  },
                  "type": "OpenApiConnection",
                  "inputs": {
                    "host": {
                      "connectionName": "shared_sharepointonline",
                      "operationId": "HttpRequest",
                      "apiId": "/providers/Microsoft.PowerApps/apis/shared_sharepointonline"
                    },
                    "parameters": {
                      "dataset": "@parameters('Site URL (hr365_SiteURL)')",
                      "parameters/method": "POST",
                      "parameters/uri": "_api/web/lists/getbytitle('HR365TSMGroups')/items",
                      "parameters/headers": {
                        "accept": "application/json;odata=verbose",
                        "content-type": "application/json;odata=verbose"
                      },
                      "parameters/body": "{\n            '__metadata': { 'type': 'SP.Data.HR365TSMGroupsListItem' },\n  \n           'Groups': '@{outputs('Get_groups_data')}'\n}"
                    },
                    "authentication": "@parameters('$authentication')"
                  }
                }
              },
              "runAfter": {
                "Get_groups_data": [
                  "Succeeded"
                ]
              },
              "else": {
                "actions": {
                  "Send_an_HTTP_request_to_SharePoint_3": {
                    "runAfter": {},
                    "metadata": {
                      "operationMetadataId": "f4d702ec-d57b-4a57-ba6b-ecb071ae282b"
                    },
                    "type": "OpenApiConnection",
                    "inputs": {
                      "host": {
                        "connectionName": "shared_sharepointonline",
                        "operationId": "HttpRequest",
                        "apiId": "/providers/Microsoft.PowerApps/apis/shared_sharepointonline"
                      },
                      "parameters": {
                        "dataset": "@parameters('Site URL (hr365_SiteURL)')",
                        "parameters/method": "PATCH",
                        "parameters/uri": "_api/web/lists/getbytitle('HR365TSMGroups')/items(@{body('Send_an_HTTP_request_to_SharePoint_2')['d']['Results'][0]['ID']})",
                        "parameters/headers": {
                          "content-type": "application/json;odata=verbose",
                          "IF-MATCH": "*"
                        },
                        "parameters/body": "{\n            '__metadata': { 'type': 'SP.Data.HR365TSMGroupsListItem' },\n  \n           'Groups': '@{outputs('Get_groups_data')}'\n}"
                      },
                      "authentication": "@parameters('$authentication')"
                    }
                  }
                }
              },
              "expression": {
                "equals": [
                  "@length(body('Send_an_HTTP_request_to_SharePoint_2')['d']['Results'])",
                  0
                ]
              },
              "metadata": {
                "operationMetadataId": "49369ecb-031a-4024-a041-70c52002d9c9"
              },
              "type": "If"
            }
          },
          "runAfter": {
            "MS_Groups": [
              "Succeeded"
            ]
          },
          "metadata": {
            "operationMetadataId": "d99625fc-2b83-47a0-8359-42472dd79d16"
          },
          "type": "Scope"
        },
        "Compose": {
          "runAfter": {
            "Scope": [
              "Succeeded",
              "Failed",
              "Skipped",
              "TimedOut"
            ]
          },
          "metadata": {
            "operationMetadataId": "f2a863ae-399e-4d94-a472-6b0b78210c28"
          },
          "type": "Compose",
          "inputs": "Stantonchase"
        }
      }
    },
    "templateName": ""
  },
  "schemaVersion": "1.0.0.0"
}