<environmentvariabledefinition schemaname="hr365_SupportMailBoxID">
  <defaultvalue>support@megazap.onmicrosoft.com</defaultvalue>
  <description default="a">
    <label description="a" languagecode="1033" />
  </description>
  <displayname default="SupportMailBoxID">
    <label description="SupportMailBoxID" languagecode="1033" />
  </displayname>
  <introducedversion>1.0.0.0</introducedversion>
  <iscustomizable>1</iscustomizable>
  <isrequired>0</isrequired>
  <secretstore>0</secretstore>
  <type>100000000</type>
</environmentvariabledefinition>