<environmentvariabledefinition schemaname="hr365_SharedMailBoxEmailAddressAM365">
  <defaultvalue>adminsupport@megazap.us</defaultvalue>
  <description default="for 'From' value to send an email using graph query use this variable. ">
    <label description="for 'From' value to send an email using graph query use this variable. " languagecode="1033" />
  </description>
  <displayname default="SharedMailBoxEmailAddressAM365">
    <label description="SharedMailBoxEmailAddressAM365" languagecode="1033" />
  </displayname>
  <introducedversion>25.0207.1406</introducedversion>
  <iscustomizable>1</iscustomizable>
  <isrequired>0</isrequired>
  <secretstore>0</secretstore>
  <type>100000000</type>
</environmentvariabledefinition>