{
  "properties": {
    "connectionReferences": {
      "shared_sharepointonline": {
        "runtimeSource": "embedded",
        "connection": {
          "connectionReferenceLogicalName": "hr365_sharedsharepointonline_10231"
        },
        "api": {
          "name": "shared_sharepointonline"
        }
      },
      "shared_office365": {
        "runtimeSource": "embedded",
        "connection": {
          "connectionReferenceLogicalName": "hr365_sharedoffice365_bed00"
        },
        "api": {
          "name": "shared_office365"
        }
      }
    },
    "definition": {
      "$schema": "https://schema.management.azure.com/providers/Microsoft.Logic/schemas/2016-06-01/workflowdefinition.json#",
      "contentVersion": "1.0.0.0",
      "parameters": {
        "$connections": {
          "defaultValue": {},
          "type": "Object"
        },
        "$authentication": {
          "defaultValue": {},
          "type": "SecureObject"
        },
        "SiteAddress(CL365) (hr365_SiteAddressCL365)": {
          "defaultValue": "https://xzm41.sharepoint.com/sites/CLM365_30Oct25",
          "type": "String",
          "metadata": {
            "schemaName": "hr365_SiteAddressCL365"
          }
        }
      },
      "triggers": {
        "Recurrence": {
          "recurrence": {
            "frequency": "Day",
            "interval": 1,
            "startTime": "2023-10-17T03:30:00Z"
          },
          "evaluatedRecurrence": {
            "frequency": "Day",
            "interval": 1,
            "startTime": "2023-10-17T03:30:00Z"
          },
          "metadata": {
            "operationMetadataId": "ab45b320-954c-40f1-aa88-736925a8e512"
          },
          "type": "Recurrence"
        }
      },
      "actions": {
        "Envelope_ID": {
          "runAfter": {},
          "metadata": {
            "operationMetadataId": "c7e66e26-570b-4216-a96c-af16bcff69f3"
          },
          "type": "InitializeVariable",
          "inputs": {
            "variables": [
              {
                "name": "EnvelopeID",
                "type": "array"
              }
            ]
          }
        },
        "Scope_Try": {
          "actions": {
            "Get_items": {
              "runAfter": {},
              "metadata": {
                "operationMetadataId": "2aa1c31f-8c8f-4860-a32a-61e44ddfa4fc"
              },
              "type": "OpenApiConnection",
              "inputs": {
                "host": {
                  "connectionName": "shared_sharepointonline",
                  "operationId": "GetItems",
                  "apiId": "/providers/Microsoft.PowerApps/apis/shared_sharepointonline"
                },
                "parameters": {
                  "dataset": "@parameters('SiteAddress(CL365) (hr365_SiteAddressCL365)')",
                  "table": "CLM365DocuSignDetails",
                  "$filter": "Status eq 'Completed'"
                },
                "authentication": "@parameters('$authentication')"
              }
            },
            "Apply_to_each": {
              "foreach": "@outputs('Get_items')?['body/value']",
              "actions": {
                "EsignObject": {
                  "runAfter": {},
                  "metadata": {
                    "operationMetadataId": "5cf7783c-6207-4854-994d-7601d07d182c"
                  },
                  "type": "Compose",
                  "inputs": "@json(items('Apply_to_each')?['ESignObject'])"
                },
                "Condition": {
                  "actions": {
                    "Append_to_array_variable": {
                      "runAfter": {},
                      "metadata": {
                        "operationMetadataId": "08fb4fa3-3cde-4c14-a022-ec5a87a1070a"
                      },
                      "type": "AppendToArrayVariable",
                      "inputs": {
                        "name": "EnvelopeID",
                        "value": "@items('Apply_to_each')?['EnvelopeID']"
                      }
                    }
                  },
                  "runAfter": {
                    "EsignObject": [
                      "Succeeded"
                    ]
                  },
                  "expression": {
                    "equals": [
                      "@outputs('EsignObject')?['EsignProcessType']",
                      "DocuSign Esign"
                    ]
                  },
                  "metadata": {
                    "operationMetadataId": "b74405d2-d97c-4038-998f-e8883fdbb48d"
                  },
                  "type": "If"
                }
              },
              "runAfter": {
                "Get_items": [
                  "Succeeded"
                ]
              },
              "metadata": {
                "operationMetadataId": "bcacda6e-ac1a-4a52-8b8d-e1918706ee76"
              },
              "type": "Foreach"
            },
            "Condition_2": {
              "actions": {
                "Compose": {
                  "runAfter": {},
                  "metadata": {
                    "operationMetadataId": "310a7c6f-9905-4cf9-a928-bf326a3e063c"
                  },
                  "type": "Compose",
                  "inputs": "@variables('EnvelopeID')"
                },
                "HTTP": {
                  "runAfter": {
                    "Compose": [
                      "Succeeded"
                    ]
                  },
                  "metadata": {
                    "operationMetadataId": "9b592aaa-73dc-4176-bfe7-6856deb25d85"
                  },
                  "type": "Http",
                  "inputs": {
                    "method": "POST",
                    "uri": "https://clm365webapi.azurewebsites.net/api/Draft/GetDocusignStatus",
                    "headers": {
                      "Accept": "application/json",
                      "Content-Type": "application/json"
                    },
                    "body": {
                      "DocuSignRequestColl": "@variables('EnvelopeID')"
                    }
                  }
                }
              },
              "runAfter": {
                "Apply_to_each": [
                  "Succeeded"
                ]
              },
              "expression": {
                "greater": [
                  "@length(variables('EnvelopeID'))",
                  0
                ]
              },
              "metadata": {
                "operationMetadataId": "0d030131-8f81-4a6a-aac3-d2eafa5d215f"
              },
              "type": "If"
            }
          },
          "runAfter": {
            "Compose_Admins": [
              "Succeeded"
            ]
          },
          "metadata": {
            "operationMetadataId": "7fc6955c-af66-4d00-9ee4-e7880bc3ea3a"
          },
          "type": "Scope"
        },
        "Scope_Catch": {
          "actions": {
            "Send_email_to_Admin": {
              "runAfter": {},
              "metadata": {
                "operationMetadataId": "31494ed4-a790-4ba5-bc8b-b9ff2ce3ab07"
              },
              "type": "OpenApiConnection",
              "inputs": {
                "host": {
                  "connectionName": "shared_office365",
                  "operationId": "SendEmailV2",
                  "apiId": "/providers/Microsoft.PowerApps/apis/shared_office365"
                },
                "parameters": {
                  "emailMessage/To": "@join(variables('AppAdmins'),', ')",
                  "emailMessage/Subject": "Something went wrong",
                  "emailMessage/Body": "<p>An error occurred in HR365 - CLM Docu Sign ID</p>",
                  "emailMessage/Importance": "Normal"
                },
                "authentication": "@parameters('$authentication')"
              }
            }
          },
          "runAfter": {
            "Scope_Try": [
              "Failed",
              "Skipped",
              "TimedOut"
            ]
          },
          "metadata": {
            "operationMetadataId": "45b03e67-d476-4f0f-985e-e183ebf8125a"
          },
          "type": "Scope"
        },
        "Initialize_variable": {
          "runAfter": {
            "Envelope_ID": [
              "Succeeded"
            ]
          },
          "metadata": {
            "operationMetadataId": "8006fecf-33e4-410b-856a-e2d8da12e20b"
          },
          "type": "InitializeVariable",
          "inputs": {
            "variables": [
              {
                "name": "AppAdmins",
                "type": "array"
              }
            ]
          }
        },
        "Get_App_Users": {
          "runAfter": {
            "Initialize_variable": [
              "Succeeded"
            ]
          },
          "metadata": {
            "operationMetadataId": "03c94544-31da-42da-9d03-2f30d631478c"
          },
          "type": "OpenApiConnection",
          "inputs": {
            "host": {
              "connectionName": "shared_sharepointonline",
              "operationId": "HttpRequest",
              "apiId": "/providers/Microsoft.PowerApps/apis/shared_sharepointonline"
            },
            "parameters": {
              "dataset": "@parameters('SiteAddress(CL365) (hr365_SiteAddressCL365)')",
              "parameters/method": "GET",
              "parameters/uri": "_api/web/lists/getbytitle('CLM365Users')/items?$select=*&$filter=UserStatus eq 'Active' and Role eq 'Admin'",
              "parameters/headers": {
                "Accept": "application/json;odata=verbose",
                "Content-Type": "application/json"
              }
            },
            "authentication": "@parameters('$authentication')"
          }
        },
        "Apply_to_each_User": {
          "foreach": "@body('Get_App_Users')['d']['results']",
          "actions": {
            "Append_to_array_variable_2": {
              "runAfter": {},
              "metadata": {
                "operationMetadataId": "4ee2d226-6aa0-4189-9d33-e3f5f6e53a4c"
              },
              "type": "AppendToArrayVariable",
              "inputs": {
                "name": "AppAdmins",
                "value": "@items('Apply_to_each_User')['email']"
              }
            }
          },
          "runAfter": {
            "Get_App_Users": [
              "Succeeded"
            ]
          },
          "metadata": {
            "operationMetadataId": "9ea46350-b8f1-4d8a-bb8f-f7076c794e69"
          },
          "type": "Foreach"
        },
        "Compose_Admins": {
          "runAfter": {
            "Apply_to_each_User": [
              "Succeeded"
            ]
          },
          "metadata": {
            "operationMetadataId": "88bc8bd8-68d4-4e07-b0ae-d0d3019d78ff"
          },
          "type": "Compose",
          "inputs": "@variables('AppAdmins')"
        }
      }
    },
    "templateName": ""
  },
  "schemaVersion": "1.0.0.0"
}