{
  "properties": {
    "connectionReferences": {
      "shared_sharepointonline": {
        "api": {
          "name": "shared_sharepointonline"
        },
        "connection": {
          "connectionReferenceLogicalName": "hr365_sharedsharepointonline_abf2c"
        },
        "runtimeSource": "embedded"
      },
      "shared_flowmanagement": {
        "api": {
          "name": "shared_flowmanagement"
        },
        "connection": {
          "connectionReferenceLogicalName": "hr365_sharedflowmanagement_a42bd"
        },
        "runtimeSource": "embedded"
      },
      "shared_sharepointonline_1": {
        "api": {
          "name": "shared_sharepointonline"
        },
        "connection": {
          "connectionReferenceLogicalName": "hr365_sharedsharepointonline_7ef8b"
        },
        "runtimeSource": "embedded"
      },
      "shared_office365_1": {
        "api": {
          "name": "shared_office365"
        },
        "connection": {
          "connectionReferenceLogicalName": "hr365_sharedoffice365_69b13"
        },
        "runtimeSource": "embedded"
      }
    },
    "definition": {
      "$schema": "https://schema.management.azure.com/providers/Microsoft.Logic/schemas/2016-06-01/workflowdefinition.json#",
      "contentVersion": "1.0.0.0",
      "parameters": {
        "$authentication": {
          "defaultValue": {},
          "type": "SecureObject"
        },
        "$connections": {
          "defaultValue": {},
          "type": "Object"
        },
        "OBM_SiteURL (hr365_OBM_SiteURL)": {
          "defaultValue": "https://megazap.sharepoint.com/sites/EO365MSForms",
          "type": "String",
          "metadata": {
            "schemaName": "hr365_OBM_SiteURL"
          }
        },
        "SupportMailBox(OBM) (hr365_SupportMailBoxOBM)": {
          "defaultValue": "itsupport@megazap.us",
          "type": "String",
          "metadata": {
            "schemaName": "hr365_SupportMailBoxOBM"
          }
        }
      },
      "triggers": {
        "When_an_item_is_created": {
          "type": "OpenApiConnection",
          "inputs": {
            "parameters": {
              "dataset": "@parameters('OBM_SiteURL (hr365_OBM_SiteURL)')",
              "table": "HR365OBExternalEmail"
            },
            "host": {
              "apiId": "/providers/Microsoft.PowerApps/apis/shared_sharepointonline",
              "operationId": "GetOnNewItems",
              "connectionName": "shared_sharepointonline"
            }
          },
          "recurrence": {
            "frequency": "Minute",
            "interval": 3
          },
          "splitOn": "@triggerOutputs()?['body/value']",
          "metadata": {
            "operationMetadataId": "21cfa288-43a5-4172-94c0-cd3e8442a8f1"
          }
        }
      },
      "actions": {
        "Validate_MailBox_ID": {
          "type": "If",
          "expression": {
            "and": [
              {
                "equals": [
                  "@triggerOutputs()?['body/CheckMailOrMsForm']",
                  "Mailbox Integration"
                ]
              },
              {
                "contains": [
                  "@triggerOutputs()?['body/Subject']",
                  "Validating MailBox ID"
                ]
              }
            ]
          },
          "actions": {
            "Get_Flow": {
              "type": "OpenApiConnection",
              "inputs": {
                "parameters": {
                  "environmentName": "Default-b0cf01e3-ce4f-4ef4-8d15-cf1e8b082ee4",
                  "flowName": "HR365 - EO MS Form user response\n"
                },
                "host": {
                  "apiId": "/providers/Microsoft.PowerApps/apis/shared_flowmanagement",
                  "operationId": "GetFlow",
                  "connectionName": "shared_flowmanagement"
                }
              },
              "metadata": {
                "operationMetadataId": "cc2d58ce-5bbb-4963-8278-c4be67991c99"
              }
            },
            "Condition_2": {
              "type": "If",
              "expression": {
                "and": [
                  {
                    "not": {
                      "equals": [
                        "@outputs('Get_Flow')?['body/properties/definition']?['triggers']",
                        ""
                      ]
                    }
                  },
                  {
                    "not": {
                      "equals": [
                        "@outputs('Get_Flow')?['body/properties/definition']?['triggers']",
                        "@null"
                      ]
                    }
                  },
                  {
                    "not": {
                      "equals": [
                        "@outputs('Get_Flow')?['body/properties/definition']?['triggers']?['When_a_new_email_arrives_in_a_shared_mailbox_(V2)']?['inputs']?['parameters']?['mailboxAddress']",
                        ""
                      ]
                    }
                  },
                  {
                    "not": {
                      "equals": [
                        "@outputs('Get_Flow')?['body/properties/definition']?['triggers']?['When_a_new_email_arrives_in_a_shared_mailbox_(V2)']?['inputs']?['parameters']?['mailboxAddress']",
                        "@null"
                      ]
                    }
                  }
                ]
              },
              "actions": {
                "Append_to_array_variable": {
                  "type": "AppendToArrayVariable",
                  "inputs": {
                    "name": "JSONObject",
                    "value": {
                      "MailBox": "Valid",
                      "MailBoxID": "@{outputs('Get_Flow')?['body/properties/definition']?['triggers']?['When_a_new_email_arrives_in_a_shared_mailbox_(V2)']?['inputs']?['parameters']?['mailboxAddress']}"
                    }
                  },
                  "metadata": {
                    "operationMetadataId": "fe4033a4-68cf-4944-9512-a73507899676"
                  }
                },
                "Send_an_HTTP_request_to_SharePoint": {
                  "type": "OpenApiConnection",
                  "inputs": {
                    "parameters": {
                      "dataset": "@variables('ApplicationURL')",
                      "parameters/method": "POST",
                      "parameters/uri": "/_api/web/lists/getbytitle('HR365OBSettings')/items('1')",
                      "parameters/headers": {
                        "accept": "application/json;odata=verbose",
                        "content-type": "application/json;odata=verbose",
                        "IF-MATCH": "*",
                        "X-HTTP-Method": "PATCH"
                      },
                      "parameters/body": "{\n \"__metadata\": { \"type\": \"SP.Data.HR365OBSettingsListItem\" },\n     'MailBoxIntegration':'@{outputs('Compose_2')}'\n      } "
                    },
                    "host": {
                      "apiId": "/providers/Microsoft.PowerApps/apis/shared_sharepointonline",
                      "operationId": "HttpRequest",
                      "connectionName": "shared_sharepointonline"
                    }
                  },
                  "runAfter": {
                    "Compose_2": [
                      "Succeeded"
                    ]
                  },
                  "metadata": {
                    "operationMetadataId": "2a2f25c1-4141-4bbd-9e28-6c819a15405e"
                  }
                },
                "Compose_2": {
                  "type": "Compose",
                  "inputs": "@variables('JSONObject')",
                  "runAfter": {
                    "Append_to_array_variable": [
                      "Succeeded"
                    ]
                  },
                  "metadata": {
                    "operationMetadataId": "33752fe0-9e42-4cac-b7af-0801ef859d7e"
                  }
                },
                "Delete_item_2": {
                  "type": "OpenApiConnection",
                  "inputs": {
                    "parameters": {
                      "dataset": "@variables('ApplicationURL')",
                      "table": "HR365OBExternalEmail",
                      "id": "@triggerOutputs()?['body/ID']"
                    },
                    "host": {
                      "apiId": "/providers/Microsoft.PowerApps/apis/shared_sharepointonline",
                      "operationId": "DeleteItem",
                      "connectionName": "shared_sharepointonline_1"
                    }
                  },
                  "runAfter": {
                    "Send_an_HTTP_request_to_SharePoint": [
                      "Succeeded"
                    ]
                  },
                  "metadata": {
                    "operationMetadataId": "971f7910-b64b-4940-ad48-f0917f524381"
                  }
                }
              },
              "else": {
                "actions": {
                  "Send_an_HTTP_request_to_SharePoint_2": {
                    "type": "OpenApiConnection",
                    "inputs": {
                      "parameters": {
                        "dataset": "@variables('ApplicationURL')",
                        "parameters/method": "POST",
                        "parameters/uri": "/_api/web/lists/getbytitle('HR365OBSettings')/items('1')",
                        "parameters/headers": {
                          "accept": "application/json;odata=verbose",
                          "content-type": "application/json;odata=verbose",
                          "IF-MATCH": "*",
                          "X-HTTP-Method": "PATCH"
                        },
                        "parameters/body": "{\n '__metadata': { 'type': 'SP.Data.@{variables('SettingsList')}ListItem' },\n     'MailBoxIntegration':'Not Configured'\n      }"
                      },
                      "host": {
                        "apiId": "/providers/Microsoft.PowerApps/apis/shared_sharepointonline",
                        "operationId": "HttpRequest",
                        "connectionName": "shared_sharepointonline"
                      }
                    },
                    "metadata": {
                      "operationMetadataId": "1cfb82d8-bd6a-4e45-a52b-407019c397fd"
                    }
                  },
                  "Delete_item_3": {
                    "type": "OpenApiConnection",
                    "inputs": {
                      "parameters": {
                        "dataset": "@variables('ApplicationURL')",
                        "table": "HR365OBExternalEmail",
                        "id": "@triggerOutputs()?['body/ID']"
                      },
                      "host": {
                        "apiId": "/providers/Microsoft.PowerApps/apis/shared_sharepointonline",
                        "operationId": "DeleteItem",
                        "connectionName": "shared_sharepointonline_1"
                      }
                    },
                    "runAfter": {
                      "Send_an_HTTP_request_to_SharePoint_2": [
                        "Succeeded"
                      ]
                    },
                    "metadata": {
                      "operationMetadataId": "daa99bf5-9d19-42d2-81df-09f61a421620"
                    }
                  }
                }
              },
              "runAfter": {
                "Compose": [
                  "Succeeded"
                ]
              },
              "metadata": {
                "operationMetadataId": "3d795f2c-0b99-4a4d-8d2e-2473e1e23585"
              }
            },
            "Compose": {
              "type": "Compose",
              "inputs": "@outputs('Get_Flow')?['body/properties/definition']?['triggers']?['When_a_new_email_arrives_in_a_shared_mailbox_(V2)']?['inputs']?['parameters']?['mailboxAddress']",
              "runAfter": {
                "Get_Flow": [
                  "Succeeded"
                ]
              },
              "metadata": {
                "operationMetadataId": "4a40e99f-8a4a-456e-a256-d2180d2255d5"
              }
            }
          },
          "else": {
            "actions": {
              "Condition": {
                "type": "If",
                "expression": {
                  "equals": [
                    "@triggerOutputs()?['body/CheckMailOrMsForm']",
                    "MS Form"
                  ]
                },
                "actions": {
                  "Condition_3": {
                    "type": "If",
                    "expression": {
                      "equals": [
                        "@triggerOutputs()?['body/From']",
                        "Valid"
                      ]
                    },
                    "actions": {
                      "Set_variable": {
                        "type": "SetVariable",
                        "inputs": {
                          "name": "From",
                          "value": "@variables('MailBoxID')"
                        },
                        "metadata": {
                          "operationMetadataId": "30013c89-fd81-4225-912d-d7f422ec7f2d"
                        }
                      }
                    },
                    "else": {
                      "actions": {
                        "Set_variable_2": {
                          "type": "SetVariable",
                          "inputs": {
                            "name": "From",
                            "value": "@variables('MailBoxID')"
                          },
                          "metadata": {
                            "operationMetadataId": "d5f9a8f1-2c85-4d79-9270-c28ebed14fdc"
                          }
                        }
                      }
                    },
                    "metadata": {
                      "operationMetadataId": "3ea9d82b-e538-4cc1-af59-0d2e3e311b66"
                    }
                  },
                  "Send_an_email_from_a_shared_mailbox_(V2)": {
                    "type": "OpenApiConnection",
                    "inputs": {
                      "parameters": {
                        "emailMessage/MailboxAddress": "@variables('MailBoxID')",
                        "emailMessage/To": "@triggerOutputs()?['body/To']",
                        "emailMessage/Subject": "@triggerOutputs()?['body/Subject']",
                        "emailMessage/Body": "<p>@{triggerOutputs()?['body/Body']}</p>",
                        "emailMessage/Importance": "Normal"
                      },
                      "host": {
                        "apiId": "/providers/Microsoft.PowerApps/apis/shared_office365",
                        "operationId": "SharedMailboxSendEmailV2",
                        "connectionName": "shared_office365_1"
                      }
                    },
                    "runAfter": {
                      "Condition_3": [
                        "Succeeded"
                      ]
                    },
                    "metadata": {
                      "operationMetadataId": "5d9e2be2-6779-4b45-a9a5-6dd00e100c06"
                    }
                  },
                  "Delete_item": {
                    "type": "OpenApiConnection",
                    "inputs": {
                      "parameters": {
                        "dataset": "@variables('ApplicationURL')",
                        "table": "HR365OBExternalEmail",
                        "id": "@triggerOutputs()?['body/ID']"
                      },
                      "host": {
                        "apiId": "/providers/Microsoft.PowerApps/apis/shared_sharepointonline",
                        "operationId": "DeleteItem",
                        "connectionName": "shared_sharepointonline"
                      }
                    },
                    "runAfter": {
                      "Send_an_email_from_a_shared_mailbox_(V2)": [
                        "Succeeded"
                      ]
                    },
                    "metadata": {
                      "operationMetadataId": "d82c6b20-e5dd-4a05-9924-7192bf10e075"
                    }
                  }
                },
                "else": {
                  "actions": {}
                },
                "metadata": {
                  "operationMetadataId": "c0fb528b-3c23-4669-8ea6-2bd2e80862a9"
                }
              }
            }
          },
          "runAfter": {
            "Compose_3": [
              "Succeeded"
            ]
          },
          "metadata": {
            "operationMetadataId": "42c2d6d5-8554-4c16-9f1a-1f3fd046ff0b"
          }
        },
        "Settings_List_Name": {
          "type": "InitializeVariable",
          "inputs": {
            "variables": [
              {
                "name": "SettingsList",
                "type": "string"
              }
            ]
          },
          "runAfter": {
            "Application_URL": [
              "Succeeded"
            ]
          },
          "metadata": {
            "operationMetadataId": "87e385ae-4d33-4f4b-ade5-65228112766a"
          }
        },
        "Mail_Box_ID": {
          "type": "InitializeVariable",
          "inputs": {
            "variables": [
              {
                "name": "MailBoxID",
                "type": "string",
                "value": "@parameters('SupportMailBox(OBM) (hr365_SupportMailBoxOBM)')"
              }
            ]
          },
          "runAfter": {
            "Settings_List_Name": [
              "Succeeded"
            ]
          },
          "metadata": {
            "operationMetadataId": "17dead53-45fc-41df-a9bd-507dc7949989"
          }
        },
        "From": {
          "type": "InitializeVariable",
          "inputs": {
            "variables": [
              {
                "name": "From",
                "type": "string"
              }
            ]
          },
          "runAfter": {
            "JSON_Object": [
              "Succeeded"
            ]
          },
          "metadata": {
            "operationMetadataId": "3b048046-7870-4e1f-a442-4f510d8151f6"
          }
        },
        "Application_URL": {
          "type": "InitializeVariable",
          "inputs": {
            "variables": [
              {
                "name": "ApplicationURL",
                "type": "string",
                "value": "@parameters('OBM_SiteURL (hr365_OBM_SiteURL)')"
              }
            ]
          },
          "runAfter": {},
          "metadata": {
            "operationMetadataId": "69b43447-d9f3-4ef3-a220-2379c276e574"
          }
        },
        "JSON_Object": {
          "type": "InitializeVariable",
          "inputs": {
            "variables": [
              {
                "name": "JSONObject",
                "type": "array"
              }
            ]
          },
          "runAfter": {
            "Mail_Box_ID": [
              "Succeeded"
            ]
          },
          "metadata": {
            "operationMetadataId": "f51aa2cd-88a7-457b-a546-e011341eae00"
          }
        },
        "Compose_3": {
          "type": "Compose",
          "inputs": "@{triggerOutputs()?['body/Body']}@{triggerOutputs()?['body/CheckMailOrMsForm']}@{triggerOutputs()?['body/Subject']}@{triggerOutputs()?['body']}",
          "runAfter": {
            "From": [
              "Succeeded"
            ]
          },
          "metadata": {
            "operationMetadataId": "6579486c-8db4-4d36-86d0-5017f66e43d3"
          }
        }
      }
    },
    "templateName": null
  },
  "schemaVersion": "1.0.0.0"
}