{
  "properties": {
    "connectionReferences": {
      "shared_teams_1": {
        "runtimeSource": "embedded",
        "connection": {
          "connectionReferenceLogicalName": "hr365_sharedteams_9c3f9"
        },
        "api": {
          "name": "shared_teams"
        }
      },
      "shared_azuread": {
        "runtimeSource": "embedded",
        "connection": {
          "connectionReferenceLogicalName": "hr365_sharedazuread_8f599"
        },
        "api": {
          "name": "shared_azuread"
        }
      },
      "shared_sharepointonline_1": {
        "runtimeSource": "embedded",
        "connection": {
          "connectionReferenceLogicalName": "hr365_sharedsharepointonline_7c34e"
        },
        "api": {
          "name": "shared_sharepointonline"
        }
      },
      "shared_office365_3": {
        "runtimeSource": "embedded",
        "connection": {
          "connectionReferenceLogicalName": "hr365_sharedoffice365_36015"
        },
        "api": {
          "name": "shared_office365"
        }
      },
      "shared_sharepointonline": {
        "runtimeSource": "embedded",
        "connection": {
          "connectionReferenceLogicalName": "new_sharedsharepointonline_7529e"
        },
        "api": {
          "name": "shared_sharepointonline"
        }
      },
      "shared_sharepointonline_3": {
        "runtimeSource": "embedded",
        "connection": {
          "connectionReferenceLogicalName": "hr365_sharedsharepointonline_4f72f"
        },
        "api": {
          "name": "shared_sharepointonline"
        }
      }
    },
    "definition": {
      "$schema": "https://schema.management.azure.com/providers/Microsoft.Logic/schemas/2016-06-01/workflowdefinition.json#",
      "contentVersion": "1.0.0.0",
      "parameters": {
        "$connections": {
          "defaultValue": {},
          "type": "Object"
        },
        "$authentication": {
          "defaultValue": {},
          "type": "SecureObject"
        },
        "OBM_SiteURL (hr365_OBM_SiteURL)": {
          "defaultValue": "https://cubicdirect.sharepoint.com/sites/Dec19StantonChaseTestSite",
          "type": "String",
          "metadata": {
            "schemaName": "hr365_OBM_SiteURL"
          }
        },
        "SupportMailBox(OBM) (hr365_SupportMailBoxOBM)": {
          "defaultValue": "support@cubicdirect.com",
          "type": "String",
          "metadata": {
            "schemaName": "hr365_SupportMailBoxOBM"
          }
        },
        "AdminCenter URL (hr365_AdminCenterURL)": {
          "defaultValue": "https://cubicdirect-admin.sharepoint.com/",
          "type": "String",
          "metadata": {
            "schemaName": "hr365_AdminCenterURL"
          }
        }
      },
      "triggers": {
        "When_an_item_is_created": {
          "recurrence": {
            "interval": 1,
            "frequency": "Minute"
          },
          "splitOn": "@triggerOutputs()?['body/value']",
          "metadata": {
            "operationMetadataId": "3965bcab-17f0-4858-9445-71e42da0329d"
          },
          "type": "OpenApiConnection",
          "inputs": {
            "host": {
              "connectionName": "shared_sharepointonline_3",
              "operationId": "GetOnNewItems",
              "apiId": "/providers/Microsoft.PowerApps/apis/shared_sharepointonline"
            },
            "parameters": {
              "dataset": "@parameters('OBM_SiteURL (hr365_OBM_SiteURL)')",
              "table": "HR365EOUserCreated"
            },
            "authentication": "@parameters('$authentication')"
          }
        }
      },
      "actions": {
        "Flag": {
          "runAfter": {
            "Teanant": [
              "Succeeded"
            ]
          },
          "metadata": {
            "operationMetadataId": "42155163-ecd8-4542-acf3-4e07bcbaf554"
          },
          "type": "InitializeVariable",
          "inputs": {
            "variables": [
              {
                "name": "Flag",
                "type": "string"
              }
            ]
          }
        },
        "Delay": {
          "runAfter": {
            "Condition_7": [
              "Succeeded"
            ]
          },
          "metadata": {
            "operationMetadataId": "30adf60a-fa5c-4c8c-ad2b-6336db9380d0"
          },
          "type": "Wait",
          "inputs": {
            "interval": {
              "count": 2,
              "unit": "Minute"
            }
          }
        },
        "Groups": {
          "runAfter": {
            "Initialize_variable": [
              "Succeeded"
            ]
          },
          "metadata": {
            "operationMetadataId": "eb7963c8-e8da-43b7-b27c-01c5e95eeb39"
          },
          "type": "InitializeVariable",
          "inputs": {
            "variables": [
              {
                "name": "Groups",
                "type": "array"
              }
            ]
          }
        },
        "Teams": {
          "runAfter": {
            "Initialize_variable_2": [
              "Succeeded"
            ]
          },
          "metadata": {
            "operationMetadataId": "0b869d91-b7f1-467e-bb1a-5e68aa526184"
          },
          "type": "InitializeVariable",
          "inputs": {
            "variables": [
              {
                "name": "Teams",
                "type": "array"
              }
            ]
          }
        },
        "Catch": {
          "actions": {
            "Delay_2": {
              "runAfter": {},
              "metadata": {
                "operationMetadataId": "ced65652-abb3-4c25-be9e-dd100c7430b4"
              },
              "type": "Wait",
              "inputs": {
                "interval": {
                  "count": 30,
                  "unit": "Second"
                }
              }
            },
            "Apply_to_each_3": {
              "foreach": "@variables('Teams')",
              "actions": {
                "teams_try": {
                  "actions": {
                    "Add_a_member_to_a_team_2": {
                      "runAfter": {},
                      "metadata": {
                        "operationMetadataId": "393147d7-7597-4cfa-83e8-d63ad5a3aacd"
                      },
                      "type": "OpenApiConnection",
                      "inputs": {
                        "host": {
                          "connectionName": "shared_teams_1",
                          "operationId": "AddMemberToTeam",
                          "apiId": "/providers/Microsoft.PowerApps/apis/shared_teams"
                        },
                        "parameters": {
                          "teamId": "@item()",
                          "body/userId": "@variables('UserId')"
                        },
                        "authentication": "@parameters('$authentication')"
                      }
                    }
                  },
                  "runAfter": {},
                  "metadata": {
                    "operationMetadataId": "858c8d8f-c2ca-484a-b483-f22878525735"
                  },
                  "type": "Scope"
                },
                "teams_catch": {
                  "actions": {
                    "Compose_5": {
                      "runAfter": {},
                      "metadata": {
                        "operationMetadataId": "967d73bb-211a-4208-b181-7d4543c7090a"
                      },
                      "type": "Compose",
                      "inputs": "@first(result('teams_try')).outputs.body.error.message"
                    },
                    "Append_to_array_variable_4": {
                      "runAfter": {
                        "Compose_5": [
                          "Succeeded"
                        ]
                      },
                      "metadata": {
                        "operationMetadataId": "2919a5e3-8db7-4a7d-9021-ee92ef87326b"
                      },
                      "type": "AppendToArrayVariable",
                      "inputs": {
                        "name": "PendingTemas",
                        "value": "@item()"
                      }
                    }
                  },
                  "runAfter": {
                    "teams_try": [
                      "Failed",
                      "TimedOut"
                    ]
                  },
                  "metadata": {
                    "operationMetadataId": "ff3f2ce2-c079-48be-8d06-30c6f6b7af9e"
                  },
                  "type": "Scope"
                }
              },
              "runAfter": {
                "Delay_2": [
                  "Succeeded"
                ]
              },
              "metadata": {
                "operationMetadataId": "cf42a9b1-04d1-4cae-8670-457968ec9c87"
              },
              "type": "Foreach"
            },
            "Apply_to_each_4": {
              "foreach": "@variables('Groups')",
              "actions": {
                "groups_try": {
                  "actions": {
                    "Add_user_to_group_2": {
                      "runAfter": {},
                      "metadata": {
                        "operationMetadataId": "110ac4bc-4409-46db-a3a1-824c503521dc"
                      },
                      "type": "OpenApiConnection",
                      "inputs": {
                        "host": {
                          "connectionName": "shared_azuread",
                          "operationId": "AddUserToGroup",
                          "apiId": "/providers/Microsoft.PowerApps/apis/shared_azuread"
                        },
                        "parameters": {
                          "id": "@item()",
                          "body/@odata.id": "@variables('UserId')"
                        },
                        "authentication": "@parameters('$authentication')"
                      }
                    }
                  },
                  "runAfter": {},
                  "metadata": {
                    "operationMetadataId": "1e942cac-a36d-4455-914a-59a699e9e88c"
                  },
                  "type": "Scope"
                },
                "groups_catch": {
                  "actions": {
                    "Compose_6": {
                      "runAfter": {},
                      "metadata": {
                        "operationMetadataId": "c0cc25a7-87ef-47d0-af3c-b2c0a8fa235a"
                      },
                      "type": "Compose",
                      "inputs": "@first(result('groups_try')).outputs.body.error.message"
                    },
                    "Append_to_array_variable_3": {
                      "runAfter": {
                        "Compose_6": [
                          "Succeeded"
                        ]
                      },
                      "metadata": {
                        "operationMetadataId": "67e3c83f-69aa-434b-9357-d9746afef7d6"
                      },
                      "type": "AppendToArrayVariable",
                      "inputs": {
                        "name": "PendingGroups",
                        "value": "@item()"
                      }
                    },
                    "Scope_7": {
                      "actions": {
                        "HTTP_3": {
                          "runAfter": {},
                          "metadata": {
                            "operationMetadataId": "c2110537-a916-4a3d-b47b-eed92b166a7f"
                          },
                          "type": "Http",
                          "inputs": {
                            "method": "POST",
                            "uri": "https://graph.microsoft.com/v1.0/groups/@{item()}/members/$ref",
                            "headers": {
                              "Authorization": "Bearer @{outputs('Access_Token')}"
                            },
                            "body": " \"@odata.id\": \"https://graph.microsoft.com/v1.0/directoryObjects/@{variables('UserId')}\""
                          }
                        }
                      },
                      "runAfter": {
                        "Append_to_array_variable_3": [
                          "Succeeded"
                        ]
                      },
                      "metadata": {
                        "operationMetadataId": "73a9fb55-9641-448a-907c-8b65cd5ec5a6"
                      },
                      "type": "Scope"
                    },
                    "Scope_8": {
                      "actions": {},
                      "runAfter": {
                        "Scope_7": [
                          "Failed",
                          "TimedOut"
                        ]
                      },
                      "metadata": {
                        "operationMetadataId": "0c7f3b2f-6e76-4191-85a6-2381eaa80646"
                      },
                      "type": "Scope"
                    }
                  },
                  "runAfter": {
                    "groups_try": [
                      "Failed",
                      "TimedOut"
                    ]
                  },
                  "metadata": {
                    "operationMetadataId": "ecf4c74f-5692-4183-a324-2aefcfff9fd6"
                  },
                  "type": "Scope"
                }
              },
              "runAfter": {
                "Apply_to_each_3": [
                  "Succeeded"
                ]
              },
              "metadata": {
                "operationMetadataId": "bbbe9c5c-86ef-490b-8e46-399163c0af6b"
              },
              "type": "Foreach"
            },
            "Compose_7": {
              "runAfter": {
                "Apply_to_each_4": [
                  "Succeeded"
                ]
              },
              "metadata": {
                "operationMetadataId": "bdfc968d-eaa0-48eb-9de4-53d6edb95efa"
              },
              "type": "Compose",
              "inputs": "@variables('PendingTemas')"
            },
            "Compose_8": {
              "runAfter": {
                "Compose_7": [
                  "Succeeded"
                ]
              },
              "metadata": {
                "operationMetadataId": "fda3f962-7d5d-4db1-b8d3-f28d4403a581"
              },
              "type": "Compose",
              "inputs": "@variables('PendingGroups')"
            }
          },
          "runAfter": {
            "Try": [
              "Failed",
              "TimedOut",
              "Succeeded"
            ]
          },
          "metadata": {
            "operationMetadataId": "41a45e11-78c9-40cb-a753-8b6c93a6e51b"
          },
          "type": "Scope"
        },
        "Try": {
          "actions": {
            "Check_if_teams_is_ne_'Null'": {
              "actions": {
                "Loop_on_teams": {
                  "foreach": "@json(triggerOutputs()?['body/Teams'])",
                  "actions": {
                    "Scope": {
                      "actions": {
                        "Add_a_member_to_a_team": {
                          "runAfter": {},
                          "metadata": {
                            "operationMetadataId": "393147d7-7597-4cfa-83e8-d63ad5a3aacd"
                          },
                          "type": "OpenApiConnection",
                          "inputs": {
                            "host": {
                              "connectionName": "shared_teams_1",
                              "operationId": "AddMemberToTeam",
                              "apiId": "/providers/Microsoft.PowerApps/apis/shared_teams"
                            },
                            "parameters": {
                              "teamId": "@items('Loop_on_teams')?['ID']",
                              "body/userId": "@variables('UserId')"
                            },
                            "authentication": "@parameters('$authentication')"
                          }
                        }
                      },
                      "runAfter": {},
                      "metadata": {
                        "operationMetadataId": "f5e212e7-8f7f-458f-99bf-339145166274"
                      },
                      "type": "Scope"
                    },
                    "Scope_2": {
                      "actions": {
                        "Compose_3": {
                          "runAfter": {},
                          "metadata": {
                            "operationMetadataId": "d671268d-3bca-40ad-8303-42cf08d166f4"
                          },
                          "type": "Compose",
                          "inputs": "@first(result('Scope')).outputs.body.error.message"
                        },
                        "Condition_3": {
                          "actions": {
                            "Append_to_array_variable_2": {
                              "runAfter": {},
                              "metadata": {
                                "operationMetadataId": "48033c5a-73e8-44a1-be67-76450cf74c31"
                              },
                              "type": "AppendToArrayVariable",
                              "inputs": {
                                "name": "Teams",
                                "value": "@items('Loop_on_teams')?['ID']"
                              }
                            }
                          },
                          "runAfter": {
                            "Compose_3": [
                              "Succeeded"
                            ]
                          },
                          "expression": {
                            "not": {
                              "contains": [
                                "@outputs('Compose_3')",
                                "No Team found with Group id"
                              ]
                            }
                          },
                          "metadata": {
                            "operationMetadataId": "3f16b954-4ca5-4d39-a0e8-aa11b0608da3"
                          },
                          "type": "If"
                        }
                      },
                      "runAfter": {
                        "Scope": [
                          "Failed",
                          "TimedOut"
                        ]
                      },
                      "metadata": {
                        "operationMetadataId": "55e2b7b4-e68c-402c-a299-d900507a7f49"
                      },
                      "type": "Scope"
                    }
                  },
                  "runAfter": {},
                  "metadata": {
                    "operationMetadataId": "95f19fc3-18b6-4faa-9295-697df89a9d8b"
                  },
                  "type": "Foreach"
                }
              },
              "runAfter": {},
              "expression": {
                "and": [
                  {
                    "not": {
                      "equals": [
                        "@triggerOutputs()?['body/Teams']",
                        ""
                      ]
                    }
                  },
                  {
                    "not": {
                      "equals": [
                        "@triggerOutputs()?['body/Teams']",
                        "@null"
                      ]
                    }
                  }
                ]
              },
              "metadata": {
                "operationMetadataId": "aab156e8-8f70-4ece-a96d-ecfa348a5a8d"
              },
              "type": "If"
            },
            "Condition": {
              "actions": {
                "Loop_on_groups": {
                  "foreach": "@json(triggerOutputs()?['body/Groups'])",
                  "actions": {
                    "inner_try": {
                      "actions": {
                        "Add_user_to_group": {
                          "runAfter": {},
                          "metadata": {
                            "operationMetadataId": "110ac4bc-4409-46db-a3a1-824c503521dc"
                          },
                          "type": "OpenApiConnection",
                          "inputs": {
                            "host": {
                              "connectionName": "shared_azuread",
                              "operationId": "AddUserToGroup",
                              "apiId": "/providers/Microsoft.PowerApps/apis/shared_azuread"
                            },
                            "parameters": {
                              "id": "@items('Loop_on_groups')?['ID']",
                              "body/@odata.id": "@variables('UserId')"
                            },
                            "authentication": "@parameters('$authentication')"
                          }
                        }
                      },
                      "runAfter": {},
                      "metadata": {
                        "operationMetadataId": "ead82172-675b-4073-92a2-d4bf69a669ff"
                      },
                      "type": "Scope"
                    },
                    "inner_catch": {
                      "actions": {
                        "Compose_4": {
                          "runAfter": {},
                          "metadata": {
                            "operationMetadataId": "baa5a9db-77af-469d-a486-96a512dce0c9"
                          },
                          "type": "Compose",
                          "inputs": "@first(result('inner_try')).outputs.body.error.message"
                        },
                        "Condition_4": {
                          "actions": {
                            "Append_to_array_variable": {
                              "runAfter": {},
                              "metadata": {
                                "operationMetadataId": "491ae3cc-bd0a-4934-870e-b2d5e56a0da0"
                              },
                              "type": "AppendToArrayVariable",
                              "inputs": {
                                "name": "Groups",
                                "value": "@items('Loop_on_groups')?['ID']"
                              }
                            }
                          },
                          "runAfter": {
                            "Compose_4": [
                              "Succeeded"
                            ]
                          },
                          "expression": {
                            "not": {
                              "contains": [
                                "@outputs('Compose_4')",
                                "One or more added object references already exist for the following modified properties"
                              ]
                            }
                          },
                          "metadata": {
                            "operationMetadataId": "5b746da6-ae6c-4d4a-83be-7e0b0e275f50"
                          },
                          "type": "If"
                        }
                      },
                      "runAfter": {
                        "inner_try": [
                          "Failed",
                          "TimedOut"
                        ]
                      },
                      "metadata": {
                        "operationMetadataId": "78ca460a-fc36-4b1d-974c-4b2e2714fa2d"
                      },
                      "type": "Scope"
                    }
                  },
                  "runAfter": {},
                  "metadata": {
                    "operationMetadataId": "e5b0c3fc-256d-4099-9115-4e85f83a3633"
                  },
                  "type": "Foreach"
                }
              },
              "runAfter": {
                "Check_if_teams_is_ne_'Null'": [
                  "Succeeded"
                ]
              },
              "expression": {
                "and": [
                  {
                    "not": {
                      "equals": [
                        "@triggerOutputs()?['body/Groups']",
                        ""
                      ]
                    }
                  },
                  {
                    "not": {
                      "equals": [
                        "@triggerOutputs()?['body/Groups']",
                        "@null"
                      ]
                    }
                  }
                ]
              },
              "metadata": {
                "operationMetadataId": "c3e80f16-50ab-4c0a-afef-581089594c27"
              },
              "type": "If"
            }
          },
          "runAfter": {
            "Condition_10": [
              "Succeeded"
            ]
          },
          "metadata": {
            "operationMetadataId": "919c1aad-ba80-46eb-9612-07ffa05b0802"
          },
          "type": "Scope"
        },
        "Initialize_variable": {
          "runAfter": {
            "Flag": [
              "Succeeded"
            ]
          },
          "metadata": {
            "operationMetadataId": "0672db46-11a2-4d0a-984c-272b806a3a2b"
          },
          "type": "InitializeVariable",
          "inputs": {
            "variables": [
              {
                "name": "PendingGroups",
                "type": "array"
              }
            ]
          }
        },
        "Initialize_variable_2": {
          "runAfter": {
            "Groups": [
              "Succeeded"
            ]
          },
          "metadata": {
            "operationMetadataId": "f30164ce-739d-4001-a28b-fd727d1465da"
          },
          "type": "InitializeVariable",
          "inputs": {
            "variables": [
              {
                "name": "PendingTemas",
                "type": "array"
              }
            ]
          }
        },
        "Condition_5": {
          "actions": {},
          "runAfter": {
            "Catch": [
              "Succeeded"
            ]
          },
          "else": {
            "actions": {
              "Apply_to_each_5": {
                "foreach": "@json(triggerOutputs()?['body/EmailData'])",
                "actions": {
                  "Compose_2": {
                    "runAfter": {},
                    "metadata": {
                      "operationMetadataId": "f7900551-5070-4989-ae41-d4de33ee4e12"
                    },
                    "type": "Compose",
                    "inputs": "@items('Apply_to_each_5')"
                  },
                  "Set_variable": {
                    "runAfter": {
                      "Condition_2": [
                        "Succeeded"
                      ]
                    },
                    "metadata": {
                      "operationMetadataId": "b95333ee-36aa-4dea-a45f-c5e83114c8cd"
                    },
                    "type": "SetVariable",
                    "inputs": {
                      "name": "Flag",
                      "value": "@{setProperty(outputs('Compose_2'),'flag','Sent')}"
                    }
                  },
                  "Condition_2": {
                    "actions": {
                      "Condition_11": {
                        "actions": {
                          "Condition_15": {
                            "actions": {
                              "Get_attachments": {
                                "runAfter": {},
                                "metadata": {
                                  "operationMetadataId": "a0750eee-1cc3-4eb4-8f80-de2330c91d72"
                                },
                                "type": "OpenApiConnection",
                                "inputs": {
                                  "host": {
                                    "connectionName": "shared_sharepointonline_1",
                                    "operationId": "GetItemAttachments",
                                    "apiId": "/providers/Microsoft.PowerApps/apis/shared_sharepointonline"
                                  },
                                  "parameters": {
                                    "dataset": "@parameters('OBM_SiteURL (hr365_OBM_SiteURL)')",
                                    "table": "HR365OBEmailTemplates",
                                    "itemId": "@triggerOutputs()?['body/EmailTemplateID']"
                                  },
                                  "authentication": "@parameters('$authentication')"
                                }
                              },
                              "Apply_to_each_6": {
                                "foreach": "@body('Get_attachments')",
                                "actions": {
                                  "Get_attachment_content": {
                                    "runAfter": {},
                                    "metadata": {
                                      "operationMetadataId": "f8d2911a-a581-43f7-9c72-809d6a595a26"
                                    },
                                    "type": "OpenApiConnection",
                                    "inputs": {
                                      "host": {
                                        "connectionName": "shared_sharepointonline_1",
                                        "operationId": "GetAttachmentContent",
                                        "apiId": "/providers/Microsoft.PowerApps/apis/shared_sharepointonline"
                                      },
                                      "parameters": {
                                        "dataset": "@parameters('OBM_SiteURL (hr365_OBM_SiteURL)')",
                                        "table": "HR365OBEmailTemplates",
                                        "itemId": "@triggerOutputs()?['body/EmailTemplateID']",
                                        "attachmentId": "@item()?['Id']"
                                      },
                                      "authentication": "@parameters('$authentication')"
                                    }
                                  },
                                  "Append_to_array_variable_5": {
                                    "runAfter": {
                                      "Get_attachment_content": [
                                        "Succeeded"
                                      ]
                                    },
                                    "metadata": {
                                      "operationMetadataId": "7173528d-7376-4cae-8203-601fcaf0fe43"
                                    },
                                    "type": "AppendToArrayVariable",
                                    "inputs": {
                                      "name": "EmployeeEmailAttachment",
                                      "value": {
                                        "name": "@{item()?['DisplayName']}",
                                        "contentBytes": {
                                          "$content-type": "@{body('Get_attachment_content')?['$content-type']}",
                                          "$content": "@{body('Get_attachment_content')?['$content']}"
                                        }
                                      }
                                    }
                                  }
                                },
                                "runAfter": {
                                  "Get_attachments": [
                                    "Succeeded"
                                  ]
                                },
                                "metadata": {
                                  "operationMetadataId": "3f93282c-4f7f-4fe3-b7be-e2e9f61c3c8a"
                                },
                                "type": "Foreach"
                              },
                              "Compose": {
                                "runAfter": {
                                  "Apply_to_each_6": [
                                    "Succeeded"
                                  ]
                                },
                                "metadata": {
                                  "operationMetadataId": "8434697d-95c0-4bb4-be0b-c2c7bcc69403"
                                },
                                "type": "Compose",
                                "inputs": "@variables('EmployeeEmailAttachment')"
                              },
                              "Condition_12": {
                                "actions": {
                                  "Send_an_email_from_a_shared_mailbox_(V2)_3": {
                                    "runAfter": {},
                                    "metadata": {
                                      "operationMetadataId": "96ab2b8a-7750-4f4d-a941-972f2d98c580"
                                    },
                                    "type": "OpenApiConnection",
                                    "inputs": {
                                      "host": {
                                        "connectionName": "shared_office365_3",
                                        "operationId": "SharedMailboxSendEmailV2",
                                        "apiId": "/providers/Microsoft.PowerApps/apis/shared_office365"
                                      },
                                      "parameters": {
                                        "emailMessage/MailboxAddress": "@parameters('SupportMailBox(OBM) (hr365_SupportMailBoxOBM)')",
                                        "emailMessage/To": "@items('Apply_to_each_5')?['to']",
                                        "emailMessage/Subject": "@items('Apply_to_each_5')?['subject']",
                                        "emailMessage/Body": "<p>@{items('Apply_to_each_5')?['body']}</p>",
                                        "emailMessage/Cc": "@items('Apply_to_each_5')?['cc']",
                                        "emailMessage/Importance": "Normal"
                                      },
                                      "authentication": "@parameters('$authentication')"
                                    }
                                  }
                                },
                                "runAfter": {
                                  "Compose": [
                                    "Succeeded"
                                  ]
                                },
                                "else": {
                                  "actions": {
                                    "Send_an_email_from_a_shared_mailbox_(V2)_2": {
                                      "runAfter": {},
                                      "metadata": {
                                        "operationMetadataId": "0cc70f83-3f4e-4e2d-a76c-c1b32ac7a81b"
                                      },
                                      "type": "OpenApiConnection",
                                      "inputs": {
                                        "host": {
                                          "connectionName": "shared_office365_3",
                                          "operationId": "SharedMailboxSendEmailV2",
                                          "apiId": "/providers/Microsoft.PowerApps/apis/shared_office365"
                                        },
                                        "parameters": {
                                          "emailMessage/MailboxAddress": "@parameters('SupportMailBox(OBM) (hr365_SupportMailBoxOBM)')",
                                          "emailMessage/To": "@items('Apply_to_each_5')?['to']",
                                          "emailMessage/Subject": "@items('Apply_to_each_5')?['subject']",
                                          "emailMessage/Body": "<p>@{items('Apply_to_each_5')?['body']}</p>",
                                          "emailMessage/Cc": "@items('Apply_to_each_5')?['cc']",
                                          "emailMessage/Attachments": "@variables('EmployeeEmailAttachment')",
                                          "emailMessage/Importance": "Normal"
                                        },
                                        "authentication": "@parameters('$authentication')"
                                      }
                                    }
                                  }
                                },
                                "expression": {
                                  "or": [
                                    {
                                      "equals": [
                                        "@variables('EmployeeEmailAttachment')",
                                        "@null"
                                      ]
                                    },
                                    {
                                      "equals": [
                                        "@variables('EmployeeEmailAttachment')",
                                        ""
                                      ]
                                    }
                                  ]
                                },
                                "metadata": {
                                  "operationMetadataId": "67522554-1c80-44e3-bfc7-4d0985917932"
                                },
                                "type": "If"
                              }
                            },
                            "runAfter": {},
                            "else": {
                              "actions": {
                                "Get_attachments_2": {
                                  "runAfter": {},
                                  "metadata": {
                                    "operationMetadataId": "c91edf3a-cd10-4c21-a9ca-1fd0c663532d"
                                  },
                                  "type": "OpenApiConnection",
                                  "inputs": {
                                    "host": {
                                      "connectionName": "shared_sharepointonline_1",
                                      "operationId": "GetItemAttachments",
                                      "apiId": "/providers/Microsoft.PowerApps/apis/shared_sharepointonline"
                                    },
                                    "parameters": {
                                      "dataset": "@parameters('OBM_SiteURL (hr365_OBM_SiteURL)')",
                                      "table": "HR365OBEmployeeOnboard",
                                      "itemId": "@triggerOutputs()?['body/EmailTemplateID']"
                                    },
                                    "authentication": "@parameters('$authentication')"
                                  }
                                },
                                "Apply_to_each_7": {
                                  "foreach": "@body('Get_attachments_2')",
                                  "actions": {
                                    "Get_attachment_content_2": {
                                      "runAfter": {},
                                      "metadata": {
                                        "operationMetadataId": "c50d7985-3765-47ab-872f-e6bae464b4c9"
                                      },
                                      "type": "OpenApiConnection",
                                      "inputs": {
                                        "host": {
                                          "connectionName": "shared_sharepointonline_1",
                                          "operationId": "GetAttachmentContent",
                                          "apiId": "/providers/Microsoft.PowerApps/apis/shared_sharepointonline"
                                        },
                                        "parameters": {
                                          "dataset": "@parameters('OBM_SiteURL (hr365_OBM_SiteURL)')",
                                          "table": "HR365OBEmployeeOnboard",
                                          "itemId": "@triggerOutputs()?['body/EmailTemplateID']",
                                          "attachmentId": "@items('Apply_to_each_7')?['Id']"
                                        },
                                        "authentication": "@parameters('$authentication')"
                                      }
                                    },
                                    "Append_to_array_variable_6": {
                                      "runAfter": {
                                        "Get_attachment_content_2": [
                                          "Succeeded"
                                        ]
                                      },
                                      "metadata": {
                                        "operationMetadataId": "15dca96f-aad6-4419-b39d-a33ee30e4a6d"
                                      },
                                      "type": "AppendToArrayVariable",
                                      "inputs": {
                                        "name": "Profile Picture",
                                        "value": {
                                          "name": "@{items('Apply_to_each_7')?['DisplayName']}",
                                          "contentBytes": {
                                            "$content-type": "@{body('Get_attachment_content_2')?['$content-type']}",
                                            "$content": "@{body('Get_attachment_content_2')?['$content']}"
                                          }
                                        }
                                      }
                                    }
                                  },
                                  "runAfter": {
                                    "Get_attachments_2": [
                                      "Succeeded"
                                    ]
                                  },
                                  "metadata": {
                                    "operationMetadataId": "69c19c11-af9a-4d61-9ff6-8b8c1faafe32"
                                  },
                                  "type": "Foreach"
                                },
                                "Condition_16": {
                                  "actions": {
                                    "Send_an_email_from_a_shared_mailbox_(V2)_4": {
                                      "runAfter": {},
                                      "metadata": {
                                        "operationMetadataId": "0cc70f83-3f4e-4e2d-a76c-c1b32ac7a81b"
                                      },
                                      "type": "OpenApiConnection",
                                      "inputs": {
                                        "host": {
                                          "connectionName": "shared_office365_3",
                                          "operationId": "SharedMailboxSendEmailV2",
                                          "apiId": "/providers/Microsoft.PowerApps/apis/shared_office365"
                                        },
                                        "parameters": {
                                          "emailMessage/MailboxAddress": "@parameters('SupportMailBox(OBM) (hr365_SupportMailBoxOBM)')",
                                          "emailMessage/To": "@items('Apply_to_each_5')?['to']",
                                          "emailMessage/Subject": "@items('Apply_to_each_5')?['subject']",
                                          "emailMessage/Body": "<p>@{items('Apply_to_each_5')?['body']}</p>",
                                          "emailMessage/Cc": "@items('Apply_to_each_5')?['cc']",
                                          "emailMessage/Attachments": "@variables('Profile Picture')",
                                          "emailMessage/Importance": "Normal"
                                        },
                                        "authentication": "@parameters('$authentication')"
                                      }
                                    },
                                    "Send_an_HTTP_request_to_SharePoint_4": {
                                      "runAfter": {
                                        "Send_an_email_from_a_shared_mailbox_(V2)_4": [
                                          "Succeeded"
                                        ]
                                      },
                                      "metadata": {
                                        "operationMetadataId": "2072bb50-59ec-46e6-8d5f-b94e07e02f83"
                                      },
                                      "type": "OpenApiConnection",
                                      "inputs": {
                                        "host": {
                                          "connectionName": "shared_sharepointonline_1",
                                          "operationId": "HttpRequest",
                                          "apiId": "/providers/Microsoft.PowerApps/apis/shared_sharepointonline"
                                        },
                                        "parameters": {
                                          "dataset": "@parameters('OBM_SiteURL (hr365_OBM_SiteURL)')",
                                          "parameters/method": "POST",
                                          "parameters/uri": "_api/web/lists/getbytitle('HR365OBEmployeeOnboard')/items(@{triggerOutputs()?['body/EmailTemplateID']})",
                                          "parameters/headers": {
                                            "accept": "application/json;odata=verbose",
                                            "content-type": "application/json;odata=verbose",
                                            "IF-MATCH": "*",
                                            "X-HTTP-Method": "PATCH"
                                          },
                                          "parameters/body": "{\n '__metadata': { 'type': 'SP.Data.HR365OBEmployeeOnboardListItem' },\n       'SendAttachmentFlow':'No'\n      }  "
                                        },
                                        "authentication": "@parameters('$authentication')"
                                      }
                                    }
                                  },
                                  "runAfter": {
                                    "Apply_to_each_7": [
                                      "Succeeded"
                                    ]
                                  },
                                  "expression": {
                                    "not": {
                                      "equals": [
                                        "@length(variables('Profile Picture'))",
                                        0
                                      ]
                                    }
                                  },
                                  "metadata": {
                                    "operationMetadataId": "a2093cb0-9a08-443c-97a0-39f4fc65ae4b"
                                  },
                                  "type": "If"
                                }
                              }
                            },
                            "expression": {
                              "not": {
                                "equals": [
                                  "@triggerOutputs()?['body/AttachmentType']",
                                  "Profile Picture"
                                ]
                              }
                            },
                            "metadata": {
                              "operationMetadataId": "dae3d731-2d8a-4561-882e-62089a08ce50"
                            },
                            "type": "If"
                          }
                        },
                        "runAfter": {},
                        "else": {
                          "actions": {
                            "Send_an_email_from_a_shared_mailbox_(V2)": {
                              "runAfter": {},
                              "metadata": {
                                "operationMetadataId": "767f42c3-c618-420a-9e0a-6bebc124cb8b"
                              },
                              "type": "OpenApiConnection",
                              "inputs": {
                                "host": {
                                  "connectionName": "shared_office365_3",
                                  "operationId": "SharedMailboxSendEmailV2",
                                  "apiId": "/providers/Microsoft.PowerApps/apis/shared_office365"
                                },
                                "parameters": {
                                  "emailMessage/MailboxAddress": "@parameters('SupportMailBox(OBM) (hr365_SupportMailBoxOBM)')",
                                  "emailMessage/To": "@items('Apply_to_each_5')?['to']",
                                  "emailMessage/Subject": "@items('Apply_to_each_5')?['subject']",
                                  "emailMessage/Body": "<p>@{items('Apply_to_each_5')?['body']}</p>",
                                  "emailMessage/Cc": "@items('Apply_to_each_5')?['cc']",
                                  "emailMessage/Importance": "Normal"
                                },
                                "authentication": "@parameters('$authentication')"
                              }
                            }
                          }
                        },
                        "expression": {
                          "equals": [
                            "@triggerOutputs()?['body/EmailAttachment']",
                            "Yes"
                          ]
                        },
                        "metadata": {
                          "operationMetadataId": "f255e556-c19a-4b82-a45b-7bd1ccb92038"
                        },
                        "type": "If"
                      }
                    },
                    "runAfter": {
                      "Compose_2": [
                        "Succeeded"
                      ]
                    },
                    "expression": {
                      "not": {
                        "equals": [
                          "@items('Apply_to_each_5')?['flag']",
                          "Sent"
                        ]
                      }
                    },
                    "metadata": {
                      "operationMetadataId": "9a0d02a3-6dba-4dee-b8ee-3fa9c5fcb7a0"
                    },
                    "type": "If"
                  }
                },
                "runAfter": {},
                "metadata": {
                  "operationMetadataId": "a9fae2e8-1261-4ac7-835b-7bbef0fe4d7e"
                },
                "type": "Foreach"
              }
            }
          },
          "expression": {
            "or": [
              {
                "equals": [
                  "@triggerOutputs()?['body/EmailData']",
                  ""
                ]
              },
              {
                "equals": [
                  "@triggerOutputs()?['body/EmailData']",
                  "@null"
                ]
              }
            ]
          },
          "metadata": {
            "operationMetadataId": "7884c991-dec0-4701-8e37-62d8f1e9cf07"
          },
          "type": "If"
        },
        "Condition_6": {
          "actions": {},
          "runAfter": {
            "Condition_5": [
              "Succeeded"
            ]
          },
          "else": {
            "actions": {
              "Apply_to_each": {
                "foreach": "@json(triggerOutputs()?['body/SPOProperties'])",
                "actions": {
                  "Scope_3": {
                    "actions": {
                      "Send_an_HTTP_request_to_SharePoint_2": {
                        "runAfter": {},
                        "metadata": {
                          "operationMetadataId": "543e8945-2c96-46a6-904f-48a39ea6e87f"
                        },
                        "type": "OpenApiConnection",
                        "inputs": {
                          "host": {
                            "connectionName": "shared_sharepointonline",
                            "operationId": "HttpRequest",
                            "apiId": "/providers/Microsoft.PowerApps/apis/shared_sharepointonline"
                          },
                          "parameters": {
                            "dataset": "@parameters('AdminCenter URL (hr365_AdminCenterURL)')",
                            "parameters/method": "POST",
                            "parameters/uri": "/_api/SP.UserProfiles.PeopleManager/SetMultiValuedProfileProperty",
                            "parameters/headers": {
                              "Content-Type": "application/json;odata=verbose",
                              "Accept": "application/json;odata=nometadata",
                              "odata-version": ""
                            },
                            "parameters/body": "@string(item())"
                          },
                          "authentication": "@parameters('$authentication')"
                        }
                      },
                      "Scope_9": {
                        "actions": {
                          "Send_an_HTTP_request_to_SharePoint": {
                            "runAfter": {},
                            "metadata": {
                              "operationMetadataId": "543e8945-2c96-46a6-904f-48a39ea6e87f"
                            },
                            "type": "OpenApiConnection",
                            "inputs": {
                              "host": {
                                "connectionName": "shared_sharepointonline",
                                "operationId": "HttpRequest",
                                "apiId": "/providers/Microsoft.PowerApps/apis/shared_sharepointonline"
                              },
                              "parameters": {
                                "dataset": "@parameters('AdminCenter URL (hr365_AdminCenterURL)')",
                                "parameters/method": "POST",
                                "parameters/uri": "/_api/SP.UserProfiles.PeopleManager/setSingleValueProfileProperty",
                                "parameters/headers": {
                                  "Content-Type": "application/json;odata=verbose",
                                  "Accept": "application/json;odata=nometadata",
                                  "odata-version": ""
                                },
                                "parameters/body": "@string(item())"
                              },
                              "authentication": "@parameters('$authentication')"
                            }
                          }
                        },
                        "runAfter": {
                          "Send_an_HTTP_request_to_SharePoint_2": [
                            "Failed",
                            "TimedOut",
                            "Skipped"
                          ]
                        },
                        "metadata": {
                          "operationMetadataId": "55c00830-c332-4b9e-92fd-072e529670c5"
                        },
                        "type": "Scope"
                      }
                    },
                    "runAfter": {},
                    "metadata": {
                      "operationMetadataId": "1b5e50b9-24f9-43b5-90e1-9aa518e53d26"
                    },
                    "type": "Scope"
                  },
                  "Scope_4": {
                    "actions": {},
                    "runAfter": {
                      "Scope_3": [
                        "Failed",
                        "TimedOut",
                        "Skipped"
                      ]
                    },
                    "metadata": {
                      "operationMetadataId": "2222ee47-55e1-4e75-9c4f-c8cd33411907"
                    },
                    "type": "Scope"
                  }
                },
                "runAfter": {},
                "metadata": {
                  "operationMetadataId": "a9fae2e8-1261-4ac7-835b-7bbef0fe4d7e"
                },
                "type": "Foreach"
              }
            }
          },
          "expression": {
            "or": [
              {
                "equals": [
                  "@triggerOutputs()?['body/SPOProperties']",
                  ""
                ]
              },
              {
                "equals": [
                  "@triggerOutputs()?['body/SPOProperties']",
                  "@null"
                ]
              },
              {
                "equals": [
                  "@triggerOutputs()?['body/SPOProperties']",
                  "'{}'"
                ]
              }
            ]
          },
          "metadata": {
            "operationMetadataId": "7884c991-dec0-4701-8e37-62d8f1e9cf07"
          },
          "type": "If"
        },
        "ClientId": {
          "runAfter": {},
          "metadata": {
            "operationMetadataId": "b7db4207-2ac1-404d-be71-a834d2232ca7"
          },
          "type": "InitializeVariable",
          "inputs": {
            "variables": [
              {
                "name": "clientid",
                "type": "string",
                "value": "1241c723-e7d2-4fdf-8dbf-05e6a24dc344"
              }
            ]
          }
        },
        "clientsecret": {
          "runAfter": {
            "ClientId": [
              "Succeeded"
            ]
          },
          "metadata": {
            "operationMetadataId": "e89da757-554c-4541-90df-de64ced16431"
          },
          "type": "InitializeVariable",
          "inputs": {
            "variables": [
              {
                "name": "Client Secret",
                "type": "string",
                "value": "LMj8Q~PCW3tijCTVPdTZ13pT5UeTrlEsAA9J1aQq"
              }
            ]
          }
        },
        "Teanant": {
          "runAfter": {
            "clientsecret": [
              "Succeeded"
            ]
          },
          "metadata": {
            "operationMetadataId": "87479e8f-5ffd-448b-8783-a932aec1b4fe"
          },
          "type": "InitializeVariable",
          "inputs": {
            "variables": [
              {
                "name": "Teanant",
                "type": "string",
                "value": "73ca128b-1cb8-4526-88f5-48b24debb5db"
              }
            ]
          }
        },
        "GetAccessToken": {
          "runAfter": {
            "Profile_Picture_Attachement": [
              "Succeeded"
            ]
          },
          "metadata": {
            "operationMetadataId": "b005d8ac-1edb-4a80-94b7-a0bc664e5efc"
          },
          "type": "Http",
          "inputs": {
            "method": "POST",
            "uri": "https://login.microsoftonline.com/@{variables('Teanant')}/oauth2/v2.0/token",
            "headers": {
              "Content-Type": "application/x-www-form-urlencoded"
            },
            "queries": {
              "client_id": "@variables('clientid')"
            },
            "body": "client_id=@{variables('clientid')}\n&scope=https%3A%2F%2Fgraph.microsoft.com%2F.default\n&client_secret=@{variables('Client Secret')}\n&grant_type=client_credentials"
          }
        },
        "Access_Token": {
          "runAfter": {
            "GetAccessToken": [
              "Succeeded"
            ]
          },
          "metadata": {
            "operationMetadataId": "755f63b7-8f2d-41ce-b055-6b5e37973d0c"
          },
          "type": "Compose",
          "inputs": "@body('GetAccessToken')?['access_token']"
        },
        "Condition_7": {
          "actions": {
            "Condition_8": {
              "actions": {
                "Check_Manager": {
                  "actions": {
                    "Assign_Manager": {
                      "runAfter": {},
                      "metadata": {
                        "operationMetadataId": "eb4a5dc6-35fc-4278-a443-3b9ca6c31054"
                      },
                      "type": "Http",
                      "inputs": {
                        "method": "PATCH",
                        "uri": "https://graph.microsoft.com/v1.0/users/@{variables('UserId')}",
                        "headers": {
                          "Authorization": "Bearer @{outputs('Access_Token')}"
                        },
                        "body": {
                          "manager@odata.bind": "@{triggerOutputs()?['body/Manager']}"
                        }
                      }
                    }
                  },
                  "runAfter": {
                    "Set_variable_4": [
                      "Succeeded"
                    ]
                  },
                  "expression": {
                    "and": [
                      {
                        "not": {
                          "equals": [
                            "@triggerOutputs()?['body/Manager']",
                            "@null"
                          ]
                        }
                      },
                      {
                        "not": {
                          "equals": [
                            "@triggerOutputs()?['body/Manager']",
                            ""
                          ]
                        }
                      }
                    ]
                  },
                  "metadata": {
                    "operationMetadataId": "80dd5516-4dd7-4419-9a6f-a9e4e434f218"
                  },
                  "type": "If"
                },
                "Set_variable_4": {
                  "runAfter": {
                    "Create_User": [
                      "Succeeded"
                    ]
                  },
                  "metadata": {
                    "operationMetadataId": "0b42a154-2374-48c6-afaf-0dee826112a2"
                  },
                  "type": "SetVariable",
                  "inputs": {
                    "name": "UserId",
                    "value": "@{body('Create_User')?['id']}"
                  }
                },
                "Create_User": {
                  "runAfter": {},
                  "metadata": {
                    "operationMetadataId": "5350d46b-68f6-49ee-85f4-0e464a011c4c"
                  },
                  "type": "Http",
                  "inputs": {
                    "method": "POST",
                    "uri": "https://graph.microsoft.com/beta/users",
                    "headers": {
                      "Authorization": "Bearer @{outputs('Access_Token')}"
                    },
                    "body": "@json(triggerOutputs()?['body/UserObject'])"
                  }
                },
                "Send_an_HTTP_request_to_SharePoint_3": {
                  "runAfter": {
                    "Check_Manager": [
                      "Succeeded"
                    ]
                  },
                  "metadata": {
                    "operationMetadataId": "1abe242f-4f2c-4d4f-95a6-74847d61ce2a"
                  },
                  "type": "OpenApiConnection",
                  "inputs": {
                    "host": {
                      "connectionName": "shared_sharepointonline_1",
                      "operationId": "HttpRequest",
                      "apiId": "/providers/Microsoft.PowerApps/apis/shared_sharepointonline"
                    },
                    "parameters": {
                      "dataset": "@parameters('OBM_SiteURL (hr365_OBM_SiteURL)')",
                      "parameters/method": "GET",
                      "parameters/uri": "_api/web/SiteUsers?$filter=Email eq'@{body('Create_User')?['userPrincipalName']}'",
                      "parameters/headers": {
                        "accept": "application/json;odata=verbose"
                      }
                    },
                    "authentication": "@parameters('$authentication')"
                  }
                },
                "Condition_14": {
                  "actions": {
                    "Scope_11": {
                      "actions": {
                        "HTTP": {
                          "runAfter": {},
                          "metadata": {
                            "operationMetadataId": "82397eb7-96ff-46b1-838b-c5c9f6b2dff3"
                          },
                          "type": "Http",
                          "inputs": {
                            "method": "POST",
                            "uri": "https://graph.microsoft.com/v1.0/users/@{body('Create_User')?['id']}/assignLicense",
                            "headers": {
                              "Authorization": "Bearer @{outputs('Access_Token')}"
                            },
                            "body": "@json(triggerOutputs()?['body/Licenses'])"
                          }
                        }
                      },
                      "runAfter": {},
                      "metadata": {
                        "operationMetadataId": "96e63259-7980-49d6-ad55-91b12511447e"
                      },
                      "type": "Scope"
                    }
                  },
                  "runAfter": {
                    "Compose_10": [
                      "Succeeded"
                    ]
                  },
                  "expression": {
                    "and": [
                      {
                        "not": {
                          "equals": [
                            "@json(triggerOutputs()?['body/Licenses'])?['addLicenses']",
                            null
                          ]
                        }
                      },
                      {
                        "not": {
                          "equals": [
                            "@json(triggerOutputs()?['body/Licenses'])?['addLicenses']",
                            "undefined"
                          ]
                        }
                      },
                      {
                        "not": {
                          "equals": [
                            "@length(json(triggerOutputs()?['body/Licenses'])?['addLicenses'])",
                            0
                          ]
                        }
                      }
                    ]
                  },
                  "metadata": {
                    "operationMetadataId": "61d8e55a-18a5-448f-baad-fb5fdc6a6191"
                  },
                  "type": "If"
                },
                "Compose_10": {
                  "runAfter": {
                    "Send_an_HTTP_request_to_SharePoint_3": [
                      "Succeeded"
                    ]
                  },
                  "metadata": {
                    "operationMetadataId": "94db31a9-ec46-4646-9b04-0c362efee16e"
                  },
                  "type": "Compose",
                  "inputs": "@length(json(triggerOutputs()?['body/Licenses'])?['addLicenses'])"
                }
              },
              "runAfter": {},
              "expression": {
                "equals": [
                  "@triggerOutputs()?['body/NewUserCreation']",
                  "Yes"
                ]
              },
              "metadata": {
                "operationMetadataId": "b1ccfdd0-49a7-4754-bf00-4ffdd51de613"
              },
              "type": "If"
            },
            "Condition_9": {
              "actions": {
                "Scope_10": {
                  "actions": {
                    "Check_Manager_4": {
                      "actions": {
                        "Assign_Manager_4": {
                          "runAfter": {},
                          "metadata": {
                            "operationMetadataId": "eb4a5dc6-35fc-4278-a443-3b9ca6c31054"
                          },
                          "type": "Http",
                          "inputs": {
                            "method": "PATCH",
                            "uri": "https://graph.microsoft.com/v1.0/users/@{variables('UserId')}",
                            "headers": {
                              "Authorization": "@{outputs('Access_Token')}"
                            },
                            "body": {
                              "manager@odata.bind": "@{triggerOutputs()?['body/Manager']}"
                            }
                          }
                        }
                      },
                      "runAfter": {},
                      "expression": {
                        "and": [
                          {
                            "not": {
                              "equals": [
                                "@triggerOutputs()?['body/Manager']",
                                "@null"
                              ]
                            }
                          },
                          {
                            "not": {
                              "equals": [
                                "@triggerOutputs()?['body/Manager']",
                                ""
                              ]
                            }
                          }
                        ]
                      },
                      "metadata": {
                        "operationMetadataId": "80dd5516-4dd7-4419-9a6f-a9e4e434f218"
                      },
                      "type": "If"
                    }
                  },
                  "runAfter": {
                    "Condition_17": [
                      "Succeeded"
                    ]
                  },
                  "metadata": {
                    "operationMetadataId": "b6aaa8a8-b5bd-4322-ae55-737ae963322c"
                  },
                  "type": "Scope"
                },
                "Condition_17": {
                  "actions": {},
                  "runAfter": {
                    "HTTP_2": [
                      "Succeeded"
                    ]
                  },
                  "expression": {
                    "equals": [
                      "",
                      ""
                    ]
                  },
                  "metadata": {
                    "operationMetadataId": "a3533510-3c4e-4287-8b0d-4f28c3cdbc78"
                  },
                  "type": "If"
                },
                "HTTP_2": {
                  "runAfter": {},
                  "metadata": {
                    "operationMetadataId": "c5f16f86-a17b-453a-acfe-fb70eecec50f"
                  },
                  "type": "Http",
                  "inputs": {
                    "method": "PATCH",
                    "uri": "https://graph.microsoft.com/beta/users/@{variables('UserId')}",
                    "headers": {
                      "Authorization": "Bearer @{outputs('Access_Token')}"
                    },
                    "body": "@json(triggerOutputs()?['body/UpdateAdProperties'])"
                  }
                }
              },
              "runAfter": {
                "Condition_8": [
                  "Succeeded"
                ]
              },
              "else": {
                "actions": {
                  "Check_Manager_3": {
                    "actions": {
                      "Assign_Manager_3": {
                        "runAfter": {},
                        "metadata": {
                          "operationMetadataId": "eb4a5dc6-35fc-4278-a443-3b9ca6c31054"
                        },
                        "type": "Http",
                        "inputs": {
                          "method": "PATCH",
                          "uri": "https://graph.microsoft.com/v1.0/users/@{variables('UserId')}",
                          "headers": {
                            "Authorization": "@{outputs('Access_Token')}"
                          },
                          "body": {
                            "manager@odata.bind": "@{triggerOutputs()?['body/Manager']}"
                          }
                        }
                      }
                    },
                    "runAfter": {},
                    "expression": {
                      "and": [
                        {
                          "not": {
                            "equals": [
                              "@triggerOutputs()?['body/Manager']",
                              "@null"
                            ]
                          }
                        },
                        {
                          "not": {
                            "equals": [
                              "@triggerOutputs()?['body/Manager']",
                              ""
                            ]
                          }
                        }
                      ]
                    },
                    "metadata": {
                      "operationMetadataId": "80dd5516-4dd7-4419-9a6f-a9e4e434f218"
                    },
                    "type": "If"
                  }
                }
              },
              "expression": {
                "and": [
                  {
                    "not": {
                      "equals": [
                        "@triggerOutputs()?['body/UpdateAdProperties']",
                        "@null"
                      ]
                    }
                  },
                  {
                    "not": {
                      "equals": [
                        "@triggerOutputs()?['body/UpdateAdProperties']",
                        ""
                      ]
                    }
                  }
                ]
              },
              "metadata": {
                "operationMetadataId": "ea68c4a0-e477-4f26-8752-75eee689ce59"
              },
              "type": "If"
            }
          },
          "runAfter": {
            "Access_Token": [
              "Succeeded"
            ]
          },
          "expression": {
            "and": [
              {
                "not": {
                  "equals": [
                    "@outputs('Access_Token')",
                    "@null"
                  ]
                }
              },
              {
                "not": {
                  "equals": [
                    "@outputs('Access_Token')",
                    ""
                  ]
                }
              }
            ]
          },
          "metadata": {
            "operationMetadataId": "f09e2d5c-b568-4ec1-8528-3fe430e11c8b"
          },
          "type": "If"
        },
        "Userid": {
          "runAfter": {
            "Teams": [
              "Succeeded"
            ]
          },
          "metadata": {
            "operationMetadataId": "45371f54-e0a6-479c-bfa6-e474f790b9fd"
          },
          "type": "InitializeVariable",
          "inputs": {
            "variables": [
              {
                "name": "UserId",
                "type": "string",
                "value": "@{triggerOutputs()?['body/UserId']}"
              }
            ]
          }
        },
        "Condition_10": {
          "actions": {
            "Apply_to_each_2": {
              "foreach": "@split(triggerOutputs()?['body/RemoveGroups'],',')",
              "actions": {
                "Scope_5": {
                  "actions": {
                    "Remove_Member_From_Group": {
                      "runAfter": {},
                      "metadata": {
                        "operationMetadataId": "ad1c9e65-c3f5-42cc-8eb9-cbfce692da08"
                      },
                      "type": "OpenApiConnection",
                      "inputs": {
                        "host": {
                          "connectionName": "shared_azuread",
                          "operationId": "RemoveMemberFromGroup",
                          "apiId": "/providers/Microsoft.PowerApps/apis/shared_azuread"
                        },
                        "parameters": {
                          "groupId": "@item()",
                          "memberId": "@variables('UserId')"
                        },
                        "authentication": "@parameters('$authentication')"
                      }
                    }
                  },
                  "runAfter": {},
                  "metadata": {
                    "operationMetadataId": "41a45555-57b9-46b1-8cde-c2e5f4d206ce"
                  },
                  "type": "Scope"
                },
                "Scope_6": {
                  "actions": {},
                  "runAfter": {
                    "Scope_5": [
                      "Succeeded",
                      "Failed",
                      "Skipped",
                      "TimedOut"
                    ]
                  },
                  "metadata": {
                    "operationMetadataId": "ce153d34-2c7a-4c0e-be8c-df8d6206df25"
                  },
                  "type": "Scope"
                }
              },
              "runAfter": {},
              "metadata": {
                "operationMetadataId": "a744e80b-748a-4e87-ae62-44cbfffc64a7"
              },
              "type": "Foreach"
            }
          },
          "runAfter": {
            "Delay": [
              "Succeeded"
            ]
          },
          "expression": {
            "and": [
              {
                "not": {
                  "equals": [
                    "@triggerOutputs()?['body/RemoveGroups']",
                    ""
                  ]
                }
              },
              {
                "not": {
                  "equals": [
                    "@triggerOutputs()?['body/RemoveGroups']",
                    null
                  ]
                }
              }
            ]
          },
          "metadata": {
            "operationMetadataId": "54581af6-7f48-49da-88c5-0783b19eb2e2"
          },
          "type": "If"
        },
        "Employee_Email_Attachment": {
          "runAfter": {
            "Userid": [
              "Succeeded"
            ]
          },
          "metadata": {
            "operationMetadataId": "0d905a91-56b8-43d5-98e4-8fb7bc55549a"
          },
          "type": "InitializeVariable",
          "inputs": {
            "variables": [
              {
                "name": "EmployeeEmailAttachment",
                "type": "array"
              }
            ]
          }
        },
        "Condition_13": {
          "actions": {
            "Delay_4": {
              "runAfter": {},
              "metadata": {
                "operationMetadataId": "59cb669f-8325-48e6-a657-76b7e488992b"
              },
              "type": "Wait",
              "inputs": {
                "interval": {
                  "count": 10,
                  "unit": "Minute"
                }
              }
            },
            "Send_an_HTTP_request_to_SharePoint_6": {
              "runAfter": {
                "Send_an_HTTP_request_to_SharePoint_7": [
                  "Succeeded"
                ]
              },
              "metadata": {
                "operationMetadataId": "2072bb50-59ec-46e6-8d5f-b94e07e02f83"
              },
              "type": "OpenApiConnection",
              "inputs": {
                "host": {
                  "connectionName": "shared_sharepointonline_1",
                  "operationId": "HttpRequest",
                  "apiId": "/providers/Microsoft.PowerApps/apis/shared_sharepointonline"
                },
                "parameters": {
                  "dataset": "@parameters('OBM_SiteURL (hr365_OBM_SiteURL)')",
                  "parameters/method": "POST",
                  "parameters/uri": "_api/web/lists/getbytitle('HR365OBUsers')/items",
                  "parameters/headers": {
                    "accept": "application/json;odata=verbose",
                    "content-type": "application/json;odata=verbose"
                  },
                  "parameters/body": "{\n '__metadata': { 'type': 'SP.Data.HR365OBUsersListItem' },\n  \"UserId\": @{body('Send_an_HTTP_request_to_SharePoint_7')?['d']?['Id']},\n      \"UserRole\": \"User\",\n      \"GuidID\": \"@{body('Create_User')?['id']}\",\n      \"Department\": \"@{body('Create_User')?['department']}\",\n      \"Location\": \"@{body('Create_User')?['officeLocation']}\",\n      \"Designation\": \"@{body('Create_User')?['jobTitle']}\",\n      \"Email\": \"@{body('Send_an_HTTP_request_to_SharePoint_7')?['d']?['LoginName']}\",\n      \"HireDate\": \"@{body('Create_User')?['employeeHireDate']}\",\n      \"UserStatus\": \"Active\"\n      }  "
                },
                "authentication": "@parameters('$authentication')"
              }
            },
            "Send_an_HTTP_request_to_SharePoint_7": {
              "runAfter": {
                "Delay_4": [
                  "Succeeded"
                ]
              },
              "metadata": {
                "operationMetadataId": "761bd908-0961-4404-96f4-c6cd48dfc6fd"
              },
              "type": "OpenApiConnection",
              "inputs": {
                "host": {
                  "connectionName": "shared_sharepointonline_1",
                  "operationId": "HttpRequest",
                  "apiId": "/providers/Microsoft.PowerApps/apis/shared_sharepointonline"
                },
                "parameters": {
                  "dataset": "@parameters('OBM_SiteURL (hr365_OBM_SiteURL)')",
                  "parameters/method": "POST",
                  "parameters/uri": "_api/web/ensureuser",
                  "parameters/headers": {
                    "accept": "application/json;odata=verbose",
                    "Content-Type": "application/json;odata=nometadata"
                  },
                  "parameters/body": "{\n    \"logonName\": \"i:0#.f|membership|@{body('Create_User')?['userPrincipalName']}\"\n  }\n"
                },
                "authentication": "@parameters('$authentication')"
              }
            }
          },
          "runAfter": {
            "Condition_6": [
              "Succeeded"
            ]
          },
          "expression": {
            "equals": [
              "@triggerOutputs()?['body/NewUserCreation']",
              "Yes"
            ]
          },
          "metadata": {
            "operationMetadataId": "71084d0f-3667-4d78-9a90-2df317a577a9"
          },
          "type": "If"
        },
        "Profile_Picture_Attachement": {
          "runAfter": {
            "Employee_Email_Attachment": [
              "Succeeded"
            ]
          },
          "metadata": {
            "operationMetadataId": "c6e2c03a-fac7-4714-8e42-5d1906706c7d"
          },
          "type": "InitializeVariable",
          "inputs": {
            "variables": [
              {
                "name": "Profile Picture",
                "type": "array"
              }
            ]
          }
        }
      }
    },
    "templateName": ""
  },
  "schemaVersion": "1.0.0.0"
}