{
  "properties": {
    "connectionReferences": {
      "shared_microsoftforms_1": {
        "runtimeSource": "embedded",
        "connection": {
          "connectionReferenceLogicalName": "hr365_sharedmicrosoftforms_b246b"
        },
        "api": {
          "name": "shared_microsoftforms"
        }
      },
      "shared_sharepointonline": {
        "runtimeSource": "embedded",
        "connection": {
          "connectionReferenceLogicalName": "hr365_sharedsharepointonline_7c34e"
        },
        "api": {
          "name": "shared_sharepointonline"
        }
      },
      "shared_office365users_1": {
        "runtimeSource": "embedded",
        "connection": {
          "connectionReferenceLogicalName": "hr365_sharedoffice365users_e703a"
        },
        "api": {
          "name": "shared_office365users"
        }
      },
      "shared_sharepointonline_1": {
        "runtimeSource": "embedded",
        "connection": {
          "connectionReferenceLogicalName": "hr365_sharedsharepointonline_d2a35"
        },
        "api": {
          "name": "shared_sharepointonline"
        }
      },
      "shared_office365": {
        "runtimeSource": "embedded",
        "connection": {
          "connectionReferenceLogicalName": "hr365_sharedoffice365_fb68d"
        },
        "api": {
          "name": "shared_office365"
        }
      }
    },
    "definition": {
      "$schema": "https://schema.management.azure.com/providers/Microsoft.Logic/schemas/2016-06-01/workflowdefinition.json#",
      "contentVersion": "1.0.0.0",
      "parameters": {
        "$connections": {
          "defaultValue": {},
          "type": "Object"
        },
        "$authentication": {
          "defaultValue": {},
          "type": "SecureObject"
        },
        "MSFormIdGuestUser(OBM) (hr365_MSFormIdGuestUserOBM)": {
          "defaultValue": "ixLKc7gcJkWI9UiyTeu12xJGcJoImYBJqk6ViHr2ihNURDk0SUtFSkFLSkNNMkxSM05YQlM4OVJDQy4u",
          "type": "String",
          "metadata": {
            "schemaName": "hr365_MSFormIdGuestUserOBM"
          }
        },
        "ClientId (hr365_ClientId)": {
          "defaultValue": "a386b341-c69a-4f50-bf90-42a0a06071b2",
          "type": "String",
          "metadata": {
            "schemaName": "hr365_ClientId"
          }
        },
        "ClientSecret (hr365_ClientSecret)": {
          "defaultValue": "GrH8Q~6E-h2teNfeZz4Eo.E4fWTRPf4F7g2Evbd9",
          "type": "String",
          "metadata": {
            "schemaName": "hr365_ClientSecret"
          }
        },
        "TenantId (hr365_TenantId)": {
          "defaultValue": "b0cf01e3-ce4f-4ef4-8d15-cf1e8b082ee4",
          "type": "String",
          "metadata": {
            "schemaName": "hr365_TenantId"
          }
        },
        "OBM_SiteURL (hr365_OBM_SiteURL)": {
          "defaultValue": "https://cubicdirect.sharepoint.com/sites/EO365_AC20BO",
          "type": "String",
          "metadata": {
            "schemaName": "hr365_OBM_SiteURL"
          }
        },
        "Application_URL(EO365) (hr365_Application_URLEO365)": {
          "defaultValue": "https://cubicdirect.sharepoint.com/sites/EO365_AC20BO/SitePages/EO365.aspx#/",
          "type": "String",
          "metadata": {
            "schemaName": "hr365_Application_URLEO365"
          }
        },
        "Assessment Name (hr365_AssessmentName)": {
          "defaultValue": "Software Developer Assessment-CL",
          "type": "String",
          "metadata": {
            "schemaName": "hr365_AssessmentName"
          }
        },
        "EO365AppCatalogue (hr365_EO365AppCatalogue)": {
          "defaultValue": "EO365GuestUsers",
          "type": "String",
          "metadata": {
            "schemaName": "hr365_EO365AppCatalogue"
          }
        }
      },
      "triggers": {
        "When_a_new_response_is_submitted": {
          "splitOn": "@triggerOutputs()?['body/value']",
          "metadata": {
            "operationMetadataId": "c5981b30-601d-4f97-ad2d-783409086d35"
          },
          "type": "OpenApiConnectionWebhook",
          "inputs": {
            "host": {
              "connectionName": "shared_microsoftforms_1",
              "operationId": "CreateFormWebhook",
              "apiId": "/providers/Microsoft.PowerApps/apis/shared_microsoftforms"
            },
            "parameters": {
              "form_id": "@parameters('MSFormIdGuestUser(OBM) (hr365_MSFormIdGuestUserOBM)')"
            },
            "authentication": "@parameters('$authentication')"
          }
        }
      },
      "actions": {
        "Get_response_details": {
          "runAfter": {},
          "metadata": {
            "operationMetadataId": "df1c47a3-e7d3-49b1-9b68-d87ed3ed8ad6"
          },
          "type": "OpenApiConnection",
          "inputs": {
            "host": {
              "connectionName": "shared_microsoftforms_1",
              "operationId": "GetFormResponseById",
              "apiId": "/providers/Microsoft.PowerApps/apis/shared_microsoftforms"
            },
            "parameters": {
              "form_id": "@parameters('MSFormIdGuestUser(OBM) (hr365_MSFormIdGuestUserOBM)')",
              "response_id": "@triggerOutputs()?['body/resourceData/responseId']"
            },
            "authentication": "@parameters('$authentication')"
          }
        },
        "Client_Secret": {
          "runAfter": {
            "Tenant_ID": [
              "Succeeded"
            ]
          },
          "metadata": {
            "operationMetadataId": "b7db4207-2ac1-404d-be71-a834d2232ca7"
          },
          "type": "InitializeVariable",
          "inputs": {
            "variables": [
              {
                "name": "ClientSecret",
                "type": "string",
                "value": "@parameters('ClientSecret (hr365_ClientSecret)')"
              }
            ]
          }
        },
        "Client_ID": {
          "runAfter": {
            "Get_response_details": [
              "Succeeded"
            ]
          },
          "metadata": {
            "operationMetadataId": "b7db4207-2ac1-404d-be71-a834d2232ca7"
          },
          "type": "InitializeVariable",
          "inputs": {
            "variables": [
              {
                "name": "ClientId",
                "type": "string",
                "value": "@parameters('ClientId (hr365_ClientId)')"
              }
            ]
          }
        },
        "Tenant_ID": {
          "runAfter": {
            "Client_ID": [
              "Succeeded"
            ]
          },
          "metadata": {
            "operationMetadataId": "b7db4207-2ac1-404d-be71-a834d2232ca7"
          },
          "type": "InitializeVariable",
          "inputs": {
            "variables": [
              {
                "name": "TenantID",
                "type": "string",
                "value": "@parameters('TenantId (hr365_TenantId)')"
              }
            ]
          }
        },
        "HTTP_-_Check_if_User_Exist_by_email": {
          "runAfter": {
            "Assessment_GUID": [
              "Succeeded"
            ]
          },
          "metadata": {
            "operationMetadataId": "7bbad087-062d-457f-862f-7ed8d94980d3"
          },
          "type": "Http",
          "inputs": {
            "method": "GET",
            "uri": "https://graph.microsoft.com/v1.0/users?$top=999&$filter=mail eq '@{variables('MSEmail')}'&$select=id ",
            "authentication": {
              "type": "ActiveDirectoryOAuth",
              "tenant": "@variables('TenantID')",
              "audience": "https://graph.microsoft.com/",
              "clientId": "@variables('ClientId')",
              "secret": "@variables('ClientSecret')"
            }
          }
        },
        "Parse_JSON": {
          "runAfter": {
            "HTTP_-_Check_if_User_Exist_by_email": [
              "Succeeded"
            ]
          },
          "metadata": {
            "operationMetadataId": "2e6ec58e-d3d2-44c8-a5d5-b1040341dded"
          },
          "type": "ParseJson",
          "inputs": {
            "content": "@body('HTTP_-_Check_if_User_Exist_by_email')",
            "schema": {}
          }
        },
        "Check_if_user_exist_or_not": {
          "actions": {
            "HTTP_-_Add_Guest_User": {
              "runAfter": {},
              "metadata": {
                "operationMetadataId": "67ed0bea-fa32-4af8-a273-a9c2314393cb"
              },
              "type": "Http",
              "inputs": {
                "method": "POST",
                "uri": "https://graph.microsoft.com/v1.0/invitations",
                "headers": {
                  "Content-type": "application/json"
                },
                "body": {
                  "invitedUserDisplayName": "@{concat(outputs('Get_response_details')?['body/r5348d74d36684ce5be5cc1191074791b'],' ',outputs('Get_response_details')?['body/r7834bf6541f54d3986afd04dc55c6475'])}",
                  "invitedUserEmailAddress": "@{variables('MSEmail')}",
                  "sendInvitationMessage": false,
                  "inviteRedirectUrl": "https://www.cubiclogics.com"
                },
                "authentication": {
                  "type": "ActiveDirectoryOAuth",
                  "tenant": "@variables('TenantID')",
                  "audience": "https://graph.microsoft.com",
                  "clientId": "@variables('ClientId')",
                  "secret": "@variables('ClientSecret')"
                }
              }
            },
            "Give_site_access_to_the_guest_user": {
              "runAfter": {
                "Condition": [
                  "Succeeded"
                ]
              },
              "metadata": {
                "operationMetadataId": "b4c317bb-e5d5-4fd4-a8d4-56554ed09093"
              },
              "type": "OpenApiConnection",
              "inputs": {
                "host": {
                  "connectionName": "shared_sharepointonline",
                  "operationId": "HttpRequest",
                  "apiId": "/providers/Microsoft.PowerApps/apis/shared_sharepointonline"
                },
                "parameters": {
                  "dataset": "@parameters('OBM_SiteURL (hr365_OBM_SiteURL)')",
                  "parameters/method": "POST",
                  "parameters/uri": "/_api/Web/SiteGroups/GetByName('@{variables('SiteName')} Members')/Users",
                  "parameters/headers": {
                    "accept": "application/json;odata=verbose",
                    "content-type": "application/json;odata=verbose"
                  },
                  "parameters/body": "{\n          \"__metadata\": {\"type\":\"SP.User\"},\n          \"LoginName\": \"@{concat('i:0#.f|membership|',outputs('Get_user_profile_of_guest_user')?['body/userPrincipalName'])}\"        }"
                },
                "authentication": "@parameters('$authentication')"
              }
            },
            "Get_user_profile_of_guest_user": {
              "runAfter": {
                "Guest_user_ID": [
                  "Succeeded"
                ]
              },
              "metadata": {
                "operationMetadataId": "44b07218-b3af-44f8-ab66-895e8e2194c7"
              },
              "type": "OpenApiConnection",
              "inputs": {
                "host": {
                  "connectionName": "shared_office365users_1",
                  "operationId": "UserProfile_V2",
                  "apiId": "/providers/Microsoft.PowerApps/apis/shared_office365users"
                },
                "parameters": {
                  "id": "@outputs('Guest_user_ID')"
                },
                "authentication": "@parameters('$authentication')"
              }
            },
            "Guest_user_ID": {
              "runAfter": {
                "Delay": [
                  "Succeeded"
                ]
              },
              "metadata": {
                "operationMetadataId": "3c914a54-8bde-4709-b5c3-4f1ee11a7991"
              },
              "type": "Compose",
              "inputs": "@body('HTTP_-_Add_Guest_User')['invitedUser']['id']"
            },
            "Send_email_to_guest_user": {
              "runAfter": {
                "Send_an_email_(V2)": [
                  "Failed"
                ]
              },
              "metadata": {
                "operationMetadataId": "c7dfaa4a-d97f-4c53-95c7-9309c440c492"
              },
              "type": "OpenApiConnection",
              "inputs": {
                "host": {
                  "connectionName": "shared_sharepointonline",
                  "operationId": "HttpRequest",
                  "apiId": "/providers/Microsoft.PowerApps/apis/shared_sharepointonline"
                },
                "parameters": {
                  "dataset": "@parameters('OBM_SiteURL (hr365_OBM_SiteURL)')",
                  "parameters/method": "POST",
                  "parameters/uri": "_api/SP.Utilities.Utility.SendEmail",
                  "parameters/headers": {
                    "Content-Type": "application/json;odata=nometadata",
                    "Accept": "application/json;odata=nometadata"
                  },
                  "parameters/body": "{\n\"properties\":{\n\"From\": \"no-reply@sharepointonline.com\",\n\"To\": [\"@{variables('MSEmail')}\"],\n\"Body\": \"@{variables('EmailBody')}\",\n\"Subject\": \"Inviting you to complete your technical assessment - @{parameters('Assessment Name (hr365_AssessmentName)')}\"\n}\n}"
                },
                "authentication": "@parameters('$authentication')"
              }
            },
            "Set_Emailbody": {
              "runAfter": {
                "Apply_to_each": [
                  "Succeeded"
                ]
              },
              "metadata": {
                "operationMetadataId": "a3fea81f-3a8a-4cd3-b970-fbd58af817d4"
              },
              "type": "SetVariable",
              "inputs": {
                "name": "EmailBody",
                "value": "Hi @{variables('MSFullName')},\n<br>\n<br>\nWe hope this email finds you well.\n<br>\n<br>\nWe are excited to invite you to begin your assessment with Cubic Logics! Your journey starts now by completing the registration process please <a target='_blank' style='color:blue' href='@{parameters('Application_URL(EO365) (hr365_Application_URLEO365)')}'>Click here</a> to start your registration process with your registered email id - @{outputs('Get_response_details')?['body/r8f98e6a84f8742fab5c3c137a575138f']}\n<br>\n<br>\nIf you encounter any challenges or have queries about the assessment platform, please feel free to contact us at +91 8095010000 or +91 8095397934.\n<br>\nWe are committed to assisting you at every stage of the process.\n<br>\n<br>\nThank you for your participation and best of luck!\n<br>\n<br>\nWarm regards,\n<br>\nCubic Logics Pvt Ltd\n<br>\n<a style='color:blue' href='www.cubiclogics.com' target>www.cubiclogics.com</a>"
              }
            },
            "Get_user": {
              "runAfter": {
                "Send_email_to_guest_user": [
                  "Succeeded",
                  "Skipped"
                ]
              },
              "metadata": {
                "operationMetadataId": "38d93c8d-2f0e-4c31-85fb-feb3ca0bf63c"
              },
              "type": "OpenApiConnection",
              "inputs": {
                "host": {
                  "connectionName": "shared_sharepointonline",
                  "operationId": "GetItems",
                  "apiId": "/providers/Microsoft.PowerApps/apis/shared_sharepointonline"
                },
                "parameters": {
                  "dataset": "@parameters('OBM_SiteURL (hr365_OBM_SiteURL)')",
                  "table": "HR365OBEmployeeOnboard",
                  "$filter": "EmployeeEmail eq '@{variables('MSEmail')}'",
                  "$orderby": "ID desc",
                  "$top": 5000
                },
                "authentication": "@parameters('$authentication')"
              }
            },
            "Check_if_user_exist_or_not_in_HR365EOEmployeeOnboard": {
              "actions": {
                "Create_user": {
                  "runAfter": {},
                  "metadata": {
                    "operationMetadataId": "6c0e9cd1-0233-48ae-921c-821c303ab9c7"
                  },
                  "type": "OpenApiConnection",
                  "inputs": {
                    "host": {
                      "connectionName": "shared_sharepointonline",
                      "operationId": "PostItem",
                      "apiId": "/providers/Microsoft.PowerApps/apis/shared_sharepointonline"
                    },
                    "parameters": {
                      "dataset": "@parameters('OBM_SiteURL (hr365_OBM_SiteURL)')",
                      "table": "HR365OBEmployeeOnboard",
                      "item/Title": "  @{variables('MSFullName')}",
                      "item/EmployeeID": "@variables('MSRegistrationNumber')",
                      "item/EmployeeName": "    @{variables('MSFullName')}",
                      "item/PersonalEmail": "@variables('MSEmail')",
                      "item/ContactNumber": "@variables('MSMobileNumber')",
                      "item/Process": "Onboarded",
                      "item/GuidID": "@outputs('Guest_user_ID')",
                      "item/ProposedEmailID": "@variables('MSEmail')",
                      "item/CreateUserM365": "Yes",
                      "item/Gender": "@variables('MSGender')",
                      "item/EmployeeEmail": "@variables('MSEmail')",
                      "item/Onboarded": "Yes",
                      "item/AssignedAssessment": "@variables('UserAssignedAssessment')"
                    },
                    "authentication": "@parameters('$authentication')"
                  }
                }
              },
              "runAfter": {
                "Set_variable_8": [
                  "Succeeded"
                ]
              },
              "expression": {
                "equals": [
                  "@length(outputs('Get_user')?['body/value'])",
                  0
                ]
              },
              "metadata": {
                "operationMetadataId": "91d30e7d-7b81-4ccd-85c1-01a7125244bb"
              },
              "type": "If"
            },
            "Condition": {
              "actions": {
                "Set_variable": {
                  "runAfter": {},
                  "metadata": {
                    "operationMetadataId": "49931c31-68ae-43e7-84af-74fc01a8d4f7"
                  },
                  "type": "SetVariable",
                  "inputs": {
                    "name": "SiteName",
                    "value": "@{trim(split(variables('SiteAddress'),'sites/')[1])}"
                  }
                }
              },
              "runAfter": {
                "Get_user_profile_of_guest_user": [
                  "Succeeded"
                ]
              },
              "else": {
                "actions": {
                  "Set_variable_2": {
                    "runAfter": {},
                    "metadata": {
                      "operationMetadataId": "6f2a2014-fd3e-457e-8fec-08b37d6a3486"
                    },
                    "type": "SetVariable",
                    "inputs": {
                      "name": "SiteName",
                      "value": "Communication site"
                    }
                  }
                }
              },
              "expression": {
                "contains": [
                  "@variables('SiteAddress')",
                  "sites"
                ]
              },
              "metadata": {
                "operationMetadataId": "3078c993-d58d-40a2-8d91-53a839704df9"
              },
              "type": "If"
            },
            "Delay": {
              "runAfter": {
                "HTTP_-_Add_Guest_User": [
                  "Succeeded"
                ]
              },
              "metadata": {
                "operationMetadataId": "637adc76-2f26-43f0-a62e-97f1e1586fc1"
              },
              "type": "Wait",
              "inputs": {
                "interval": {
                  "count": 30,
                  "unit": "Second"
                }
              }
            },
            "Get_items": {
              "runAfter": {
                "Give_App_Catalogue_Access": [
                  "Succeeded"
                ]
              },
              "metadata": {
                "operationMetadataId": "4653dd72-11ef-4df6-aa64-06794aac7988"
              },
              "type": "OpenApiConnection",
              "inputs": {
                "host": {
                  "connectionName": "shared_sharepointonline_1",
                  "operationId": "GetItems",
                  "apiId": "/providers/Microsoft.PowerApps/apis/shared_sharepointonline"
                },
                "parameters": {
                  "dataset": "@parameters('OBM_SiteURL (hr365_OBM_SiteURL)')",
                  "table": "HR365OBGenericAssesment",
                  "$filter": "Type eq 'Assesment'",
                  "$orderby": "Id desc",
                  "$top": 5000
                },
                "authentication": "@parameters('$authentication')"
              }
            },
            "Apply_to_each": {
              "foreach": "@outputs('Get_items')?['body/value']",
              "actions": {
                "Apply_to_each_2": {
                  "foreach": "@array(items('Apply_to_each')?['Data'])",
                  "actions": {
                    "Set_variable_3": {
                      "runAfter": {},
                      "metadata": {
                        "operationMetadataId": "60d49106-77cd-4efa-9500-4170ffb75ecf"
                      },
                      "type": "SetVariable",
                      "inputs": {
                        "name": "AssessmentTitle",
                        "value": "@{json(item())?['AssessmentTitle']}"
                      }
                    }
                  },
                  "runAfter": {},
                  "metadata": {
                    "operationMetadataId": "f0b3c57b-0859-4d24-858c-f72c20383c8c"
                  },
                  "type": "Foreach"
                },
                "Condition_2": {
                  "actions": {
                    "Condition_3": {
                      "actions": {
                        "Compose_5": {
                          "runAfter": {},
                          "metadata": {
                            "operationMetadataId": "9548e6c3-37ad-459d-ac23-5966f91a400f"
                          },
                          "type": "Compose",
                          "inputs": [
                            {
                              "EmployeeName": "@{variables('MSFirstName')} @{variables('MSLastName')}",
                              "EmployeeEmail": "@{variables('MSEmail')}",
                              "EmployeeGuid": "@{outputs('Guest_user_ID')}",
                              "Department": "",
                              "Manager": "",
                              "StartDate": "@{utcNow()}",
                              "Status": "Not Started"
                            }
                          ]
                        },
                        "Set_variable_7": {
                          "runAfter": {
                            "Compose_5": [
                              "Succeeded"
                            ]
                          },
                          "metadata": {
                            "operationMetadataId": "697bc104-008a-4c9e-9b1a-da624436ee58"
                          },
                          "type": "SetVariable",
                          "inputs": {
                            "name": "UserData",
                            "value": []
                          }
                        }
                      },
                      "runAfter": {},
                      "else": {
                        "actions": {
                          "Compose": {
                            "runAfter": {},
                            "metadata": {
                              "operationMetadataId": "976eb5d0-5009-4f9a-9927-d4c10a21b31a"
                            },
                            "type": "Compose",
                            "inputs": "@items('Apply_to_each')?['AssignedAssessment']"
                          },
                          "Condition_4": {
                            "actions": {
                              "Compose_2": {
                                "runAfter": {},
                                "metadata": {
                                  "operationMetadataId": "a09b5a80-a08a-4c18-b6b8-e96a79dbee6d"
                                },
                                "type": "Compose",
                                "inputs": "@outputs('Compose')"
                              },
                              "Set_variable_5": {
                                "runAfter": {
                                  "Compose_2": [
                                    "Succeeded"
                                  ]
                                },
                                "metadata": {
                                  "operationMetadataId": "1cb0a344-458f-4c51-8476-6071374f4423"
                                },
                                "type": "SetVariable",
                                "inputs": {
                                  "name": "UserData",
                                  "value": []
                                }
                              }
                            },
                            "runAfter": {
                              "Compose_6": [
                                "Succeeded"
                              ]
                            },
                            "else": {
                              "actions": {
                                "Compose_3": {
                                  "runAfter": {},
                                  "metadata": {
                                    "operationMetadataId": "fa2b1d35-898d-4bb0-8e49-e1a2b3888ea4"
                                  },
                                  "type": "Compose",
                                  "inputs": "@body('Parse_JSON_2')?['UserDetails']"
                                },
                                "Compose_4": {
                                  "runAfter": {
                                    "Compose_3": [
                                      "Succeeded"
                                    ]
                                  },
                                  "metadata": {
                                    "operationMetadataId": "7658be9c-cdda-45cb-98ec-f434f268ff40"
                                  },
                                  "type": "Compose",
                                  "inputs": "kjhgv"
                                },
                                "Set_variable_6": {
                                  "runAfter": {
                                    "Compose_4": [
                                      "Succeeded"
                                    ]
                                  },
                                  "metadata": {
                                    "operationMetadataId": "52e8e558-9cc9-495a-a567-59140817d43f"
                                  },
                                  "type": "SetVariable",
                                  "inputs": {
                                    "name": "UserData",
                                    "value": "@json(body('Parse_JSON_2')?['UserDetails'])"
                                  }
                                }
                              }
                            },
                            "expression": {
                              "and": [
                                {
                                  "equals": [
                                    "@body('Parse_JSON_2')?['UserDetails']",
                                    "@null"
                                  ]
                                },
                                {
                                  "equals": [
                                    "@body('Parse_JSON_2')?['UserDetails']",
                                    ""
                                  ]
                                }
                              ]
                            },
                            "metadata": {
                              "operationMetadataId": "cb2f3fe7-55ca-4afd-9921-2c73bd1060fa"
                            },
                            "type": "If"
                          },
                          "Parse_JSON_2": {
                            "runAfter": {
                              "Compose": [
                                "Succeeded"
                              ]
                            },
                            "metadata": {
                              "operationMetadataId": "952ab458-d687-4e97-81b0-4623a6922e32"
                            },
                            "type": "ParseJson",
                            "inputs": {
                              "content": "@json(outputs('Compose'))",
                              "schema": {
                                "type": "object",
                                "properties": {
                                  "AssessmentGID": {
                                    "type": "string"
                                  },
                                  "UserDetails": {
                                    "type": "string"
                                  }
                                }
                              }
                            }
                          },
                          "Compose_6": {
                            "runAfter": {
                              "Parse_JSON_2": [
                                "Succeeded"
                              ]
                            },
                            "metadata": {
                              "operationMetadataId": "9548e6c3-37ad-459d-ac23-5966f91a400f"
                            },
                            "type": "Compose",
                            "inputs": [
                              {
                                "EmployeeName": "@{variables('MSFirstName')} @{variables('MSLastName')}",
                                "EmployeeEmail": "@{variables('MSEmail')}",
                                "EmployeeGuid": "@{outputs('Guest_user_ID')}",
                                "Department": "",
                                "Manager": "",
                                "StartDate": "@{utcNow()}",
                                "Status": "Not Started"
                              }
                            ]
                          }
                        }
                      },
                      "expression": {
                        "or": [
                          {
                            "equals": [
                              "@items('Apply_to_each')?['AssignedAssessment']",
                              ""
                            ]
                          },
                          {
                            "equals": [
                              "@items('Apply_to_each')?['AssignedAssessment']",
                              "@null"
                            ]
                          }
                        ]
                      },
                      "metadata": {
                        "operationMetadataId": "3f8ef24a-d59f-48f1-ad90-aff233e0affa"
                      },
                      "type": "If"
                    },
                    "Update_item": {
                      "runAfter": {
                        "AssignedAssessment": [
                          "Succeeded"
                        ]
                      },
                      "metadata": {
                        "operationMetadataId": "3b218be0-5ac5-458e-bc4e-c6b3919c503f"
                      },
                      "type": "OpenApiConnection",
                      "inputs": {
                        "host": {
                          "connectionName": "shared_sharepointonline_1",
                          "operationId": "PatchItem",
                          "apiId": "/providers/Microsoft.PowerApps/apis/shared_sharepointonline"
                        },
                        "parameters": {
                          "dataset": "@parameters('OBM_SiteURL (hr365_OBM_SiteURL)')",
                          "table": "HR365OBGenericAssesment",
                          "id": "@items('Apply_to_each')?['ID']",
                          "item/Title": "@items('Apply_to_each')?['Title']",
                          "item/AssignedAssessment": "@string(variables('VarJson'))"
                        },
                        "authentication": "@parameters('$authentication')"
                      }
                    },
                    "AssignedAssessment": {
                      "runAfter": {
                        "Set_Assigned_assessment_Data": [
                          "Succeeded"
                        ]
                      },
                      "metadata": {
                        "operationMetadataId": "388dc9cb-4561-485d-84dd-d923bdb324bd"
                      },
                      "type": "Compose",
                      "inputs": "@variables('VarJson')"
                    },
                    "Set_Assigned_assessment_Data": {
                      "runAfter": {
                        "Append_to_array_variable": [
                          "Succeeded"
                        ]
                      },
                      "metadata": {
                        "operationMetadataId": "ea9cc7c4-ce18-40e0-ae9a-a3e03e7047ec"
                      },
                      "type": "SetVariable",
                      "inputs": {
                        "name": "VarJson",
                        "value": {
                          "AssessmentGID": "@{items('Apply_to_each')?['GID']}",
                          "UserDetails": "@{string(variables('UserData'))}"
                        }
                      }
                    },
                    "Append_to_array_variable": {
                      "runAfter": {
                        "Set_Assessment_GUID": [
                          "Succeeded"
                        ]
                      },
                      "metadata": {
                        "operationMetadataId": "37aa567e-021d-4e03-a0d2-9a6f71672ac9"
                      },
                      "type": "AppendToArrayVariable",
                      "inputs": {
                        "name": "UserData",
                        "value": {
                          "EmployeeName": "@{variables('MSFullName')}",
                          "EmployeeEmail": "@{variables('MSEmail')}",
                          "EmployeeGuid": "@{outputs('Guest_user_ID')}",
                          "Department": "",
                          "Manager": "",
                          "StartDate": "@{utcNow()}",
                          "Status": "Not Started"
                        }
                      }
                    },
                    "Set_Assessment_GUID": {
                      "runAfter": {
                        "Condition_3": [
                          "Succeeded"
                        ]
                      },
                      "metadata": {
                        "operationMetadataId": "26d51561-1e24-46bb-9ca7-48718022bf1d"
                      },
                      "type": "SetVariable",
                      "inputs": {
                        "name": "AssessmentGUID",
                        "value": "@items('Apply_to_each')?['GID']"
                      }
                    }
                  },
                  "runAfter": {
                    "Apply_to_each_2": [
                      "Succeeded"
                    ]
                  },
                  "expression": {
                    "equals": [
                      "@parameters('Assessment Name (hr365_AssessmentName)')",
                      "@variables('AssessmentTitle')"
                    ]
                  },
                  "metadata": {
                    "operationMetadataId": "a75f47e7-28ca-450f-a6f0-67f6afbfd084"
                  },
                  "type": "If"
                }
              },
              "runAfter": {
                "Get_items": [
                  "Succeeded"
                ]
              },
              "metadata": {
                "operationMetadataId": "ffe2f2f8-a945-4854-b337-53627603b51a"
              },
              "type": "Foreach"
            },
            "Give_App_Catalogue_Access": {
              "runAfter": {
                "Give_site_access_to_the_guest_user": [
                  "Succeeded"
                ]
              },
              "metadata": {
                "operationMetadataId": "b4c317bb-e5d5-4fd4-a8d4-56554ed09093"
              },
              "type": "OpenApiConnection",
              "inputs": {
                "host": {
                  "connectionName": "shared_sharepointonline",
                  "operationId": "HttpRequest",
                  "apiId": "/providers/Microsoft.PowerApps/apis/shared_sharepointonline"
                },
                "parameters": {
                  "dataset": "@string('https://megazap.sharepoint.com/sites/appcatalog/')",
                  "parameters/method": "POST",
                  "parameters/uri": "/_api/Web/SiteGroups/GetByName('@{parameters('EO365AppCatalogue (hr365_EO365AppCatalogue)')}')/Users",
                  "parameters/headers": {
                    "accept": "application/json;odata=verbose",
                    "content-type": "application/json;odata=verbose"
                  },
                  "parameters/body": "{\n          \"__metadata\": {\"type\":\"SP.User\"},\n          \"LoginName\": \"@{concat('i:0#.f|membership|', outputs('Get_user_profile_of_guest_user')?['body/userPrincipalName'])}\"        }"
                },
                "authentication": "@parameters('$authentication')"
              }
            },
            "Send_an_email_(V2)": {
              "runAfter": {
                "Set_Emailbody": [
                  "Succeeded"
                ]
              },
              "metadata": {
                "operationMetadataId": "44b01456-53e7-46fa-9f41-d2630d33caed"
              },
              "type": "OpenApiConnection",
              "inputs": {
                "host": {
                  "connectionName": "shared_office365",
                  "operationId": "SendEmailV2",
                  "apiId": "/providers/Microsoft.PowerApps/apis/shared_office365"
                },
                "parameters": {
                  "emailMessage/To": "@variables('MSEmail')",
                  "emailMessage/Subject": "Inviting you to complete your technical assessment - @{parameters('Assessment Name (hr365_AssessmentName)')}",
                  "emailMessage/Body": "<p>@{variables('EmailBody')}</p>",
                  "emailMessage/Importance": "Normal"
                },
                "authentication": "@parameters('$authentication')"
              }
            },
            "Set_variable_8": {
              "runAfter": {
                "Get_user": [
                  "Succeeded"
                ]
              },
              "metadata": {
                "operationMetadataId": "4c1160e6-59e4-480e-997a-50884fcaeef2"
              },
              "type": "SetVariable",
              "inputs": {
                "name": "UserAssignedAssessment",
                "value": "[{\n  \"AssessmentGID\": \"@{variables('AssessmentGUID')}\",\n  \"AssessmentTitle\": \"@{parameters('Assessment Name (hr365_AssessmentName)')}\",\n  \"EmployeeName\": \"@{variables('MSFullName')}\",\n  \"EmployeeEmail\": \"@{variables('MSEmail')}\",\n  \"EmployeeGuid\": \"@{outputs('Guest_user_ID')}\",\n  \"Department\": \"\",\n  \"Manager\": \"\",\n  \"StartDate\": \"@{utcNow()}\",\n  \"Status\": \"Not Started\"\n}]"
              }
            },
            "Condition_5": {
              "actions": {
                "Delay_2": {
                  "runAfter": {},
                  "metadata": {
                    "operationMetadataId": "571f7418-6af9-44ca-9fc6-f639bcbf8130"
                  },
                  "type": "Wait",
                  "inputs": {
                    "interval": {
                      "count": 5,
                      "unit": "Minute"
                    }
                  }
                },
                "Send_an_HTTP_request_to_SharePoint_7": {
                  "runAfter": {
                    "Delay_2": [
                      "Succeeded"
                    ]
                  },
                  "metadata": {
                    "operationMetadataId": "761bd908-0961-4404-96f4-c6cd48dfc6fd"
                  },
                  "type": "OpenApiConnection",
                  "inputs": {
                    "host": {
                      "connectionName": "shared_sharepointonline_1",
                      "operationId": "HttpRequest",
                      "apiId": "/providers/Microsoft.PowerApps/apis/shared_sharepointonline"
                    },
                    "parameters": {
                      "dataset": "@parameters('OBM_SiteURL (hr365_OBM_SiteURL)')",
                      "parameters/method": "POST",
                      "parameters/uri": "_api/web/ensureuser",
                      "parameters/headers": {
                        "accept": "application/json;odata=verbose",
                        "Content-Type": "application/json;odata=nometadata"
                      },
                      "parameters/body": "{\n    \"logonName\": \"i:0#.f|membership|@{variables('MSEmail')}\"\n  }\n"
                    },
                    "authentication": "@parameters('$authentication')"
                  }
                },
                "Send_an_HTTP_request_to_SharePoint_6": {
                  "runAfter": {
                    "Send_an_HTTP_request_to_SharePoint_7": [
                      "Succeeded"
                    ]
                  },
                  "metadata": {
                    "operationMetadataId": "2072bb50-59ec-46e6-8d5f-b94e07e02f83"
                  },
                  "type": "OpenApiConnection",
                  "inputs": {
                    "host": {
                      "connectionName": "shared_sharepointonline_1",
                      "operationId": "HttpRequest",
                      "apiId": "/providers/Microsoft.PowerApps/apis/shared_sharepointonline"
                    },
                    "parameters": {
                      "dataset": "@parameters('OBM_SiteURL (hr365_OBM_SiteURL)')",
                      "parameters/method": "POST",
                      "parameters/uri": "_api/web/lists/getbytitle('HR365OBUsers')/items",
                      "parameters/headers": {
                        "accept": "application/json;odata=verbose",
                        "content-type": "application/json;odata=verbose"
                      },
                      "parameters/body": "{\n '__metadata': { 'type': 'SP.Data.HR365OBUsersListItem' },\n  \"UserId\": @{body('Send_an_HTTP_request_to_SharePoint_7')?['d']?['Id']},\n      \"UserRole\": \"User\",\n      \"GuidID\": \"@{outputs('Guest_user_ID')}\",\n      \"Email\": \"@{variables('MSEmail')}\",\n      \"UserStatus\": \"Active\"\n      }  "
                    },
                    "authentication": "@parameters('$authentication')"
                  }
                }
              },
              "runAfter": {
                "Check_if_user_exist_or_not_in_HR365EOEmployeeOnboard": [
                  "Succeeded"
                ]
              },
              "expression": {
                "not": {
                  "equals": [
                    "@variables('MSEmail')",
                    null
                  ]
                }
              },
              "metadata": {
                "operationMetadataId": "d93731d8-d8b1-4b03-961b-6d189f95118b"
              },
              "type": "If"
            }
          },
          "runAfter": {
            "Parse_JSON": [
              "Succeeded"
            ]
          },
          "else": {
            "actions": {
              "Terminate": {
                "runAfter": {},
                "metadata": {
                  "operationMetadataId": "54cad313-df3e-4b54-8887-85e6471a8353"
                },
                "type": "Terminate",
                "inputs": {
                  "runStatus": "Succeeded"
                }
              }
            }
          },
          "expression": {
            "equals": [
              "@length(body('Parse_JSON')?['value'])",
              0
            ]
          },
          "metadata": {
            "operationMetadataId": "d88da66f-939b-4a2c-b683-ceb17ed0551b"
          },
          "type": "If",
          "description": "length(body('Parse_JSON')?['value'])"
        },
        "SiteName": {
          "runAfter": {
            "Client_Secret": [
              "Succeeded"
            ]
          },
          "metadata": {
            "operationMetadataId": "e7757e64-6ffa-44bc-b6a1-713f660871b3"
          },
          "type": "InitializeVariable",
          "inputs": {
            "variables": [
              {
                "name": "SiteName",
                "type": "string"
              }
            ]
          }
        },
        "EmailBody": {
          "runAfter": {
            "SiteAddress": [
              "Succeeded"
            ]
          },
          "metadata": {
            "operationMetadataId": "eb5a945c-67d2-41ed-86d8-3c84b64f2776"
          },
          "type": "InitializeVariable",
          "inputs": {
            "variables": [
              {
                "name": "EmailBody",
                "type": "string"
              }
            ]
          }
        },
        "SiteAddress": {
          "runAfter": {
            "SiteName": [
              "Succeeded"
            ]
          },
          "metadata": {
            "operationMetadataId": "8c387c5d-512c-4ec9-b1ab-9d6c9596b2ce"
          },
          "type": "InitializeVariable",
          "inputs": {
            "variables": [
              {
                "name": "SiteAddress",
                "type": "string",
                "value": "@parameters('OBM_SiteURL (hr365_OBM_SiteURL)')"
              }
            ]
          }
        },
        "AssessmentTitle": {
          "runAfter": {
            "EmailBody": [
              "Succeeded"
            ]
          },
          "metadata": {
            "operationMetadataId": "eda9d58d-1ba1-4f1b-99a7-84188992a5f4"
          },
          "type": "InitializeVariable",
          "inputs": {
            "variables": [
              {
                "name": "AssessmentTitle",
                "type": "string"
              }
            ]
          }
        },
        "VarJson": {
          "runAfter": {
            "AssessmentTitle": [
              "Succeeded"
            ]
          },
          "metadata": {
            "operationMetadataId": "203b7bfd-996c-404c-815f-fc82ec3a7e8b"
          },
          "type": "InitializeVariable",
          "inputs": {
            "variables": [
              {
                "name": "VarJson",
                "type": "object"
              }
            ]
          }
        },
        "Initialize_variable": {
          "runAfter": {
            "VarJson": [
              "Succeeded"
            ]
          },
          "metadata": {
            "operationMetadataId": "3f13ca03-75c0-441a-b0e7-33df4406a7f4"
          },
          "type": "InitializeVariable",
          "inputs": {
            "variables": [
              {
                "name": "UserData",
                "type": "array"
              }
            ]
          }
        },
        "Initialize_variable_2": {
          "runAfter": {
            "Initialize_variable": [
              "Succeeded"
            ]
          },
          "metadata": {
            "operationMetadataId": "84bd4ec6-4f97-4e0f-8e30-13448134b59c"
          },
          "type": "InitializeVariable",
          "inputs": {
            "variables": [
              {
                "name": "AssignedAssessment",
                "type": "object"
              }
            ]
          }
        },
        "MS_Form_Full_Name": {
          "runAfter": {
            "MS_Form_First_Name": [
              "Succeeded"
            ]
          },
          "metadata": {
            "operationMetadataId": "e328444b-1af0-4fcc-ad4a-8191188a8aa5"
          },
          "type": "InitializeVariable",
          "inputs": {
            "variables": [
              {
                "name": "MSFullName",
                "type": "string",
                "value": "@{trim(outputs('Get_response_details')?['body/r79b9696bc3444df88fce76f2650e66e4'])}"
              }
            ]
          }
        },
        "MS_Form_Last_Name": {
          "runAfter": {
            "MS_Form_Full_Name": [
              "Succeeded"
            ]
          },
          "metadata": {
            "operationMetadataId": "65f730fe-2276-4596-b767-f70537971e11"
          },
          "type": "InitializeVariable",
          "inputs": {
            "variables": [
              {
                "name": "MSLastName",
                "type": "string"
              }
            ]
          }
        },
        "MS_Form_Email": {
          "runAfter": {
            "MS_Form_Last_Name": [
              "Succeeded"
            ]
          },
          "metadata": {
            "operationMetadataId": "a9fddabc-3b9a-47de-8037-1c658d0fb2b6"
          },
          "type": "InitializeVariable",
          "inputs": {
            "variables": [
              {
                "name": "MSEmail",
                "type": "string",
                "value": "@outputs('Get_response_details')?['body/re3031d496d904047a3cf7ac78b7831d8']"
              }
            ]
          }
        },
        "MS_Form_Mobile_Number": {
          "runAfter": {
            "MS_Form_Email": [
              "Succeeded"
            ]
          },
          "metadata": {
            "operationMetadataId": "06c9476e-c48f-43de-b917-8ec03ec3b6f8"
          },
          "type": "InitializeVariable",
          "inputs": {
            "variables": [
              {
                "name": "MSMobileNumber",
                "type": "string",
                "value": "@outputs('Get_response_details')?['body/re3031d496d904047a3cf7ac78b7831d8']"
              }
            ]
          }
        },
        "MS_Form_Gender": {
          "runAfter": {
            "MS_Form_Mobile_Number": [
              "Succeeded"
            ]
          },
          "metadata": {
            "operationMetadataId": "8d9b29e1-7c37-466c-85a1-8e9fad956ff1"
          },
          "type": "InitializeVariable",
          "inputs": {
            "variables": [
              {
                "name": "MSGender",
                "type": "string"
              }
            ]
          }
        },
        "MS_Form_Dateofbirth": {
          "runAfter": {
            "MS_Form_Gender": [
              "Succeeded"
            ]
          },
          "metadata": {
            "operationMetadataId": "5b3d6107-3433-45fa-ba3d-a3c7981ce4e6"
          },
          "type": "InitializeVariable",
          "inputs": {
            "variables": [
              {
                "name": "MSDateOfBirth",
                "type": "string"
              }
            ]
          }
        },
        "Student_Registration_Number": {
          "runAfter": {
            "MS_Form_Dateofbirth": [
              "Succeeded"
            ]
          },
          "metadata": {
            "operationMetadataId": "5b3d6107-3433-45fa-ba3d-a3c7981ce4e6"
          },
          "type": "InitializeVariable",
          "inputs": {
            "variables": [
              {
                "name": "MSRegistrationNumber",
                "type": "string",
                "value": "@outputs('Get_response_details')?['body/rc41e8c01979d49b8b217a863c45476e1']"
              }
            ]
          }
        },
        "MS_Form_First_Name": {
          "runAfter": {
            "Initialize_variable_2": [
              "Succeeded"
            ]
          },
          "metadata": {
            "operationMetadataId": "e328444b-1af0-4fcc-ad4a-8191188a8aa5"
          },
          "type": "InitializeVariable",
          "inputs": {
            "variables": [
              {
                "name": "MSFirstName",
                "type": "string",
                "value": "@{trim(outputs('Get_response_details')?['body/r79b9696bc3444df88fce76f2650e66e4'])}"
              }
            ]
          }
        },
        "Assigned_Assessment_for_user": {
          "runAfter": {
            "Student_Registration_Number": [
              "Succeeded"
            ]
          },
          "metadata": {
            "operationMetadataId": "ec85fae7-9767-4cff-81f0-4682506aec7f"
          },
          "type": "InitializeVariable",
          "inputs": {
            "variables": [
              {
                "name": "UserAssignedAssessment",
                "type": "string"
              }
            ]
          }
        },
        "Assessment_GUID": {
          "runAfter": {
            "Assigned_Assessment_for_user": [
              "Succeeded"
            ]
          },
          "metadata": {
            "operationMetadataId": "37d014e1-7f0a-4c37-94d7-b9f3869114a5"
          },
          "type": "InitializeVariable",
          "inputs": {
            "variables": [
              {
                "name": "AssessmentGUID",
                "type": "string"
              }
            ]
          }
        }
      }
    },
    "templateName": ""
  },
  "schemaVersion": "1.0.0.0"
}