{
  "properties": {
    "connectionReferences": {
      "shared_microsoftforms-1": {
        "api": {
          "name": "shared_microsoftforms"
        },
        "connection": {
          "connectionReferenceLogicalName": "hr365_sharedmicrosoftforms_9c29d"
        },
        "runtimeSource": "embedded"
      },
      "shared_microsoftforms-2": {
        "api": {
          "name": "shared_microsoftforms"
        },
        "connection": {
          "connectionReferenceLogicalName": "hr365_sharedmicrosoftforms_62a2c"
        },
        "runtimeSource": "embedded"
      },
      "shared_sharepointonline-1": {
        "api": {
          "name": "shared_sharepointonline"
        },
        "connection": {
          "connectionReferenceLogicalName": "hr365_sharedsharepointonline_dda8e"
        },
        "runtimeSource": "embedded"
      },
      "shared_sharepointonline": {
        "api": {
          "name": "shared_sharepointonline"
        },
        "connection": {
          "connectionReferenceLogicalName": "hr365_sharedsharepointonline_9129e"
        },
        "runtimeSource": "embedded"
      }
    },
    "definition": {
      "$schema": "https://schema.management.azure.com/providers/Microsoft.Logic/schemas/2016-06-01/workflowdefinition.json#",
      "contentVersion": "1.0.0.0",
      "parameters": {
        "$authentication": {
          "defaultValue": {},
          "type": "SecureObject"
        },
        "$connections": {
          "defaultValue": {},
          "type": "Object"
        },
        "OBM_SiteURL (hr365_OBM_SiteURL)": {
          "defaultValue": "https://megazap.sharepoint.com/sites/EO365MSForms",
          "type": "String",
          "metadata": {
            "schemaName": "hr365_OBM_SiteURL"
          }
        }
      },
      "triggers": {
        "When_a_new_response_is_submitted": {
          "type": "OpenApiConnectionWebhook",
          "inputs": {
            "parameters": {
              "form_id": "4wHPsE_O9E6NFc8eiwgu5OeBdq7bO8hJvW4zmkdbvlZUNDFMNzQyWUNFSFZQNFczQkZESEUyVVdGNi4u"
            },
            "host": {
              "apiId": "/providers/Microsoft.PowerApps/apis/shared_microsoftforms",
              "operationId": "CreateFormWebhook",
              "connectionName": "shared_microsoftforms-1"
            }
          },
          "splitOn": "@triggerOutputs()?['body/value']",
          "metadata": {
            "operationMetadataId": "956e14be-af0e-4a30-be49-a121ab160268"
          }
        }
      },
      "actions": {
        "Get_response_details": {
          "type": "OpenApiConnection",
          "inputs": {
            "parameters": {
              "form_id": "4wHPsE_O9E6NFc8eiwgu5OeBdq7bO8hJvW4zmkdbvlZUNDFMNzQyWUNFSFZQNFczQkZESEUyVVdGNi4u",
              "response_id": "@triggerOutputs()?['body/resourceData/responseId']"
            },
            "host": {
              "apiId": "/providers/Microsoft.PowerApps/apis/shared_microsoftforms",
              "operationId": "GetFormResponseById",
              "connectionName": "shared_microsoftforms-2"
            }
          },
          "runAfter": {},
          "metadata": {
            "operationMetadataId": "2a496b70-da60-4803-bc8c-1a2448ec1dce"
          }
        },
        "Employee_Information": {
          "type": "InitializeVariable",
          "inputs": {
            "variables": [
              {
                "name": "Employee Information",
                "type": "string",
                "value": "{\n\"EmployeeName\":\"@{outputs('Get_response_details')?['body/r49121b8f676744b7bc412005f36a5d6e']}\",\n\"EmployeeID\":\"@{outputs('Get_response_details')?['body/r77d8b6ca883a4f858c78c2b98fc1caa6']}\",\n\"EmployeeEmail\":\"@{outputs('Get_response_details')?['body/r3054a89b9c424fb4911f0d717246df12']}\",\n\"Department\":\"@{outputs('Get_response_details')?['body/r6a2fa2d2f1a146c98e7a0f4d148adc7f']}\",\n\"Position\":\"@{outputs('Get_response_details')?['body/r93c54a0a8c1a46cb95baaebd293803db']}\",\n\"EmployeeType\":\"@{outputs('Get_response_details')?['body/rd13a436c980b4b15b1e082dfa22686d6']}\",\n\"DateOfJoining\":\"@{outputs('Get_response_details')?['body/r9502fd5055fc479fb0497b924b4e4242']}\",\n\"PersonalEmail\":\"@{outputs('Get_response_details')?['body/r848e9c45563b4bb7981d8fcd1df81db4']}\",\n\"ContactNumber\":\"@{outputs('Get_response_details')?['body/r6f480809de15499fa80e7ae61bba60f0']}\",\n\"Location\":\"@{outputs('Get_response_details')?['body/ra443487a2851465fa26883a82cbb3533']}\",\n\"DateOfBirth\":\"@{outputs('Get_response_details')?['body/r22afa69681f54767b91074ef453c2d7d']}\",\n\"OnboardingStartDate\":\"@{outputs('Get_response_details')?['body/r913f94f63f0a4d3a8682af1df16b3e16']}\",\n\"Gender\":\"@{outputs('Get_response_details')?['body/r5b4a64c9cd394eb0b176f793c61cdb9f']}\",\n\"AlternateNumber\":\"@{outputs('Get_response_details')?['body/r0742fef542be4e2e88a1f489664fa262']}\",\n\"PresentEmployee\":\"@{outputs('Get_response_details')?['body/re4aef0880a5349ba937a6b72e00c6a6e']}\",\n\"Remarks\":\"@{outputs('Get_response_details')?['body/red12df981a5f48a9bdc076c1d984fb11']}\"\n}"
              }
            ]
          },
          "runAfter": {
            "Pre-onboardingList": [
              "Succeeded"
            ]
          },
          "metadata": {
            "operationMetadataId": "d945f522-e2cc-4dac-ac49-14997fe85b1e"
          }
        },
        "Compose": {
          "type": "Compose",
          "inputs": "@json(variables('Employee Information'))",
          "runAfter": {
            "Employee_Information": [
              "Succeeded"
            ]
          },
          "metadata": {
            "operationMetadataId": "75e81261-1561-455c-a580-f4ad74c81618"
          }
        },
        "Json__value": {
          "type": "InitializeVariable",
          "inputs": {
            "variables": [
              {
                "name": "JsonObject",
                "type": "object",
                "value": "@outputs('Compose')"
              }
            ]
          },
          "runAfter": {
            "Compose": [
              "Succeeded"
            ]
          },
          "metadata": {
            "operationMetadataId": "e6d03602-f537-418d-9a59-7172ce8a346c"
          }
        },
        "Compose_2": {
          "type": "Compose",
          "inputs": "@{body('Get_response_details')?['r8bd3271a67c84c4b93dc27e4cc39cddb']}@{body('Get_response_details')?['r000b7e2c117d45059098c409851d9d85']}",
          "runAfter": {
            "Send_an_HTTP_request_to_SharePoint_3": [
              "Succeeded"
            ]
          },
          "metadata": {
            "operationMetadataId": "c9924303-8374-4b21-9dbd-84659c0eebc8"
          }
        },
        "ApplicationUrl": {
          "type": "InitializeVariable",
          "inputs": {
            "variables": [
              {
                "name": "ApplicationUrl",
                "type": "string",
                "value": "@parameters('OBM_SiteURL (hr365_OBM_SiteURL)')"
              }
            ]
          },
          "runAfter": {
            "Get_response_details": [
              "Succeeded"
            ]
          },
          "metadata": {
            "operationMetadataId": "4c13cb75-aa2e-4d43-a2bd-4427efb22d4a"
          }
        },
        "SettingsList_": {
          "type": "InitializeVariable",
          "inputs": {
            "variables": [
              {
                "name": "SettingsList",
                "type": "string",
                "value": "HR365OBSettings"
              }
            ]
          },
          "runAfter": {
            "ApplicationUrl": [
              "Succeeded"
            ]
          },
          "metadata": {
            "operationMetadataId": "cb4cf4f5-b4dc-42a9-ab09-184dc7c11d52"
          }
        },
        "Pre-onboardingList": {
          "type": "InitializeVariable",
          "inputs": {
            "variables": [
              {
                "name": "PreOnboardingList",
                "type": "string",
                "value": "HR365OBEmployeeOnboard"
              }
            ]
          },
          "runAfter": {
            "SettingsList_": [
              "Succeeded"
            ]
          },
          "metadata": {
            "operationMetadataId": "eae86b28-dca1-4b7d-9fc6-0b8be0bf1136"
          }
        },
        "Send_an_HTTP_request_to_SharePoint_2": {
          "type": "OpenApiConnection",
          "inputs": {
            "parameters": {
              "dataset": "@parameters('OBM_SiteURL (hr365_OBM_SiteURL)')",
              "parameters/method": "GET",
              "parameters/uri": "_api/web/lists/getbytitle('@{variables('PreOnboardingList')}')/items?$select=PersonalEmail,ID&$filter=PersonalEmail eq'@{body('Get_response_details')?['r8bd3271a67c84c4b93dc27e4cc39cddb']}'",
              "parameters/headers": {
                "accept": "application/json;odata=verbose",
                "content-type": "application/json;odata=verbose"
              }
            },
            "host": {
              "apiId": "/providers/Microsoft.PowerApps/apis/shared_sharepointonline",
              "operationId": "HttpRequest",
              "connectionName": "shared_sharepointonline-1"
            }
          },
          "runAfter": {
            "Json__value": [
              "Succeeded"
            ]
          },
          "metadata": {
            "operationMetadataId": "6b898774-9042-47d4-a036-caec33a1a0aa"
          }
        },
        "Compose_3": {
          "type": "Compose",
          "inputs": "@outputs('Send_an_HTTP_request_to_SharePoint_2')?['body']?['d']?['results'][0]['ID']",
          "runAfter": {
            "Send_an_HTTP_request_to_SharePoint_2": [
              "Succeeded"
            ]
          },
          "metadata": {
            "operationMetadataId": "9b10b653-2ad8-4a70-8862-5503d60afbae"
          }
        },
        "Send_an_HTTP_request_to_SharePoint_3": {
          "type": "OpenApiConnection",
          "inputs": {
            "parameters": {
              "dataset": "@parameters('OBM_SiteURL (hr365_OBM_SiteURL)')",
              "parameters/method": "POST",
              "parameters/uri": "_api/web/lists/getbytitle('@{variables('PreOnboardingList')}')/items('@{outputs('Compose_3')}')",
              "parameters/headers": {
                "accept": "application/json;odata=verbose",
                "content-type": "application/json;odata=verbose",
                "IF-MATCH": "*",
                "X-HTTP-Method": "PATCH"
              },
              "parameters/body": "\n{\n '__metadata': { 'type': 'SP.Data.@{variables('PreOnboardingList')}ListItem' },\n\"EmployeeName\":\"@{body('Get_response_details')?['r000b7e2c117d45059098c409851d9d85']}\",\n\"EmployeeID\":\"@{body('Get_response_details')?['r62b5f2ad7fd949a5a13c600157fdd4af']}\",\n\"Department\":\"@{body('Get_response_details')?['rd6f1415e5e7245ff9fb238aab33e0d42']}\",\n\"Position\":\"@{body('Get_response_details')?['r7f86f34a8e22434aa98c6d771ffce75a']}\",\n\"EmployeeType\":\"@{body('Get_response_details')?['r93690060b0ba47e5a4a8dc276816ed57']}\",\n\"DateOfJoining\":\"@{body('Get_response_details')?['rce8e91a40de24adea5303a219ebb7dd1']}\",\n\"PersonalEmail\":\"@{body('Get_response_details')?['r8bd3271a67c84c4b93dc27e4cc39cddb']}\",\n\"ContactNumber\":\"@{body('Get_response_details')?['rd2f70b33e62345588db51eceeb916fa4']}\",\n\"DateOfBirth\":\"\",\n\"Gender\":\"@{body('Get_response_details')?['r442d33db605045c696e883491d28a85e']}\",\n\"AlternateContactNumber\":\"@{body('Get_response_details')?['r0cfbc2a4595c4a5ea2c7a74ca452144d']}\"\n      }  "
            },
            "host": {
              "apiId": "/providers/Microsoft.PowerApps/apis/shared_sharepointonline",
              "operationId": "HttpRequest",
              "connectionName": "shared_sharepointonline"
            }
          },
          "runAfter": {
            "Send_an_HTTP_request_to_SharePoint": [
              "Succeeded"
            ]
          },
          "metadata": {
            "operationMetadataId": "c2847d99-f589-4bd3-b7db-83e683755cbe"
          }
        },
        "Send_an_HTTP_request_to_SharePoint": {
          "type": "OpenApiConnection",
          "inputs": {
            "parameters": {
              "dataset": "@parameters('OBM_SiteURL (hr365_OBM_SiteURL)')",
              "parameters/method": "POST",
              "parameters/uri": "_api/web/lists/getbytitle('@{variables('SettingsList')}')/items('1')",
              "parameters/headers": {
                "accept": "application/json;odata=verbose",
                "content-type": "application/json;odata=verbose",
                "IF-MATCH": "*",
                "X-HTTP-Method": "PATCH"
              },
              "parameters/body": "{\n '__metadata': { 'type': 'SP.Data.@{variables('SettingsList')}ListItem' },\n       'MSFormIntegration':'@{outputs('Compose')}'\n      }  "
            },
            "host": {
              "apiId": "/providers/Microsoft.PowerApps/apis/shared_sharepointonline",
              "operationId": "HttpRequest",
              "connectionName": "shared_sharepointonline"
            }
          },
          "runAfter": {
            "Compose_3": [
              "Succeeded"
            ]
          },
          "metadata": {
            "operationMetadataId": "07c5a88e-104e-4a18-a01a-03b9aebd988d"
          }
        }
      },
      "outputs": {}
    },
    "templateName": null
  },
  "schemaVersion": "1.0.0.0"
}