{
  "properties": {
    "connectionReferences": {
      "shared_office365": {
        "runtimeSource": "embedded",
        "connection": {
          "connectionReferenceLogicalName": "hr365_sharedoffice365_7d630"
        },
        "api": {
          "name": "shared_office365"
        }
      },
      "shared_sharepointonline_1": {
        "runtimeSource": "embedded",
        "connection": {
          "connectionReferenceLogicalName": "hr365_sharedsharepointonline_7c34e"
        },
        "api": {
          "name": "shared_sharepointonline"
        }
      }
    },
    "definition": {
      "$schema": "https://schema.management.azure.com/providers/Microsoft.Logic/schemas/2016-06-01/workflowdefinition.json#",
      "contentVersion": "1.0.0.0",
      "parameters": {
        "$connections": {
          "defaultValue": {},
          "type": "Object"
        },
        "$authentication": {
          "defaultValue": {},
          "type": "SecureObject"
        },
        "OBM_SiteURL (hr365_OBM_SiteURL)": {
          "defaultValue": "https://megazap.sharepoint.com/sites/EO365AssessmentModule",
          "type": "String",
          "metadata": {
            "schemaName": "hr365_OBM_SiteURL"
          }
        }
      },
      "triggers": {
        "When_an_item_is_created": {
          "recurrence": {
            "interval": 1,
            "frequency": "Minute"
          },
          "splitOn": "@triggerOutputs()?['body/value']",
          "metadata": {
            "operationMetadataId": "35480103-5812-4de4-a93a-f150e98a2385"
          },
          "type": "OpenApiConnection",
          "inputs": {
            "host": {
              "connectionName": "shared_sharepointonline_1",
              "operationId": "GetOnNewItems",
              "apiId": "/providers/Microsoft.PowerApps/apis/shared_sharepointonline"
            },
            "parameters": {
              "dataset": "@parameters('OBM_SiteURL (hr365_OBM_SiteURL)')",
              "table": "HR365OBAssessmentEmail"
            },
            "authentication": "@parameters('$authentication')"
          }
        }
      },
      "actions": {
        "Compose": {
          "runAfter": {},
          "metadata": {
            "operationMetadataId": "bf5cf472-b994-4312-b689-803c5c63bd9f"
          },
          "type": "Compose",
          "inputs": "@triggerOutputs()?['body/EmailData']"
        },
        "Condition": {
          "actions": {},
          "runAfter": {
            "Compose": [
              "Succeeded"
            ]
          },
          "else": {
            "actions": {
              "Apply_to_each": {
                "foreach": "@json(triggerOutputs()?['body/EmailData'])",
                "actions": {
                  "Compose_2": {
                    "runAfter": {},
                    "metadata": {
                      "operationMetadataId": "3b76a8ef-eb48-44b6-b6cf-66bdcc65ab48"
                    },
                    "type": "Compose",
                    "inputs": "@items('Apply_to_each')"
                  },
                  "Send_an_email_(V2)": {
                    "runAfter": {
                      "Compose_2": [
                        "Succeeded"
                      ]
                    },
                    "metadata": {
                      "operationMetadataId": "707d681f-36d1-439d-9bfc-8b901a7cf3cb"
                    },
                    "type": "OpenApiConnection",
                    "inputs": {
                      "host": {
                        "connectionName": "shared_office365",
                        "operationId": "SendEmailV2",
                        "apiId": "/providers/Microsoft.PowerApps/apis/shared_office365"
                      },
                      "parameters": {
                        "emailMessage/To": "@items('Apply_to_each')?['to']",
                        "emailMessage/Subject": "@items('Apply_to_each')?['subject']",
                        "emailMessage/Body": "<p>@{items('Apply_to_each')?['body']}</p>",
                        "emailMessage/Cc": "@items('Apply_to_each')?['cc']",
                        "emailMessage/Importance": "Normal"
                      },
                      "authentication": "@parameters('$authentication')"
                    }
                  }
                },
                "runAfter": {},
                "metadata": {
                  "operationMetadataId": "ad66e9df-f803-42d7-baab-b37b868c5dd8"
                },
                "type": "Foreach"
              }
            }
          },
          "expression": {
            "and": [
              {
                "equals": [
                  "@triggerOutputs()?['body/EmailData']",
                  ""
                ]
              },
              {
                "equals": [
                  "@triggerOutputs()?['body/EmailData']",
                  "@null"
                ]
              }
            ]
          },
          "metadata": {
            "operationMetadataId": "11b24739-c96d-4ad6-89f0-432cb7fab102"
          },
          "type": "If"
        }
      }
    },
    "templateName": ""
  },
  "schemaVersion": "1.0.0.0"
}