<environmentvariabledefinition schemaname="hr365_MSFormIdExternalUsers">
  <defaultvalue>K0aEMIUYjEi_jEvVW_MSTAMAGvPO9g5Oic2q9heY1ylUQzYySVhUWVRFQ0g1UVlJWjQyM1MzMkVWRC4u</defaultvalue>
  <displayname default="MSFormId - ExternalUsers">
    <label description="MSFormId - ExternalUsers" languagecode="1033" />
  </displayname>
  <introducedversion>13.23.0930.1224</introducedversion>
  <iscustomizable>1</iscustomizable>
  <isrequired>0</isrequired>
  <secretstore>0</secretstore>
  <type>100000000</type>
</environmentvariabledefinition>