{
  "properties": {
    "connectionReferences": {
      "shared_sharepointonline": {
        "api": {
          "name": "shared_sharepointonline"
        },
        "connection": {
          "connectionReferenceLogicalName": "hr365_sharedsharepointonline_31bba"
        },
        "runtimeSource": "embedded"
      },
      "shared_sharepointonline_1": {
        "api": {
          "name": "shared_sharepointonline"
        },
        "connection": {
          "connectionReferenceLogicalName": "hr365_sharedsharepointonline_5238a"
        },
        "runtimeSource": "embedded"
      }
    },
    "definition": {
      "$schema": "https://schema.management.azure.com/providers/Microsoft.Logic/schemas/2016-06-01/workflowdefinition.json#",
      "contentVersion": "1.0.0.0",
      "parameters": {
        "$authentication": {
          "defaultValue": {},
          "type": "SecureObject"
        },
        "$connections": {
          "defaultValue": {},
          "type": "Object"
        },
        "SiteAddress(EPM) (hr365_SiteAddressEPM)": {
          "defaultValue": "https://m365online.sharepoint.com/sites/0423PM365",
          "type": "String",
          "metadata": {
            "schemaName": "hr365_SiteAddressEPM"
          }
        }
      },
      "triggers": {
        "When_an_item_is_created_or_modified": {
          "type": "OpenApiConnection",
          "inputs": {
            "parameters": {
              "dataset": "@parameters('SiteAddress(EPM) (hr365_SiteAddressEPM)')",
              "table": "HR365PMXKPIReviewList"
            },
            "host": {
              "apiId": "/providers/Microsoft.PowerApps/apis/shared_sharepointonline",
              "operationId": "GetOnUpdatedItems",
              "connectionName": "shared_sharepointonline"
            }
          },
          "recurrence": {
            "interval": 5,
            "frequency": "Minute"
          },
          "splitOn": "@triggerOutputs()?['body/value']",
          "metadata": {
            "operationMetadataId": "cb9af1d7-2acd-4d75-b76d-fdd7935e70b7"
          }
        }
      },
      "actions": {
        "Send_an_HTTP_request_to_SharePoint": {
          "type": "OpenApiConnection",
          "inputs": {
            "parameters": {
              "dataset": "@variables('SiteURL')",
              "parameters/method": "POST",
              "parameters/uri": "/_api/lists/getByTitle('HR365PMXKPIReviewList')/items(@{triggerOutputs()?['body/ID']})/breakroleinheritance(copyRoleAssignments=false,clearSubscopes=true)"
            },
            "host": {
              "apiId": "/providers/Microsoft.PowerApps/apis/shared_sharepointonline",
              "operationId": "HttpRequest",
              "connectionName": "shared_sharepointonline"
            }
          },
          "runAfter": {
            "Initialize_variable": [
              "Succeeded"
            ]
          },
          "metadata": {
            "operationMetadataId": "5a2e80b4-107f-43ae-9ca4-225725d0c98d"
          }
        },
        "Get_Users_": {
          "type": "OpenApiConnection",
          "inputs": {
            "parameters": {
              "dataset": "@variables('SiteURL')",
              "table": "HR365PMXUsers",
              "$filter": "Role eq 'Admin' or Role eq 'HR Head' or Role eq 'HR Head-Admin' or Role eq 'HR Manager' or Role eq 'HR Executive' or Role eq 'HR Manager-Admin' ",
              "$top": 5000,
              "folderPath": "5000"
            },
            "host": {
              "apiId": "/providers/Microsoft.PowerApps/apis/shared_sharepointonline",
              "operationId": "GetItems",
              "connectionName": "shared_sharepointonline"
            }
          },
          "runAfter": {
            "Send_an_HTTP_request_to_SharePoint": [
              "Succeeded"
            ]
          },
          "metadata": {
            "operationMetadataId": "f7c18cdc-9656-4a66-a48f-709f709f617a"
          }
        },
        "NameID": {
          "type": "InitializeVariable",
          "inputs": {
            "variables": [
              {
                "name": "NameID",
                "type": "string"
              }
            ]
          },
          "runAfter": {
            "SetPermissions_For_User": [
              "Succeeded"
            ]
          },
          "metadata": {
            "operationMetadataId": "9f552edc-da45-4f6c-b35a-c2ab2aa2348e"
          }
        },
        "Compose": {
          "type": "Compose",
          "inputs": "i:0#.f|membership|@{triggerOutputs()?['body/ManagerName']}",
          "runAfter": {
            "Get_Users_": [
              "Succeeded"
            ]
          },
          "metadata": {
            "operationMetadataId": "5693d1ff-e711-436b-bfbe-b144e7829e2e"
          }
        },
        "Send_an_HTTP_request_to_SharePoint_2": {
          "type": "OpenApiConnection",
          "inputs": {
            "parameters": {
              "dataset": "@variables('SiteURL')",
              "parameters/method": "POST",
              "parameters/uri": "_api/web/ensureuser",
              "parameters/body": "{\n      'logonName': \"@{outputs('Compose')}\"\n    }"
            },
            "host": {
              "apiId": "/providers/Microsoft.PowerApps/apis/shared_sharepointonline",
              "operationId": "HttpRequest",
              "connectionName": "shared_sharepointonline"
            }
          },
          "runAfter": {
            "User_Item": [
              "Succeeded"
            ]
          },
          "metadata": {
            "operationMetadataId": "0f52d926-a9b9-4f13-8aba-264f9dc5c65e"
          }
        },
        "SetPermissions_For_Manager": {
          "type": "OpenApiConnection",
          "inputs": {
            "parameters": {
              "dataset": "@variables('SiteURL')",
              "parameters/method": "POST",
              "parameters/uri": "/_api/web/lists/getbytitle('HR365PMXKPIReviewList')/items(@{triggerOutputs()?['body/ID']})/roleassignments/addroleassignment(principalid=@{body('Send_an_HTTP_request_to_SharePoint_2')['d']['Id']},roledefid=1073741827)"
            },
            "host": {
              "apiId": "/providers/Microsoft.PowerApps/apis/shared_sharepointonline",
              "operationId": "HttpRequest",
              "connectionName": "shared_sharepointonline"
            }
          },
          "runAfter": {
            "Send_an_HTTP_request_to_SharePoint_for_user": [
              "Succeeded"
            ]
          },
          "metadata": {
            "operationMetadataId": "54c28203-bf97-447f-b4d5-c9b428ea30ef"
          }
        },
        "Send_an_HTTP_request_to_SharePoint_4": {
          "type": "OpenApiConnection",
          "inputs": {
            "parameters": {
              "dataset": "@variables('SiteURL')",
              "parameters/method": "POST",
              "parameters/uri": "/_api/web/lists/getbytitle('HR365PMXKPIReviewList')/items(@{triggerOutputs()?['body/ID']})/roleassignments/addroleassignment(principalid=@{variables('Group ID')},roledefid=1073741827)"
            },
            "host": {
              "apiId": "/providers/Microsoft.PowerApps/apis/shared_sharepointonline",
              "operationId": "HttpRequest",
              "connectionName": "shared_sharepointonline"
            }
          },
          "runAfter": {
            "Group_ID": [
              "Succeeded"
            ]
          },
          "metadata": {
            "operationMetadataId": "6ca5aef3-8735-4792-8120-8323ba72cd5f"
          }
        },
        "Group_ID": {
          "type": "InitializeVariable",
          "inputs": {
            "variables": [
              {
                "name": "Group ID",
                "type": "string",
                "value": "@{body('Get_Admin_Group_data')['d']['id']}"
              }
            ]
          },
          "runAfter": {
            "Get_Admin_Group_data": [
              "Succeeded"
            ]
          },
          "metadata": {
            "operationMetadataId": "8f56e110-cb19-4358-bcca-c155d2d01637"
          }
        },
        "Get_Admin_Group_data": {
          "type": "OpenApiConnection",
          "inputs": {
            "parameters": {
              "dataset": "@variables('SiteURL')",
              "parameters/method": "GET",
              "parameters/uri": "/_api/web/SiteGroups/getByName('PM365ListPermission')"
            },
            "host": {
              "apiId": "/providers/Microsoft.PowerApps/apis/shared_sharepointonline",
              "operationId": "HttpRequest",
              "connectionName": "shared_sharepointonline"
            }
          },
          "runAfter": {
            "NameID": [
              "Succeeded"
            ]
          },
          "metadata": {
            "operationMetadataId": "49ef78d6-e798-418c-bf6b-708ab536214f"
          }
        },
        "Initialize_variable": {
          "type": "InitializeVariable",
          "inputs": {
            "variables": [
              {
                "name": "SiteURL",
                "type": "string",
                "value": "@parameters('SiteAddress(EPM) (hr365_SiteAddressEPM)')"
              }
            ]
          },
          "runAfter": {},
          "metadata": {
            "operationMetadataId": "cb6ced97-2948-451d-95e3-8ca4c6317677"
          }
        },
        "User_Item": {
          "type": "Compose",
          "inputs": "i:0#.f|membership|@{triggerOutputs()?['body/UserMail']}",
          "runAfter": {
            "Compose": [
              "Succeeded"
            ]
          },
          "metadata": {
            "operationMetadataId": "f73909a6-d66f-4747-ac29-03a197ddf777"
          }
        },
        "Send_an_HTTP_request_to_SharePoint_for_user": {
          "type": "OpenApiConnection",
          "inputs": {
            "parameters": {
              "dataset": "@variables('SiteURL')",
              "parameters/method": "POST",
              "parameters/uri": "_api/web/ensureuser",
              "parameters/body": "{\n      'logonName': \"@{outputs('User_Item')}\"\n    }"
            },
            "host": {
              "apiId": "/providers/Microsoft.PowerApps/apis/shared_sharepointonline",
              "operationId": "HttpRequest",
              "connectionName": "shared_sharepointonline_1"
            }
          },
          "runAfter": {
            "Send_an_HTTP_request_to_SharePoint_2": [
              "Succeeded"
            ]
          },
          "metadata": {
            "operationMetadataId": "0f52d926-a9b9-4f13-8aba-264f9dc5c65e"
          }
        },
        "SetPermissions_For_User": {
          "type": "OpenApiConnection",
          "inputs": {
            "parameters": {
              "dataset": "@variables('SiteURL')",
              "parameters/method": "POST",
              "parameters/uri": "/_api/web/lists/getbytitle('HR365PMXKPIReviewList')/items(@{triggerOutputs()?['body/ID']})/roleassignments/addroleassignment(principalid=@{outputs('Send_an_HTTP_request_to_SharePoint_for_user')?['body']['d']['Id']},roledefid=1073741827)"
            },
            "host": {
              "apiId": "/providers/Microsoft.PowerApps/apis/shared_sharepointonline",
              "operationId": "HttpRequest",
              "connectionName": "shared_sharepointonline_1"
            }
          },
          "runAfter": {
            "SetPermissions_For_Manager": [
              "Succeeded"
            ]
          },
          "metadata": {
            "operationMetadataId": "54c28203-bf97-447f-b4d5-c9b428ea30ef"
          }
        }
      },
      "description": "this is item level permission  for KPI List"
    },
    "templateName": null
  },
  "schemaVersion": "1.0.0.0"
}