{
  "properties": {
    "connectionReferences": {
      "shared_sharepointonline_1": {
        "runtimeSource": "embedded",
        "connection": {
          "connectionReferenceLogicalName": "hr365_sharedsharepointonline_a4703"
        },
        "api": {
          "name": "shared_sharepointonline"
        }
      },
      "shared_office365_1": {
        "runtimeSource": "embedded",
        "connection": {
          "connectionReferenceLogicalName": "hr365_sharedoffice365_a6dff"
        },
        "api": {
          "name": "shared_office365"
        }
      },
      "shared_teams": {
        "runtimeSource": "embedded",
        "connection": {
          "connectionReferenceLogicalName": "hr365_sharedteams_ba03d"
        },
        "api": {
          "name": "shared_teams"
        }
      },
      "shared_office365": {
        "runtimeSource": "embedded",
        "connection": {
          "connectionReferenceLogicalName": "hr365_sharedoffice365_fcc08"
        },
        "api": {
          "name": "shared_office365"
        }
      },
      "shared_sharepointonline": {
        "runtimeSource": "embedded",
        "connection": {
          "connectionReferenceLogicalName": "hr365_sharedsharepointonline_32f2d"
        },
        "api": {
          "name": "shared_sharepointonline"
        }
      }
    },
    "definition": {
      "$schema": "https://schema.management.azure.com/providers/Microsoft.Logic/schemas/2016-06-01/workflowdefinition.json#",
      "contentVersion": "1.0.0.0",
      "parameters": {
        "$connections": {
          "defaultValue": {},
          "type": "Object"
        },
        "$authentication": {
          "defaultValue": {},
          "type": "SecureObject"
        },
        "SiteAddress(EPM) (hr365_SiteAddressEPM)": {
          "defaultValue": "https://m365online.sharepoint.com/sites/UpdatedFlowEPM/",
          "type": "String",
          "metadata": {
            "schemaName": "hr365_SiteAddressEPM"
          }
        },
        "CalendarID(EPM) (hr365_CalendarIDEPM)": {
          "defaultValue": "Calendar",
          "type": "String",
          "metadata": {
            "schemaName": "hr365_CalendarIDEPM"
          }
        }
      },
      "triggers": {
        "When_an_item_is_created_or_modified": {
          "recurrence": {
            "interval": 5,
            "frequency": "Minute"
          },
          "splitOn": "@triggerOutputs()?['body/value']",
          "metadata": {
            "operationMetadataId": "2b3d040b-cabf-4da4-b6b9-8ae3907ec3f9"
          },
          "type": "OpenApiConnection",
          "inputs": {
            "host": {
              "connectionName": "shared_sharepointonline",
              "operationId": "GetOnUpdatedItems",
              "apiId": "/providers/Microsoft.PowerApps/apis/shared_sharepointonline"
            },
            "parameters": {
              "dataset": "@parameters('SiteAddress(EPM) (hr365_SiteAddressEPM)')",
              "table": "HR365PMXOneToOne"
            },
            "authentication": "@parameters('$authentication')"
          }
        }
      },
      "actions": {
        "Initialize_StartDate": {
          "runAfter": {
            "Initialize_variable": [
              "Succeeded"
            ]
          },
          "metadata": {
            "operationMetadataId": "8babefa0-8c82-4104-a92f-02a3ed43ed44"
          },
          "type": "InitializeVariable",
          "inputs": {
            "variables": [
              {
                "name": "StartDate",
                "type": "string"
              }
            ]
          }
        },
        "Set_StartDate": {
          "runAfter": {
            "Initialize_StartDate": [
              "Succeeded"
            ]
          },
          "metadata": {
            "operationMetadataId": "c4bac4b7-648d-47e2-b80c-3f6d5d58dd6f"
          },
          "type": "SetVariable",
          "inputs": {
            "name": "StartDate",
            "value": "@{triggerOutputs()?['body/StartDate']}"
          }
        },
        "Initialize_EndDate": {
          "runAfter": {
            "Set_StartDate": [
              "Succeeded"
            ]
          },
          "metadata": {
            "operationMetadataId": "7cbd0d35-dbdd-45cb-adda-343ee1d99760"
          },
          "type": "InitializeVariable",
          "inputs": {
            "variables": [
              {
                "name": "EndDate",
                "type": "string"
              }
            ]
          }
        },
        "Set_EndDate": {
          "runAfter": {
            "Compose_2": [
              "Succeeded"
            ]
          },
          "metadata": {
            "operationMetadataId": "3ca913ad-1f32-40bf-a447-d1c8b86752b6"
          },
          "type": "SetVariable",
          "inputs": {
            "name": "EndDate",
            "value": "@{outputs('Compose_2')}"
          }
        },
        "Compose_2": {
          "runAfter": {
            "Initialize_EndDate": [
              "Succeeded"
            ]
          },
          "metadata": {
            "operationMetadataId": "0e739aa9-f3c6-49b0-b34b-644c3ec2f4f5"
          },
          "type": "Compose",
          "inputs": "@addSeconds(triggerOutputs()?['body/EndDate'],2)"
        },
        "Compose_3": {
          "runAfter": {
            "Set_EndDate": [
              "Succeeded"
            ]
          },
          "metadata": {
            "operationMetadataId": "5c63b7b5-8312-4e81-8784-4ead8b9e9c8b"
          },
          "type": "Compose",
          "inputs": "@{dayOfMonth(variables('StartDate'))} ,@{dayOfWeek(variables('StartDate'))}"
        },
        "Start_Time": {
          "runAfter": {
            "Compose_3": [
              "Succeeded"
            ]
          },
          "metadata": {
            "operationMetadataId": "59db82e9-e849-4036-899a-fcde106b8e0b"
          },
          "type": "InitializeVariable",
          "inputs": {
            "variables": [
              {
                "name": "StartTime",
                "type": "string"
              }
            ]
          }
        },
        "EndTime_1": {
          "runAfter": {
            "Start_Time": [
              "Succeeded"
            ]
          },
          "metadata": {
            "operationMetadataId": "68f43b94-7f52-40a3-a275-a4a896ad06e8"
          },
          "type": "InitializeVariable",
          "inputs": {
            "variables": [
              {
                "name": "EndTime",
                "type": "string"
              }
            ]
          }
        },
        "Compose_4": {
          "runAfter": {
            "EndTime_1": [
              "Succeeded"
            ]
          },
          "metadata": {
            "operationMetadataId": "6993c641-3a17-47d6-9506-9c81183658eb"
          },
          "type": "Compose",
          "inputs": "@triggerOutputs()?['body/MonthDatereoccurance']"
        },
        "Check_for_Day_of_the_week": {
          "actions": {
            "Switch": {
              "runAfter": {},
              "cases": {
                "Case": {
                  "case": "Thus",
                  "actions": {
                    "Set_variable_9": {
                      "runAfter": {},
                      "metadata": {
                        "operationMetadataId": "89dc1a34-c2e9-4319-b569-7924d29c6445"
                      },
                      "type": "SetVariable",
                      "inputs": {
                        "name": "WeekDay",
                        "value": "Thursday"
                      }
                    }
                  }
                },
                "Case_2": {
                  "case": "Mon",
                  "actions": {
                    "Set_variable_19": {
                      "runAfter": {},
                      "metadata": {
                        "operationMetadataId": "23e7588b-ed8f-4c6c-a3ed-6d5a505a81b3"
                      },
                      "type": "SetVariable",
                      "inputs": {
                        "name": "WeekDay",
                        "value": "Monday"
                      }
                    }
                  }
                },
                "Case_3": {
                  "case": "Tue",
                  "actions": {
                    "Set_variable_20": {
                      "runAfter": {},
                      "metadata": {
                        "operationMetadataId": "4a4da3ce-3b4e-4f39-b5a3-35d527125e4c"
                      },
                      "type": "SetVariable",
                      "inputs": {
                        "name": "WeekDay",
                        "value": "Tuesday"
                      }
                    }
                  }
                },
                "Case_4": {
                  "case": "Wed",
                  "actions": {
                    "Set_variable_21": {
                      "runAfter": {},
                      "metadata": {
                        "operationMetadataId": "7e3fdade-7bd0-4399-8dff-d2aebd21da85"
                      },
                      "type": "SetVariable",
                      "inputs": {
                        "name": "WeekDay",
                        "value": "Wednesday"
                      }
                    }
                  }
                },
                "Case_5": {
                  "case": "Fri",
                  "actions": {
                    "Set_variable_22": {
                      "runAfter": {},
                      "metadata": {
                        "operationMetadataId": "4a2e9e65-4fa6-4c13-84f5-b73b6677e076"
                      },
                      "type": "SetVariable",
                      "inputs": {
                        "name": "WeekDay",
                        "value": "Friday"
                      }
                    }
                  }
                },
                "Case_6": {
                  "case": "Sat",
                  "actions": {
                    "Set_variable_23": {
                      "runAfter": {},
                      "metadata": {
                        "operationMetadataId": "31547dcf-8c18-4e93-9024-58ca87a9e63d"
                      },
                      "type": "SetVariable",
                      "inputs": {
                        "name": "WeekDay",
                        "value": "Saturday"
                      }
                    }
                  }
                },
                "Case_7": {
                  "case": "Sun",
                  "actions": {
                    "Set_variable_24": {
                      "runAfter": {},
                      "metadata": {
                        "operationMetadataId": "ca2075bd-f6c5-40c1-94ab-c239f033dc80"
                      },
                      "type": "SetVariable",
                      "inputs": {
                        "name": "WeekDay",
                        "value": "Sunday"
                      }
                    }
                  }
                }
              },
              "default": {
                "actions": {}
              },
              "expression": "@triggerOutputs()?['body/DayOfTheWeek']",
              "metadata": {
                "operationMetadataId": "a5ca597e-5de6-4eed-a666-e93e535ebe5f"
              },
              "type": "Switch"
            }
          },
          "runAfter": {
            "Apply_to_each_4": [
              "Succeeded"
            ]
          },
          "expression": {
            "and": [
              {
                "not": {
                  "equals": [
                    "@triggerOutputs()?['body/DayOfTheWeek']",
                    "@null"
                  ]
                }
              },
              {
                "not": {
                  "equals": [
                    "@triggerOutputs()?['body/DayOfTheWeek']",
                    ""
                  ]
                }
              }
            ]
          },
          "metadata": {
            "operationMetadataId": "ce5bf232-8630-45c6-a8bb-d0d4570e83b4"
          },
          "type": "If"
        },
        "DaysOfWeek": {
          "runAfter": {
            "End_time": [
              "Succeeded"
            ]
          },
          "metadata": {
            "operationMetadataId": "1e89b85c-d854-471f-8411-6d5f82083f39"
          },
          "type": "InitializeVariable",
          "inputs": {
            "variables": [
              {
                "name": "DaysOfWeek",
                "type": "array",
                "value": [
                  "Monday",
                  "Tuesday",
                  "Wednesday",
                  "Thursday",
                  "Friday",
                  "Saturday",
                  "Sunday"
                ]
              }
            ]
          }
        },
        "Initialize_variable": {
          "runAfter": {
            "DaysOfWeek": [
              "Succeeded"
            ]
          },
          "metadata": {
            "operationMetadataId": "e033e494-b7f5-4e04-b0b6-02a950ce7b2f"
          },
          "type": "InitializeVariable",
          "inputs": {
            "variables": [
              {
                "name": "Day",
                "type": "string"
              }
            ]
          }
        },
        "Week_Day": {
          "runAfter": {
            "Compose_4": [
              "Succeeded"
            ]
          },
          "metadata": {
            "operationMetadataId": "9f89d305-3cce-411b-aa92-2289ea2d999e"
          },
          "type": "InitializeVariable",
          "inputs": {
            "variables": [
              {
                "name": "WeekDay",
                "type": "string"
              }
            ]
          }
        },
        "Get_changes_for_an_item_or_a_file_(properties_only)": {
          "runAfter": {},
          "metadata": {
            "operationMetadataId": "12df4729-42ee-4e84-b21f-74ab4aac5f41"
          },
          "type": "OpenApiConnection",
          "inputs": {
            "host": {
              "connectionName": "shared_sharepointonline_1",
              "operationId": "GetItemChanges",
              "apiId": "/providers/Microsoft.PowerApps/apis/shared_sharepointonline"
            },
            "parameters": {
              "dataset": "@parameters('SiteAddress(EPM) (hr365_SiteAddressEPM)')",
              "table": "HR365PMXonetoone",
              "id": "@triggerOutputs()?['body/ID']",
              "since": "@triggerOutputs()?['body/{TriggerWindowStartToken}']",
              "includeDrafts": false,
              "view": "ca2524b1-2db0-4cab-97f1-dd2919f20ed6"
            },
            "authentication": "@parameters('$authentication')"
          }
        },
        "Compose_7": {
          "runAfter": {
            "Check_for_Day_of_the_week": [
              "Succeeded"
            ]
          },
          "metadata": {
            "operationMetadataId": "b587f0cd-6012-4021-bc50-07d868ced524"
          },
          "type": "Compose",
          "inputs": "@triggerOutputs()?['body/ID']"
        },
        "CalendarID": {
          "runAfter": {
            "Get_changes_for_an_item_or_a_file_(properties_only)": [
              "Succeeded"
            ]
          },
          "metadata": {
            "operationMetadataId": "33530b39-75bc-4ebf-995a-f9c83f35d916"
          },
          "type": "InitializeVariable",
          "inputs": {
            "variables": [
              {
                "name": "CalendarID",
                "type": "array"
              }
            ]
          }
        },
        "Required_Attendee": {
          "runAfter": {
            "Week_Day": [
              "Succeeded"
            ]
          },
          "metadata": {
            "operationMetadataId": "4cb744e3-4de7-4482-9bc8-f6f314fd37c0"
          },
          "type": "InitializeVariable",
          "inputs": {
            "variables": [
              {
                "name": "Required Attendee",
                "type": "array"
              }
            ]
          }
        },
        "Compose_18": {
          "runAfter": {
            "Required_Attendee": [
              "Succeeded"
            ]
          },
          "metadata": {
            "operationMetadataId": "0e32ba4c-5045-491f-bd2e-2232a6a681c4"
          },
          "type": "Compose",
          "inputs": "@json(triggerOutputs()?['body/MeetingWith'])"
        },
        "Apply_to_each_4": {
          "foreach": "@array(outputs('Compose_18'))",
          "actions": {
            "Append_to_array_variable_3": {
              "runAfter": {},
              "metadata": {
                "operationMetadataId": "fb518dea-083f-44c0-a4b2-5155c93ceaa3"
              },
              "type": "AppendToArrayVariable",
              "inputs": {
                "name": "Required Attendee",
                "value": "@items('Apply_to_each_4')?['Email']"
              }
            }
          },
          "runAfter": {
            "Compose_18": [
              "Succeeded"
            ]
          },
          "metadata": {
            "operationMetadataId": "7ba8435b-c2bb-450b-a54d-0d581bf47018"
          },
          "type": "Foreach"
        },
        "Check_for_status_In_Progress": {
          "actions": {
            "Check_for_date_change": {
              "actions": {
                "Update_item_2": {
                  "runAfter": {
                    "Create_a_Teams_meeting_2": [
                      "Succeeded"
                    ]
                  },
                  "metadata": {
                    "operationMetadataId": "c5044663-fb2a-4643-8c44-442542ce3c1b"
                  },
                  "type": "OpenApiConnection",
                  "inputs": {
                    "host": {
                      "connectionName": "shared_sharepointonline_1",
                      "operationId": "PatchItem",
                      "apiId": "/providers/Microsoft.PowerApps/apis/shared_sharepointonline"
                    },
                    "parameters": {
                      "dataset": "@parameters('SiteAddress(EPM) (hr365_SiteAddressEPM)')",
                      "table": "HR365PMXonetoone",
                      "id": "@triggerOutputs()?['body/ID']",
                      "item/Title": "@triggerOutputs()?['body/ID']",
                      "item/Flag": "Flag",
                      "item/CalanderId": "@outputs('Create_a_Teams_meeting_2')?['body/id']"
                    },
                    "authentication": "@parameters('$authentication')"
                  }
                },
                "Delete_event_(V2)_2": {
                  "runAfter": {},
                  "metadata": {
                    "operationMetadataId": "83377568-dda1-493d-94af-0034b81eebbf"
                  },
                  "type": "OpenApiConnection",
                  "inputs": {
                    "host": {
                      "connectionName": "shared_office365_1",
                      "operationId": "CalendarDeleteItem_V2",
                      "apiId": "/providers/Microsoft.PowerApps/apis/shared_office365"
                    },
                    "parameters": {
                      "calendar": "@parameters('CalendarID(EPM) (hr365_CalendarIDEPM)')",
                      "event": "@triggerOutputs()?['body/CalanderId']"
                    },
                    "authentication": "@parameters('$authentication')"
                  }
                },
                "setStartTime_6": {
                  "actions": {
                    "Condition_23": {
                      "actions": {
                        "StartTime_Minutes_23": {
                          "runAfter": {},
                          "metadata": {
                            "operationMetadataId": "0e739aa9-f3c6-49b0-b34b-644c3ec2f4f5"
                          },
                          "type": "Compose",
                          "inputs": "@add(add(mul(int(split(triggerOutputs()?['body/StartTime'], ':')[0]), 60), int(split(split(triggerOutputs()?['body/StartTime'], ':')[1], ' ')[0])), -720)"
                        },
                        "Set_variable_52": {
                          "runAfter": {
                            "StartTime_Minutes_23": [
                              "Succeeded"
                            ]
                          },
                          "metadata": {
                            "operationMetadataId": "4196f97f-b3cb-4db7-9cd2-5ff90fe3cb5a"
                          },
                          "type": "SetVariable",
                          "inputs": {
                            "name": "StartTime",
                            "value": "@{addMinutes(variables('StartDate'), outputs('StartTime_Minutes_23'))}"
                          }
                        }
                      },
                      "runAfter": {},
                      "else": {
                        "actions": {
                          "Condition_10": {
                            "actions": {
                              "StartTime_Minutes_3": {
                                "runAfter": {},
                                "metadata": {
                                  "operationMetadataId": "0e739aa9-f3c6-49b0-b34b-644c3ec2f4f5"
                                },
                                "type": "Compose",
                                "inputs": "@add(mul(int(split(triggerOutputs()?['body/StartTime'], ':')[0]), 60), int(split(split(triggerOutputs()?['body/StartTime'], ':')[1], ' ')[0]))"
                              },
                              "Set_variable_26": {
                                "runAfter": {
                                  "StartTime_Minutes_3": [
                                    "Succeeded"
                                  ]
                                },
                                "metadata": {
                                  "operationMetadataId": "4196f97f-b3cb-4db7-9cd2-5ff90fe3cb5a"
                                },
                                "type": "SetVariable",
                                "inputs": {
                                  "name": "StartTime",
                                  "value": "@{addMinutes(variables('StartDate'), outputs('StartTime_Minutes_3'))}"
                                }
                              }
                            },
                            "runAfter": {},
                            "else": {
                              "actions": {
                                "StartTime_Minutes_24": {
                                  "runAfter": {},
                                  "metadata": {
                                    "operationMetadataId": "0e739aa9-f3c6-49b0-b34b-644c3ec2f4f5"
                                  },
                                  "type": "Compose",
                                  "inputs": "@add(mul(int(split(triggerOutputs()?['body/StartTime'], ':')[0]), 60), int(split(split(triggerOutputs()?['body/StartTime'], ':')[1], ' ')[0]))"
                                },
                                "Set_variable_53": {
                                  "runAfter": {
                                    "StartTime_Minutes_24": [
                                      "Succeeded"
                                    ]
                                  },
                                  "metadata": {
                                    "operationMetadataId": "47af578b-d3e4-425e-b541-4cfaeb961e62"
                                  },
                                  "type": "SetVariable",
                                  "inputs": {
                                    "name": "StartTime",
                                    "value": "@{addMinutes(variables('StartDate'), outputs('StartTime_Minutes_24'))}"
                                  }
                                }
                              }
                            },
                            "expression": {
                              "contains": [
                                "@variables('Start time')",
                                "00:3"
                              ]
                            },
                            "metadata": {
                              "operationMetadataId": "dba3982f-c2cb-49af-822d-817d7b586919"
                            },
                            "type": "If"
                          }
                        }
                      },
                      "expression": {
                        "contains": [
                          "@variables('Start time')",
                          "00:0"
                        ]
                      },
                      "metadata": {
                        "operationMetadataId": "30867b9b-36f5-4fde-bb3f-ad2f1f5c0c14"
                      },
                      "type": "If"
                    }
                  },
                  "runAfter": {
                    "Delete_event_(V2)_2": [
                      "Succeeded"
                    ]
                  },
                  "else": {
                    "actions": {
                      "Condition_22": {
                        "actions": {
                          "StartTime_Minutes_21": {
                            "runAfter": {},
                            "metadata": {
                              "operationMetadataId": "8879834e-2918-4ac1-9902-da8447f61d9c"
                            },
                            "type": "Compose",
                            "inputs": "@add(mul(int(split(triggerOutputs()?['body/StartTime'], ':')[0]), 60), int(split(split(triggerOutputs()?['body/StartTime'], ':')[1], ' ')[0]))"
                          },
                          "Set_variable_50": {
                            "runAfter": {
                              "StartTime_Minutes_21": [
                                "Succeeded"
                              ]
                            },
                            "metadata": {
                              "operationMetadataId": "8c6765dc-56be-4e01-806d-c50565a7e86a"
                            },
                            "type": "SetVariable",
                            "inputs": {
                              "name": "StartTime",
                              "value": "@{addMinutes(variables('StartDate'), outputs('StartTime_Minutes_21'))}"
                            }
                          }
                        },
                        "runAfter": {},
                        "else": {
                          "actions": {
                            "StartTime_Minutes_22": {
                              "runAfter": {},
                              "metadata": {
                                "operationMetadataId": "8879834e-2918-4ac1-9902-da8447f61d9c"
                              },
                              "type": "Compose",
                              "inputs": "@add(mul(int(split(triggerOutputs()?['body/StartTime'], ':')[0]), 60), int(split(split(triggerOutputs()?['body/StartTime'], ':')[1], ' ')[0]))"
                            },
                            "Set_variable_51": {
                              "runAfter": {
                                "StartTime_Minutes_22": [
                                  "Succeeded"
                                ]
                              },
                              "metadata": {
                                "operationMetadataId": "ed5b90d6-ac05-47b4-9915-805e59b9505d"
                              },
                              "type": "SetVariable",
                              "inputs": {
                                "name": "StartTime",
                                "value": "@{addMinutes(variables('StartDate'), outputs('StartTime_Minutes_22'))}"
                              }
                            }
                          }
                        },
                        "expression": {
                          "contains": [
                            "@variables('Start time')",
                            "12:0"
                          ]
                        },
                        "metadata": {
                          "operationMetadataId": "a33c6f91-0bc8-40a4-94a7-1ac8c1f72e2a"
                        },
                        "type": "If"
                      }
                    }
                  },
                  "expression": {
                    "less": [
                      "@triggerOutputs()?['body/StartTime']",
                      "12:0"
                    ]
                  },
                  "metadata": {
                    "operationMetadataId": "ad7ccf6f-d1ec-42a2-bf6c-50c165123cdf"
                  },
                  "type": "If"
                },
                "setEndTime_6": {
                  "actions": {
                    "Condition_24": {
                      "actions": {
                        "End_Time_minutes_11": {
                          "runAfter": {},
                          "metadata": {
                            "operationMetadataId": "260cf0e9-b070-4df2-9968-a3977619ff10"
                          },
                          "type": "Compose",
                          "inputs": "@add(720, add(mul(int(split(triggerOutputs()?['body/EndTime'], ':')[0]), 60), int(split(split(triggerOutputs()?['body/EndTime'], ':')[1], ' ')[0])))"
                        },
                        "Set_variable_56": {
                          "runAfter": {
                            "End_Time_minutes_11": [
                              "Succeeded"
                            ]
                          },
                          "metadata": {
                            "operationMetadataId": "9c378f17-dd03-4b4f-9055-fe67c8e058df"
                          },
                          "type": "SetVariable",
                          "inputs": {
                            "name": "EndTime",
                            "value": "@{addMinutes(variables('EndDate'), outputs('End_Time_minutes_11'))}"
                          }
                        }
                      },
                      "runAfter": {},
                      "else": {
                        "actions": {
                          "Condition_11": {
                            "actions": {
                              "End_Time_minutes_5": {
                                "runAfter": {},
                                "metadata": {
                                  "operationMetadataId": "260cf0e9-b070-4df2-9968-a3977619ff10"
                                },
                                "type": "Compose",
                                "inputs": "@add(add(mul(int(split(triggerOutputs()?['body/StartTime'], ':')[0]), 60), int(split(split(triggerOutputs()?['body/StartTime'], ':')[1], ' ')[0])), 30)"
                              },
                              "Set_variable_27": {
                                "runAfter": {
                                  "End_Time_minutes_5": [
                                    "Succeeded"
                                  ]
                                },
                                "metadata": {
                                  "operationMetadataId": "9c378f17-dd03-4b4f-9055-fe67c8e058df"
                                },
                                "type": "SetVariable",
                                "inputs": {
                                  "name": "EndTime",
                                  "value": "@{addMinutes(variables('EndDate'), outputs('End_Time_minutes_5'))}"
                                }
                              }
                            },
                            "runAfter": {},
                            "else": {
                              "actions": {
                                "End_Time_minutes_12": {
                                  "runAfter": {},
                                  "metadata": {
                                    "operationMetadataId": "260cf0e9-b070-4df2-9968-a3977619ff10"
                                  },
                                  "type": "Compose",
                                  "inputs": "@add(mul(int(split(triggerOutputs()?['body/EndTime'], ':')[0]), 60), int(split(split(triggerOutputs()?['body/EndTime'], ':')[1], ' ')[0]))"
                                },
                                "Set_variable_57": {
                                  "runAfter": {
                                    "End_Time_minutes_12": [
                                      "Succeeded"
                                    ]
                                  },
                                  "metadata": {
                                    "operationMetadataId": "ab126e34-b6b3-455c-998d-b84aa9609857"
                                  },
                                  "type": "SetVariable",
                                  "inputs": {
                                    "name": "EndTime",
                                    "value": "@{addMinutes(variables('EndDate'), outputs('End_Time_minutes_12'))}"
                                  }
                                }
                              }
                            },
                            "expression": {
                              "contains": [
                                "@variables('End time')",
                                "0:3"
                              ]
                            },
                            "metadata": {
                              "operationMetadataId": "06cbab14-0048-4b6c-853b-dff6aaab4062"
                            },
                            "type": "If"
                          }
                        }
                      },
                      "expression": {
                        "contains": [
                          "@variables('End time')",
                          "00:0"
                        ]
                      },
                      "metadata": {
                        "operationMetadataId": "95a8e523-9ce1-4ff7-b945-8e52437cc58f"
                      },
                      "type": "If"
                    }
                  },
                  "runAfter": {
                    "setStartTime_6": [
                      "Succeeded"
                    ]
                  },
                  "else": {
                    "actions": {
                      "Condition_for_12PM_6": {
                        "actions": {
                          "EndTime_Minutes_11": {
                            "runAfter": {},
                            "metadata": {
                              "operationMetadataId": "57b03efe-2970-4bb1-a64e-bebc5c2bf2c0"
                            },
                            "type": "Compose",
                            "inputs": "@add(mul(int(split(triggerOutputs()?['body/EndTime'], ':')[0]), 60), int(split(split(triggerOutputs()?['body/EndTime'], ':')[1], ' ')[0]))"
                          },
                          "Set_variable_54": {
                            "runAfter": {
                              "EndTime_Minutes_11": [
                                "Succeeded"
                              ]
                            },
                            "metadata": {
                              "operationMetadataId": "284411ad-64bb-48f8-b27a-5156efb4d969"
                            },
                            "type": "SetVariable",
                            "inputs": {
                              "name": "EndTime",
                              "value": "@{addMinutes(variables('EndDate'), outputs('EndTime_Minutes_11'))}"
                            }
                          }
                        },
                        "runAfter": {},
                        "else": {
                          "actions": {
                            "EndTime_Minutes_12": {
                              "runAfter": {},
                              "metadata": {
                                "operationMetadataId": "57b03efe-2970-4bb1-a64e-bebc5c2bf2c0"
                              },
                              "type": "Compose",
                              "inputs": "@add(mul(int(split(triggerOutputs()?['body/EndTime'], ':')[0]), 60), int(split(split(triggerOutputs()?['body/EndTime'], ':')[1], ' ')[0]))"
                            },
                            "Set_variable_55": {
                              "runAfter": {
                                "EndTime_Minutes_12": [
                                  "Succeeded"
                                ]
                              },
                              "metadata": {
                                "operationMetadataId": "58853db9-fe62-494b-ac7b-28374644e4cb"
                              },
                              "type": "SetVariable",
                              "inputs": {
                                "name": "EndTime",
                                "value": "@{addMinutes(variables('EndDate'), outputs('EndTime_Minutes_12'))}"
                              }
                            }
                          }
                        },
                        "expression": {
                          "contains": [
                            "@variables('End time')",
                            "12:0"
                          ]
                        },
                        "metadata": {
                          "operationMetadataId": "e3468a3b-b94c-4165-bb86-70791ca527d2"
                        },
                        "type": "If"
                      }
                    }
                  },
                  "expression": {
                    "less": [
                      "@triggerOutputs()?['body/EndTime']",
                      "12:0"
                    ]
                  },
                  "metadata": {
                    "operationMetadataId": "09e34cbb-3a31-41b7-bfb4-0acca5924a8f"
                  },
                  "type": "If"
                },
                "Create_a_Teams_meeting_2": {
                  "runAfter": {
                    "setEndTime_6": [
                      "Succeeded"
                    ]
                  },
                  "metadata": {
                    "operationMetadataId": "ae67066a-7b65-49f1-a205-54a342ffb23d"
                  },
                  "type": "OpenApiConnection",
                  "inputs": {
                    "host": {
                      "connectionName": "shared_teams",
                      "operationId": "CreateTeamsMeeting",
                      "apiId": "/providers/Microsoft.PowerApps/apis/shared_teams"
                    },
                    "parameters": {
                      "calendarid": "@parameters('CalendarID(EPM) (hr365_CalendarIDEPM)')",
                      "item/subject": "@triggerOutputs()?['body/MeetingTitle']",
                      "item/body/content": "Please click on the link to join the teams meeting.",
                      "item/timeZone": "India Standard Time",
                      "item/start/dateTime": "@variables('StartTime')",
                      "item/end/dateTime": "@variables('EndTime')",
                      "item/requiredAttendees": "@{join(variables('Required Attendee'),';')};@{triggerOutputs()?['body/Username']}"
                    },
                    "authentication": "@parameters('$authentication')"
                  }
                }
              },
              "runAfter": {},
              "else": {
                "actions": {
                  "Condition_16": {
                    "actions": {
                      "Terminate": {
                        "runAfter": {},
                        "metadata": {
                          "operationMetadataId": "5cf75546-33b0-48c9-9b8b-5e14040f3565"
                        },
                        "type": "Terminate",
                        "inputs": {
                          "runStatus": "Succeeded"
                        }
                      }
                    },
                    "runAfter": {},
                    "else": {
                      "actions": {
                        "Update_item": {
                          "runAfter": {
                            "Create_a_Teams_meeting": [
                              "Succeeded"
                            ]
                          },
                          "metadata": {
                            "operationMetadataId": "c5044663-fb2a-4643-8c44-442542ce3c1b"
                          },
                          "type": "OpenApiConnection",
                          "inputs": {
                            "host": {
                              "connectionName": "shared_sharepointonline_1",
                              "operationId": "PatchItem",
                              "apiId": "/providers/Microsoft.PowerApps/apis/shared_sharepointonline"
                            },
                            "parameters": {
                              "dataset": "@parameters('SiteAddress(EPM) (hr365_SiteAddressEPM)')",
                              "table": "HR365PMXonetoone",
                              "id": "@triggerOutputs()?['body/ID']",
                              "item/Title": "@triggerOutputs()?['body/ID']",
                              "item/Flag": "Flag",
                              "item/CalanderId": "@outputs('Create_a_Teams_meeting')?['body/id']"
                            },
                            "authentication": "@parameters('$authentication')"
                          }
                        },
                        "setStartTime_5": {
                          "actions": {
                            "Condition_18": {
                              "actions": {
                                "StartTime_Minutes_19": {
                                  "runAfter": {},
                                  "metadata": {
                                    "operationMetadataId": "0e739aa9-f3c6-49b0-b34b-644c3ec2f4f5"
                                  },
                                  "type": "Compose",
                                  "inputs": "@add(mul(int(split(triggerOutputs()?['body/StartTime'], ':')[0]), 60), int(split(split(triggerOutputs()?['body/StartTime'], ':')[1], ' ')[0]))"
                                },
                                "Set_variable_44": {
                                  "runAfter": {
                                    "Compose_22": [
                                      "Succeeded"
                                    ]
                                  },
                                  "metadata": {
                                    "operationMetadataId": "4196f97f-b3cb-4db7-9cd2-5ff90fe3cb5a"
                                  },
                                  "type": "SetVariable",
                                  "inputs": {
                                    "name": "StartTime",
                                    "value": "@{addMinutes(variables('StartDate'), outputs('StartTime_Minutes_19'))}"
                                  }
                                },
                                "StartTime_Minutes_4": {
                                  "runAfter": {
                                    "StartTime_Minutes_19": [
                                      "Succeeded"
                                    ]
                                  },
                                  "metadata": {
                                    "operationMetadataId": "0e739aa9-f3c6-49b0-b34b-644c3ec2f4f5"
                                  },
                                  "type": "Compose",
                                  "inputs": "@add(mul(int(split(triggerOutputs()?['body/StartTime'], ':')[0]), 60), int(split(split(triggerOutputs()?['body/StartTime'], ':')[1], ' ')[0]))"
                                },
                                "Compose_22": {
                                  "runAfter": {
                                    "StartTime_Minutes_4": [
                                      "Succeeded"
                                    ]
                                  },
                                  "metadata": {
                                    "operationMetadataId": "db585bbe-6831-4f9a-b350-cccf39d228bc"
                                  },
                                  "type": "Compose",
                                  "inputs": "@addMinutes(variables('StartDate'), outputs('StartTime_Minutes_4'))"
                                }
                              },
                              "runAfter": {},
                              "else": {
                                "actions": {
                                  "Condition_4": {
                                    "actions": {
                                      "StartTime_Minutes": {
                                        "runAfter": {},
                                        "metadata": {
                                          "operationMetadataId": "0e739aa9-f3c6-49b0-b34b-644c3ec2f4f5"
                                        },
                                        "type": "Compose",
                                        "inputs": "@add(add(mul(int(split(triggerOutputs()?['body/StartTime'], ':')[0]), 60), int(split(split(triggerOutputs()?['body/StartTime'], ':')[1], ' ')[0])), 30)"
                                      },
                                      "Set_variable_7": {
                                        "runAfter": {
                                          "StartTime_Minutes": [
                                            "Succeeded"
                                          ]
                                        },
                                        "metadata": {
                                          "operationMetadataId": "4196f97f-b3cb-4db7-9cd2-5ff90fe3cb5a"
                                        },
                                        "type": "SetVariable",
                                        "inputs": {
                                          "name": "StartTime",
                                          "value": "@{addMinutes(variables('StartDate'), outputs('StartTime_Minutes'))}"
                                        }
                                      }
                                    },
                                    "runAfter": {},
                                    "else": {
                                      "actions": {
                                        "StartTime_Minutes_20": {
                                          "runAfter": {},
                                          "metadata": {
                                            "operationMetadataId": "0e739aa9-f3c6-49b0-b34b-644c3ec2f4f5"
                                          },
                                          "type": "Compose",
                                          "inputs": "@add(mul(int(split(triggerOutputs()?['body/StartTime'], ':')[0]), 60), int(split(split(triggerOutputs()?['body/StartTime'], ':')[1], ' ')[0]))"
                                        },
                                        "Set_variable_45": {
                                          "runAfter": {
                                            "StartTime_Minutes_20": [
                                              "Succeeded"
                                            ]
                                          },
                                          "metadata": {
                                            "operationMetadataId": "47af578b-d3e4-425e-b541-4cfaeb961e62"
                                          },
                                          "type": "SetVariable",
                                          "inputs": {
                                            "name": "StartTime",
                                            "value": "@{addMinutes(variables('StartDate'), outputs('StartTime_Minutes_20'))}"
                                          }
                                        }
                                      }
                                    },
                                    "expression": {
                                      "contains": [
                                        "@variables('Start time')",
                                        "00:3"
                                      ]
                                    },
                                    "metadata": {
                                      "operationMetadataId": "6d21248c-b8c5-488f-bb6b-89597a96d1cc"
                                    },
                                    "type": "If"
                                  }
                                }
                              },
                              "expression": {
                                "contains": [
                                  "@variables('Start time')",
                                  "00:0"
                                ]
                              },
                              "metadata": {
                                "operationMetadataId": "30867b9b-36f5-4fde-bb3f-ad2f1f5c0c14"
                              },
                              "type": "If"
                            }
                          },
                          "runAfter": {},
                          "else": {
                            "actions": {
                              "Condition_17": {
                                "actions": {
                                  "StartTime_Minutes_17": {
                                    "runAfter": {},
                                    "metadata": {
                                      "operationMetadataId": "8879834e-2918-4ac1-9902-da8447f61d9c"
                                    },
                                    "type": "Compose",
                                    "inputs": "@add(mul(int(split(triggerOutputs()?['body/StartTime'], ':')[0]), 60), int(split(split(triggerOutputs()?['body/StartTime'], ':')[1], ' ')[0]))"
                                  },
                                  "Set_variable_42": {
                                    "runAfter": {
                                      "StartTime_Minutes_17": [
                                        "Succeeded"
                                      ]
                                    },
                                    "metadata": {
                                      "operationMetadataId": "8c6765dc-56be-4e01-806d-c50565a7e86a"
                                    },
                                    "type": "SetVariable",
                                    "inputs": {
                                      "name": "StartTime",
                                      "value": "@{addMinutes(variables('StartDate'), outputs('StartTime_Minutes_17'))}"
                                    }
                                  }
                                },
                                "runAfter": {},
                                "else": {
                                  "actions": {
                                    "StartTime_Minutes_18": {
                                      "runAfter": {},
                                      "metadata": {
                                        "operationMetadataId": "8879834e-2918-4ac1-9902-da8447f61d9c"
                                      },
                                      "type": "Compose",
                                      "inputs": "@add(mul(int(split(triggerOutputs()?['body/StartTime'], ':')[0]), 60), int(split(split(triggerOutputs()?['body/StartTime'], ':')[1], ' ')[0]))"
                                    },
                                    "Set_variable_43": {
                                      "runAfter": {
                                        "StartTime_Minutes_18": [
                                          "Succeeded"
                                        ]
                                      },
                                      "metadata": {
                                        "operationMetadataId": "ed5b90d6-ac05-47b4-9915-805e59b9505d"
                                      },
                                      "type": "SetVariable",
                                      "inputs": {
                                        "name": "StartTime",
                                        "value": "@{addMinutes(variables('StartDate'), outputs('StartTime_Minutes_18'))}"
                                      }
                                    }
                                  }
                                },
                                "expression": {
                                  "contains": [
                                    "@variables('Start time')",
                                    "12:0"
                                  ]
                                },
                                "metadata": {
                                  "operationMetadataId": "a33c6f91-0bc8-40a4-94a7-1ac8c1f72e2a"
                                },
                                "type": "If"
                              }
                            }
                          },
                          "expression": {
                            "less": [
                              "@triggerOutputs()?['body/StartTime']",
                              "12:0"
                            ]
                          },
                          "metadata": {
                            "operationMetadataId": "ad7ccf6f-d1ec-42a2-bf6c-50c165123cdf"
                          },
                          "type": "If"
                        },
                        "setEndTime_5": {
                          "actions": {
                            "Condition_19": {
                              "actions": {
                                "End_Time_minutes_9": {
                                  "runAfter": {},
                                  "metadata": {
                                    "operationMetadataId": "260cf0e9-b070-4df2-9968-a3977619ff10"
                                  },
                                  "type": "Compose",
                                  "inputs": "@add(720, add(mul(int(split(triggerOutputs()?['body/EndTime'], ':')[0]), 60), int(split(split(triggerOutputs()?['body/EndTime'], ':')[1], ' ')[0])))"
                                },
                                "Set_variable_48": {
                                  "runAfter": {
                                    "End_Time_minutes_9": [
                                      "Succeeded"
                                    ]
                                  },
                                  "metadata": {
                                    "operationMetadataId": "9c378f17-dd03-4b4f-9055-fe67c8e058df"
                                  },
                                  "type": "SetVariable",
                                  "inputs": {
                                    "name": "EndTime",
                                    "value": "@{addMinutes(variables('EndDate'), outputs('End_Time_minutes_9'))}"
                                  }
                                }
                              },
                              "runAfter": {},
                              "else": {
                                "actions": {
                                  "Condition_3": {
                                    "actions": {
                                      "End_Time_minutes": {
                                        "runAfter": {},
                                        "metadata": {
                                          "operationMetadataId": "260cf0e9-b070-4df2-9968-a3977619ff10"
                                        },
                                        "type": "Compose",
                                        "inputs": "@add(add(mul(int(split(triggerOutputs()?['body/StartTime'], ':')[0]), 60), int(split(split(triggerOutputs()?['body/StartTime'], ':')[1], ' ')[0])),30)"
                                      },
                                      "Set_variable_6": {
                                        "runAfter": {
                                          "End_Time_minutes": [
                                            "Succeeded"
                                          ]
                                        },
                                        "metadata": {
                                          "operationMetadataId": "9c378f17-dd03-4b4f-9055-fe67c8e058df"
                                        },
                                        "type": "SetVariable",
                                        "inputs": {
                                          "name": "EndTime",
                                          "value": "@{addMinutes(variables('EndDate'), outputs('End_Time_minutes'))}"
                                        }
                                      }
                                    },
                                    "runAfter": {},
                                    "else": {
                                      "actions": {
                                        "End_Time_minutes_10": {
                                          "runAfter": {},
                                          "metadata": {
                                            "operationMetadataId": "260cf0e9-b070-4df2-9968-a3977619ff10"
                                          },
                                          "type": "Compose",
                                          "inputs": "@add(mul(int(split(triggerOutputs()?['body/EndTime'], ':')[0]), 60), int(split(split(triggerOutputs()?['body/EndTime'], ':')[1], ' ')[0]))"
                                        },
                                        "Set_variable_49": {
                                          "runAfter": {
                                            "End_Time_minutes_10": [
                                              "Succeeded"
                                            ]
                                          },
                                          "metadata": {
                                            "operationMetadataId": "ab126e34-b6b3-455c-998d-b84aa9609857"
                                          },
                                          "type": "SetVariable",
                                          "inputs": {
                                            "name": "EndTime",
                                            "value": "@{addMinutes(variables('EndDate'), outputs('End_Time_minutes_10'))}"
                                          }
                                        }
                                      }
                                    },
                                    "expression": {
                                      "contains": [
                                        "@variables('End time')",
                                        "0:3"
                                      ]
                                    },
                                    "metadata": {
                                      "operationMetadataId": "81bbd811-1b87-4160-a978-6ae4dd9b3936"
                                    },
                                    "type": "If"
                                  }
                                }
                              },
                              "expression": {
                                "contains": [
                                  "@variables('End time')",
                                  "00:0"
                                ]
                              },
                              "metadata": {
                                "operationMetadataId": "95a8e523-9ce1-4ff7-b945-8e52437cc58f"
                              },
                              "type": "If"
                            }
                          },
                          "runAfter": {
                            "setStartTime_5": [
                              "Succeeded"
                            ]
                          },
                          "else": {
                            "actions": {
                              "Condition_for_12PM_5": {
                                "actions": {
                                  "EndTime_Minutes_9": {
                                    "runAfter": {},
                                    "metadata": {
                                      "operationMetadataId": "57b03efe-2970-4bb1-a64e-bebc5c2bf2c0"
                                    },
                                    "type": "Compose",
                                    "inputs": "@add(mul(int(split(triggerOutputs()?['body/EndTime'], ':')[0]), 60), int(split(split(triggerOutputs()?['body/EndTime'], ':')[1], ' ')[0]))"
                                  },
                                  "Set_variable_46": {
                                    "runAfter": {
                                      "EndTime_Minutes_9": [
                                        "Succeeded"
                                      ]
                                    },
                                    "metadata": {
                                      "operationMetadataId": "284411ad-64bb-48f8-b27a-5156efb4d969"
                                    },
                                    "type": "SetVariable",
                                    "inputs": {
                                      "name": "EndTime",
                                      "value": "@{addMinutes(variables('EndDate'), outputs('EndTime_Minutes_9'))}"
                                    }
                                  }
                                },
                                "runAfter": {},
                                "else": {
                                  "actions": {
                                    "EndTime_Minutes_10": {
                                      "runAfter": {},
                                      "metadata": {
                                        "operationMetadataId": "57b03efe-2970-4bb1-a64e-bebc5c2bf2c0"
                                      },
                                      "type": "Compose",
                                      "inputs": "@add(mul(int(split(triggerOutputs()?['body/EndTime'], ':')[0]), 60), int(split(split(triggerOutputs()?['body/EndTime'], ':')[1], ' ')[0]))"
                                    },
                                    "Set_variable_47": {
                                      "runAfter": {
                                        "EndTime_Minutes_10": [
                                          "Succeeded"
                                        ]
                                      },
                                      "metadata": {
                                        "operationMetadataId": "58853db9-fe62-494b-ac7b-28374644e4cb"
                                      },
                                      "type": "SetVariable",
                                      "inputs": {
                                        "name": "EndTime",
                                        "value": "@{addMinutes(variables('EndDate'), outputs('EndTime_Minutes_10'))}"
                                      }
                                    }
                                  }
                                },
                                "expression": {
                                  "contains": [
                                    "@variables('End time')",
                                    "12:0"
                                  ]
                                },
                                "metadata": {
                                  "operationMetadataId": "e3468a3b-b94c-4165-bb86-70791ca527d2"
                                },
                                "type": "If"
                              }
                            }
                          },
                          "expression": {
                            "less": [
                              "@triggerOutputs()?['body/EndTime']",
                              "12:0"
                            ]
                          },
                          "metadata": {
                            "operationMetadataId": "09e34cbb-3a31-41b7-bfb4-0acca5924a8f"
                          },
                          "type": "If"
                        },
                        "Create_a_Teams_meeting": {
                          "runAfter": {
                            "setEndTime_5": [
                              "Succeeded"
                            ]
                          },
                          "metadata": {
                            "operationMetadataId": "624840a0-2d53-4148-9798-1d8b36543b8e"
                          },
                          "type": "OpenApiConnection",
                          "inputs": {
                            "host": {
                              "connectionName": "shared_teams",
                              "operationId": "CreateTeamsMeeting",
                              "apiId": "/providers/Microsoft.PowerApps/apis/shared_teams"
                            },
                            "parameters": {
                              "calendarid": "@parameters('CalendarID(EPM) (hr365_CalendarIDEPM)')",
                              "item/subject": "@triggerOutputs()?['body/MeetingTitle']",
                              "item/body/content": "Please join the meeting using the below link.",
                              "item/timeZone": "India Standard Time",
                              "item/start/dateTime": "@variables('StartTime')",
                              "item/end/dateTime": "@variables('EndTime')",
                              "item/requiredAttendees": "@{join(variables('Required Attendee'),';')};@{triggerOutputs()?['body/Username']}"
                            },
                            "authentication": "@parameters('$authentication')"
                          }
                        }
                      }
                    },
                    "expression": {
                      "equals": [
                        "@triggerOutputs()?['body/Flag']",
                        "Flag"
                      ]
                    },
                    "metadata": {
                      "operationMetadataId": "874274b9-584b-42a9-9dd4-20503dede8d1"
                    },
                    "type": "If"
                  }
                }
              },
              "expression": {
                "or": [
                  {
                    "equals": [
                      "@outputs('Get_changes_for_an_item_or_a_file_(properties_only)')?['body/ColumnHasChanged/StartDate']",
                      "@true"
                    ]
                  },
                  {
                    "equals": [
                      "@outputs('Get_changes_for_an_item_or_a_file_(properties_only)')?['body/ColumnHasChanged/EndTime']",
                      "@true"
                    ]
                  },
                  {
                    "equals": [
                      "@outputs('Get_changes_for_an_item_or_a_file_(properties_only)')?['body/ColumnHasChanged/EndDate']",
                      "@true"
                    ]
                  },
                  {
                    "equals": [
                      "@outputs('Get_changes_for_an_item_or_a_file_(properties_only)')?['body/ColumnHasChanged/StartTime']",
                      "@true"
                    ]
                  }
                ]
              },
              "metadata": {
                "operationMetadataId": "9170aa81-d110-4767-b90d-3d063040f6c2"
              },
              "type": "If"
            }
          },
          "runAfter": {
            "Set_variable_28": [
              "Succeeded"
            ]
          },
          "expression": {
            "equals": [
              "@triggerOutputs()?['body/Status']",
              "Scheduled"
            ]
          },
          "metadata": {
            "operationMetadataId": "95e3db39-dcc7-47b8-a0d3-a010af579040"
          },
          "type": "If"
        },
        "Check_for_status_cancel": {
          "actions": {
            "Compose_19": {
              "runAfter": {},
              "metadata": {
                "operationMetadataId": "fb80f0e8-bdd4-4f8d-a500-3287059c0803"
              },
              "type": "Compose",
              "inputs": "@triggerOutputs()?['body/CalanderId']"
            },
            "Apply_to_each_5": {
              "foreach": "@array(split(outputs('Compose_19'),','))",
              "actions": {
                "Compose_20": {
                  "runAfter": {},
                  "metadata": {
                    "operationMetadataId": "13bd85b9-e9a9-4e1a-aa1c-d88b74b0fcba"
                  },
                  "type": "Compose",
                  "inputs": "@items('Apply_to_each_5')"
                },
                "Delete_event_(V2)_3": {
                  "runAfter": {
                    "Compose_20": [
                      "Succeeded"
                    ]
                  },
                  "metadata": {
                    "operationMetadataId": "82fdb0aa-3e90-48ac-8989-9e8b26908688"
                  },
                  "type": "OpenApiConnection",
                  "inputs": {
                    "host": {
                      "connectionName": "shared_office365",
                      "operationId": "CalendarDeleteItem_V2",
                      "apiId": "/providers/Microsoft.PowerApps/apis/shared_office365"
                    },
                    "parameters": {
                      "calendar": "@parameters('CalendarID(EPM) (hr365_CalendarIDEPM)')",
                      "event": "@outputs('Compose_20')"
                    },
                    "authentication": "@parameters('$authentication')"
                  }
                }
              },
              "runAfter": {
                "Compose_19": [
                  "Succeeded"
                ]
              },
              "metadata": {
                "operationMetadataId": "95a842f1-f740-4855-92e4-ed7fb82ec0fc"
              },
              "type": "Foreach"
            }
          },
          "runAfter": {
            "Check_for_status_In_Progress": [
              "Succeeded"
            ]
          },
          "expression": {
            "equals": [
              "@triggerOutputs()?['body/Status']",
              "Cancel"
            ]
          },
          "metadata": {
            "operationMetadataId": "3e083682-0979-44ef-90e0-6f7631492f3e"
          },
          "type": "If"
        },
        "Compose_21": {
          "runAfter": {
            "Compose_7": [
              "Succeeded"
            ]
          },
          "metadata": {
            "operationMetadataId": "c1c7f0cc-c84b-43f1-8d8a-fd81578a2bfd"
          },
          "type": "Compose",
          "inputs": "@trim(split(triggerOutputs()?['body/StartTime'],':')[0])"
        },
        "Compose_23": {
          "runAfter": {
            "Compose_21": [
              "Succeeded"
            ]
          },
          "metadata": {
            "operationMetadataId": "0b678927-19df-477c-a43d-5feb3bcb58a2"
          },
          "type": "Compose",
          "inputs": "@trim(split(triggerOutputs()?['body/StartTime'],':')[1])"
        },
        "Compose_25": {
          "runAfter": {
            "Set_variable_31": [
              "Succeeded"
            ]
          },
          "metadata": {
            "operationMetadataId": "c1c7f0cc-c84b-43f1-8d8a-fd81578a2bfd"
          },
          "type": "Compose",
          "inputs": "@trim(split(triggerOutputs()?['body/EndTime'], ':')[0])"
        },
        "Compose_26": {
          "runAfter": {
            "Compose_25": [
              "Succeeded"
            ]
          },
          "metadata": {
            "operationMetadataId": "03b95112-67b3-47f7-8419-d02ce7f18744"
          },
          "type": "Compose",
          "inputs": "@trim(split(triggerOutputs()?['body/EndTime'], ':')[1])"
        },
        "Condition": {
          "actions": {
            "Set_variable_2": {
              "runAfter": {},
              "metadata": {
                "operationMetadataId": "dfcbce2c-52f3-40e3-8c5e-07fbc4d2e007"
              },
              "type": "SetVariable",
              "inputs": {
                "name": "Start time",
                "value": "@{concat(outputs('Compose_21'),':',outputs('Compose_23'))}"
              }
            }
          },
          "runAfter": {
            "Condition_27": [
              "Succeeded"
            ]
          },
          "else": {
            "actions": {
              "Set_variable_3": {
                "runAfter": {},
                "metadata": {
                  "operationMetadataId": "ae200910-b38f-4bd0-9a68-170d40c12007"
                },
                "type": "SetVariable",
                "inputs": {
                  "name": "Start time",
                  "value": "@{concat(outputs('Compose_21'),':',outputs('Compose_23'),' ',outputs('Compose_24'))}"
                }
              }
            }
          },
          "expression": {
            "or": [
              {
                "contains": [
                  "@outputs('Compose_23')",
                  "AM"
                ]
              },
              {
                "contains": [
                  "@outputs('Compose_23')",
                  "PM"
                ]
              }
            ]
          },
          "metadata": {
            "operationMetadataId": "e4668b37-7590-40b6-be0c-9d1396d61b22"
          },
          "type": "If"
        },
        "Time": {
          "runAfter": {
            "CalendarID": [
              "Succeeded"
            ]
          },
          "metadata": {
            "operationMetadataId": "4216af28-9e1f-4631-bcaf-cc7aee3f7a42"
          },
          "type": "InitializeVariable",
          "inputs": {
            "variables": [
              {
                "name": "Start time",
                "type": "string"
              }
            ]
          }
        },
        "End_time": {
          "runAfter": {
            "Time": [
              "Succeeded"
            ]
          },
          "metadata": {
            "operationMetadataId": "d438cbc1-4c00-4aae-847d-8cbc7e6e0bd2"
          },
          "type": "InitializeVariable",
          "inputs": {
            "variables": [
              {
                "name": "End time",
                "type": "string"
              }
            ]
          }
        },
        "Condition_2": {
          "actions": {
            "Set_variable_4": {
              "runAfter": {},
              "metadata": {
                "operationMetadataId": "1208bfd1-0be7-47d1-b56f-1c4305dae0e4"
              },
              "type": "SetVariable",
              "inputs": {
                "name": "End time",
                "value": "@{concat(outputs('Compose_25'),':',outputs('Compose_26'))}"
              }
            }
          },
          "runAfter": {
            "Condition_28": [
              "Succeeded"
            ]
          },
          "else": {
            "actions": {
              "Set_variable_5": {
                "runAfter": {},
                "metadata": {
                  "operationMetadataId": "00d06db7-865e-4de3-b96b-581bfc0dad19"
                },
                "type": "SetVariable",
                "inputs": {
                  "name": "End time",
                  "value": "@{concat(outputs('Compose_25'), ':', outputs('Compose_26'), ' ', outputs('Compose_27'))}"
                }
              }
            }
          },
          "expression": {
            "or": [
              {
                "contains": [
                  "@outputs('Compose_26')",
                  "AM"
                ]
              },
              {
                "contains": [
                  "@outputs('Compose_26')",
                  "PM"
                ]
              }
            ]
          },
          "metadata": {
            "operationMetadataId": "a1bf93ba-1815-4767-a2d1-1cefaab00db3"
          },
          "type": "If"
        },
        "Condition_27": {
          "actions": {
            "Compose_24": {
              "runAfter": {},
              "metadata": {
                "operationMetadataId": "8a5a7184-54eb-4deb-b161-42df26676018"
              },
              "type": "Compose",
              "inputs": "@trim(split(triggerOutputs()?['body/StartTime'],' ')[1])"
            }
          },
          "runAfter": {
            "Compose_23": [
              "Succeeded"
            ]
          },
          "expression": {
            "and": [
              {
                "contains": [
                  "@triggerOutputs()?['body/StartTime']",
                  "AM"
                ]
              },
              {
                "contains": [
                  "@triggerOutputs()?['body/StartTime']",
                  "PM"
                ]
              }
            ]
          },
          "metadata": {
            "operationMetadataId": "3f4f4768-3895-4d1e-819e-90f14e76f267"
          },
          "type": "If"
        },
        "Condition_28": {
          "actions": {
            "Compose_27": {
              "runAfter": {},
              "metadata": {
                "operationMetadataId": "988a3525-3fd5-4b1d-a1a5-1c17cb33726e"
              },
              "type": "Compose",
              "inputs": "@trim(split(triggerOutputs()?['body/EndTime'], ' ')[1])"
            }
          },
          "runAfter": {
            "Compose_26": [
              "Succeeded"
            ]
          },
          "expression": {
            "or": [
              {
                "contains": [
                  "@triggerOutputs()?['body/EndTime']",
                  "AM"
                ]
              },
              {
                "contains": [
                  "@triggerOutputs()?['body/EndTime']",
                  "PM"
                ]
              }
            ]
          },
          "metadata": {
            "operationMetadataId": "0b458b6c-f42d-4ce3-8cb7-b28ce1d97e83"
          },
          "type": "If"
        },
        "Set_variable_28": {
          "runAfter": {
            "Condition_2": [
              "Succeeded"
            ]
          },
          "metadata": {
            "operationMetadataId": "1208bfd1-0be7-47d1-b56f-1c4305dae0e4"
          },
          "type": "SetVariable",
          "inputs": {
            "name": "End time",
            "value": "@{concat(outputs('Compose_25'), ':', outputs('Compose_26'))}"
          }
        },
        "Set_variable_31": {
          "runAfter": {
            "Condition": [
              "Succeeded"
            ]
          },
          "metadata": {
            "operationMetadataId": "dfcbce2c-52f3-40e3-8c5e-07fbc4d2e007"
          },
          "type": "SetVariable",
          "inputs": {
            "name": "Start time",
            "value": "@{concat(outputs('Compose_21'), ':', outputs('Compose_23'))}"
          }
        }
      }
    },
    "templateName": ""
  },
  "schemaVersion": "1.0.0.0"
}