{
  "properties": {
    "connectionReferences": {
      "shared_sharepointonline_2": {
        "runtimeSource": "embedded",
        "connection": {
          "connectionReferenceLogicalName": "hr365_sharedsharepointonline_92b23"
        },
        "api": {
          "name": "shared_sharepointonline"
        }
      }
    },
    "definition": {
      "$schema": "https://schema.management.azure.com/providers/Microsoft.Logic/schemas/2016-06-01/workflowdefinition.json#",
      "contentVersion": "1.0.0.0",
      "parameters": {
        "$connections": {
          "defaultValue": {},
          "type": "Object"
        },
        "$authentication": {
          "defaultValue": {},
          "type": "SecureObject"
        },
        "ApplicationURL (hr365_ApplicationURL)": {
          "defaultValue": "https://clayfly.sharepoint.com/sites/EPM_NEWSITE/SitePages/EPM.aspx",
          "type": "String",
          "metadata": {
            "schemaName": "hr365_ApplicationURL"
          }
        },
        "SiteAddress(EPM) (hr365_SiteAddressEPM)": {
          "defaultValue": "https://clayfly.sharepoint.com/sites/TestSite30-9/",
          "type": "String",
          "metadata": {
            "schemaName": "hr365_SiteAddressEPM"
          }
        }
      },
      "triggers": {
        "Recurrence": {
          "recurrence": {
            "frequency": "Day",
            "interval": 1,
            "startTime": "2022-11-24T04:30:00Z"
          },
          "metadata": {
            "operationMetadataId": "7489b080-4218-473b-b725-855db484ce91"
          },
          "type": "Recurrence"
        }
      },
      "actions": {
        "Get_items_(HR365PMXFeedbackSettings)": {
          "runAfter": {},
          "metadata": {
            "operationMetadataId": "3eb90e5c-ed3c-42be-8592-9f3b6a8c1e2a"
          },
          "type": "OpenApiConnection",
          "inputs": {
            "host": {
              "connectionName": "shared_sharepointonline_2",
              "operationId": "GetItems",
              "apiId": "/providers/Microsoft.PowerApps/apis/shared_sharepointonline"
            },
            "parameters": {
              "dataset": "@parameters('SiteAddress(EPM) (hr365_SiteAddressEPM)')",
              "table": "HR365PMXFeedbackSettings",
              "$top": 5000
            },
            "authentication": "@parameters('$authentication')"
          }
        },
        "Get_items_(HR365PMXFeedbacksList)": {
          "runAfter": {
            "Get_items_(HR365PMXFeedbackSettings)": [
              "Succeeded"
            ]
          },
          "metadata": {
            "operationMetadataId": "9fd46b31-c11d-4607-b20e-ed5fa55ff02c"
          },
          "type": "OpenApiConnection",
          "inputs": {
            "host": {
              "connectionName": "shared_sharepointonline_2",
              "operationId": "GetItems",
              "apiId": "/providers/Microsoft.PowerApps/apis/shared_sharepointonline"
            },
            "parameters": {
              "dataset": "@parameters('SiteAddress(EPM) (hr365_SiteAddressEPM)')",
              "table": "HR365PMXFeedbacksList",
              "$top": 5000
            },
            "authentication": "@parameters('$authentication')"
          }
        },
        "Initialize_RequestedDate": {
          "runAfter": {
            "Get_items_(HR365PMXFeedbacksList)": [
              "Succeeded"
            ]
          },
          "metadata": {
            "operationMetadataId": "3129fc37-fc18-41c5-97d3-d1999e3e19ce"
          },
          "type": "InitializeVariable",
          "inputs": {
            "variables": [
              {
                "name": "RequestedDate",
                "type": "string"
              }
            ]
          }
        },
        "Check_for_requester_mail_id's": {
          "foreach": "@outputs('Get_items_(HR365PMXFeedbacksList)')?['body/value']",
          "actions": {
            "Set_RequestedDate": {
              "runAfter": {},
              "metadata": {
                "operationMetadataId": "daf543ef-6c2a-47bf-a7b8-04b6d2681db9"
              },
              "type": "SetVariable",
              "inputs": {
                "name": "RequestedDate",
                "value": "@items('Check_for_requester_mail_id''s')?['RequestedDate']"
              }
            },
            "Convert_to_JSON": {
              "runAfter": {
                "Set_RequestedDate": [
                  "Succeeded"
                ]
              },
              "metadata": {
                "operationMetadataId": "37bb5a33-6a50-4d87-a251-07fd212d93d0"
              },
              "type": "Compose",
              "inputs": "@json(variables('RequestedDate'))"
            },
            "Apply_to_each_6": {
              "foreach": "@outputs('Convert_to_JSON')",
              "actions": {
                "Requested_date": {
                  "runAfter": {},
                  "metadata": {
                    "operationMetadataId": "64a8728d-3bc0-4d4b-9ea2-d5f919031d59"
                  },
                  "type": "Compose",
                  "inputs": "@items('Apply_to_each_6')?['RequestedDate']"
                },
                "Requested_EndDate": {
                  "runAfter": {
                    "Requested_date": [
                      "Succeeded"
                    ]
                  },
                  "metadata": {
                    "operationMetadataId": "4273d095-2d66-4445-b63f-29c58095e3a4"
                  },
                  "type": "Compose",
                  "inputs": "@items('Apply_to_each_6')?['RequestedEndDate']"
                },
                "Requester_Email": {
                  "runAfter": {
                    "Requested_EndDate": [
                      "Succeeded"
                    ]
                  },
                  "metadata": {
                    "operationMetadataId": "096ed878-413f-4513-8bf6-b3573acde205"
                  },
                  "type": "Compose",
                  "inputs": "@items('Apply_to_each_6')?['Name']"
                },
                "Apply_to_each_2": {
                  "foreach": "@outputs('Get_items_(HR365PMXFeedbackSettings)')?['body/value']",
                  "actions": {
                    "Condition": {
                      "actions": {
                        "Reminder_days_2": {
                          "runAfter": {},
                          "metadata": {
                            "operationMetadataId": "2cf1bf0c-c839-4002-b4e3-4769e8c1a8c7"
                          },
                          "type": "Compose",
                          "inputs": "-@{items('Apply_to_each_2')?['FBReminder']}"
                        },
                        "Check_reminder_date_2": {
                          "actions": {
                            "Reminder_mail_for_feedback_2": {
                              "runAfter": {},
                              "metadata": {
                                "operationMetadataId": "29260146-61ae-4ced-8b71-7dc48fd6cad7"
                              },
                              "type": "OpenApiConnection",
                              "inputs": {
                                "host": {
                                  "connectionName": "shared_sharepointonline_2",
                                  "operationId": "HttpRequest",
                                  "apiId": "/providers/Microsoft.PowerApps/apis/shared_sharepointonline"
                                },
                                "parameters": {
                                  "dataset": "@parameters('SiteAddress(EPM) (hr365_SiteAddressEPM)')",
                                  "parameters/method": "POST",
                                  "parameters/uri": "_api/SP.Utilities.Utility.SendEmail",
                                  "parameters/headers": {
                                    "accept": "application/json;odata=verbose",
                                    "content-type": "application/json;odata=verbose"
                                  },
                                  "parameters/body": "{\n\"properties\": {\n\"From\": \"no-reply@sharepointonline.com\",\n\"To\":{\"results\":['@{outputs('Requester_Email')}']},\n\"Subject\": \"@{items('Apply_to_each_2')?['FBReminder']} days left to participate in 360 feedback survey\",\n\"Body\":  '<p>You were requested to provide feedback. Feedback request will expire in @{items('Apply_to_each_2')?['FBReminder']} days, Please share your feedback from the below link.</p>\n<p><a href=\"@{parameters('ApplicationURL (hr365_ApplicationURL)')}\">Click here</a>\n </p>'\n}\n}"
                                },
                                "authentication": "@parameters('$authentication')"
                              }
                            }
                          },
                          "runAfter": {
                            "Reminder_days_2": [
                              "Succeeded"
                            ]
                          },
                          "expression": {
                            "equals": [
                              "@formatDateTime(addDays(outputs('Requested_EndDate'), int(outputs('Reminder_days_2'))), 'yyyy/MM/dd')",
                              "@utcNow('yyyy/MM/dd')"
                            ]
                          },
                          "metadata": {
                            "operationMetadataId": "1771555d-d4ab-4703-8c22-1ded69904432"
                          },
                          "type": "If"
                        },
                        "Condition_2": {
                          "actions": {
                            "Last_day_reminder_mail": {
                              "runAfter": {},
                              "metadata": {
                                "operationMetadataId": "29260146-61ae-4ced-8b71-7dc48fd6cad7"
                              },
                              "type": "OpenApiConnection",
                              "inputs": {
                                "host": {
                                  "connectionName": "shared_sharepointonline_2",
                                  "operationId": "HttpRequest",
                                  "apiId": "/providers/Microsoft.PowerApps/apis/shared_sharepointonline"
                                },
                                "parameters": {
                                  "dataset": "@parameters('SiteAddress(EPM) (hr365_SiteAddressEPM)')",
                                  "parameters/method": "POST",
                                  "parameters/uri": "_api/SP.Utilities.Utility.SendEmail",
                                  "parameters/headers": {
                                    "accept": "application/json;odata=verbose",
                                    "content-type": "application/json;odata=verbose"
                                  },
                                  "parameters/body": "{\n\"properties\": {\n\"From\": \"no-reply@sharepointonline.com\",\n\"To\":{\"results\":['@{outputs('Requester_Email')}']},\n\"Subject\": \"Last day to participate in 360 feedback survey\",\n\"Body\":  \"<p>Hi,</p><p>Today is the last day to submit my 360-degree review.</p><p>It’ll take few minutes – don’t miss your opportunity to have your say.</p><p>Best,</p><p> @{items('Check_for_requester_mail_id''s')?['Name']}</p>\"\n}\n}"
                                },
                                "authentication": "@parameters('$authentication')"
                              }
                            }
                          },
                          "runAfter": {
                            "Check_reminder_date_2": [
                              "Succeeded"
                            ]
                          },
                          "expression": {
                            "and": [
                              {
                                "equals": [
                                  "@items('Apply_to_each_2')?['LastdayFBReminder']",
                                  "Yes"
                                ]
                              },
                              {
                                "equals": [
                                  "@formatDateTime(outputs('Requested_EndDate'),'yyyy/MM/dd')",
                                  "@utcNow('yyyy/MM/dd')"
                                ]
                              }
                            ]
                          },
                          "metadata": {
                            "operationMetadataId": "c2c1a6b1-ce78-4531-9786-d12430f0b38b"
                          },
                          "type": "If"
                        }
                      },
                      "runAfter": {},
                      "expression": {
                        "equals": [
                          "@items('Check_for_requester_mail_id''s')?['FeedbackName']",
                          "@items('Apply_to_each_2')?['FeedbackName']"
                        ]
                      },
                      "metadata": {
                        "operationMetadataId": "1771555d-d4ab-4703-8c22-1ded69904432"
                      },
                      "type": "If"
                    }
                  },
                  "runAfter": {
                    "Requester_Email": [
                      "Succeeded"
                    ]
                  },
                  "metadata": {
                    "operationMetadataId": "271cd307-6f44-4afd-a503-20e67b5aff41"
                  },
                  "type": "Foreach"
                }
              },
              "runAfter": {
                "Convert_to_JSON": [
                  "Succeeded"
                ]
              },
              "metadata": {
                "operationMetadataId": "11c7cf92-6664-4293-8233-dfad264d857a"
              },
              "type": "Foreach"
            }
          },
          "runAfter": {
            "Initialize_RequestedDate": [
              "Succeeded"
            ]
          },
          "metadata": {
            "operationMetadataId": "60ac769f-36d4-4762-b5d4-02c49979354e"
          },
          "type": "Foreach"
        }
      }
    },
    "templateName": ""
  },
  "schemaVersion": "1.0.0.0"
}