{
  "properties": {
    "connectionReferences": {
      "shared_sharepointonline_2": {
        "runtimeSource": "embedded",
        "connection": {
          "connectionReferenceLogicalName": "new_sharedsharepointonline_1a65a"
        },
        "api": {
          "name": "shared_sharepointonline"
        }
      },
      "shared_sharepointonline": {
        "runtimeSource": "embedded",
        "connection": {
          "connectionReferenceLogicalName": "hr365_sharedsharepointonline_d098a"
        },
        "api": {
          "name": "shared_sharepointonline"
        }
      },
      "shared_sharepointonline_1": {
        "runtimeSource": "embedded",
        "connection": {
          "connectionReferenceLogicalName": "new_sharedsharepointonline_a6002"
        },
        "api": {
          "name": "shared_sharepointonline"
        }
      }
    },
    "definition": {
      "$schema": "https://schema.management.azure.com/providers/Microsoft.Logic/schemas/2016-06-01/workflowdefinition.json#",
      "contentVersion": "1.0.0.0",
      "parameters": {
        "$connections": {
          "defaultValue": {},
          "type": "Object"
        },
        "$authentication": {
          "defaultValue": {},
          "type": "SecureObject"
        },
        "SiteAddress(EPM) (hr365_SiteAddressEPM)": {
          "defaultValue": "https://clayfly.sharepoint.com/sites/TestSite30-9/",
          "type": "String",
          "metadata": {
            "schemaName": "hr365_SiteAddressEPM"
          }
        }
      },
      "triggers": {
        "When_an_item_is_created_or_modified": {
          "recurrence": {
            "interval": 1,
            "frequency": "Minute"
          },
          "splitOn": "@triggerOutputs()?['body/value']",
          "metadata": {
            "operationMetadataId": "cb9af1d7-2acd-4d75-b76d-fdd7935e70b7"
          },
          "type": "OpenApiConnection",
          "inputs": {
            "host": {
              "connectionName": "shared_sharepointonline_1",
              "operationId": "GetOnUpdatedItems",
              "apiId": "/providers/Microsoft.PowerApps/apis/shared_sharepointonline"
            },
            "parameters": {
              "dataset": "@parameters('SiteAddress(EPM) (hr365_SiteAddressEPM)')",
              "table": "HR365Tasks"
            },
            "authentication": "@parameters('$authentication')"
          }
        }
      },
      "actions": {
        "Send_an_HTTP_request_to_SharePoint": {
          "runAfter": {},
          "metadata": {
            "operationMetadataId": "5a2e80b4-107f-43ae-9ca4-225725d0c98d"
          },
          "type": "OpenApiConnection",
          "inputs": {
            "host": {
              "connectionName": "shared_sharepointonline_2",
              "operationId": "HttpRequest",
              "apiId": "/providers/Microsoft.PowerApps/apis/shared_sharepointonline"
            },
            "parameters": {
              "dataset": "@parameters('SiteAddress(EPM) (hr365_SiteAddressEPM)')",
              "parameters/method": "POST",
              "parameters/uri": "/_api/lists/getByTitle('HR365Tasks')/items(@{triggerOutputs()?['body/ID']})/breakroleinheritance(copyRoleAssignments=false,clearSubscopes=true)"
            },
            "authentication": "@parameters('$authentication')"
          }
        },
        "Get_Managers_Data": {
          "runAfter": {
            "Compose_2": [
              "Succeeded"
            ]
          },
          "metadata": {
            "operationMetadataId": "af978135-95bd-4a1b-8c2b-5f4cd86aa1eb"
          },
          "type": "OpenApiConnection",
          "inputs": {
            "host": {
              "connectionName": "shared_sharepointonline_2",
              "operationId": "HttpRequest",
              "apiId": "/providers/Microsoft.PowerApps/apis/shared_sharepointonline"
            },
            "parameters": {
              "dataset": "@parameters('SiteAddress(EPM) (hr365_SiteAddressEPM)')",
              "parameters/method": "POST",
              "parameters/uri": "_api/web/ensureuser",
              "parameters/body": "{\n      'logonName': \"@{outputs('Compose_2')}\"\n    }"
            },
            "authentication": "@parameters('$authentication')"
          }
        },
        "Initialize_variable": {
          "runAfter": {
            "Get_Managers_Data": [
              "Succeeded"
            ]
          },
          "metadata": {
            "operationMetadataId": "ef8f9529-3586-4a6a-8d4d-a208ad995167"
          },
          "type": "InitializeVariable",
          "inputs": {
            "variables": [
              {
                "name": "Name",
                "type": "string",
                "value": "@{body('Send_an_HTTP_request_to_SharePoint_5')['d']['Id']}"
              }
            ]
          }
        },
        "Initialize_variable_2": {
          "runAfter": {
            "Initialize_variable": [
              "Succeeded"
            ]
          },
          "metadata": {
            "operationMetadataId": "4c2c6e38-adc3-4d68-94d3-123474e08486"
          },
          "type": "InitializeVariable",
          "inputs": {
            "variables": [
              {
                "name": "manager",
                "type": "string",
                "value": "@{body('Get_Managers_Data')['d']['Id']}"
              }
            ]
          }
        },
        "Send_an_HTTP_request_to_SharePoint_2": {
          "runAfter": {
            "Initialize_variable_2": [
              "Succeeded"
            ]
          },
          "metadata": {
            "operationMetadataId": "54c28203-bf97-447f-b4d5-c9b428ea30ef"
          },
          "type": "OpenApiConnection",
          "inputs": {
            "host": {
              "connectionName": "shared_sharepointonline_2",
              "operationId": "HttpRequest",
              "apiId": "/providers/Microsoft.PowerApps/apis/shared_sharepointonline"
            },
            "parameters": {
              "dataset": "@parameters('SiteAddress(EPM) (hr365_SiteAddressEPM)')",
              "parameters/method": "POST",
              "parameters/uri": "/_api/web/lists/getbytitle('HR365Tasks')/items(@{triggerOutputs()?['body/ID']})/roleassignments/addroleassignment(principalid=@{variables('Name')},roledefid=1073741827)"
            },
            "authentication": "@parameters('$authentication')"
          }
        },
        "Send_an_HTTP_request_to_SharePoint_3": {
          "runAfter": {
            "Send_an_HTTP_request_to_SharePoint_2": [
              "Succeeded"
            ]
          },
          "metadata": {
            "operationMetadataId": "7d94b86e-403d-4cf8-9a9e-aa66f8525cd5"
          },
          "type": "OpenApiConnection",
          "inputs": {
            "host": {
              "connectionName": "shared_sharepointonline_2",
              "operationId": "HttpRequest",
              "apiId": "/providers/Microsoft.PowerApps/apis/shared_sharepointonline"
            },
            "parameters": {
              "dataset": "@parameters('SiteAddress(EPM) (hr365_SiteAddressEPM)')",
              "parameters/method": "POST",
              "parameters/uri": "/_api/web/lists/getbytitle('HR365Tasks')/items(@{triggerOutputs()?['body/ID']})/roleassignments/addroleassignment(principalid=@{variables('manager')},roledefid=1073741827)"
            },
            "authentication": "@parameters('$authentication')"
          }
        },
        "Get_Admin_Group_data": {
          "runAfter": {
            "Send_an_HTTP_request_to_SharePoint_3": [
              "Succeeded"
            ]
          },
          "metadata": {
            "operationMetadataId": "49ef78d6-e798-418c-bf6b-708ab536214f"
          },
          "type": "OpenApiConnection",
          "inputs": {
            "host": {
              "connectionName": "shared_sharepointonline_2",
              "operationId": "HttpRequest",
              "apiId": "/providers/Microsoft.PowerApps/apis/shared_sharepointonline"
            },
            "parameters": {
              "dataset": "@parameters('SiteAddress(EPM) (hr365_SiteAddressEPM)')",
              "parameters/method": "GET",
              "parameters/uri": "/_api/web/SiteGroups/getByName('PM365Admins')"
            },
            "authentication": "@parameters('$authentication')"
          }
        },
        "Send_an_HTTP_request_to_SharePoint_4": {
          "runAfter": {
            "Initialize_variable_3": [
              "Succeeded"
            ]
          },
          "metadata": {
            "operationMetadataId": "6ca5aef3-8735-4792-8120-8323ba72cd5f"
          },
          "type": "OpenApiConnection",
          "inputs": {
            "host": {
              "connectionName": "shared_sharepointonline_2",
              "operationId": "HttpRequest",
              "apiId": "/providers/Microsoft.PowerApps/apis/shared_sharepointonline"
            },
            "parameters": {
              "dataset": "@parameters('SiteAddress(EPM) (hr365_SiteAddressEPM)')",
              "parameters/method": "POST",
              "parameters/uri": "/_api/web/lists/getbytitle('HR365Tasks')/items(@{triggerOutputs()?['body/ID']})/roleassignments/addroleassignment(principalid=@{variables('Group ID')},roledefid=1073741827)"
            },
            "authentication": "@parameters('$authentication')"
          }
        },
        "Initialize_variable_3": {
          "runAfter": {
            "Get_Admin_Group_data": [
              "Succeeded"
            ]
          },
          "metadata": {
            "operationMetadataId": "8f56e110-cb19-4358-bcca-c155d2d01637"
          },
          "type": "InitializeVariable",
          "inputs": {
            "variables": [
              {
                "name": "Group ID",
                "type": "string",
                "value": "@{body('Get_Admin_Group_data')['d']['id']}"
              }
            ]
          }
        },
        "Send_an_HTTP_request_to_SharePoint_5": {
          "runAfter": {
            "Compose": [
              "Succeeded"
            ]
          },
          "metadata": {
            "operationMetadataId": "0f52d926-a9b9-4f13-8aba-264f9dc5c65e"
          },
          "type": "OpenApiConnection",
          "inputs": {
            "host": {
              "connectionName": "shared_sharepointonline",
              "operationId": "HttpRequest",
              "apiId": "/providers/Microsoft.PowerApps/apis/shared_sharepointonline"
            },
            "parameters": {
              "dataset": "@parameters('SiteAddress(EPM) (hr365_SiteAddressEPM)')",
              "parameters/method": "POST",
              "parameters/uri": "_api/web/ensureuser",
              "parameters/body": "{\n      'logonName': \"@{outputs('Compose')}\"\n    }"
            },
            "authentication": "@parameters('$authentication')"
          }
        },
        "Compose": {
          "runAfter": {
            "Send_an_HTTP_request_to_SharePoint": [
              "Succeeded"
            ]
          },
          "metadata": {
            "operationMetadataId": "9246bf2b-9091-4b9b-a91d-e7bceedf5741"
          },
          "type": "Compose",
          "inputs": "i:0#.f|membership|@{triggerOutputs()?['body/Email']}"
        },
        "Compose_2": {
          "runAfter": {
            "Send_an_HTTP_request_to_SharePoint_5": [
              "Succeeded"
            ]
          },
          "metadata": {
            "operationMetadataId": "f5e28df3-8c8a-4193-bfcd-c872ecc3c658"
          },
          "type": "Compose",
          "inputs": "i:0#.f|membership|@{triggerOutputs()?['body/managerName']}"
        }
      }
    },
    "templateName": ""
  },
  "schemaVersion": "1.0.0.0"
}