<ImportExportXml version="9.2.25063.158" SolutionPackageVersion="9.2" languagecode="1033" generatedBy="CrmLive" xmlns:xsi="http://www.w3.org/2001/XMLSchema-instance" OrganizationVersion="9.2.25063.158" OrganizationSchemaType="Standard" CRMServerServiceabilityVersion="9.2.25064.00152">
  <SolutionManifest>
    <UniqueName>HR365Revenuev1</UniqueName>
    <LocalizedNames>
      <LocalizedName description="HR365 Revenue Solution" languagecode="1033" />
    </LocalizedNames>
    <Descriptions />
    <Version>25.0529.1601</Version>
    <Managed>1</Managed>
    <Publisher>
      <UniqueName>HR365_Revenue_v1</UniqueName>
      <LocalizedNames>
        <LocalizedName description="HR365_Revenue_Solution" languagecode="1033" />
      </LocalizedNames>
      <Descriptions />
      <EMailAddress xsi:nil="true"></EMailAddress>
      <SupportingWebsiteUrl xsi:nil="true"></SupportingWebsiteUrl>
      <CustomizationPrefix>hr365</CustomizationPrefix>
      <CustomizationOptionValuePrefix>99999</CustomizationOptionValuePrefix>
      <Addresses>
        <Address>
          <AddressNumber>1</AddressNumber>
          <AddressTypeCode>1</AddressTypeCode>
          <City xsi:nil="true"></City>
          <County xsi:nil="true"></County>
          <Country xsi:nil="true"></Country>
          <Fax xsi:nil="true"></Fax>
          <FreightTermsCode xsi:nil="true"></FreightTermsCode>
          <ImportSequenceNumber xsi:nil="true"></ImportSequenceNumber>
          <Latitude xsi:nil="true"></Latitude>
          <Line1 xsi:nil="true"></Line1>
          <Line2 xsi:nil="true"></Line2>
          <Line3 xsi:nil="true"></Line3>
          <Longitude xsi:nil="true"></Longitude>
          <Name xsi:nil="true"></Name>
          <PostalCode xsi:nil="true"></PostalCode>
          <PostOfficeBox xsi:nil="true"></PostOfficeBox>
          <PrimaryContactName xsi:nil="true"></PrimaryContactName>
          <ShippingMethodCode>1</ShippingMethodCode>
          <StateOrProvince xsi:nil="true"></StateOrProvince>
          <Telephone1 xsi:nil="true"></Telephone1>
          <Telephone2 xsi:nil="true"></Telephone2>
          <Telephone3 xsi:nil="true"></Telephone3>
          <TimeZoneRuleVersionNumber xsi:nil="true"></TimeZoneRuleVersionNumber>
          <UPSZone xsi:nil="true"></UPSZone>
          <UTCOffset xsi:nil="true"></UTCOffset>
          <UTCConversionTimeZoneCode xsi:nil="true"></UTCConversionTimeZoneCode>
        </Address>
        <Address>
          <AddressNumber>2</AddressNumber>
          <AddressTypeCode>1</AddressTypeCode>
          <City xsi:nil="true"></City>
          <County xsi:nil="true"></County>
          <Country xsi:nil="true"></Country>
          <Fax xsi:nil="true"></Fax>
          <FreightTermsCode xsi:nil="true"></FreightTermsCode>
          <ImportSequenceNumber xsi:nil="true"></ImportSequenceNumber>
          <Latitude xsi:nil="true"></Latitude>
          <Line1 xsi:nil="true"></Line1>
          <Line2 xsi:nil="true"></Line2>
          <Line3 xsi:nil="true"></Line3>
          <Longitude xsi:nil="true"></Longitude>
          <Name xsi:nil="true"></Name>
          <PostalCode xsi:nil="true"></PostalCode>
          <PostOfficeBox xsi:nil="true"></PostOfficeBox>
          <PrimaryContactName xsi:nil="true"></PrimaryContactName>
          <ShippingMethodCode>1</ShippingMethodCode>
          <StateOrProvince xsi:nil="true"></StateOrProvince>
          <Telephone1 xsi:nil="true"></Telephone1>
          <Telephone2 xsi:nil="true"></Telephone2>
          <Telephone3 xsi:nil="true"></Telephone3>
          <TimeZoneRuleVersionNumber xsi:nil="true"></TimeZoneRuleVersionNumber>
          <UPSZone xsi:nil="true"></UPSZone>
          <UTCOffset xsi:nil="true"></UTCOffset>
          <UTCConversionTimeZoneCode xsi:nil="true"></UTCConversionTimeZoneCode>
        </Address>
      </Addresses>
    </Publisher>
    <RootComponents>
      <RootComponent type="29" id="{157146b8-56fa-ef11-bae1-002248d5e0e9}" behavior="0" />
      <RootComponent type="29" id="{26b68de0-84e4-ef11-9342-002248d5def5}" behavior="0" />
      <RootComponent type="29" id="{3106e0db-f8d6-ef11-8eea-002248d5def5}" behavior="0" />
      <RootComponent type="29" id="{b64f0a59-31d3-ef11-8ee9-002248d5def5}" behavior="0" />
      <RootComponent type="29" id="{ca3deaf9-6de4-ef11-9342-002248d5def5}" behavior="0" />
      <RootComponent type="29" id="{f1b8d63b-1915-f011-998a-002248d5e0e9}" behavior="0" />
      <RootComponent type="29" id="{f9376a80-e119-f011-998a-002248d5e0e9}" behavior="0" />
      <RootComponent type="29" id="{fc8bde76-47cf-ef11-8ee9-002248d5def5}" behavior="0" />
    </RootComponents>
    <MissingDependencies>
      <MissingDependency>
        <Required type="connectionreference" displayName="hr365_sharedsharepointonline_5e805" solution="HRMS365 (25.606.0.0)" id.connectionreferencelogicalname="hr365_sharedsharepointonline_5e805" />
        <Dependent type="29" displayName="REV365-Renewal-Flow" id="{157146b8-56fa-ef11-bae1-002248d5e0e9}" />
      </MissingDependency>
      <MissingDependency>
        <Required type="connectionreference" displayName="hr365_sharedsharepointonline_5e805" solution="HRMS365 (25.606.0.0)" id.connectionreferencelogicalname="hr365_sharedsharepointonline_5e805" />
        <Dependent type="29" displayName="REV365-Survey Email Response" id="{26b68de0-84e4-ef11-9342-002248d5def5}" />
      </MissingDependency>
      <MissingDependency>
        <Required type="connectionreference" displayName="hr365_sharedsharepointonline_5e805" solution="HRMS365 (25.606.0.0)" id.connectionreferencelogicalname="hr365_sharedsharepointonline_5e805" />
        <Dependent type="29" displayName="REV365-Survey Email trigger" id="{ca3deaf9-6de4-ef11-9342-002248d5def5}" />
      </MissingDependency>
      <MissingDependency>
        <Required type="connectionreference" displayName="hr365_sharedsharepointonline_5e805" solution="HRMS365 (25.606.0.0)" id.connectionreferencelogicalname="hr365_sharedsharepointonline_5e805" />
        <Dependent type="29" displayName="REV365 Client Reply Response" id="{f1b8d63b-1915-f011-998a-002248d5e0e9}" />
      </MissingDependency>
      <MissingDependency>
        <Required type="connectionreference" displayName="hr365_sharedsharepointonline_5e805" solution="HRMS365 (25.606.0.0)" id.connectionreferencelogicalname="hr365_sharedsharepointonline_5e805" />
        <Dependent type="29" displayName="REV365 - Validate CSJ Email from Graph API" id="{f9376a80-e119-f011-998a-002248d5e0e9}" />
      </MissingDependency>
      <MissingDependency>
        <Required type="connectionreference" displayName="hr365_sharedsharepointonline_5e805" solution="HRMS365 (25.606.0.0)" id.connectionreferencelogicalname="hr365_sharedsharepointonline_5e805" />
        <Dependent type="29" displayName="REV365 - Secure Item Permissions" id="{fc8bde76-47cf-ef11-8ee9-002248d5def5}" />
      </MissingDependency>
      <MissingDependency>
        <Required type="connectionreference" displayName="hr365_sharedsharepointonline_5e805" solution="HRMS365 (25.606.0.0)" id.connectionreferencelogicalname="hr365_sharedsharepointonline_5e805" />
        <Dependent type="connectionreference" displayName="hr365_sharedsharepointonline_5e805" id.connectionreferencelogicalname="hr365_sharedsharepointonline_5e805" />
      </MissingDependency>
      <MissingDependency>
        <Required type="connectionreference" displayName="hr365_sharedsharepointonline_ac43c" solution="HRMS365 (25.606.0.0)" id.connectionreferencelogicalname="hr365_sharedsharepointonline_ac43c" />
        <Dependent type="connectionreference" displayName="hr365_sharedsharepointonline_ac43c" id.connectionreferencelogicalname="hr365_sharedsharepointonline_ac43c" />
      </MissingDependency>
      <MissingDependency>
        <Required type="connectionreference" displayName="new_sharedsharepointonline_7529e" solution="HRMS365 (25.606.0.0)" id.connectionreferencelogicalname="new_sharedsharepointonline_7529e" />
        <Dependent type="connectionreference" displayName="new_sharedsharepointonline_7529e" id.connectionreferencelogicalname="new_sharedsharepointonline_7529e" />
      </MissingDependency>
    </MissingDependencies>
  </SolutionManifest>
</ImportExportXml>