{
  "properties": {
    "connectionReferences": {
      "shared_sharepointonline_2": {
        "runtimeSource": "embedded",
        "connection": {
          "connectionReferenceLogicalName": "hr365_sharedsharepointonline_10231"
        },
        "api": {
          "name": "shared_sharepointonline"
        }
      },
      "shared_office365": {
        "runtimeSource": "embedded",
        "connection": {
          "connectionReferenceLogicalName": "hr365_sharedoffice365_bed00"
        },
        "api": {
          "name": "shared_office365"
        }
      }
    },
    "definition": {
      "$schema": "https://schema.management.azure.com/providers/Microsoft.Logic/schemas/2016-06-01/workflowdefinition.json#",
      "contentVersion": "1.0.0.0",
      "parameters": {
        "$connections": {
          "defaultValue": {},
          "type": "Object"
        },
        "$authentication": {
          "defaultValue": {},
          "type": "SecureObject"
        },
        "SiteAddress(CL365) (hr365_SiteAddressCL365)": {
          "defaultValue": "https://xzm41.sharepoint.com/sites/CLM365_15Oct25",
          "type": "String",
          "metadata": {
            "schemaName": "hr365_SiteAddressCL365"
          }
        },
        "Mailbox(CL365) (hr365_MailboxCL365)": {
          "defaultValue": "support@xzm41.onmicrosoft.com",
          "type": "String",
          "metadata": {
            "schemaName": "hr365_MailboxCL365"
          }
        }
      },
      "triggers": {
        "When_an_item_is_created": {
          "recurrence": {
            "interval": 1,
            "frequency": "Minute"
          },
          "splitOn": "@triggerOutputs()?['body/value']",
          "metadata": {
            "operationMetadataId": "dbbdf3cf-d93e-4609-926e-89d962636da6"
          },
          "type": "OpenApiConnection",
          "inputs": {
            "host": {
              "connectionName": "shared_sharepointonline_2",
              "operationId": "GetOnNewItems",
              "apiId": "/providers/Microsoft.PowerApps/apis/shared_sharepointonline"
            },
            "parameters": {
              "dataset": "@parameters('SiteAddress(CL365) (hr365_SiteAddressCL365)')",
              "table": "CLM365ExternalMail"
            },
            "authentication": "@parameters('$authentication')"
          }
        }
      },
      "actions": {
        "Scope": {
          "actions": {
            "Get_attachments": {
              "runAfter": {},
              "metadata": {
                "operationMetadataId": "29eb2694-8c97-4809-b639-8d851af30f54"
              },
              "type": "OpenApiConnection",
              "inputs": {
                "host": {
                  "connectionName": "shared_sharepointonline_2",
                  "operationId": "GetItemAttachments",
                  "apiId": "/providers/Microsoft.PowerApps/apis/shared_sharepointonline"
                },
                "parameters": {
                  "dataset": "@parameters('SiteAddress(CL365) (hr365_SiteAddressCL365)')",
                  "table": "CLM365ExternalMail",
                  "itemId": "@triggerOutputs()?['body/ID']"
                },
                "authentication": "@parameters('$authentication')"
              }
            },
            "Apply_to_each": {
              "foreach": "@body('Get_attachments')",
              "actions": {
                "Scope_Try_Apply_to_each": {
                  "actions": {
                    "Get_attachment_content": {
                      "runAfter": {},
                      "metadata": {
                        "operationMetadataId": "96bf43fd-876c-423e-99a7-788b6a05e8eb"
                      },
                      "type": "OpenApiConnection",
                      "inputs": {
                        "host": {
                          "connectionName": "shared_sharepointonline_2",
                          "operationId": "GetAttachmentContent",
                          "apiId": "/providers/Microsoft.PowerApps/apis/shared_sharepointonline"
                        },
                        "parameters": {
                          "dataset": "@parameters('SiteAddress(CL365) (hr365_SiteAddressCL365)')",
                          "table": "CLM365ExternalMail",
                          "itemId": "@triggerOutputs()?['body/ID']",
                          "attachmentId": "@item()?['Id']"
                        },
                        "authentication": "@parameters('$authentication')"
                      }
                    },
                    "Append_to_array_variable": {
                      "runAfter": {
                        "Get_attachment_content": [
                          "Succeeded"
                        ]
                      },
                      "metadata": {
                        "operationMetadataId": "a240fbcd-bcac-4b81-a865-300bc55e7062"
                      },
                      "type": "AppendToArrayVariable",
                      "inputs": {
                        "name": "AttachmentFilebyteArray",
                        "value": {
                          "Name": "@items('Apply_to_each')?['DisplayName']",
                          "ContentBytes": "@body('Get_attachment_content')"
                        }
                      }
                    }
                  },
                  "runAfter": {},
                  "metadata": {
                    "operationMetadataId": "a78ead6c-8597-458a-b7e8-87d411f321b9"
                  },
                  "type": "Scope"
                },
                "Scope_Catch_Apply_to_each": {
                  "actions": {
                    "Send_an_email_to_Admin": {
                      "runAfter": {},
                      "metadata": {
                        "operationMetadataId": "9bebda28-89eb-428d-a56e-b72060b3986d"
                      },
                      "type": "OpenApiConnection",
                      "inputs": {
                        "host": {
                          "connectionName": "shared_office365",
                          "operationId": "SendEmailV2",
                          "apiId": "/providers/Microsoft.PowerApps/apis/shared_office365"
                        },
                        "parameters": {
                          "emailMessage/To": "@join(variables('AppAdmins'), ', ')",
                          "emailMessage/Subject": "Something went wrong",
                          "emailMessage/Body": "<p>An issue occured while creating item.</p>",
                          "emailMessage/Importance": "Normal"
                        },
                        "authentication": "@parameters('$authentication')"
                      }
                    }
                  },
                  "runAfter": {
                    "Scope_Try_Apply_to_each": [
                      "Failed",
                      "Skipped",
                      "TimedOut"
                    ]
                  },
                  "metadata": {
                    "operationMetadataId": "677f82c6-6573-4487-868a-11e748d0afb7"
                  },
                  "type": "Scope"
                }
              },
              "runAfter": {
                "Get_attachments": [
                  "Succeeded"
                ]
              },
              "metadata": {
                "operationMetadataId": "deb675bb-dced-4169-af69-e9927154e032"
              },
              "type": "Foreach"
            },
            "Send_an_email_(V2)": {
              "runAfter": {
                "Apply_to_each": [
                  "Succeeded"
                ]
              },
              "metadata": {
                "operationMetadataId": "0525ba07-cbf1-4dfb-a87e-34b23734e267"
              },
              "type": "OpenApiConnection",
              "inputs": {
                "host": {
                  "connectionName": "shared_office365",
                  "operationId": "SendEmailV2",
                  "apiId": "/providers/Microsoft.PowerApps/apis/shared_office365"
                },
                "parameters": {
                  "emailMessage/To": "@triggerOutputs()?['body/To']",
                  "emailMessage/Subject": "@triggerOutputs()?['body/Subject']",
                  "emailMessage/Body": "<p>@{decodeUriComponent(triggerOutputs()?['body/Body'])}</p>",
                  "emailMessage/From": "@parameters('Mailbox(CL365) (hr365_MailboxCL365)')",
                  "emailMessage/Cc": "@triggerOutputs()?['body/CC']",
                  "emailMessage/Attachments": "@variables('AttachmentFilebyteArray')",
                  "emailMessage/Importance": "Normal"
                },
                "authentication": "@parameters('$authentication')"
              }
            },
            "Delete_item": {
              "runAfter": {
                "Send_an_email_(V2)": [
                  "Succeeded"
                ]
              },
              "metadata": {
                "operationMetadataId": "cda3cc98-c931-432e-9894-dae65c1462aa"
              },
              "type": "OpenApiConnection",
              "inputs": {
                "host": {
                  "connectionName": "shared_sharepointonline_2",
                  "operationId": "DeleteItem",
                  "apiId": "/providers/Microsoft.PowerApps/apis/shared_sharepointonline"
                },
                "parameters": {
                  "dataset": "@parameters('SiteAddress(CL365) (hr365_SiteAddressCL365)')",
                  "table": "CLM365ExternalMail",
                  "id": "@triggerOutputs()?['body/ID']"
                },
                "authentication": "@parameters('$authentication')"
              }
            }
          },
          "runAfter": {
            "Compose": [
              "Succeeded"
            ]
          },
          "metadata": {
            "operationMetadataId": "3fb83cfc-d04e-4953-ab42-3b1e030d1035"
          },
          "type": "Scope"
        },
        "Scope_Catch": {
          "actions": {
            "Send_an_email_(V2)_2": {
              "runAfter": {},
              "metadata": {
                "operationMetadataId": "0c73e0e5-b984-4990-8cef-2d4c8e5a65c3"
              },
              "type": "OpenApiConnection",
              "inputs": {
                "host": {
                  "connectionName": "shared_office365",
                  "operationId": "SendEmailV2",
                  "apiId": "/providers/Microsoft.PowerApps/apis/shared_office365"
                },
                "parameters": {
                  "emailMessage/To": "@join(variables('AppAdmins'), ', ')",
                  "emailMessage/Subject": "Something went wrong",
                  "emailMessage/Body": "<p>An error occurred in HR365 - CLM External Email Trigger</p>",
                  "emailMessage/Importance": "Normal"
                },
                "authentication": "@parameters('$authentication')"
              }
            }
          },
          "runAfter": {
            "Scope": [
              "Failed",
              "Skipped",
              "TimedOut"
            ]
          },
          "metadata": {
            "operationMetadataId": "4cd2ba65-c53a-4367-8e24-448600edd262"
          },
          "type": "Scope"
        },
        "Initialize_variable": {
          "runAfter": {},
          "metadata": {
            "operationMetadataId": "d7afd3c2-71e6-4516-8813-f9452138fff5"
          },
          "type": "InitializeVariable",
          "inputs": {
            "variables": [
              {
                "name": "AttachmentFilebyteArray",
                "type": "array"
              }
            ]
          }
        },
        "Get_App_Users": {
          "runAfter": {
            "App_Admins": [
              "Succeeded"
            ]
          },
          "metadata": {
            "operationMetadataId": "f4acdfc9-1916-48cb-b76a-827bb2ba8a85"
          },
          "type": "OpenApiConnection",
          "inputs": {
            "host": {
              "connectionName": "shared_sharepointonline_2",
              "operationId": "HttpRequest",
              "apiId": "/providers/Microsoft.PowerApps/apis/shared_sharepointonline"
            },
            "parameters": {
              "dataset": "@parameters('SiteAddress(CL365) (hr365_SiteAddressCL365)')",
              "parameters/method": "GET",
              "parameters/uri": "_api/web/lists/getbytitle('CLM365Users')/items?$select=*&$filter=UserStatus eq 'Active' and Role eq 'Admin'",
              "parameters/headers": {
                "Accept": "application/json;odata=verbose",
                "Content-Type": "application/json"
              }
            },
            "authentication": "@parameters('$authentication')"
          }
        },
        "App_Admins": {
          "runAfter": {
            "Initialize_variable": [
              "Succeeded"
            ]
          },
          "metadata": {
            "operationMetadataId": "47a10268-e208-4ba7-967a-86c08270f722"
          },
          "type": "InitializeVariable",
          "inputs": {
            "variables": [
              {
                "name": "AppAdmins",
                "type": "array"
              }
            ]
          }
        },
        "Apply_to_each_User": {
          "foreach": "@body('Get_App_Users')['d']['results']",
          "actions": {
            "Append_to_array": {
              "runAfter": {},
              "metadata": {
                "operationMetadataId": "776b02cc-1b81-4acc-828c-70d3259add8f"
              },
              "type": "AppendToArrayVariable",
              "inputs": {
                "name": "AppAdmins",
                "value": "@items('Apply_to_each_User')['email']"
              }
            }
          },
          "runAfter": {
            "Get_App_Users": [
              "Succeeded"
            ]
          },
          "metadata": {
            "operationMetadataId": "c50358d0-41e5-46b4-8037-ffae917af732"
          },
          "type": "Foreach"
        },
        "Compose": {
          "runAfter": {
            "Apply_to_each_User": [
              "Succeeded"
            ]
          },
          "metadata": {
            "operationMetadataId": "aff9236e-2292-42c9-bd2c-ad644209f4c0"
          },
          "type": "Compose",
          "inputs": "@variables('AppAdmins')"
        }
      }
    },
    "templateName": ""
  },
  "schemaVersion": "1.0.0.0"
}