{
  "properties": {
    "connectionReferences": {
      "shared_sharepointonline": {
        "runtimeSource": "embedded",
        "connection": {
          "connectionReferenceLogicalName": "hr365_sharedsharepointonline_10231"
        },
        "api": {
          "name": "shared_sharepointonline"
        }
      },
      "shared_office365_1": {
        "runtimeSource": "embedded",
        "connection": {
          "connectionReferenceLogicalName": "hr365_sharedoffice365_bed00"
        },
        "api": {
          "name": "shared_office365"
        }
      }
    },
    "definition": {
      "$schema": "https://schema.management.azure.com/providers/Microsoft.Logic/schemas/2016-06-01/workflowdefinition.json#",
      "contentVersion": "1.0.0.0",
      "parameters": {
        "$connections": {
          "defaultValue": {},
          "type": "Object"
        },
        "$authentication": {
          "defaultValue": {},
          "type": "SecureObject"
        },
        "SiteAddress(CL365) (hr365_SiteAddressCL365)": {
          "defaultValue": "https://xzm41.sharepoint.com/sites/CLM365_30Oct25",
          "type": "String",
          "metadata": {
            "schemaName": "hr365_SiteAddressCL365"
          }
        }
      },
      "triggers": {
        "When_an_action_performed_in_Delegation": {
          "recurrence": {
            "interval": 1,
            "frequency": "Minute"
          },
          "splitOn": "@triggerOutputs()?['body/value']",
          "metadata": {
            "operationMetadataId": "6047e3b9-f074-4887-8eae-ee5524031026"
          },
          "type": "OpenApiConnection",
          "inputs": {
            "host": {
              "connectionName": "shared_sharepointonline",
              "operationId": "GetOnUpdatedItems",
              "apiId": "/providers/Microsoft.PowerApps/apis/shared_sharepointonline"
            },
            "parameters": {
              "dataset": "@parameters('SiteAddress(CL365) (hr365_SiteAddressCL365)')",
              "table": "CLM365Settings"
            },
            "authentication": "@parameters('$authentication')"
          },
          "conditions": [
            {
              "expression": "@equals(triggerOutputs()?['body/UpdateDelegation'], true)"
            }
          ]
        }
      },
      "actions": {
        "Get_All_DelegateePermission_Request_Items": {
          "runAfter": {
            "Get_Admin_Users": [
              "Succeeded"
            ]
          },
          "metadata": {
            "operationMetadataId": "7d5ca3b3-246f-4923-9ea2-204510066164"
          },
          "type": "OpenApiConnection",
          "inputs": {
            "host": {
              "connectionName": "shared_sharepointonline",
              "operationId": "HttpRequest",
              "apiId": "/providers/Microsoft.PowerApps/apis/shared_sharepointonline"
            },
            "parameters": {
              "dataset": "@parameters('SiteAddress(CL365) (hr365_SiteAddressCL365)')",
              "parameters/method": "GET",
              "parameters/uri": "_api/web/lists/getbytitle('CLM365Request')/items?$select=*&$filter=DelegateePermission ne null and SampleRequest ne 'Yes'",
              "parameters/headers": {
                "Accept": "application/json;odata=verbose",
                "Content-Type": "application/json"
              }
            },
            "authentication": "@parameters('$authentication')"
          }
        },
        "Get_Contribute_call": {
          "runAfter": {
            "Get_All_DelegateePermission_Request_Items": [
              "Succeeded"
            ]
          },
          "metadata": {
            "operationMetadataId": "6bf0fd9e-8f7d-4f8b-8ef1-ada1832988c5"
          },
          "type": "OpenApiConnection",
          "inputs": {
            "host": {
              "connectionName": "shared_sharepointonline",
              "operationId": "HttpRequest",
              "apiId": "/providers/Microsoft.PowerApps/apis/shared_sharepointonline"
            },
            "parameters": {
              "dataset": "@parameters('SiteAddress(CL365) (hr365_SiteAddressCL365)')",
              "parameters/method": "GET",
              "parameters/uri": "/_api/web/roledefinitions/getbyname('Contribute')"
            },
            "authentication": "@parameters('$authentication')"
          }
        },
        "Contribute_Id": {
          "runAfter": {
            "Get_Contribute_call": [
              "Succeeded"
            ]
          },
          "metadata": {
            "operationMetadataId": "70bc70d5-2818-4bea-b805-a85073de1220"
          },
          "type": "InitializeVariable",
          "inputs": {
            "variables": [
              {
                "name": "ContributeId",
                "type": "string",
                "value": "@{body('Get_Contribute_call')['d']['Id']}"
              }
            ]
          }
        },
        "Delegation": {
          "runAfter": {
            "Request_Delegatee_Permission": [
              "Succeeded"
            ]
          },
          "metadata": {
            "operationMetadataId": "bc7ebe08-88b9-4166-9706-dd3a17d6383c"
          },
          "type": "Compose",
          "inputs": "@json(coalesce(body('Get_Delegation_from_Settings')?['d']?['results']?[0]?['Delegation'], '[]'))"
        },
        "Active_Delegation": {
          "runAfter": {
            "Today": [
              "Succeeded"
            ]
          },
          "metadata": {
            "operationMetadataId": "c31312e4-7ac9-4c6d-86aa-6f7036327739"
          },
          "type": "Query",
          "inputs": {
            "from": "@outputs('Delegation')",
            "where": "@equals(item()?['Status'], 'Active')"
          }
        },
        "Current_Updated_Delegation": {
          "runAfter": {
            "Active_Delegation": [
              "Succeeded"
            ]
          },
          "metadata": {
            "operationMetadataId": "c31312e4-7ac9-4c6d-86aa-6f7036327739"
          },
          "type": "Query",
          "inputs": {
            "from": "@outputs('Delegation')",
            "where": "@equals(item()?['UpdateDelegation'], true)"
          }
        },
        "Current_Delegation": {
          "runAfter": {
            "Current_Updated_Delegation": [
              "Succeeded"
            ]
          },
          "metadata": {
            "operationMetadataId": "df50eb56-cf45-4b79-952f-cc07c58f857b"
          },
          "type": "Compose",
          "inputs": "@body('Current_Updated_Delegation')?[0]"
        },
        "Get_All_Request_Items": {
          "runAfter": {
            "Get_Delegation_from_Settings": [
              "Succeeded"
            ]
          },
          "metadata": {
            "operationMetadataId": "809705d5-4e9d-4dee-a6d8-8f49f5982158"
          },
          "type": "OpenApiConnection",
          "inputs": {
            "host": {
              "connectionName": "shared_sharepointonline",
              "operationId": "HttpRequest",
              "apiId": "/providers/Microsoft.PowerApps/apis/shared_sharepointonline"
            },
            "parameters": {
              "dataset": "@parameters('SiteAddress(CL365) (hr365_SiteAddressCL365)')",
              "parameters/method": "GET",
              "parameters/uri": "_api/web/lists/getbytitle('CLM365Request')/items?$select=*&$filter=AllTaskApprovers ne null and SampleRequest ne 'Yes'",
              "parameters/headers": {
                "Accept": "application/json;odata=verbose",
                "Content-Type": "application/json"
              }
            },
            "authentication": "@parameters('$authentication')"
          }
        },
        "Add_Deligatee": {
          "runAfter": {
            "Contribute_Id": [
              "Succeeded"
            ]
          },
          "metadata": {
            "operationMetadataId": "b1550475-6742-436d-a079-8784e7ae42a9"
          },
          "type": "InitializeVariable",
          "inputs": {
            "variables": [
              {
                "name": "Add Deligatee",
                "type": "boolean",
                "value": false
              }
            ]
          }
        },
        "Request_Delegatee_Permission": {
          "runAfter": {
            "Add_Deligatee": [
              "Succeeded"
            ]
          },
          "metadata": {
            "operationMetadataId": "0f926241-9d44-44db-bfcc-4ef82faef1e9"
          },
          "type": "InitializeVariable",
          "inputs": {
            "variables": [
              {
                "name": "Request Delegatee Permission",
                "type": "array",
                "value": []
              }
            ]
          }
        },
        "Get_Admin_Users": {
          "runAfter": {
            "Get_All_Request_Items": [
              "Succeeded"
            ]
          },
          "metadata": {
            "operationMetadataId": "eb097bfb-e752-43e5-b85b-b089bbb1e6ce"
          },
          "type": "OpenApiConnection",
          "inputs": {
            "host": {
              "connectionName": "shared_sharepointonline",
              "operationId": "HttpRequest",
              "apiId": "/providers/Microsoft.PowerApps/apis/shared_sharepointonline"
            },
            "parameters": {
              "dataset": "@parameters('SiteAddress(CL365) (hr365_SiteAddressCL365)')",
              "parameters/method": "GET",
              "parameters/uri": "_api/web/lists/getbytitle('CLM365Users')/items?$select=*&$filter=Role eq 'Admin' and UserStatus eq 'Active'",
              "parameters/headers": {
                "Accept": "application/json;odata=verbose",
                "Content-Type": "application/json"
              }
            },
            "authentication": "@parameters('$authentication')"
          }
        },
        "Today": {
          "runAfter": {
            "Delegation": [
              "Succeeded"
            ]
          },
          "metadata": {
            "operationMetadataId": "ef591b62-f784-4e59-b3a6-67a44403bfd9"
          },
          "type": "Compose",
          "inputs": "@formatDateTime(utcNow(), 'MM/dd/yyyy')"
        },
        "Get_Delegation_from_Settings": {
          "runAfter": {},
          "metadata": {
            "operationMetadataId": "ef59d6f2-e1be-4224-b34d-11dc6ba9bf03"
          },
          "type": "OpenApiConnection",
          "inputs": {
            "host": {
              "connectionName": "shared_sharepointonline",
              "operationId": "HttpRequest",
              "apiId": "/providers/Microsoft.PowerApps/apis/shared_sharepointonline"
            },
            "parameters": {
              "dataset": "@parameters('SiteAddress(CL365) (hr365_SiteAddressCL365)')",
              "parameters/method": "GET",
              "parameters/uri": "_api/web/lists/getbytitle('CLM365Settings')/items",
              "parameters/headers": {
                "Accept": "application/json;odata=verbose",
                "Content-Type": "application/json"
              }
            },
            "authentication": "@parameters('$authentication')"
          }
        },
        "Current_Delegation_exist_": {
          "actions": {
            "All_DelegateePermission_Request_Items": {
              "foreach": "@body('Get_All_DelegateePermission_Request_Items')?['d']?['results']",
              "actions": {
                "Delegatee_present_in_DelegateePermission": {
                  "actions": {
                    "Remove_Permission_to_Delegatee": {
                      "runAfter": {
                        "Break_Role_Inheritance_2": [
                          "Succeeded"
                        ]
                      },
                      "metadata": {
                        "operationMetadataId": "2347e0ce-3587-48be-b32a-ab0521ab9458"
                      },
                      "type": "OpenApiConnection",
                      "inputs": {
                        "host": {
                          "connectionName": "shared_sharepointonline",
                          "operationId": "HttpRequest",
                          "apiId": "/providers/Microsoft.PowerApps/apis/shared_sharepointonline"
                        },
                        "parameters": {
                          "dataset": "@parameters('SiteAddress(CL365) (hr365_SiteAddressCL365)')",
                          "parameters/method": "POST",
                          "parameters/uri": "/_api/web/lists/getbytitle('CLM365Request')/items(@{items('All_DelegateePermission_Request_Items')?['Id']})/roleassignments/removeroleassignment(principalid=@{outputs('Current_Delegation')?['Delegatee']?['userID']},roledefid=@{variables('ContributeId')})"
                        },
                        "authentication": "@parameters('$authentication')"
                      }
                    },
                    "Updated_DeligateePermission_Column": {
                      "runAfter": {},
                      "metadata": {
                        "operationMetadataId": "4d98e68c-0f67-4994-97b7-298cf781ac69"
                      },
                      "type": "Query",
                      "inputs": {
                        "from": "@items('All_DelegateePermission_Request_Items')?['DelegateePermissionId']?['results']",
                        "where": "@not(equals(item(), outputs('Current_Delegation')?['Delegatee']?['userID']))"
                      }
                    },
                    "Break_Role_Inheritance_2": {
                      "runAfter": {
                        "Update_Request_List": [
                          "Succeeded"
                        ]
                      },
                      "metadata": {
                        "operationMetadataId": "4a5aecea-6d1f-4d89-9300-9d88239ca889"
                      },
                      "type": "OpenApiConnection",
                      "inputs": {
                        "host": {
                          "connectionName": "shared_sharepointonline",
                          "operationId": "HttpRequest",
                          "apiId": "/providers/Microsoft.PowerApps/apis/shared_sharepointonline"
                        },
                        "parameters": {
                          "dataset": "@parameters('SiteAddress(CL365) (hr365_SiteAddressCL365)')",
                          "parameters/method": "POST",
                          "parameters/uri": "_api/lists/getByTitle('CLM365Request')/items(@{items('All_DelegateePermission_Request_Items')?['Id']})/breakroleinheritance(copyRoleAssignments=false,clearSubscopes=true)"
                        },
                        "authentication": "@parameters('$authentication')"
                      }
                    },
                    "Update_Request_List": {
                      "runAfter": {
                        "Updated_DeligateePermission_Column": [
                          "Succeeded"
                        ]
                      },
                      "metadata": {
                        "operationMetadataId": "db64b42c-84a6-4611-a269-b82b1b9a13c3"
                      },
                      "type": "OpenApiConnection",
                      "inputs": {
                        "host": {
                          "connectionName": "shared_sharepointonline",
                          "operationId": "HttpRequest",
                          "apiId": "/providers/Microsoft.PowerApps/apis/shared_sharepointonline"
                        },
                        "parameters": {
                          "dataset": "@parameters('SiteAddress(CL365) (hr365_SiteAddressCL365)')",
                          "parameters/method": "POST",
                          "parameters/uri": "/_api/web/lists/getbytitle('CLM365Request')/items(@{items('All_DelegateePermission_Request_Items')?['Id']})",
                          "parameters/headers": {
                            "Accept": "application/json;odata=verbose",
                            "Content-Type": "application/json;odata=verbose",
                            "IF-MATCH": "*",
                            "X-HTTP-Method": "PATCH"
                          },
                          "parameters/body": "{\n  \"__metadata\": {\n    \"type\": \"SP.Data.CLM365RequestListItem\"\n  },\n  \"DelegateePermissionId\": {\n    \"results\": @{body('Updated_DeligateePermission_Column')}\n  }\n}"
                        },
                        "authentication": "@parameters('$authentication')"
                      }
                    },
                    "Get_Request_Draft_2": {
                      "runAfter": {
                        "Remove_Permission_to_Delegatee": [
                          "Succeeded"
                        ]
                      },
                      "metadata": {
                        "operationMetadataId": "aa68937b-abf9-4b2d-9c19-740e0c7ed73b"
                      },
                      "type": "OpenApiConnection",
                      "inputs": {
                        "host": {
                          "connectionName": "shared_sharepointonline",
                          "operationId": "HttpRequest",
                          "apiId": "/providers/Microsoft.PowerApps/apis/shared_sharepointonline"
                        },
                        "parameters": {
                          "dataset": "@parameters('SiteAddress(CL365) (hr365_SiteAddressCL365)')",
                          "parameters/method": "GET",
                          "parameters/uri": "_api/web/getFolderByServerRelativeUrl('CLM365RequestDraft')/files('@{items('All_DelegateePermission_Request_Items')?['File_Name']}')?$expand=ListItemAllFields",
                          "parameters/headers": {
                            "accept": "application/json;odata=verbose",
                            "content-type": "application/json;odata=verbose"
                          }
                        },
                        "authentication": "@parameters('$authentication')"
                      }
                    },
                    "Request_Draft_Break_Role_Inheritance_2": {
                      "runAfter": {
                        "Get_Request_Draft_2": [
                          "Succeeded"
                        ]
                      },
                      "metadata": {
                        "operationMetadataId": "e1466377-b344-4ccf-9a12-b66b65d55577"
                      },
                      "type": "OpenApiConnection",
                      "inputs": {
                        "host": {
                          "connectionName": "shared_sharepointonline",
                          "operationId": "HttpRequest",
                          "apiId": "/providers/Microsoft.PowerApps/apis/shared_sharepointonline"
                        },
                        "parameters": {
                          "dataset": "@parameters('SiteAddress(CL365) (hr365_SiteAddressCL365)')",
                          "parameters/method": "POST",
                          "parameters/uri": "_api/lists/getByTitle('CLM365RequestDraft')/items(@{body('Get_Request_Draft_2')?['d']?['ListItemAllFields']?['Id']})/breakroleinheritance(copyRoleAssignments=false,clearSubscopes=true)"
                        },
                        "authentication": "@parameters('$authentication')"
                      }
                    },
                    "Get_Task_Attachment_2": {
                      "runAfter": {
                        "Remove_Permission_In_Request_Draft": [
                          "Succeeded"
                        ]
                      },
                      "metadata": {
                        "operationMetadataId": "22a6be1f-0025-4203-aa54-6b4089da7fc2"
                      },
                      "type": "OpenApiConnection",
                      "inputs": {
                        "host": {
                          "connectionName": "shared_sharepointonline",
                          "operationId": "HttpRequest",
                          "apiId": "/providers/Microsoft.PowerApps/apis/shared_sharepointonline"
                        },
                        "parameters": {
                          "dataset": "@parameters('SiteAddress(CL365) (hr365_SiteAddressCL365)')",
                          "parameters/method": "GET",
                          "parameters/uri": "_api/web/getFolderByServerRelativeUrl('CLM365TaskAttachment')/folders('@{items('All_DelegateePermission_Request_Items')['Guid_ID']}')?$expand=ListItemAllFields"
                        },
                        "authentication": "@parameters('$authentication')"
                      }
                    },
                    "Task_Attachment_Break_Role_Inheritance_2": {
                      "runAfter": {
                        "Get_Task_Attachment_2": [
                          "Succeeded"
                        ]
                      },
                      "metadata": {
                        "operationMetadataId": "e1466377-b344-4ccf-9a12-b66b65d55577"
                      },
                      "type": "OpenApiConnection",
                      "inputs": {
                        "host": {
                          "connectionName": "shared_sharepointonline",
                          "operationId": "HttpRequest",
                          "apiId": "/providers/Microsoft.PowerApps/apis/shared_sharepointonline"
                        },
                        "parameters": {
                          "dataset": "@parameters('SiteAddress(CL365) (hr365_SiteAddressCL365)')",
                          "parameters/method": "POST",
                          "parameters/uri": "_api/lists/getByTitle('CLM365TaskAttachment')/items(@{body('Get_Task_Attachment_2')?['d']?['ListItemAllFields']?['Id']})/breakroleinheritance(copyRoleAssignments=false,clearSubscopes=true)"
                        },
                        "authentication": "@parameters('$authentication')"
                      }
                    },
                    "Remove_Permission_In_Request_Draft": {
                      "runAfter": {
                        "Request_Draft_Break_Role_Inheritance_2": [
                          "Succeeded"
                        ]
                      },
                      "metadata": {
                        "operationMetadataId": "2347e0ce-3587-48be-b32a-ab0521ab9458"
                      },
                      "type": "OpenApiConnection",
                      "inputs": {
                        "host": {
                          "connectionName": "shared_sharepointonline",
                          "operationId": "HttpRequest",
                          "apiId": "/providers/Microsoft.PowerApps/apis/shared_sharepointonline"
                        },
                        "parameters": {
                          "dataset": "@parameters('SiteAddress(CL365) (hr365_SiteAddressCL365)')",
                          "parameters/method": "POST",
                          "parameters/uri": "/_api/web/lists/getbytitle('CLM365RequestDraft')/items(@{body('Get_Request_Draft_2')?['d']?['ListItemAllFields']?['Id']})/roleassignments/removeroleassignment(principalid=@{outputs('Current_Delegation')?['Delegatee']?['userID']},roledefid=@{variables('ContributeId')})"
                        },
                        "authentication": "@parameters('$authentication')"
                      }
                    },
                    "Remove_Permission_In_Task_Attachment": {
                      "runAfter": {
                        "Task_Attachment_Break_Role_Inheritance_2": [
                          "Succeeded"
                        ]
                      },
                      "metadata": {
                        "operationMetadataId": "2347e0ce-3587-48be-b32a-ab0521ab9458"
                      },
                      "type": "OpenApiConnection",
                      "inputs": {
                        "host": {
                          "connectionName": "shared_sharepointonline",
                          "operationId": "HttpRequest",
                          "apiId": "/providers/Microsoft.PowerApps/apis/shared_sharepointonline"
                        },
                        "parameters": {
                          "dataset": "@parameters('SiteAddress(CL365) (hr365_SiteAddressCL365)')",
                          "parameters/method": "POST",
                          "parameters/uri": "/_api/web/lists/getbytitle('CLM365TaskAttachment')/items(@{body('Get_Task_Attachment_2')?['d']?['ListItemAllFields']?['Id']})/roleassignments/removeroleassignment(principalid=@{outputs('Current_Delegation')?['Delegatee']?['userID']},roledefid=@{variables('ContributeId')})"
                        },
                        "authentication": "@parameters('$authentication')"
                      }
                    }
                  },
                  "runAfter": {},
                  "expression": {
                    "contains": [
                      "@items('All_DelegateePermission_Request_Items')?['DelegateePermissionId']?['results']",
                      "@outputs('Current_Delegation')?['Delegatee']?['userID']"
                    ]
                  },
                  "metadata": {
                    "operationMetadataId": "62e75b03-82f8-4915-82fe-05ccf6f16b28"
                  },
                  "type": "If"
                }
              },
              "runAfter": {},
              "metadata": {
                "operationMetadataId": "77068864-69cc-442f-b8b5-dbac60fa9a10"
              },
              "type": "Foreach"
            },
            "Update_Delegation": {
              "foreach": "@outputs('Delegation')",
              "actions": {
                "GUID_is_Equal_to_Current_Delegation_GUID": {
                  "actions": {
                    "Set_Update_Delegation": {
                      "runAfter": {},
                      "metadata": {
                        "operationMetadataId": "8b0ab290-8078-4a6b-9bf6-b2fbdfc4c1e4"
                      },
                      "type": "AppendToArrayVariable",
                      "inputs": {
                        "name": "Settings Delegation",
                        "value": {
                          "Guid": "@{items('Update_Delegation')?['Guid']}",
                          "AppName": "CLM365",
                          "Delegator": "@items('Update_Delegation')?['Delegator']",
                          "Delegatee": "@items('Update_Delegation')?['Delegatee']",
                          "StartDate": "@items('Update_Delegation')?['StartDate']",
                          "EndDate": "@items('Update_Delegation')?['EndDate']",
                          "Status": "@items('Update_Delegation')?['Status']",
                          "UpdateDelegation": "@false",
                          "CreatedBy": "@items('Update_Delegation')?['CreatedBy']",
                          "CreatedDate": "@items('Update_Delegation')?['CreatedDate']"
                        }
                      }
                    }
                  },
                  "runAfter": {},
                  "else": {
                    "actions": {
                      "Append_to_array_variable": {
                        "runAfter": {},
                        "metadata": {
                          "operationMetadataId": "a3ed520a-4a71-44df-a4fb-2d7c12cc2d7a"
                        },
                        "type": "AppendToArrayVariable",
                        "inputs": {
                          "name": "Settings Delegation",
                          "value": "@items('Update_Delegation')"
                        }
                      }
                    }
                  },
                  "expression": {
                    "equals": [
                      "@items('Update_Delegation')?['Guid']",
                      "@outputs('Current_Delegation')?['Guid']"
                    ]
                  },
                  "metadata": {
                    "operationMetadataId": "3de98ec9-a99a-43d1-9f4a-b8dd2de77bdf"
                  },
                  "type": "If"
                }
              },
              "runAfter": {
                "All_DelegateePermission_Request_Items": [
                  "Succeeded"
                ]
              },
              "metadata": {
                "operationMetadataId": "456ad510-f084-4980-b130-05b5bec05c0c"
              },
              "type": "Foreach"
            },
            "Update_Delegation_to_Settings": {
              "runAfter": {
                "Update_Delegation": [
                  "Succeeded"
                ]
              },
              "metadata": {
                "operationMetadataId": "15cb634d-078f-47c6-b037-74c239ab1359"
              },
              "type": "OpenApiConnection",
              "inputs": {
                "host": {
                  "connectionName": "shared_sharepointonline",
                  "operationId": "HttpRequest",
                  "apiId": "/providers/Microsoft.PowerApps/apis/shared_sharepointonline"
                },
                "parameters": {
                  "dataset": "@parameters('SiteAddress(CL365) (hr365_SiteAddressCL365)')",
                  "parameters/method": "POST",
                  "parameters/uri": "/_api/web/lists/getbytitle('CLM365Settings')/items(@{body('Get_Delegation_from_Settings')?['d']?['results']?[0]?['ID']})",
                  "parameters/headers": {
                    "Accept": "application/json;odata=verbose",
                    "Content-Type": "application/json;odata=verbose",
                    "IF-MATCH": "*",
                    "X-HTTP-Method": "PATCH"
                  },
                  "parameters/body": "{\n  \"__metadata\": {\n    \"type\": \"SP.Data.CLM365SettingsListItem\"\n  },\n  \"Delegation\": '@{string(variables('Settings Delegation'))}'\n}"
                },
                "authentication": "@parameters('$authentication')"
              }
            },
            "Delegator_ID": {
              "runAfter": {
                "Update_Delegation_to_Settings": [
                  "Succeeded"
                ]
              },
              "metadata": {
                "operationMetadataId": "2280809d-62df-4338-a5ea-ebf675cb502f"
              },
              "type": "Compose",
              "inputs": "@outputs('Current_Delegation')?['Delegator']?['userID']"
            },
            "Delegatee_ID": {
              "runAfter": {
                "Delegator_ID": [
                  "Succeeded"
                ]
              },
              "metadata": {
                "operationMetadataId": "d36cd76a-7059-4e89-82b9-a02b6a491b08"
              },
              "type": "Compose",
              "inputs": "@outputs('Current_Delegation')?['Delegatee']?['userID']"
            },
            "Condition": {
              "actions": {
                "All_Request_Items": {
                  "foreach": "@body('Get_All_Request_Items')?['d']?['results']",
                  "actions": {
                    "Delegator_present_in_ItemPermisson": {
                      "actions": {
                        "Set_Add_Deligatee": {
                          "runAfter": {},
                          "metadata": {
                            "operationMetadataId": "190f8ffb-0273-4cf1-bb88-a063a66770a8"
                          },
                          "type": "SetVariable",
                          "inputs": {
                            "name": "Add Deligatee",
                            "value": true
                          }
                        }
                      },
                      "runAfter": {},
                      "else": {
                        "actions": {
                          "Legal_Review_Stage": {
                            "actions": {
                              "Set_Add_Deligatee_2": {
                                "runAfter": {},
                                "metadata": {
                                  "operationMetadataId": "190f8ffb-0273-4cf1-bb88-a063a66770a8"
                                },
                                "type": "SetVariable",
                                "inputs": {
                                  "name": "Add Deligatee",
                                  "value": true
                                }
                              }
                            },
                            "runAfter": {},
                            "expression": {
                              "and": [
                                {
                                  "equals": [
                                    "@items('All_Request_Items')?['Status']",
                                    "Legal Review"
                                  ]
                                },
                                {
                                  "equals": [
                                    "@body('Get_Admin_Users')?['d']?['results']?[0]?['SPUserId']",
                                    "@outputs('Delegator_ID')"
                                  ]
                                }
                              ]
                            },
                            "metadata": {
                              "operationMetadataId": "2e33f540-ccc5-4057-b090-1931b187f262"
                            },
                            "type": "If"
                          }
                        }
                      },
                      "expression": {
                        "or": [
                          {
                            "contains": [
                              "@items('All_Request_Items')?['AllTaskApproversId']?['results']",
                              "@outputs('Delegator_ID')"
                            ]
                          },
                          {
                            "equals": [
                              "@items('All_Request_Items')?['AuthorId']",
                              "@outputs('Delegator_ID')"
                            ]
                          }
                        ]
                      },
                      "metadata": {
                        "operationMetadataId": "62e75b03-82f8-4915-82fe-05ccf6f16b28"
                      },
                      "type": "If"
                    },
                    "Add_permission_to_Delegatee": {
                      "actions": {
                        "Give_Permission_to_Delegatee": {
                          "runAfter": {
                            "Break_Role_Inheritance": [
                              "Succeeded"
                            ]
                          },
                          "metadata": {
                            "operationMetadataId": "2347e0ce-3587-48be-b32a-ab0521ab9458"
                          },
                          "type": "OpenApiConnection",
                          "inputs": {
                            "host": {
                              "connectionName": "shared_sharepointonline",
                              "operationId": "HttpRequest",
                              "apiId": "/providers/Microsoft.PowerApps/apis/shared_sharepointonline"
                            },
                            "parameters": {
                              "dataset": "@parameters('SiteAddress(CL365) (hr365_SiteAddressCL365)')",
                              "parameters/method": "POST",
                              "parameters/uri": "/_api/web/lists/getbytitle('CLM365Request')/items(@{items('All_Request_Items')['Id']})/roleassignments/addroleassignment(principalid=@{outputs('Delegatee_ID')},roledefid=@{variables('ContributeID')})"
                            },
                            "authentication": "@parameters('$authentication')"
                          }
                        },
                        "Break_Role_Inheritance": {
                          "runAfter": {
                            "Update_Request_List_Delegation": [
                              "Succeeded"
                            ]
                          },
                          "metadata": {
                            "operationMetadataId": "4a5aecea-6d1f-4d89-9300-9d88239ca889"
                          },
                          "type": "OpenApiConnection",
                          "inputs": {
                            "host": {
                              "connectionName": "shared_sharepointonline",
                              "operationId": "HttpRequest",
                              "apiId": "/providers/Microsoft.PowerApps/apis/shared_sharepointonline"
                            },
                            "parameters": {
                              "dataset": "@parameters('SiteAddress(CL365) (hr365_SiteAddressCL365)')",
                              "parameters/method": "POST",
                              "parameters/uri": "_api/lists/getByTitle('CLM365Request')/items(@{items('All_Request_Items')['Id']})/breakroleinheritance(copyRoleAssignments=false,clearSubscopes=true)"
                            },
                            "authentication": "@parameters('$authentication')"
                          }
                        },
                        "Update_Request_List_Delegation": {
                          "runAfter": {
                            "Append_to_Request_DelegateePermission": [
                              "Succeeded"
                            ]
                          },
                          "metadata": {
                            "operationMetadataId": "15cb634d-078f-47c6-b037-74c239ab1359"
                          },
                          "type": "OpenApiConnection",
                          "inputs": {
                            "host": {
                              "connectionName": "shared_sharepointonline",
                              "operationId": "HttpRequest",
                              "apiId": "/providers/Microsoft.PowerApps/apis/shared_sharepointonline"
                            },
                            "parameters": {
                              "dataset": "@parameters('SiteAddress(CL365) (hr365_SiteAddressCL365)')",
                              "parameters/method": "POST",
                              "parameters/uri": "/_api/web/lists/getbytitle('CLM365Request')/items(@{items('All_Request_Items')['Id']})",
                              "parameters/headers": {
                                "Accept": "application/json;odata=verbose",
                                "Content-Type": "application/json;odata=verbose",
                                "IF-MATCH": "*",
                                "X-HTTP-Method": "PATCH"
                              },
                              "parameters/body": "{\n  \"__metadata\": {\n    \"type\": \"SP.Data.CLM365RequestListItem\"\n  },\n  \"DelegateePermissionId\": {\n    \"results\": @{variables('Request Delegatee Permission')}\n  }\n}"
                            },
                            "authentication": "@parameters('$authentication')"
                          }
                        },
                        "DelegationPermission_Already_exist": {
                          "actions": {
                            "Set_Request_Delegatee_Permission": {
                              "runAfter": {},
                              "metadata": {
                                "operationMetadataId": "3f26d720-ead6-4d29-875c-39c3884688ac"
                              },
                              "type": "SetVariable",
                              "inputs": {
                                "name": "Request Delegatee Permission",
                                "value": "@items('All_Request_Items')?['DelegateePermissionId']?['results']"
                              }
                            }
                          },
                          "runAfter": {},
                          "else": {
                            "actions": {
                              "Set_Request_Empty_Delgatee_Permission_": {
                                "runAfter": {},
                                "metadata": {
                                  "operationMetadataId": "9354ce98-7ec8-49d8-8802-26ff26500d61"
                                },
                                "type": "SetVariable",
                                "inputs": {
                                  "name": "Request Delegatee Permission",
                                  "value": []
                                }
                              }
                            }
                          },
                          "expression": {
                            "not": {
                              "equals": [
                                "@items('All_Request_Items')?['DelegateePermissionId']",
                                "@null"
                              ]
                            }
                          },
                          "metadata": {
                            "operationMetadataId": "a02f197e-3259-4024-aea7-9049848a2f9b"
                          },
                          "type": "If"
                        },
                        "Append_to_Request_DelegateePermission": {
                          "runAfter": {
                            "DelegationPermission_Already_exist": [
                              "Succeeded"
                            ]
                          },
                          "metadata": {
                            "operationMetadataId": "0c705734-ff11-4158-9bc2-71dd96f76e1c"
                          },
                          "type": "AppendToArrayVariable",
                          "inputs": {
                            "name": "Request Delegatee Permission",
                            "value": "@outputs('Delegatee_ID')"
                          }
                        },
                        "Get_Request_Draft": {
                          "runAfter": {
                            "Give_Permission_to_Delegatee": [
                              "Succeeded"
                            ]
                          },
                          "metadata": {
                            "operationMetadataId": "aa68937b-abf9-4b2d-9c19-740e0c7ed73b"
                          },
                          "type": "OpenApiConnection",
                          "inputs": {
                            "host": {
                              "connectionName": "shared_sharepointonline",
                              "operationId": "HttpRequest",
                              "apiId": "/providers/Microsoft.PowerApps/apis/shared_sharepointonline"
                            },
                            "parameters": {
                              "dataset": "@parameters('SiteAddress(CL365) (hr365_SiteAddressCL365)')",
                              "parameters/method": "GET",
                              "parameters/uri": "_api/web/getFolderByServerRelativeUrl('CLM365RequestDraft')/files('@{items('All_Request_Items')['File_Name']}')?$expand=ListItemAllFields",
                              "parameters/headers": {
                                "accept": "application/json;odata=verbose",
                                "content-type": "application/json;odata=verbose"
                              }
                            },
                            "authentication": "@parameters('$authentication')"
                          }
                        },
                        "Request_Draft_Break_Role_Inheritance": {
                          "runAfter": {
                            "Get_Request_Draft": [
                              "Succeeded"
                            ]
                          },
                          "metadata": {
                            "operationMetadataId": "e1466377-b344-4ccf-9a12-b66b65d55577"
                          },
                          "type": "OpenApiConnection",
                          "inputs": {
                            "host": {
                              "connectionName": "shared_sharepointonline",
                              "operationId": "HttpRequest",
                              "apiId": "/providers/Microsoft.PowerApps/apis/shared_sharepointonline"
                            },
                            "parameters": {
                              "dataset": "@parameters('SiteAddress(CL365) (hr365_SiteAddressCL365)')",
                              "parameters/method": "POST",
                              "parameters/uri": "_api/lists/getByTitle('CLM365RequestDraft')/items(@{body('Get_Request_Draft')?['d']?['ListItemAllFields']?['Id']})/breakroleinheritance(copyRoleAssignments=false,clearSubscopes=true)"
                            },
                            "authentication": "@parameters('$authentication')"
                          }
                        },
                        "Get_Task_Attachment": {
                          "runAfter": {
                            "Give_Permission_Request_Draft": [
                              "Succeeded"
                            ]
                          },
                          "metadata": {
                            "operationMetadataId": "22a6be1f-0025-4203-aa54-6b4089da7fc2"
                          },
                          "type": "OpenApiConnection",
                          "inputs": {
                            "host": {
                              "connectionName": "shared_sharepointonline",
                              "operationId": "HttpRequest",
                              "apiId": "/providers/Microsoft.PowerApps/apis/shared_sharepointonline"
                            },
                            "parameters": {
                              "dataset": "@parameters('SiteAddress(CL365) (hr365_SiteAddressCL365)')",
                              "parameters/method": "GET",
                              "parameters/uri": "_api/web/getFolderByServerRelativeUrl('CLM365TaskAttachment')/folders('@{items('All_Request_Items')['Guid_ID']}')?$expand=ListItemAllFields"
                            },
                            "authentication": "@parameters('$authentication')"
                          }
                        },
                        "Task_Attachment_Break_Role_Inheritance": {
                          "runAfter": {
                            "Get_Task_Attachment": [
                              "Succeeded"
                            ]
                          },
                          "metadata": {
                            "operationMetadataId": "e1466377-b344-4ccf-9a12-b66b65d55577"
                          },
                          "type": "OpenApiConnection",
                          "inputs": {
                            "host": {
                              "connectionName": "shared_sharepointonline",
                              "operationId": "HttpRequest",
                              "apiId": "/providers/Microsoft.PowerApps/apis/shared_sharepointonline"
                            },
                            "parameters": {
                              "dataset": "@parameters('SiteAddress(CL365) (hr365_SiteAddressCL365)')",
                              "parameters/method": "POST",
                              "parameters/uri": "_api/lists/getByTitle('CLM365TaskAttachment')/items(@{body('Get_Task_Attachment')?['d']?['ListItemAllFields']?['Id']})/breakroleinheritance(copyRoleAssignments=false,clearSubscopes=true)"
                            },
                            "authentication": "@parameters('$authentication')"
                          }
                        },
                        "Give_Permission_Request_Draft": {
                          "runAfter": {
                            "Request_Draft_Break_Role_Inheritance": [
                              "Succeeded"
                            ]
                          },
                          "metadata": {
                            "operationMetadataId": "c8f3d74e-ffc1-450b-aa54-704fe49904ba"
                          },
                          "type": "OpenApiConnection",
                          "inputs": {
                            "host": {
                              "connectionName": "shared_sharepointonline",
                              "operationId": "HttpRequest",
                              "apiId": "/providers/Microsoft.PowerApps/apis/shared_sharepointonline"
                            },
                            "parameters": {
                              "dataset": "@parameters('SiteAddress(CL365) (hr365_SiteAddressCL365)')",
                              "parameters/method": "POST",
                              "parameters/uri": "_api/lists/getByTitle('CLM365RequestDraft')/items(@{body('Get_Request_Draft')?['d']?['ListItemAllFields']?['Id']})/roleassignments/addroleassignment(principalid=@{outputs('Delegatee_ID')},roledefid=@{variables('ContributeID')})"
                            },
                            "authentication": "@parameters('$authentication')"
                          }
                        },
                        "Give_Permission_to_Task_Attachment": {
                          "runAfter": {
                            "Task_Attachment_Break_Role_Inheritance": [
                              "Succeeded"
                            ]
                          },
                          "metadata": {
                            "operationMetadataId": "ac80ae5f-eb2e-422a-8d62-2c5776c1274a"
                          },
                          "type": "OpenApiConnection",
                          "inputs": {
                            "host": {
                              "connectionName": "shared_sharepointonline",
                              "operationId": "HttpRequest",
                              "apiId": "/providers/Microsoft.PowerApps/apis/shared_sharepointonline"
                            },
                            "parameters": {
                              "dataset": "@parameters('SiteAddress(CL365) (hr365_SiteAddressCL365)')",
                              "parameters/method": "POST",
                              "parameters/uri": "_api/lists/getByTitle('CLM365TaskAttachment')/items(@{body('Get_Task_Attachment')?['d']?['ListItemAllFields']?['Id']})/roleassignments/addroleassignment(principalid=@{outputs('Delegatee_ID')},roledefid=@{variables('ContributeID')})"
                            },
                            "authentication": "@parameters('$authentication')"
                          }
                        }
                      },
                      "runAfter": {
                        "Delegator_present_in_ItemPermisson": [
                          "Succeeded"
                        ]
                      },
                      "expression": {
                        "equals": [
                          "@variables('Add Deligatee')",
                          true
                        ]
                      },
                      "metadata": {
                        "operationMetadataId": "a00a4c39-ae59-49c4-81c5-5d1aab9a7ace"
                      },
                      "type": "If"
                    }
                  },
                  "runAfter": {},
                  "metadata": {
                    "operationMetadataId": "77068864-69cc-442f-b8b5-dbac60fa9a10"
                  },
                  "type": "Foreach"
                },
                "Send_an_email_(V2)": {
                  "runAfter": {
                    "All_Request_Items": [
                      "Succeeded"
                    ]
                  },
                  "metadata": {
                    "operationMetadataId": "c71a6643-bd80-48dd-8a76-fdee7d4761c1"
                  },
                  "type": "OpenApiConnection",
                  "inputs": {
                    "host": {
                      "connectionName": "shared_office365_1",
                      "operationId": "SendEmailV2",
                      "apiId": "/providers/Microsoft.PowerApps/apis/shared_office365"
                    },
                    "parameters": {
                      "emailMessage/To": "@outputs('Current_Delegation')?['Delegatee']?['userEmail']",
                      "emailMessage/Subject": "Tasks for @{outputs('Current_Delegation')?['Delegator']?['username']} have been delegated to @{outputs('Current_Delegation')?['Delegatee']?['username']} starting from @{outputs('Current_Delegation')?['StartDate']}.",
                      "emailMessage/Body": "<p>Hi @{outputs('Current_Delegation')?['Delegatee']?['username']},<br>\n&nbsp;&nbsp;&nbsp;The tasks of @{outputs('Current_Delegation')?['Delegator']?['username']} have been delegated to @{outputs('Current_Delegation')?['Delegatee']?['username']} from @{outputs('Current_Delegation')?['StartDate']} to @{outputs('Current_Delegation')?['EndDate']}.<br>\nDuring this period, you will have full access to requests and contracts, and you will be authorized to approve or reject tasks.<br>\n<br>\nBest regards,<br>\nCLM 365 - Contract Management</p>",
                      "emailMessage/Cc": "@outputs('Current_Delegation')?['Delegator']?['userEmail']",
                      "emailMessage/Importance": "Normal"
                    },
                    "authentication": "@parameters('$authentication')"
                  }
                }
              },
              "runAfter": {
                "Delegatee_ID": [
                  "Succeeded"
                ]
              },
              "expression": {
                "or": [
                  {
                    "equals": [
                      "@outputs('Current_Delegation')?['StartDate']",
                      "@outputs('Today')"
                    ]
                  },
                  {
                    "and": [
                      {
                        "less": [
                          "@outputs('Current_Delegation')?['StartDate']",
                          "@outputs('Today')"
                        ]
                      },
                      {
                        "greater": [
                          "@outputs('Current_Delegation')?['EndDate']",
                          "@outputs('Today')"
                        ]
                      }
                    ]
                  }
                ]
              },
              "metadata": {
                "operationMetadataId": "d94989cd-71af-4f99-bdbd-4aba0e295aec"
              },
              "type": "If"
            }
          },
          "runAfter": {
            "Settings_Delegation": [
              "Succeeded"
            ]
          },
          "expression": {
            "greater": [
              "@length(body('Current_Updated_Delegation'))",
              0
            ]
          },
          "metadata": {
            "operationMetadataId": "f1169e59-9fc2-4f13-9930-8a13ce197f66"
          },
          "type": "If"
        },
        "Settings_Delegation": {
          "runAfter": {
            "Current_Delegation": [
              "Succeeded"
            ]
          },
          "metadata": {
            "operationMetadataId": "a05ede49-041d-46b8-9b62-b0e95dcf18a3"
          },
          "type": "InitializeVariable",
          "inputs": {
            "variables": [
              {
                "name": "Settings Delegation",
                "type": "array",
                "value": []
              }
            ]
          }
        }
      }
    },
    "templateName": ""
  },
  "schemaVersion": "1.0.0.0"
}