{
  "properties": {
    "connectionReferences": {
      "shared_sharepointonline_3": {
        "runtimeSource": "embedded",
        "connection": {
          "connectionReferenceLogicalName": "hr365_sharedsharepointonline_10231"
        },
        "api": {
          "name": "shared_sharepointonline"
        }
      },
      "shared_office365": {
        "runtimeSource": "embedded",
        "connection": {
          "connectionReferenceLogicalName": "hr365_sharedoffice365_bed00"
        },
        "api": {
          "name": "shared_office365"
        }
      }
    },
    "definition": {
      "$schema": "https://schema.management.azure.com/providers/Microsoft.Logic/schemas/2016-06-01/workflowdefinition.json#",
      "contentVersion": "1.0.0.0",
      "parameters": {
        "$connections": {
          "defaultValue": {},
          "type": "Object"
        },
        "$authentication": {
          "defaultValue": {},
          "type": "SecureObject"
        },
        "SiteAddress(CL365) (hr365_SiteAddressCL365)": {
          "defaultValue": "https://xzm41.sharepoint.com/sites/CLM365_03Dec2025",
          "type": "String",
          "metadata": {
            "schemaName": "hr365_SiteAddressCL365"
          }
        }
      },
      "triggers": {
        "Get_list_call": {
          "recurrence": {
            "interval": 1,
            "frequency": "Minute"
          },
          "splitOn": "@triggerOutputs()?['body/value']",
          "metadata": {
            "operationMetadataId": "61a100a8-6f06-4678-8359-db4fd926c20f"
          },
          "type": "OpenApiConnection",
          "inputs": {
            "host": {
              "connectionName": "shared_sharepointonline_3",
              "operationId": "GetOnUpdatedItems",
              "apiId": "/providers/Microsoft.PowerApps/apis/shared_sharepointonline"
            },
            "parameters": {
              "dataset": "@parameters('SiteAddress(CL365) (hr365_SiteAddressCL365)')",
              "table": "CLM365Contract"
            },
            "authentication": "@parameters('$authentication')"
          }
        }
      },
      "actions": {
        "Item_Id": {
          "runAfter": {},
          "metadata": {
            "operationMetadataId": "f1bffed3-e0a4-43fe-9b96-ce607b5bfc18"
          },
          "type": "InitializeVariable",
          "inputs": {
            "variables": [
              {
                "name": "ItemID",
                "type": "string",
                "value": "@{triggerOutputs()?['body/ID']}"
              }
            ]
          }
        },
        "Site_Address": {
          "runAfter": {
            "Item_Id": [
              "Succeeded"
            ]
          },
          "metadata": {
            "operationMetadataId": "613c36c2-071b-4f21-9eca-2f41849d9c4c"
          },
          "type": "InitializeVariable",
          "inputs": {
            "variables": [
              {
                "name": "SiteAddress",
                "type": "string",
                "value": "@parameters('SiteAddress(CL365) (hr365_SiteAddressCL365)')"
              }
            ]
          }
        },
        "Initialize_variable": {
          "runAfter": {
            "Site_Address": [
              "Succeeded"
            ]
          },
          "metadata": {
            "operationMetadataId": "3e2806e2-6b14-4a7d-aae6-ca6f575f8a0f"
          },
          "type": "InitializeVariable",
          "inputs": {
            "variables": [
              {
                "name": "AllTaskApproversArray",
                "type": "array"
              }
            ]
          }
        },
        "ContributeID": {
          "runAfter": {
            "Get_Contribute_call": [
              "Succeeded"
            ]
          },
          "metadata": {
            "operationMetadataId": "932effb6-d84b-4bc5-b1a1-9d1f66589aff"
          },
          "type": "InitializeVariable",
          "inputs": {
            "variables": [
              {
                "name": "ContributeID",
                "type": "string",
                "value": "@{body('Get_Contribute_call')['d']['Id']}"
              }
            ]
          }
        },
        "App_Admins": {
          "runAfter": {
            "Initialize_variable_3": [
              "Succeeded"
            ]
          },
          "metadata": {
            "operationMetadataId": "a51e368b-11f4-4e0a-8e87-07203a1cd189"
          },
          "type": "InitializeVariable",
          "inputs": {
            "variables": [
              {
                "name": "AppAdmins",
                "type": "array"
              }
            ]
          }
        },
        "Get_App_Users": {
          "runAfter": {
            "UserGroup": [
              "Succeeded"
            ]
          },
          "metadata": {
            "operationMetadataId": "4abb95e9-f497-46a0-9c1f-09d23660ef2a"
          },
          "type": "OpenApiConnection",
          "inputs": {
            "host": {
              "connectionName": "shared_sharepointonline_3",
              "operationId": "HttpRequest",
              "apiId": "/providers/Microsoft.PowerApps/apis/shared_sharepointonline"
            },
            "parameters": {
              "dataset": "@variables('SiteAddress')",
              "parameters/method": "GET",
              "parameters/uri": "_api/web/lists/getbytitle('CLM365Users')/items?$select=*&$filter=UserStatus eq 'Active' and Role eq 'Admin'",
              "parameters/headers": {
                "Accept": "application/json;odata=verbose",
                "Content-Type": "application/json"
              }
            },
            "authentication": "@parameters('$authentication')"
          }
        },
        "Get_Contribute_call": {
          "runAfter": {
            "Contract_Type_Permissions": [
              "Succeeded"
            ]
          },
          "metadata": {
            "operationMetadataId": "bf3c9faa-6e19-4d04-9b91-cfb1db8edf04"
          },
          "type": "OpenApiConnection",
          "inputs": {
            "host": {
              "connectionName": "shared_sharepointonline_3",
              "operationId": "HttpRequest",
              "apiId": "/providers/Microsoft.PowerApps/apis/shared_sharepointonline"
            },
            "parameters": {
              "dataset": "@variables('SiteAddress')",
              "parameters/method": "GET",
              "parameters/uri": "/_api/web/roledefinitions/getbyname('Contribute')"
            },
            "authentication": "@parameters('$authentication')"
          }
        },
        "Initialize_variable_2": {
          "runAfter": {
            "Initialize_variable": [
              "Succeeded"
            ]
          },
          "metadata": {
            "operationMetadataId": "f0228e6f-2315-45a3-b5da-de9c9d3cceae"
          },
          "type": "InitializeVariable",
          "inputs": {
            "variables": [
              {
                "name": "ShareWithOthersArray",
                "type": "array"
              }
            ]
          }
        },
        "Initialize_variable_3": {
          "runAfter": {
            "Initialize_variable_2": [
              "Succeeded"
            ]
          },
          "metadata": {
            "operationMetadataId": "cadb0397-0997-4605-abc9-309fc6b2f418"
          },
          "type": "InitializeVariable",
          "inputs": {
            "variables": [
              {
                "name": "AllUserForPermission",
                "type": "array"
              }
            ]
          }
        },
        "App_Admin_Permission": {
          "runAfter": {
            "App_Admins": [
              "Succeeded"
            ]
          },
          "metadata": {
            "operationMetadataId": "ce283ed5-250a-4d9e-9bb3-632791e46cc4"
          },
          "type": "InitializeVariable",
          "inputs": {
            "variables": [
              {
                "name": "AppAdminPermission",
                "type": "array"
              }
            ]
          }
        },
        "Get_Contract_Type": {
          "runAfter": {
            "ContractTypeGUID": [
              "Succeeded"
            ]
          },
          "metadata": {
            "operationMetadataId": "4abb95e9-f497-46a0-9c1f-09d23660ef2a"
          },
          "type": "OpenApiConnection",
          "inputs": {
            "host": {
              "connectionName": "shared_sharepointonline_3",
              "operationId": "HttpRequest",
              "apiId": "/providers/Microsoft.PowerApps/apis/shared_sharepointonline"
            },
            "parameters": {
              "dataset": "@variables('SiteAddress')",
              "parameters/method": "GET",
              "parameters/uri": "_api/web/lists/getbytitle('CLM365Contract_Type')/items?$select=ID,Guid_ID,ContractName,UserGroup,BusinessUser/ID,BusinessUser/Title,LegalUser/ID,LegalUser/Title&$expand=BusinessUser,LegalUser&$filter=Guid_ID eq '@{outputs('ContractTypeGUID')}'",
              "parameters/headers": {
                "Accept": "application/json;odata=verbose",
                "Content-Type": "application/json"
              }
            },
            "authentication": "@parameters('$authentication')"
          }
        },
        "ContractTypeGUID": {
          "runAfter": {
            "Apply_to_each_User": [
              "Succeeded"
            ]
          },
          "metadata": {
            "operationMetadataId": "eaca0103-40b2-42b4-a413-309ea6786d69"
          },
          "type": "Compose",
          "inputs": "@split(coalesce(triggerOutputs()?['body/Contract_Type'], ''), '|')[1]"
        },
        "BusinessUser": {
          "runAfter": {
            "Get_Contract_Type": [
              "Succeeded"
            ]
          },
          "metadata": {
            "operationMetadataId": "6f51337f-cf7b-4b6a-aa08-d3bee5b98dfc"
          },
          "type": "Compose",
          "inputs": "@coalesce(\r\n    body('Get_Contract_Type')?['d']?['results'][0]?['BusinessUser']?['results'],\r\n    json('[]')\r\n)"
        },
        "LegalUser": {
          "runAfter": {
            "BusinessUser": [
              "Succeeded"
            ]
          },
          "metadata": {
            "operationMetadataId": "a219029b-c20d-46b2-a8e3-3b5c02889aa5"
          },
          "type": "Compose",
          "inputs": "@coalesce(\r\n    body('Get_Contract_Type')?['d']?['results'][0]?['LegalUser']?['results'],\r\n    json('[]')\r\n)"
        },
        "Apply_to_each_User": {
          "foreach": "@body('Get_App_Users')['d']['results']",
          "actions": {
            "Append_to_array_variable": {
              "runAfter": {},
              "metadata": {
                "operationMetadataId": "de7bf3d5-59e5-40e3-8a95-d2dfa040435b"
              },
              "type": "AppendToArrayVariable",
              "inputs": {
                "name": "AppAdmins",
                "value": "@items('Apply_to_each_User')['email']"
              }
            },
            "Append_to_array_variable_5": {
              "runAfter": {
                "Append_to_array_variable": [
                  "Succeeded"
                ]
              },
              "metadata": {
                "operationMetadataId": "504987fb-f929-4140-b56e-1d2892b98571"
              },
              "type": "AppendToArrayVariable",
              "inputs": {
                "name": "AppAdminPermission",
                "value": {
                  "key": "Admin",
                  "Id": "@items('Apply_to_each_User')?['SPUserId']"
                }
              }
            }
          },
          "runAfter": {
            "Get_App_Users": [
              "Succeeded"
            ]
          },
          "metadata": {
            "operationMetadataId": "496e1ab2-032d-46a0-b072-d9212b3d4999"
          },
          "type": "Foreach"
        },
        "UserGroupArray": {
          "runAfter": {
            "LegalUser": [
              "Succeeded"
            ]
          },
          "metadata": {
            "operationMetadataId": "6ce9f1ea-7a3c-4b0d-a4f7-7e0e4c8dfcbf"
          },
          "type": "Compose",
          "inputs": "@if(\r\n    or(\r\n        equals(body('Get_Contract_Type')?['d']?['results'][0]?['UserGroup'], null),\r\n        equals(body('Get_Contract_Type')?['d']?['results'][0]?['UserGroup'], '')\r\n    ),\r\n    json('[]'),\r\n    json(body('Get_Contract_Type')?['d']?['results'][0]?['UserGroup'])\r\n)\r\n"
        },
        "User_Group": {
          "foreach": "@outputs('UserGroupArray')",
          "actions": {
            "Get_Group_ID": {
              "runAfter": {},
              "metadata": {
                "operationMetadataId": "4a2c81fd-bc70-4b59-948e-13c6be60692f"
              },
              "type": "OpenApiConnection",
              "inputs": {
                "host": {
                  "connectionName": "shared_sharepointonline_3",
                  "operationId": "HttpRequest",
                  "apiId": "/providers/Microsoft.PowerApps/apis/shared_sharepointonline"
                },
                "parameters": {
                  "dataset": "@variables('SiteAddress')",
                  "parameters/method": "GET",
                  "parameters/uri": "_api/web/sitegroups/getbyname('@{items('User_Group')?['key']}')"
                },
                "authentication": "@parameters('$authentication')"
              }
            },
            "Group_ID_Exist": {
              "actions": {
                "Append_to_user_group": {
                  "runAfter": {},
                  "metadata": {
                    "operationMetadataId": "6eff8650-1081-4c73-8cb8-b9cac987f5f6"
                  },
                  "type": "AppendToArrayVariable",
                  "inputs": {
                    "name": "UserGroup",
                    "value": {
                      "key": "@body('Get_Group_ID')?['d']?['Title']",
                      "ID": "@body('Get_Group_ID')?['d']?['Id']"
                    }
                  }
                }
              },
              "runAfter": {
                "Get_Group_ID": [
                  "Succeeded"
                ]
              },
              "expression": {
                "not": {
                  "equals": [
                    "@body('Get_Group_ID')?['d']?['Id']",
                    null
                  ]
                }
              },
              "metadata": {
                "operationMetadataId": "08687811-8fa0-40d4-a310-0064b7191a06"
              },
              "type": "If"
            }
          },
          "runAfter": {
            "UserGroupArray": [
              "Succeeded"
            ]
          },
          "metadata": {
            "operationMetadataId": "a8796a4d-4c6f-450a-94e9-beb06c4dc21f"
          },
          "type": "Foreach"
        },
        "UserGroup": {
          "runAfter": {
            "App_Admin_Permission": [
              "Succeeded"
            ]
          },
          "metadata": {
            "operationMetadataId": "afb148bd-c111-4b2b-96ed-0e3b02d1761f"
          },
          "type": "InitializeVariable",
          "inputs": {
            "variables": [
              {
                "name": "UserGroup",
                "type": "array",
                "value": []
              }
            ]
          }
        },
        "Contract_Type_Permissions": {
          "runAfter": {
            "User_Group": [
              "Succeeded"
            ]
          },
          "metadata": {
            "operationMetadataId": "e5916b08-8b02-413b-9092-fc801470d4f1"
          },
          "type": "Compose",
          "inputs": "@union(variables('UserGroup'), outputs('LegalUser'), outputs('BusinessUser'))"
        },
        "Scope_Try_Permission_Call": {
          "actions": {
            "Get_Item_Permission_call": {
              "runAfter": {},
              "metadata": {
                "operationMetadataId": "f8f27949-53ba-4835-94d8-35fa5b284d01"
              },
              "type": "OpenApiConnection",
              "inputs": {
                "host": {
                  "connectionName": "shared_sharepointonline_3",
                  "operationId": "HttpRequest",
                  "apiId": "/providers/Microsoft.PowerApps/apis/shared_sharepointonline"
                },
                "parameters": {
                  "dataset": "@variables('SiteAddress')",
                  "parameters/method": "GET",
                  "parameters/uri": "_api/web/lists/getbytitle('CLM365Contract')/items?$select=ID,AllTaskApprovers/ID,Legal_User/ID,Contract_Owner/ID,Author/ID,Share_With_Others/ID&$expand=AllTaskApprovers,Legal_User,Contract_Owner,Author,Share_With_Others&$filter=ID eq @{triggerOutputs()?['body/ID']}'"
                },
                "authentication": "@parameters('$authentication')"
              }
            },
            "Compose": {
              "runAfter": {
                "Current_User_Details": [
                  "Succeeded"
                ]
              },
              "metadata": {
                "operationMetadataId": "7580d64f-dcac-40e4-a0a5-f86de58c580b"
              },
              "type": "Compose",
              "inputs": "@body('Get_Item_Permission_call')"
            },
            "Send_an_HTTP_request_to_SharePoint": {
              "runAfter": {
                "Compose": [
                  "Succeeded"
                ]
              },
              "metadata": {
                "operationMetadataId": "b1a545ab-48d8-41f7-b156-cce0d4c3be8a"
              },
              "type": "OpenApiConnection",
              "inputs": {
                "host": {
                  "connectionName": "shared_sharepointonline_3",
                  "operationId": "HttpRequest",
                  "apiId": "/providers/Microsoft.PowerApps/apis/shared_sharepointonline"
                },
                "parameters": {
                  "dataset": "@variables('SiteAddress')",
                  "parameters/method": "POST",
                  "parameters/uri": "_api/lists/getByTitle('CLM365Contract')/items(@{triggerOutputs()?['body/ID']})/breakroleinheritance(copyRoleAssignments=false,clearSubscopes=true)"
                },
                "authentication": "@parameters('$authentication')"
              }
            },
            "Apply_to_each": {
              "foreach": "@variables('AllUserForPermission')",
              "actions": {
                "Scope_Try_ForEach": {
                  "actions": {
                    "Send_an_HTTP_request_to_SharePoint_CLM365Contract": {
                      "runAfter": {},
                      "metadata": {
                        "operationMetadataId": "b5a87f01-c7c0-4c1f-a0ae-157579c6f4a0"
                      },
                      "type": "OpenApiConnection",
                      "inputs": {
                        "host": {
                          "connectionName": "shared_sharepointonline_3",
                          "operationId": "HttpRequest",
                          "apiId": "/providers/Microsoft.PowerApps/apis/shared_sharepointonline"
                        },
                        "parameters": {
                          "dataset": "@variables('SiteAddress')",
                          "parameters/method": "POST",
                          "parameters/uri": "_api/lists/getByTitle('CLM365Contract')/items(@{triggerOutputs()?['body/ID']})/roleassignments/addroleassignment(principalid=@{items('Apply_to_each')?['Id']},roledefid=1073741827)"
                        },
                        "authentication": "@parameters('$authentication')"
                      }
                    }
                  },
                  "runAfter": {},
                  "metadata": {
                    "operationMetadataId": "028f88eb-7be9-4021-b193-1d98bc33133c"
                  },
                  "type": "Scope"
                },
                "Scope_Catch_ForEach": {
                  "actions": {
                    "Send_an_emails_for_admins": {
                      "runAfter": {},
                      "metadata": {
                        "operationMetadataId": "4aabb221-1a75-458f-89c7-d4cc8ea0ca6a"
                      },
                      "type": "OpenApiConnection",
                      "inputs": {
                        "host": {
                          "connectionName": "shared_office365",
                          "operationId": "SendEmailV2",
                          "apiId": "/providers/Microsoft.PowerApps/apis/shared_office365"
                        },
                        "parameters": {
                          "emailMessage/To": "@join(variables('AppAdmins'), ', ')",
                          "emailMessage/Subject": "Something went wrong",
                          "emailMessage/Body": "<p>An error occurred in HR365 - CLM Contract Item Permission</p>",
                          "emailMessage/Importance": "Normal"
                        },
                        "authentication": "@parameters('$authentication')"
                      }
                    }
                  },
                  "runAfter": {
                    "Scope_Try_ForEach": [
                      "Failed",
                      "TimedOut"
                    ]
                  },
                  "metadata": {
                    "operationMetadataId": "0610e250-86d5-4d9d-baa2-d9b679f1b988"
                  },
                  "type": "Scope"
                }
              },
              "runAfter": {
                "Set_variable_3": [
                  "Succeeded"
                ]
              },
              "metadata": {
                "operationMetadataId": "d4fe34a4-3082-4b6b-acf4-3c2e83af0b89"
              },
              "type": "Foreach"
            },
            "Append_to_array_variable_2": {
              "runAfter": {
                "Set_variable_2": [
                  "Succeeded"
                ]
              },
              "metadata": {
                "operationMetadataId": "49adb413-8cc4-4728-be41-6de2ce02759a"
              },
              "type": "AppendToArrayVariable",
              "inputs": {
                "name": "AllTaskApproversArray",
                "value": {
                  "key": "Contract Owner",
                  "Id": "@outputs('Get_Item_Permission_call')?['body']?['d']?['results']?[0]?['Contract_Owner']?['ID']"
                }
              }
            },
            "Append_to_array_variable_3": {
              "runAfter": {
                "Append_to_array_variable_2": [
                  "Succeeded"
                ]
              },
              "metadata": {
                "operationMetadataId": "f78f1f0f-e37f-44b5-b494-9497ee98eb80"
              },
              "type": "AppendToArrayVariable",
              "inputs": {
                "name": "AllTaskApproversArray",
                "value": {
                  "key": "Requester",
                  "Id": "@outputs('Get_Item_Permission_call')?['body']?['d']?['results']?[0]?['Author']?['ID']"
                }
              }
            },
            "Set_variable": {
              "runAfter": {
                "Send_an_HTTP_request_to_SharePoint": [
                  "Succeeded"
                ]
              },
              "metadata": {
                "operationMetadataId": "96711525-5cb7-4c61-8ed2-f589171d58ca"
              },
              "type": "SetVariable",
              "inputs": {
                "name": "ShareWithOthersArray",
                "value": "@coalesce(outputs('Get_Item_Permission_call')?['body']?['d']?['results']?[0]?['Share_With_Others']?['results'], json('[]'))"
              }
            },
            "Set_variable_2": {
              "runAfter": {
                "Set_variable": [
                  "Succeeded"
                ]
              },
              "metadata": {
                "operationMetadataId": "9d452631-a91c-4712-b90e-8b6b020f39dc"
              },
              "type": "SetVariable",
              "inputs": {
                "name": "AllTaskApproversArray",
                "value": "@coalesce(outputs('Get_Item_Permission_call')?['body']?['d']?['results']?[0]?['AllTaskApprovers']?['results'], json('[]'))"
              }
            },
            "Set_variable_3": {
              "runAfter": {
                "Add_Manager_Permission": [
                  "Succeeded"
                ]
              },
              "metadata": {
                "operationMetadataId": "3f99dc47-dea5-4806-89be-2bb7ffb96606"
              },
              "type": "SetVariable",
              "inputs": {
                "name": "AllUserForPermission",
                "value": "@union(variables('ShareWithOthersArray'), variables('AllTaskApproversArray'), variables('AppAdminPermission'),outputs('Contract_Type_Permissions'))"
              }
            },
            "Current_User_Details": {
              "runAfter": {
                "Get_App_User": [
                  "Succeeded"
                ]
              },
              "metadata": {
                "operationMetadataId": "cb46e1e5-49a9-402d-b5fc-b4ca9d09846d"
              },
              "type": "Query",
              "inputs": {
                "from": "@body('Get_App_User')?['d']?['results']",
                "where": "@equals(item()?['SPUser']?['ID'], outputs('Get_Item_Permission_call')?['body']?['d']?['results']?[0]?['Author']?['ID'])"
              }
            },
            "Get_App_User": {
              "runAfter": {
                "Get_Item_Permission_call": [
                  "Succeeded"
                ]
              },
              "metadata": {
                "operationMetadataId": "afc7b457-260a-4055-8139-f2ca945a0613"
              },
              "type": "OpenApiConnection",
              "inputs": {
                "host": {
                  "connectionName": "shared_sharepointonline_3",
                  "operationId": "HttpRequest",
                  "apiId": "/providers/Microsoft.PowerApps/apis/shared_sharepointonline"
                },
                "parameters": {
                  "dataset": "@variables('SiteAddress')",
                  "parameters/method": "GET",
                  "parameters/uri": "_api/web/lists/getbytitle('CLM365Users')/items?$select=ID,SPUser/ID,Manager/ID&$expand=SPUser,Manager"
                },
                "authentication": "@parameters('$authentication')"
              }
            },
            "Add_Manager_Permission": {
              "actions": {
                "Append_to_array_variable_4": {
                  "runAfter": {},
                  "metadata": {
                    "operationMetadataId": "5b3e5f0a-53d7-4110-8f81-4af4395b2263"
                  },
                  "type": "AppendToArrayVariable",
                  "inputs": {
                    "name": "AllTaskApproversArray",
                    "value": {
                      "key": "Manager",
                      "Id": "@body('Current_User_Details')?[0]?['Manager']?['ID']"
                    }
                  }
                }
              },
              "runAfter": {
                "Append_to_array_variable_3": [
                  "Succeeded"
                ]
              },
              "expression": {
                "and": [
                  {
                    "greater": [
                      "@length(body('Current_User_Details'))",
                      0
                    ]
                  },
                  {
                    "not": {
                      "equals": [
                        "@body('Current_User_Details')?[0]?['Manager']",
                        null
                      ]
                    }
                  },
                  {
                    "not": {
                      "equals": [
                        "@body('Current_User_Details')?[0]?['Manager']",
                        "@null"
                      ]
                    }
                  },
                  {
                    "not": {
                      "equals": [
                        "@body('Current_User_Details')?[0]?['Manager']?['ID']",
                        "@null"
                      ]
                    }
                  }
                ]
              },
              "metadata": {
                "operationMetadataId": "ebfdf3ec-455c-4537-b10f-3e666d025388"
              },
              "type": "If"
            }
          },
          "runAfter": {
            "ContributeID": [
              "Succeeded"
            ]
          },
          "metadata": {
            "operationMetadataId": "8915ef08-4aac-41af-a46e-4175b1460418"
          },
          "type": "Scope"
        },
        "Scope_Catch_Permission_Call": {
          "actions": {
            "Send_an_email_to_admins": {
              "runAfter": {},
              "metadata": {
                "operationMetadataId": "b71ec16e-2237-44cc-a85f-8ecfa41f4ba2"
              },
              "type": "OpenApiConnection",
              "inputs": {
                "host": {
                  "connectionName": "shared_office365",
                  "operationId": "SendEmailV2",
                  "apiId": "/providers/Microsoft.PowerApps/apis/shared_office365"
                },
                "parameters": {
                  "emailMessage/To": "@join(variables('AppAdmins'),', ')",
                  "emailMessage/Subject": "Something went wrong",
                  "emailMessage/Body": "<p>An error occurred in HR365 - CLM Contract Item Permission</p>",
                  "emailMessage/Importance": "Normal"
                },
                "authentication": "@parameters('$authentication')"
              }
            }
          },
          "runAfter": {
            "Scope_Try_Permission_Call": [
              "Failed",
              "Skipped",
              "TimedOut"
            ]
          },
          "metadata": {
            "operationMetadataId": "a6b5e39c-c805-437a-a155-fe65047401ab"
          },
          "type": "Scope"
        }
      }
    },
    "templateName": ""
  },
  "schemaVersion": "1.0.0.0"
}