{
  "properties": {
    "connectionReferences": {
      "shared_sharepointonline": {
        "runtimeSource": "embedded",
        "connection": {
          "connectionReferenceLogicalName": "hr365_sharedsharepointonline_10231"
        },
        "api": {
          "name": "shared_sharepointonline"
        }
      }
    },
    "definition": {
      "$schema": "https://schema.management.azure.com/providers/Microsoft.Logic/schemas/2016-06-01/workflowdefinition.json#",
      "contentVersion": "undefined",
      "parameters": {
        "$connections": {
          "defaultValue": {},
          "type": "Object"
        },
        "$authentication": {
          "defaultValue": {},
          "type": "SecureObject"
        }
      },
      "triggers": {
        "Recurrence": {
          "recurrence": {
            "frequency": "Hour",
            "interval": 1,
            "startTime": "2024-12-27T11:00:00Z"
          },
          "evaluatedRecurrence": {
            "frequency": "Hour",
            "interval": 1,
            "startTime": "2024-12-27T11:00:00Z"
          },
          "metadata": {
            "operationMetadataId": "841f9cac-4b3e-41a6-ab98-6cf8785f14f8"
          },
          "type": "Recurrence"
        }
      },
      "actions": {
        "SiteURL": {
          "runAfter": {},
          "metadata": {
            "operationMetadataId": "09b7435c-1c73-49a2-8f55-54a195aeaea1"
          },
          "type": "InitializeVariable",
          "inputs": {
            "variables": [
              {
                "name": "SiteURL",
                "type": "string",
                "value": "https://xzm41.sharepoint.com/sites/mt365"
              }
            ]
          }
        },
        "Get_Settings_Data": {
          "runAfter": {
            "DecryptSenderID": [
              "Succeeded"
            ]
          },
          "metadata": {
            "operationMetadataId": "9b0f3471-b559-43b4-8a9a-6ad34d00dcfe"
          },
          "type": "OpenApiConnection",
          "inputs": {
            "host": {
              "connectionName": "shared_sharepointonline",
              "operationId": "GetItems",
              "apiId": "/providers/Microsoft.PowerApps/apis/shared_sharepointonline"
            },
            "parameters": {
              "dataset": "@variables('SiteURL')",
              "table": "HR365MTSettings",
              "$orderby": "Id asc",
              "$top": 1
            },
            "authentication": "@parameters('$authentication')"
          }
        },
        "PluginSyncedDate": {
          "runAfter": {
            "Site_Name": [
              "Succeeded"
            ]
          },
          "metadata": {
            "operationMetadataId": "00713c43-b8cc-4039-b0eb-4dd72e5d97b4"
          },
          "type": "InitializeVariable",
          "inputs": {
            "variables": [
              {
                "name": "PluginSyncedDate",
                "type": "string"
              }
            ]
          }
        },
        "Set_variable": {
          "runAfter": {
            "Clicked_Link_Data": [
              "Succeeded"
            ]
          },
          "metadata": {
            "operationMetadataId": "be68ad4d-5b16-4bcb-80e5-536f82c0665b"
          },
          "type": "SetVariable",
          "inputs": {
            "name": "PluginSyncedDate",
            "value": "@{trim(outputs('Get_Settings_Data')['body/value'][0]['PluginSyncedDate'])}"
          }
        },
        "HTTP": {
          "runAfter": {
            "Set_variable": [
              "Succeeded"
            ]
          },
          "metadata": {
            "operationMetadataId": "ee97fdcd-dfa6-4edd-b800-60a65ff0ec14"
          },
          "type": "Http",
          "inputs": {
            "method": "GET",
            "uri": "https://mt.msapps365.com/api/v1/tickets?date=@{variables('PluginSyncedDate')}&tenantName=@{variables('TenantName')}&siteName=@{variables('SiteName')}"
          }
        },
        "Apply_to_each": {
          "foreach": "@body('HTTP')['tickets']",
          "actions": {
            "Compose": {
              "runAfter": {},
              "metadata": {
                "operationMetadataId": "40a1edfc-2b13-4a65-a67c-5451cdea178d"
              },
              "type": "Compose",
              "inputs": "@items('Apply_to_each')?['emailUniqueId']"
            },
            "Get_Email_Data": {
              "runAfter": {
                "Compose": [
                  "Succeeded"
                ]
              },
              "metadata": {
                "operationMetadataId": "b5b42682-7aeb-47f3-85a8-88ea6f3a2209"
              },
              "type": "OpenApiConnection",
              "inputs": {
                "host": {
                  "connectionName": "shared_sharepointonline",
                  "operationId": "GetItems",
                  "apiId": "/providers/Microsoft.PowerApps/apis/shared_sharepointonline"
                },
                "parameters": {
                  "dataset": "@variables('SiteURL')",
                  "table": "HR365MTEmails",
                  "$filter": "EmailUniqueID eq '@{items('Apply_to_each')?['emailUniqueId']}'"
                },
                "authentication": "@parameters('$authentication')"
              }
            },
            "Check_Body_Exists": {
              "actions": {
                "Set_DecryptSenderID_without_encrypt_2": {
                  "runAfter": {
                    "Set_DecryptSenderID_without_encrypt_using_compose_2": [
                      "Failed",
                      "TimedOut"
                    ]
                  },
                  "metadata": {
                    "operationMetadataId": "287399ce-4177-4422-9314-1e22154805c2"
                  },
                  "type": "SetVariable",
                  "inputs": {
                    "name": "DecryptSenderID",
                    "value": "@{decodeBase64(items('Apply_to_each')['senderId'])}"
                  }
                },
                "Create_new_item_in_the_list": {
                  "runAfter": {
                    "Set_DecryptUserID_without_Encrypt_2": [
                      "Succeeded",
                      "Skipped"
                    ]
                  },
                  "metadata": {
                    "operationMetadataId": "fd0f578d-d32e-48b6-be95-17405049dba2"
                  },
                  "type": "OpenApiConnection",
                  "inputs": {
                    "host": {
                      "connectionName": "shared_sharepointonline",
                      "operationId": "HttpRequest",
                      "apiId": "/providers/Microsoft.PowerApps/apis/shared_sharepointonline"
                    },
                    "parameters": {
                      "dataset": "@variables('SiteURL')",
                      "parameters/method": "POST",
                      "parameters/uri": "_api/web/lists/getbytitle('HR365MTEmails')/items",
                      "parameters/headers": {
                        "Accept": "application/json;odata=nometadata",
                        "Content-Type": "application/json;odata=nometadata",
                        "odata-version": "*"
                      },
                      "parameters/body": "    {\nTitle:\"@{items('Apply_to_each')['emailUniqueId']}\",\n    EmailUniqueID:\"@{items('Apply_to_each')['emailUniqueId']}\",\n    Subject: \"\",\n    toWho:\"@{variables('DecryptUserID')}\",\n    ByWho:\"@{variables('DecryptSenderID')}\",\n    Body: \"\",\nOpenedEmails:\"0\"\n}"
                    },
                    "authentication": "@parameters('$authentication')"
                  }
                },
                "Set_DecryptUserID_without_Encrypt_2": {
                  "runAfter": {
                    "Set_DecryptUserID_without_encrypt_using_compose__2": [
                      "Failed",
                      "TimedOut"
                    ]
                  },
                  "metadata": {
                    "operationMetadataId": "bb0971df-5be8-4246-9744-60ca19625ff7"
                  },
                  "type": "SetVariable",
                  "inputs": {
                    "name": "DecryptUserID",
                    "value": "@{items('Apply_to_each')['userId']}"
                  }
                },
                "Set_DecryptUserID_without_encrypt_using_compose__2": {
                  "actions": {
                    "Compose_5": {
                      "runAfter": {},
                      "metadata": {
                        "operationMetadataId": "f29925f1-9a2a-4c28-a136-d79cd6e4a65b"
                      },
                      "type": "Compose",
                      "inputs": "@decodeBase64(items('Apply_to_each')['userId'])"
                    },
                    "Set_DecryptUserID_3": {
                      "runAfter": {
                        "Compose_5": [
                          "Succeeded"
                        ]
                      },
                      "metadata": {
                        "operationMetadataId": "bb0971df-5be8-4246-9744-60ca19625ff7"
                      },
                      "type": "SetVariable",
                      "inputs": {
                        "name": "DecryptUserID",
                        "value": "@{outputs('Compose_5')}"
                      }
                    }
                  },
                  "runAfter": {
                    "Set_DecryptSenderID_without_encrypt_2": [
                      "Succeeded",
                      "Skipped"
                    ]
                  },
                  "metadata": {
                    "operationMetadataId": "ef5977a5-e1e6-4936-bd82-a2cbda6d0390"
                  },
                  "type": "Scope"
                },
                "Set_DecryptSenderID_without_encrypt_using_compose_2": {
                  "actions": {
                    "Set_DecryptSenderID_3": {
                      "runAfter": {
                        "Compose_6": [
                          "Succeeded"
                        ]
                      },
                      "metadata": {
                        "operationMetadataId": "287399ce-4177-4422-9314-1e22154805c2"
                      },
                      "type": "SetVariable",
                      "inputs": {
                        "name": "DecryptSenderID",
                        "value": "@{outputs('Compose_6')}"
                      }
                    },
                    "Compose_6": {
                      "runAfter": {},
                      "metadata": {
                        "operationMetadataId": "f29925f1-9a2a-4c28-a136-d79cd6e4a65b"
                      },
                      "type": "Compose",
                      "inputs": "@decodeBase64(items('Apply_to_each')['senderId'])"
                    }
                  },
                  "runAfter": {},
                  "metadata": {
                    "operationMetadataId": "aa52602d-e00d-4990-8464-0a386f1ddb34"
                  },
                  "type": "Scope"
                }
              },
              "runAfter": {
                "Get_Email_Data": [
                  "Succeeded"
                ]
              },
              "else": {
                "actions": {
                  "Check_Read_Emails_Data_": {
                    "actions": {
                      "Set_Read_Emails_Data_Empty": {
                        "runAfter": {},
                        "metadata": {
                          "operationMetadataId": "89493272-6baf-4de8-a781-72bb83c32a56"
                        },
                        "type": "SetVariable",
                        "inputs": {
                          "name": "ReadEmailsData",
                          "value": []
                        }
                      }
                    },
                    "runAfter": {},
                    "else": {
                      "actions": {
                        "Set_Read_Emails_Data": {
                          "runAfter": {},
                          "metadata": {
                            "operationMetadataId": "f322de9e-15fe-4983-b902-fe282b651150"
                          },
                          "type": "SetVariable",
                          "inputs": {
                            "name": "ReadEmailsData",
                            "value": "@json(outputs('Get_Email_Data')?['body/value']?[0]?['ReadEmailsData'])"
                          }
                        }
                      }
                    },
                    "expression": {
                      "or": [
                        {
                          "equals": [
                            "@outputs('Get_Email_Data')?['body/value']?[0]?['ReadEmailsData']",
                            ""
                          ]
                        },
                        {
                          "equals": [
                            "@outputs('Get_Email_Data')?['body/value']?[0]?['ReadEmailsData']",
                            "@null"
                          ]
                        }
                      ]
                    },
                    "metadata": {
                      "operationMetadataId": "0c6f0752-3536-44fb-ab7b-abb66ddf6411"
                    },
                    "type": "If"
                  },
                  "Compose_2": {
                    "runAfter": {
                      "Check_Read_Emails_Data_": [
                        "Succeeded"
                      ]
                    },
                    "metadata": {
                      "operationMetadataId": "d81c5ee4-db30-4690-af87-83ec22570f91"
                    },
                    "type": "Compose",
                    "inputs": "@items('Apply_to_each')"
                  },
                  "Set_DecryptUniqueID": {
                    "runAfter": {
                      "Compose_2": [
                        "Succeeded"
                      ]
                    },
                    "metadata": {
                      "operationMetadataId": "ef68bd1a-ea1d-4066-ad33-a9f5d6c5ecc1"
                    },
                    "type": "SetVariable",
                    "inputs": {
                      "name": "DecryptUniqueID",
                      "value": "@{items('Apply_to_each')['emailUniqueId']}"
                    }
                  },
                  "Set_DecryptUserID_without_Encrypt": {
                    "runAfter": {
                      "Set_DecryptUserID_without_encrypt_using_compose_": [
                        "Failed",
                        "TimedOut"
                      ]
                    },
                    "metadata": {
                      "operationMetadataId": "bb0971df-5be8-4246-9744-60ca19625ff7"
                    },
                    "type": "SetVariable",
                    "inputs": {
                      "name": "DecryptUserID",
                      "value": "@{items('Apply_to_each')['userId']}"
                    }
                  },
                  "Set_DecryptSenderID_without_encrypt": {
                    "runAfter": {
                      "Set_DecryptSenderID_without_encrypt_using_compose": [
                        "Failed",
                        "TimedOut"
                      ]
                    },
                    "metadata": {
                      "operationMetadataId": "287399ce-4177-4422-9314-1e22154805c2"
                    },
                    "type": "SetVariable",
                    "inputs": {
                      "name": "DecryptSenderID",
                      "value": "@{items('Apply_to_each')['senderId']}"
                    }
                  },
                  "Set_DecryptSenderID_without_encrypt_using_compose": {
                    "actions": {
                      "Set_DecryptSenderID": {
                        "runAfter": {
                          "Compose_3": [
                            "Succeeded"
                          ]
                        },
                        "metadata": {
                          "operationMetadataId": "287399ce-4177-4422-9314-1e22154805c2"
                        },
                        "type": "SetVariable",
                        "inputs": {
                          "name": "DecryptSenderID",
                          "value": "@{outputs('Compose_3')}"
                        }
                      },
                      "Compose_3": {
                        "runAfter": {},
                        "metadata": {
                          "operationMetadataId": "f29925f1-9a2a-4c28-a136-d79cd6e4a65b"
                        },
                        "type": "Compose",
                        "inputs": "@decodeBase64(items('Apply_to_each')['senderId'])"
                      }
                    },
                    "runAfter": {
                      "Set_DecryptUserID_without_Encrypt": [
                        "Skipped",
                        "Succeeded"
                      ]
                    },
                    "metadata": {
                      "operationMetadataId": "e2f88788-5c2f-488a-8569-5dd03b31ed51"
                    },
                    "type": "Scope"
                  },
                  "Set_DecryptUserID_without_encrypt_using_compose_": {
                    "actions": {
                      "Compose_4": {
                        "runAfter": {},
                        "metadata": {
                          "operationMetadataId": "f29925f1-9a2a-4c28-a136-d79cd6e4a65b"
                        },
                        "type": "Compose",
                        "inputs": "@decodeBase64(items('Apply_to_each')['userId'])"
                      },
                      "Set_DecryptUserID": {
                        "runAfter": {
                          "Compose_4": [
                            "Succeeded"
                          ]
                        },
                        "metadata": {
                          "operationMetadataId": "bb0971df-5be8-4246-9744-60ca19625ff7"
                        },
                        "type": "SetVariable",
                        "inputs": {
                          "name": "DecryptUserID",
                          "value": "@{outputs('Compose_4')}"
                        }
                      }
                    },
                    "runAfter": {
                      "Set_DecryptUniqueID": [
                        "Succeeded",
                        "Skipped"
                      ]
                    },
                    "metadata": {
                      "operationMetadataId": "eec4dfa1-654b-4d03-8aff-8c5c0d905479"
                    },
                    "type": "Scope"
                  },
                  "Filter_array": {
                    "runAfter": {
                      "Set_DecryptSenderID_without_encrypt": [
                        "Succeeded",
                        "Skipped"
                      ]
                    },
                    "metadata": {
                      "operationMetadataId": "2d2a9343-a03b-4692-98ea-62432857aa92"
                    },
                    "type": "Query",
                    "inputs": {
                      "from": "@variables('ReadEmailsData')",
                      "where": "@equals(item()?['id'], items('Apply_to_each')?['id'])"
                    }
                  },
                  "Condition": {
                    "actions": {
                      "Append_Read_Emails_Data": {
                        "runAfter": {},
                        "metadata": {
                          "operationMetadataId": "ae2eb0f1-9250-4cca-b953-68a8aaba58fb"
                        },
                        "type": "AppendToArrayVariable",
                        "inputs": {
                          "name": "ReadEmailsData",
                          "value": "@setProperty(setProperty(setProperty(outputs('Compose_2'), 'emailUniqueId', variables('DecryptUniqueID')), 'userId', variables('DecryptUserID')), 'senderId', variables('DecryptSenderID'))"
                        }
                      },
                      "Update_Read_Emails_Data_in_the_List": {
                        "runAfter": {
                          "Append_Read_Emails_Data": [
                            "Succeeded"
                          ]
                        },
                        "metadata": {
                          "operationMetadataId": "afb65fe8-c271-4467-a274-f738ecc676e0"
                        },
                        "type": "OpenApiConnection",
                        "inputs": {
                          "host": {
                            "connectionName": "shared_sharepointonline",
                            "operationId": "HttpRequest",
                            "apiId": "/providers/Microsoft.PowerApps/apis/shared_sharepointonline"
                          },
                          "parameters": {
                            "dataset": "@variables('SiteURL')",
                            "parameters/method": "POST",
                            "parameters/uri": "_api/web/lists/getbytitle('HR365MTEmails')/items('@{outputs('Get_Email_Data')?['body/value']?[0]?['ID']}')",
                            "parameters/headers": {
                              "Accept": "application/json;odata=nometadata",
                              "Content-type": "application/json;odata=nometadata",
                              "odata-version": "",
                              "IF-MATCH": "*",
                              "X-HTTP-Method": "MERGE"
                            },
                            "parameters/body": "{\nReadEmailsData :'@{string(variables('ReadEmailsData'))}',\nOpenedEmails:'@{if(items('Apply_to_each')?['isRead'],add(int(body('Get_Email_Data')['value']?[0]?['OpenedEmails']), 1),body('Get_Email_Data')['value']?[0]?['OpenedEmails'])}',\nFirstRead:'@{if(contains(outputs('Get_Email_Data')?['body/value'],'FirstRead'),outputs('Get_Email_Data')?['body/value']['FirstRead'],item()?['readAt'])}',\nLastRead:'@{items('Apply_to_each')['readAt']}',\nTitle : '@{items('Apply_to_each')['emailUniqueId']}',\ntoWho : '@{variables('DecryptUserID')}',\nByWho: '@{variables('DecryptSenderID')}',\nEmailUniqueID : '@{items('Apply_to_each')['emailUniqueId']}'\n}"
                          },
                          "authentication": "@parameters('$authentication')"
                        }
                      }
                    },
                    "runAfter": {
                      "Filter_array": [
                        "Succeeded"
                      ]
                    },
                    "expression": {
                      "equals": [
                        "@length(body('Filter_array'))",
                        0
                      ]
                    },
                    "metadata": {
                      "operationMetadataId": "9ec6028a-6b97-4927-b4a5-335781c47174"
                    },
                    "type": "If"
                  }
                }
              },
              "expression": {
                "equals": [
                  "@length(outputs('Get_Email_Data')?['body/value'])",
                  0
                ]
              },
              "metadata": {
                "operationMetadataId": "e8ab2103-d7a5-45c5-a628-52602c9bb591"
              },
              "type": "If"
            }
          },
          "runAfter": {
            "SortData": [
              "Succeeded"
            ]
          },
          "metadata": {
            "operationMetadataId": "17c437c6-4947-4ac4-8a78-940ab7681aed"
          },
          "type": "Foreach"
        },
        "Read_Emails_Data": {
          "runAfter": {
            "Get_Settings_Data": [
              "Succeeded"
            ]
          },
          "metadata": {
            "operationMetadataId": "7453d8d6-bb2a-439e-8026-078667bfed21"
          },
          "type": "InitializeVariable",
          "inputs": {
            "variables": [
              {
                "name": "ReadEmailsData",
                "type": "array",
                "value": []
              }
            ]
          }
        },
        "Tenant_Name": {
          "runAfter": {
            "SiteURL": [
              "Succeeded"
            ]
          },
          "metadata": {
            "operationMetadataId": "2c95c0b9-23c8-4607-a98d-0b66f7475f24"
          },
          "type": "InitializeVariable",
          "inputs": {
            "variables": [
              {
                "name": "TenantName",
                "type": "string",
                "value": "@{split(split(variables('SiteURL'), '/')[2], '.')[0]}"
              }
            ]
          }
        },
        "Post_current_DateTime_in_the_setting_list": {
          "runAfter": {
            "Apply_to_each": [
              "Succeeded"
            ]
          },
          "metadata": {
            "operationMetadataId": "0aae9243-c570-4af6-9bfa-7a8437df3d36"
          },
          "type": "OpenApiConnection",
          "inputs": {
            "host": {
              "connectionName": "shared_sharepointonline",
              "operationId": "HttpRequest",
              "apiId": "/providers/Microsoft.PowerApps/apis/shared_sharepointonline"
            },
            "parameters": {
              "dataset": "@variables('SiteURL')",
              "parameters/method": "POST",
              "parameters/uri": "_api/web/lists/getbytitle('HR365MTSettings')/items('@{outputs('Get_Settings_Data')['body/value'][0]['Id']}')",
              "parameters/headers": {
                "Accept": "application/json;odata=nometadata",
                "Content-type": "application/json;odata=nometadata",
                "odata-version": "",
                "IF-MATCH": "*",
                "X-HTTP-Method": "MERGE"
              },
              "parameters/body": "{\nPluginSyncedDate :'@{if(empty(first(outputs('SortData'))?['createdAt']), formatDateTime(utcNow(),'yyyy-MM-ddTHH:mm:ss.fffZ'), first(outputs('SortData'))?['createdAt'])}'\n}"
            },
            "authentication": "@parameters('$authentication')"
          }
        },
        "Site_Name": {
          "runAfter": {
            "Tenant_Name": [
              "Succeeded"
            ]
          },
          "metadata": {
            "operationMetadataId": "887c719f-fcd5-4233-a034-72db8492239c"
          },
          "type": "InitializeVariable",
          "inputs": {
            "variables": [
              {
                "name": "SiteName",
                "type": "string",
                "value": "@split(variables('SiteURL'), '/')[4]"
              }
            ]
          }
        },
        "Clicked_Link_Data": {
          "runAfter": {
            "Read_Emails_Data": [
              "Succeeded"
            ]
          },
          "metadata": {
            "operationMetadataId": "d0bc20db-8bc2-44e3-b973-4844f862c617"
          },
          "type": "InitializeVariable",
          "inputs": {
            "variables": [
              {
                "name": "ClickedLinkData",
                "type": "array",
                "value": []
              }
            ]
          }
        },
        "DecryptUniqueID": {
          "runAfter": {
            "PluginSyncedDate": [
              "Succeeded"
            ]
          },
          "metadata": {
            "operationMetadataId": "4ef8b8c2-8547-43b2-9075-4727f18bda33"
          },
          "type": "InitializeVariable",
          "inputs": {
            "variables": [
              {
                "name": "DecryptUniqueID",
                "type": "string"
              }
            ]
          }
        },
        "DecryptUserID": {
          "runAfter": {
            "DecryptUniqueID": [
              "Succeeded"
            ]
          },
          "metadata": {
            "operationMetadataId": "e7e87a79-0f89-4a0c-bc9f-83487879da0f"
          },
          "type": "InitializeVariable",
          "inputs": {
            "variables": [
              {
                "name": "DecryptUserID",
                "type": "string"
              }
            ]
          }
        },
        "DecryptSenderID": {
          "runAfter": {
            "DecryptUserID": [
              "Succeeded"
            ]
          },
          "metadata": {
            "operationMetadataId": "7588e7c0-e984-4fe5-9f3e-7ed862e52fe2"
          },
          "type": "InitializeVariable",
          "inputs": {
            "variables": [
              {
                "name": "DecryptSenderID",
                "type": "string"
              }
            ]
          }
        },
        "SortData": {
          "runAfter": {
            "HTTP": [
              "Succeeded"
            ]
          },
          "metadata": {
            "operationMetadataId": "df99756d-d593-4a1b-a9ec-6ded201d47a2"
          },
          "type": "Compose",
          "inputs": "@reverse(sort(body('HTTP')?['tickets'], 'id'))"
        }
      }
    },
    "templateName": ""
  },
  "schemaVersion": "1.0.0.0"
}