{
  "properties": {
    "connectionReferences": {
      "shared_sharepointonline_1": {
        "runtimeSource": "embedded",
        "connection": {
          "connectionReferenceLogicalName": "hr365_sharedsharepointonline_10231"
        },
        "api": {
          "name": "shared_sharepointonline"
        }
      },
      "shared_office365_2": {
        "runtimeSource": "embedded",
        "connection": {
          "connectionReferenceLogicalName": "hr365_sharedoffice365_bed00"
        },
        "api": {
          "name": "shared_office365"
        }
      }
    },
    "definition": {
      "$schema": "https://schema.management.azure.com/providers/Microsoft.Logic/schemas/2016-06-01/workflowdefinition.json#",
      "contentVersion": "1.0.0.0",
      "parameters": {
        "$connections": {
          "defaultValue": {},
          "type": "Object"
        },
        "$authentication": {
          "defaultValue": {},
          "type": "SecureObject"
        },
        "SiteAddress(CL365) (hr365_SiteAddressCL365)": {
          "defaultValue": "https://xzm41.sharepoint.com/sites/CLM365_30Oct25",
          "type": "String",
          "metadata": {
            "schemaName": "hr365_SiteAddressCL365"
          }
        }
      },
      "triggers": {
        "Recurrence": {
          "recurrence": {
            "frequency": "Day",
            "interval": 1,
            "startTime": "2023-07-03T03:30:00Z"
          },
          "evaluatedRecurrence": {
            "frequency": "Day",
            "interval": 1,
            "startTime": "2023-07-03T03:30:00Z"
          },
          "metadata": {
            "operationMetadataId": "117ae18d-70b7-4746-8e89-daec550b0d82"
          },
          "type": "Recurrence"
        }
      },
      "actions": {
        "Loop_on_CLM365Contract": {
          "foreach": "@outputs('Get_items_from_CLM365Contract')?['body/value']",
          "actions": {
            "Condition_2": {
              "actions": {
                "Check_contract_end_date": {
                  "actions": {
                    "Scope_Try_for_Update": {
                      "actions": {
                        "Update_item_status_expired": {
                          "runAfter": {},
                          "metadata": {
                            "operationMetadataId": "b8fedd58-c51f-4c3b-8cf7-b3bb15e4faf7"
                          },
                          "type": "OpenApiConnection",
                          "inputs": {
                            "host": {
                              "connectionName": "shared_sharepointonline_1",
                              "operationId": "PatchItem",
                              "apiId": "/providers/Microsoft.PowerApps/apis/shared_sharepointonline"
                            },
                            "parameters": {
                              "dataset": "@parameters('SiteAddress(CL365) (hr365_SiteAddressCL365)')",
                              "table": "CLM365Contract",
                              "id": "@items('Loop_on_CLM365Contract')?['ID']",
                              "item/Status": "Expired"
                            },
                            "authentication": "@parameters('$authentication')"
                          }
                        }
                      },
                      "runAfter": {},
                      "metadata": {
                        "operationMetadataId": "14452231-12aa-4e04-b190-cc6d5accf824"
                      },
                      "type": "Scope"
                    },
                    "Scope_Catch_for_Update": {
                      "actions": {
                        "Send_an_email_Admin": {
                          "runAfter": {},
                          "metadata": {
                            "operationMetadataId": "3f294713-00ab-44a9-9c9c-9a290abb8eb1"
                          },
                          "type": "OpenApiConnection",
                          "inputs": {
                            "host": {
                              "connectionName": "shared_office365_2",
                              "operationId": "SendEmailV2",
                              "apiId": "/providers/Microsoft.PowerApps/apis/shared_office365"
                            },
                            "parameters": {
                              "emailMessage/To": "@join(variables('Admin'), ', ')",
                              "emailMessage/Subject": "Something went wrong",
                              "emailMessage/Body": "<p>An error occurred in HR365 – CLM Contract Expiry</p>",
                              "emailMessage/Importance": "Normal"
                            },
                            "authentication": "@parameters('$authentication')"
                          }
                        }
                      },
                      "runAfter": {
                        "Scope_Try_for_Update": [
                          "Skipped",
                          "Failed",
                          "TimedOut"
                        ]
                      },
                      "metadata": {
                        "operationMetadataId": "9342e6da-e5c0-45a0-9949-d753646b4080"
                      },
                      "type": "Scope"
                    }
                  },
                  "runAfter": {},
                  "expression": {
                    "equals": [
                      "@formatDateTime(items('Loop_on_CLM365Contract')?['Contract_End_Date'],'dd/MM/yyyy')",
                      "@utcNow('dd/MM/yyyy')"
                    ]
                  },
                  "metadata": {
                    "operationMetadataId": "6ef4da1f-3465-4a5c-9b1c-232722acb88b"
                  },
                  "type": "If"
                }
              },
              "runAfter": {},
              "expression": {
                "not": {
                  "equals": [
                    "@items('Loop_on_CLM365Contract')?['Contract_End_Date']",
                    null
                  ]
                }
              },
              "metadata": {
                "operationMetadataId": "58d0499c-ac4c-4cbe-bc60-6b56822fff13"
              },
              "type": "If"
            }
          },
          "runAfter": {
            "Empty_aray": [
              "Succeeded"
            ]
          },
          "metadata": {
            "operationMetadataId": "d526ada7-44ed-4ded-a90e-8f64ba560ada"
          },
          "type": "Foreach"
        },
        "Contract_Expiry_Notifications": {
          "foreach": "@body('Get_columns_from_CLM365Contract')['d']['results']",
          "actions": {
            "Loop_on_email_body": {
              "foreach": "@body('Filter_array')",
              "actions": {
                "Reminder_days": {
                  "runAfter": {},
                  "metadata": {
                    "operationMetadataId": "1b02e3e4-3a35-4368-98a6-91705c089482"
                  },
                  "type": "Compose",
                  "inputs": "-@{items('Loop_on_email_body')['ReminderDays']}"
                },
                "Check_for_reminder_date": {
                  "actions": {
                    "Loop_to_get_fields_from_CLM365Contract": {
                      "foreach": "@body('Get_fields_from_CLM365Contract')['Value']",
                      "actions": {
                        "Check_if_email_body_contains_placeholder_or_not": {
                          "actions": {
                            "Check_if_is_a_date_field_or_not": {
                              "actions": {
                                "Set_EmailBody": {
                                  "runAfter": {
                                    "Replaced_Email_Body": [
                                      "Succeeded"
                                    ]
                                  },
                                  "metadata": {
                                    "operationMetadataId": "449f988d-46bb-4693-9d3a-d06ae96f561f"
                                  },
                                  "type": "SetVariable",
                                  "inputs": {
                                    "name": "EmailBody",
                                    "value": "@{outputs('Replaced_Email_Body')}"
                                  }
                                },
                                "Replaced_Email_Body": {
                                  "runAfter": {},
                                  "metadata": {
                                    "operationMetadataId": "013194a0-bda9-410a-8125-5f2cffe67378"
                                  },
                                  "type": "Compose",
                                  "inputs": "@replace(variables('EmailBody'), variables('ReplacePlaceholder'), formatDateTime(items('Contract_Expiry_Notifications')[variables('ColumnName')],'dd/MM/yyyy'))"
                                }
                              },
                              "runAfter": {},
                              "else": {
                                "actions": {
                                  "Switch_column_names_and_set_values": {
                                    "runAfter": {},
                                    "cases": {
                                      "Case": {
                                        "case": "Counterparty_Name",
                                        "actions": {
                                          "Set_variable_6": {
                                            "runAfter": {},
                                            "metadata": {
                                              "operationMetadataId": "6429310f-79d0-4851-b82a-4c5b83657d6f"
                                            },
                                            "type": "SetVariable",
                                            "inputs": {
                                              "name": "ReplaceColumns",
                                              "value": "@variables('CounterpartyName')"
                                            }
                                          }
                                        }
                                      },
                                      "Case_2": {
                                        "case": "Contract_Type",
                                        "actions": {
                                          "Set_variable_7": {
                                            "runAfter": {},
                                            "metadata": {
                                              "operationMetadataId": "55155152-e9c7-4d58-9325-7d376c811a40"
                                            },
                                            "type": "SetVariable",
                                            "inputs": {
                                              "name": "ReplaceColumns",
                                              "value": "@variables('ContractType')"
                                            }
                                          }
                                        }
                                      },
                                      "Case_3": {
                                        "case": "Term",
                                        "actions": {
                                          "Apply_to_each": {
                                            "foreach": "@array(items('Contract_Expiry_Notifications')['Term'])",
                                            "actions": {
                                              "Set_variable": {
                                                "runAfter": {},
                                                "metadata": {
                                                  "operationMetadataId": "4915f0be-c05f-4b3d-b459-7ee6c6946dfd"
                                                },
                                                "type": "SetVariable",
                                                "inputs": {
                                                  "name": "ReplaceColumns",
                                                  "value": "@{json(items('Apply_to_each'))?['term']}"
                                                }
                                              }
                                            },
                                            "runAfter": {},
                                            "metadata": {
                                              "operationMetadataId": "6f25907d-e6ec-4c43-98fd-e712df3046ff"
                                            },
                                            "type": "Foreach"
                                          }
                                        }
                                      }
                                    },
                                    "default": {
                                      "actions": {
                                        "Set_variable_8": {
                                          "runAfter": {},
                                          "metadata": {
                                            "operationMetadataId": "3c12205b-bb8c-4da1-9f1b-58908b2edaea"
                                          },
                                          "type": "SetVariable",
                                          "inputs": {
                                            "name": "ReplaceColumns",
                                            "value": "@{items('Contract_Expiry_Notifications')[variables('ColumnName')]}"
                                          }
                                        }
                                      }
                                    },
                                    "expression": "@variables('ColumnName')",
                                    "metadata": {
                                      "operationMetadataId": "3ad581b6-b66c-4354-a183-f8e368862f4c"
                                    },
                                    "type": "Switch"
                                  },
                                  "Replaced_EMailBody": {
                                    "runAfter": {
                                      "Switch_column_names_and_set_values": [
                                        "Succeeded"
                                      ]
                                    },
                                    "metadata": {
                                      "operationMetadataId": "013194a0-bda9-410a-8125-5f2cffe67378"
                                    },
                                    "type": "Compose",
                                    "inputs": "@replace(variables('EmailBody'), variables('ReplacePlaceholder'),variables('ReplaceColumns'))"
                                  },
                                  "Set_Email_Body_1": {
                                    "runAfter": {
                                      "Replaced_EMailBody": [
                                        "Succeeded"
                                      ]
                                    },
                                    "metadata": {
                                      "operationMetadataId": "449f988d-46bb-4693-9d3a-d06ae96f561f"
                                    },
                                    "type": "SetVariable",
                                    "inputs": {
                                      "name": "EmailBody",
                                      "value": "@{outputs('Replaced_EMailBody')}"
                                    }
                                  }
                                }
                              },
                              "expression": {
                                "equals": [
                                  "@outputs('Column_Type')",
                                  "Date and Time"
                                ]
                              },
                              "metadata": {
                                "operationMetadataId": "ea7a4cc5-28d4-4513-8d86-5f4776e3f1cf"
                              },
                              "type": "If"
                            }
                          },
                          "runAfter": {
                            "Set_Placeholder": [
                              "Succeeded"
                            ]
                          },
                          "expression": {
                            "contains": [
                              "@variables('EmailBody')",
                              "@variables('ReplacePlaceholder')"
                            ]
                          },
                          "metadata": {
                            "operationMetadataId": "abc4743c-ebe3-4663-94b2-0da68d8e5d63"
                          },
                          "type": "If"
                        },
                        "Set_Placeholder": {
                          "runAfter": {
                            "Column_Type": [
                              "Succeeded"
                            ]
                          },
                          "metadata": {
                            "operationMetadataId": "8005ac12-a36d-4ba3-8c97-4ec3441dffe4"
                          },
                          "type": "SetVariable",
                          "inputs": {
                            "name": "ReplacePlaceholder",
                            "value": "[@{items('Loop_to_get_fields_from_CLM365Contract')?['Title']}]"
                          }
                        },
                        "Set_Column_Name": {
                          "runAfter": {},
                          "metadata": {
                            "operationMetadataId": "8e81075d-bff2-4a5c-b5d6-db2b926d3bda"
                          },
                          "type": "SetVariable",
                          "inputs": {
                            "name": "ColumnName",
                            "value": "@{items('Loop_to_get_fields_from_CLM365Contract')?['Title']}"
                          }
                        },
                        "Column_Type": {
                          "runAfter": {
                            "Set_Column_Name": [
                              "Succeeded"
                            ]
                          },
                          "metadata": {
                            "operationMetadataId": "51c04b3a-bb25-448f-b49f-b821b8635a71"
                          },
                          "type": "Compose",
                          "inputs": "@items('Loop_to_get_fields_from_CLM365Contract')?['TypeDisplayName']"
                        },
                        "Check_if_email_subject_contains_placeholder_or_not_2": {
                          "actions": {
                            "Check_if_is_a_date_field_or_not_2": {
                              "actions": {
                                "Set_EmailBody_2": {
                                  "runAfter": {
                                    "Replaced_Email_Body_2": [
                                      "Succeeded"
                                    ]
                                  },
                                  "metadata": {
                                    "operationMetadataId": "449f988d-46bb-4693-9d3a-d06ae96f561f"
                                  },
                                  "type": "SetVariable",
                                  "inputs": {
                                    "name": "EmailSubject",
                                    "value": "@{outputs('Replaced_Email_Body_2')}"
                                  }
                                },
                                "Replaced_Email_Body_2": {
                                  "runAfter": {},
                                  "metadata": {
                                    "operationMetadataId": "013194a0-bda9-410a-8125-5f2cffe67378"
                                  },
                                  "type": "Compose",
                                  "inputs": "@replace(variables('EmailSubject'), variables('ReplacePlaceholder'), formatDateTime(items('Contract_Expiry_Notifications')[variables('ColumnName')], 'dd/MM/yyyy'))"
                                }
                              },
                              "runAfter": {},
                              "else": {
                                "actions": {
                                  "Switch_column_names_and_set_values_2": {
                                    "runAfter": {},
                                    "cases": {
                                      "Case": {
                                        "case": "Counterparty_Name",
                                        "actions": {
                                          "Set_variable_4": {
                                            "runAfter": {},
                                            "metadata": {
                                              "operationMetadataId": "6429310f-79d0-4851-b82a-4c5b83657d6f"
                                            },
                                            "type": "SetVariable",
                                            "inputs": {
                                              "name": "ReplaceColumns",
                                              "value": "@variables('CounterpartyName')"
                                            }
                                          }
                                        }
                                      },
                                      "Case_2": {
                                        "case": "Contract_Type",
                                        "actions": {
                                          "Set_variable_5": {
                                            "runAfter": {},
                                            "metadata": {
                                              "operationMetadataId": "55155152-e9c7-4d58-9325-7d376c811a40"
                                            },
                                            "type": "SetVariable",
                                            "inputs": {
                                              "name": "ReplaceColumns",
                                              "value": "@variables('ContractType')"
                                            }
                                          }
                                        }
                                      },
                                      "Case_3": {
                                        "case": "Term",
                                        "actions": {
                                          "Apply_to_each_2": {
                                            "foreach": "@array(items('Contract_Expiry_Notifications')['Term'])",
                                            "actions": {
                                              "Set_variable_9": {
                                                "runAfter": {},
                                                "metadata": {
                                                  "operationMetadataId": "26d886e4-5b27-4b1b-b43c-79d5d5946db3"
                                                },
                                                "type": "SetVariable",
                                                "inputs": {
                                                  "name": "ReplaceColumns",
                                                  "value": "@{json(items('Apply_to_each_2'))?['term']}"
                                                }
                                              }
                                            },
                                            "runAfter": {},
                                            "metadata": {
                                              "operationMetadataId": "f4fef2f9-1624-42b5-8eb5-753d76a2c740"
                                            },
                                            "type": "Foreach"
                                          }
                                        }
                                      }
                                    },
                                    "default": {
                                      "actions": {
                                        "Set_variable_10": {
                                          "runAfter": {},
                                          "metadata": {
                                            "operationMetadataId": "3c12205b-bb8c-4da1-9f1b-58908b2edaea"
                                          },
                                          "type": "SetVariable",
                                          "inputs": {
                                            "name": "ReplaceColumns",
                                            "value": "@{items('Contract_Expiry_Notifications')[variables('ColumnName')]}"
                                          }
                                        }
                                      }
                                    },
                                    "expression": "@variables('ColumnName')",
                                    "metadata": {
                                      "operationMetadataId": "3ad581b6-b66c-4354-a183-f8e368862f4c"
                                    },
                                    "type": "Switch"
                                  },
                                  "Replaced_EMailBody_2": {
                                    "runAfter": {
                                      "Switch_column_names_and_set_values_2": [
                                        "Succeeded"
                                      ]
                                    },
                                    "metadata": {
                                      "operationMetadataId": "013194a0-bda9-410a-8125-5f2cffe67378"
                                    },
                                    "type": "Compose",
                                    "inputs": "@replace(variables('EmailSubject'), variables('ReplacePlaceholder'), variables('ReplaceColumns'))"
                                  },
                                  "Set_Email_Body_2": {
                                    "runAfter": {
                                      "Replaced_EMailBody_2": [
                                        "Succeeded"
                                      ]
                                    },
                                    "metadata": {
                                      "operationMetadataId": "449f988d-46bb-4693-9d3a-d06ae96f561f"
                                    },
                                    "type": "SetVariable",
                                    "inputs": {
                                      "name": "EmailSubject",
                                      "value": "@{outputs('Replaced_EMailBody_2')}"
                                    }
                                  }
                                }
                              },
                              "expression": {
                                "equals": [
                                  "@outputs('Column_Type')",
                                  "Date and Time"
                                ]
                              },
                              "metadata": {
                                "operationMetadataId": "ea7a4cc5-28d4-4513-8d86-5f4776e3f1cf"
                              },
                              "type": "If"
                            }
                          },
                          "runAfter": {
                            "Check_if_email_body_contains_placeholder_or_not": [
                              "Succeeded"
                            ]
                          },
                          "expression": {
                            "contains": [
                              "@variables('EmailSubject')",
                              "@variables('ReplacePlaceholder')"
                            ]
                          },
                          "metadata": {
                            "operationMetadataId": "abc4743c-ebe3-4663-94b2-0da68d8e5d63"
                          },
                          "type": "If"
                        }
                      },
                      "runAfter": {
                        "Apply_to_each_3": [
                          "Succeeded"
                        ]
                      },
                      "metadata": {
                        "operationMetadataId": "ada0cd46-d690-4a95-8ee9-fd0bd4497a72"
                      },
                      "type": "Foreach"
                    },
                    "Final_Email": {
                      "runAfter": {
                        "Loop_to_get_fields_from_CLM365Contract": [
                          "Succeeded"
                        ]
                      },
                      "metadata": {
                        "operationMetadataId": "a6f361ff-f51e-40f7-898d-59565b479569"
                      },
                      "type": "Compose",
                      "inputs": "@variables('EmailBody')"
                    },
                    "Set_Email_Body": {
                      "runAfter": {},
                      "metadata": {
                        "operationMetadataId": "2ef4e93e-bd03-4120-b61b-3a740d55643b"
                      },
                      "type": "SetVariable",
                      "inputs": {
                        "name": "EmailBody",
                        "value": "@{items('Loop_on_email_body')['Emailbody']}"
                      }
                    },
                    "Set_variable_11": {
                      "runAfter": {
                        "Set_Email_Body": [
                          "Succeeded"
                        ]
                      },
                      "metadata": {
                        "operationMetadataId": "85d9e3a3-c772-49c6-bd5c-c06f1ef3f369"
                      },
                      "type": "SetVariable",
                      "inputs": {
                        "name": "EmailSubject",
                        "value": "@{items('Loop_on_email_body')['EmailSubject']}"
                      }
                    },
                    "Set_variable_12": {
                      "runAfter": {
                        "Set_variable_11": [
                          "Succeeded"
                        ]
                      },
                      "metadata": {
                        "operationMetadataId": "fbee9089-43cc-43de-b6ff-dd20fa8ad522"
                      },
                      "type": "SetVariable",
                      "inputs": {
                        "name": "ContractOwner",
                        "value": "@{trim(split(items('Contract_Expiry_Notifications')['Contract_Owner']['Name'],'i:0#.f|membership|')[1])}"
                      }
                    },
                    "Filter_array_2": {
                      "runAfter": {
                        "Set_variable_13": [
                          "Succeeded"
                        ]
                      },
                      "metadata": {
                        "operationMetadataId": "c7cc7475-48f9-473a-a762-bf61671fd682"
                      },
                      "type": "Query",
                      "inputs": {
                        "from": "@outputs('Get_users')?['body/value']",
                        "where": "@equals(item()?['email'], trim(split(items('Contract_Expiry_Notifications')['Contract_Owner']['Name'], 'i:0#.f|membership|')[1]))"
                      }
                    },
                    "Set_variable_13": {
                      "runAfter": {
                        "Set_variable_12": [
                          "Succeeded"
                        ]
                      },
                      "metadata": {
                        "operationMetadataId": "92c4fe48-4e9c-45d7-81b2-a120cfbd7759"
                      },
                      "type": "SetVariable",
                      "inputs": {
                        "name": "SendTo",
                        "value": "@{items('Loop_on_email_body')['SendTo']}"
                      }
                    },
                    "Check_for_Admins": {
                      "actions": {
                        "Send_an_email_(V2)_2": {
                          "runAfter": {},
                          "metadata": {
                            "operationMetadataId": "b1ac0972-6e3a-4f1a-8992-9ab7c8952483"
                          },
                          "type": "OpenApiConnection",
                          "inputs": {
                            "host": {
                              "connectionName": "shared_office365_2",
                              "operationId": "SendEmailV2",
                              "apiId": "/providers/Microsoft.PowerApps/apis/shared_office365"
                            },
                            "parameters": {
                              "emailMessage/To": "@outputs('Admin_Emails')",
                              "emailMessage/Subject": "@variables('EmailSubject')",
                              "emailMessage/Body": "<p>@{variables('EmailBody')}<br>\n<br>\n</p>",
                              "emailMessage/Cc": "@variables('CC Email ID')",
                              "emailMessage/Importance": "Normal"
                            },
                            "authentication": "@parameters('$authentication')"
                          }
                        }
                      },
                      "runAfter": {
                        "Final_Email": [
                          "Succeeded"
                        ]
                      },
                      "expression": {
                        "and": [
                          {
                            "contains": [
                              "@variables('SendTo')",
                              "Admin"
                            ]
                          },
                          {
                            "or": [
                              {
                                "not": {
                                  "equals": [
                                    "@outputs('Admin_Emails')",
                                    "@null"
                                  ]
                                }
                              },
                              {
                                "not": {
                                  "equals": [
                                    "@outputs('Admin_Emails')",
                                    ""
                                  ]
                                }
                              }
                            ]
                          }
                        ]
                      },
                      "metadata": {
                        "operationMetadataId": "10d50295-dec7-4387-92a5-975fb99ebc4d"
                      },
                      "type": "If"
                    },
                    "Check_for_contract_owners": {
                      "actions": {
                        "Send_an_email_(V2)": {
                          "runAfter": {},
                          "metadata": {
                            "operationMetadataId": "b1ac0972-6e3a-4f1a-8992-9ab7c8952483"
                          },
                          "type": "OpenApiConnection",
                          "inputs": {
                            "host": {
                              "connectionName": "shared_office365_2",
                              "operationId": "SendEmailV2",
                              "apiId": "/providers/Microsoft.PowerApps/apis/shared_office365"
                            },
                            "parameters": {
                              "emailMessage/To": "@variables('ContractOwner')",
                              "emailMessage/Subject": "@variables('EmailSubject')",
                              "emailMessage/Body": "<p>@{variables('EmailBody')}<br>\n<br>\n</p>",
                              "emailMessage/Cc": "@variables('CC Email ID')",
                              "emailMessage/Importance": "Normal"
                            },
                            "authentication": "@parameters('$authentication')"
                          }
                        }
                      },
                      "runAfter": {
                        "Check_for_Admins": [
                          "Succeeded"
                        ]
                      },
                      "expression": {
                        "and": [
                          {
                            "contains": [
                              "@variables('SendTo')",
                              "ContractOwner"
                            ]
                          },
                          {
                            "or": [
                              {
                                "not": {
                                  "equals": [
                                    "@variables('ContractOwner')",
                                    "@null"
                                  ]
                                }
                              },
                              {
                                "not": {
                                  "equals": [
                                    "@variables('ContractOwner')",
                                    ""
                                  ]
                                }
                              }
                            ]
                          }
                        ]
                      },
                      "metadata": {
                        "operationMetadataId": "027be806-a928-474f-8409-86038e74a184"
                      },
                      "type": "If"
                    },
                    "Check_for_contract_owner_manager": {
                      "actions": {
                        "Send_an_email_(V2)_3": {
                          "runAfter": {},
                          "metadata": {
                            "operationMetadataId": "b1ac0972-6e3a-4f1a-8992-9ab7c8952483"
                          },
                          "type": "OpenApiConnection",
                          "inputs": {
                            "host": {
                              "connectionName": "shared_office365_2",
                              "operationId": "SendEmailV2",
                              "apiId": "/providers/Microsoft.PowerApps/apis/shared_office365"
                            },
                            "parameters": {
                              "emailMessage/To": "@variables('ContractownerManager')",
                              "emailMessage/Subject": "@variables('EmailSubject')",
                              "emailMessage/Body": "<p>@{variables('EmailBody')}<br>\n<br>\n</p>",
                              "emailMessage/Cc": "@variables('CC Email ID')",
                              "emailMessage/Importance": "Normal"
                            },
                            "authentication": "@parameters('$authentication')"
                          }
                        }
                      },
                      "runAfter": {
                        "Check_for_contract_owners": [
                          "Succeeded"
                        ]
                      },
                      "expression": {
                        "and": [
                          {
                            "contains": [
                              "@variables('SendTo')",
                              "ContractOwnerManager"
                            ]
                          },
                          {
                            "or": [
                              {
                                "not": {
                                  "equals": [
                                    "@variables('ContractownerManager')",
                                    "@null"
                                  ]
                                }
                              },
                              {
                                "not": {
                                  "equals": [
                                    "@variables('ContractownerManager')",
                                    ""
                                  ]
                                }
                              }
                            ]
                          }
                        ]
                      },
                      "metadata": {
                        "operationMetadataId": "62d4b131-77e2-4101-9327-218829f12180"
                      },
                      "type": "If"
                    },
                    "Apply_to_each_3": {
                      "foreach": "@body('Filter_array_2')",
                      "actions": {
                        "Set_variable_14": {
                          "runAfter": {},
                          "metadata": {
                            "operationMetadataId": "c4511b03-f40c-46c6-9586-cbda482da412"
                          },
                          "type": "SetVariable",
                          "inputs": {
                            "name": "ContractownerManager",
                            "value": "@{items('Apply_to_each_3')?['Manager']['Email']}"
                          }
                        }
                      },
                      "runAfter": {
                        "Filter_array_2": [
                          "Succeeded"
                        ]
                      },
                      "metadata": {
                        "operationMetadataId": "3e843036-8848-4813-ae67-87e2416e2eb7"
                      },
                      "type": "Foreach"
                    }
                  },
                  "runAfter": {
                    "Condition": [
                      "Succeeded"
                    ]
                  },
                  "expression": {
                    "and": [
                      {
                        "equals": [
                          "@items('Loop_on_email_body')['Active']",
                          "Yes"
                        ]
                      },
                      {
                        "equals": [
                          "@addDays(outputs('EndDate'), int(outputs('Reminder_days')), 'dd/MM/yyyy')",
                          "@utcNow('dd/MM/yyyy')"
                        ]
                      },
                      {
                        "equals": [
                          "@or(\r\n    contains(items('Loop_on_email_body')?['ContractType'], 'All'),\r\n    contains(items('Loop_on_email_body')?['ContractType'], outputs('Contract_Type'))\r\n)",
                          true
                        ]
                      }
                    ]
                  },
                  "metadata": {
                    "operationMetadataId": "789fbc37-65a8-4842-b101-4f632e99166b"
                  },
                  "type": "If"
                },
                "Reminder_date": {
                  "runAfter": {
                    "Reminder_days": [
                      "Succeeded"
                    ]
                  },
                  "metadata": {
                    "operationMetadataId": "35dbe67c-92e9-4f64-9623-ec18336994a2"
                  },
                  "type": "Compose",
                  "inputs": "@addDays(outputs('EndDate'), int(outputs('Reminder_days')), 'dd/MM/yyyy')"
                },
                "CC_Emails": {
                  "actions": {
                    "Set_variable_3": {
                      "runAfter": {},
                      "metadata": {
                        "operationMetadataId": "a466cd2f-454b-4dce-ac0c-8180f69dfdf6"
                      },
                      "type": "SetVariable",
                      "inputs": {
                        "name": "CC Email ID",
                        "value": "@{items('Loop_on_email_body')['SendToCC'][0]['email']}"
                      }
                    }
                  },
                  "runAfter": {
                    "Reminder_date": [
                      "Succeeded"
                    ]
                  },
                  "expression": {
                    "not": {
                      "equals": [
                        "",
                        ""
                      ]
                    }
                  },
                  "metadata": {
                    "operationMetadataId": "6338258a-b6d1-4707-8827-84c5f2729b6e"
                  },
                  "type": "If"
                },
                "Compose": {
                  "runAfter": {
                    "CC_Emails": [
                      "Succeeded"
                    ]
                  },
                  "metadata": {
                    "operationMetadataId": "7b319bd7-dbee-452c-a2f3-a357087ebe30"
                  },
                  "type": "Compose",
                  "inputs": "@items('Loop_on_email_body')['ContractType']"
                },
                "Compose_2": {
                  "runAfter": {
                    "Compose": [
                      "Succeeded"
                    ]
                  },
                  "metadata": {
                    "operationMetadataId": "933fe6b3-d57a-4ddc-be5f-6df035225d03"
                  },
                  "type": "Compose",
                  "inputs": "@or(\r\n    contains(items('Loop_on_email_body')?['ContractType'], 'All'),\r\n    contains(items('Loop_on_email_body')?['ContractType'], outputs('Contract_Type'))\r\n)"
                },
                "Condition": {
                  "actions": {
                    "Compose_4": {
                      "runAfter": {},
                      "metadata": {
                        "operationMetadataId": "3defbdb8-d2e2-4a61-b388-1f871a40c247"
                      },
                      "type": "Compose",
                      "inputs": "@addDays(outputs('EndDate'), int(outputs('Reminder_days')), 'dd/MM/yyyy')"
                    }
                  },
                  "runAfter": {
                    "Compose_3": [
                      "Succeeded"
                    ]
                  },
                  "expression": {
                    "equals": [
                      "@or(\r\n    contains(items('Loop_on_email_body')?['ContractType'], 'All'),\r\n    contains(items('Loop_on_email_body')?['ContractType'], outputs('Contract_Type'))\r\n)",
                      true
                    ]
                  },
                  "metadata": {
                    "operationMetadataId": "befa76b4-9af9-49a5-86ac-4df6bb0f054e"
                  },
                  "type": "If"
                },
                "Compose_3": {
                  "runAfter": {
                    "Compose_2": [
                      "Succeeded"
                    ]
                  },
                  "metadata": {
                    "operationMetadataId": "e5e7f170-5f62-4d8b-b255-ffbd4c539b1b"
                  },
                  "type": "Compose",
                  "inputs": "@addDays(outputs('EndDate'), int(outputs('Reminder_days')), 'dd/MM/yyyy')"
                }
              },
              "runAfter": {
                "Loop_on_Counterparty_Name": [
                  "Succeeded"
                ]
              },
              "metadata": {
                "operationMetadataId": "c61eeb83-38ce-4af4-a83d-5724727aeab4"
              },
              "type": "Foreach"
            },
            "EndDate": {
              "runAfter": {},
              "metadata": {
                "operationMetadataId": "763a0f31-77e7-4e12-823b-dd9416ed3e6e"
              },
              "type": "Compose",
              "inputs": "@items('Contract_Expiry_Notifications')['Contract_End_Date']"
            },
            "Loop_on_Counterparty_Name": {
              "foreach": "@json(item()['Counterparty_Name'])",
              "actions": {
                "Set_Counterparty_Name": {
                  "runAfter": {},
                  "metadata": {
                    "operationMetadataId": "0baea6f2-0241-4e9b-b0fc-553e036c430d"
                  },
                  "type": "SetVariable",
                  "inputs": {
                    "name": "CounterpartyName",
                    "value": "@{items('Loop_on_Counterparty_Name')['OrgName']}"
                  }
                }
              },
              "runAfter": {
                "Loop_on_CLM365Contract_Type": [
                  "Succeeded"
                ]
              },
              "metadata": {
                "operationMetadataId": "6eb23da9-a1f8-4571-991f-640e79c30e26"
              },
              "type": "Foreach"
            },
            "Loop_on_CLM365Contract_Type": {
              "foreach": "@outputs('Get_items_from_CLM365Contract_Type')?['body/value']",
              "actions": {
                "Check_GUID_of_contract_Type": {
                  "actions": {
                    "Set_Contract_type": {
                      "runAfter": {},
                      "metadata": {
                        "operationMetadataId": "4104b090-22ed-4bd2-912c-31e74225fe99"
                      },
                      "type": "SetVariable",
                      "inputs": {
                        "name": "ContractType",
                        "value": "@items('Loop_on_CLM365Contract_Type')['ContractName']"
                      }
                    }
                  },
                  "runAfter": {},
                  "expression": {
                    "equals": [
                      "@trim(split(items('Contract_Expiry_Notifications')['Contract_type'], '|')[1])",
                      "@items('Loop_on_CLM365Contract_Type')?['Guid_ID']"
                    ]
                  },
                  "metadata": {
                    "operationMetadataId": "afe78432-c33e-423d-a3c6-edcf57ee8a7c"
                  },
                  "type": "If"
                }
              },
              "runAfter": {
                "Contract_Type": [
                  "Succeeded"
                ]
              },
              "metadata": {
                "operationMetadataId": "41d355c8-a84a-4de0-a32f-50b4e16c865d"
              },
              "type": "Foreach"
            },
            "Contract_Type": {
              "runAfter": {
                "EndDate": [
                  "Succeeded"
                ]
              },
              "metadata": {
                "operationMetadataId": "3154e002-0753-4544-8a82-fd1457692689"
              },
              "type": "Compose",
              "inputs": "@split(items('Contract_Expiry_Notifications')['Contract_Type'],'|')[1]"
            }
          },
          "runAfter": {
            "Loop_on_CLM365Contract": [
              "Succeeded"
            ]
          },
          "metadata": {
            "operationMetadataId": "98091a6b-c124-46c6-a06e-4166fda72c33"
          },
          "type": "Foreach"
        },
        "Set_variable_2": {
          "runAfter": {
            "Scope_Catch": [
              "Succeeded",
              "Skipped",
              "Failed",
              "TimedOut"
            ]
          },
          "metadata": {
            "operationMetadataId": "be44f63b-cbf2-4d46-873c-3dc8d79af56f"
          },
          "type": "SetVariable",
          "inputs": {
            "name": "Bussiness User",
            "value": "@{outputs('Get_columns_from_CLM365Contract')?['body']['d']['results'][0]['Author']['EMail']}"
          }
        },
        "Email_Body": {
          "runAfter": {
            "Column_Name": [
              "Succeeded"
            ]
          },
          "metadata": {
            "operationMetadataId": "c37f8c45-dff4-4f46-b693-5bda109d241f"
          },
          "type": "InitializeVariable",
          "inputs": {
            "variables": [
              {
                "name": "EmailBody",
                "type": "string"
              }
            ]
          }
        },
        "Column_Name": {
          "runAfter": {
            "Replace_Placeholder": [
              "Succeeded"
            ]
          },
          "metadata": {
            "operationMetadataId": "181bd6e3-6cba-4b80-8196-d8156c397286"
          },
          "type": "InitializeVariable",
          "inputs": {
            "variables": [
              {
                "name": "ColumnName",
                "type": "string"
              }
            ]
          }
        },
        "Replace_Placeholder": {
          "runAfter": {
            "ContractType": [
              "Succeeded"
            ]
          },
          "metadata": {
            "operationMetadataId": "60c44824-bc30-4354-9d42-3dc073f44a06"
          },
          "type": "InitializeVariable",
          "inputs": {
            "variables": [
              {
                "name": "ReplacePlaceholder",
                "type": "string"
              }
            ]
          }
        },
        "Business_user_Email_ID": {
          "runAfter": {
            "Admin_Email_ID": [
              "Succeeded"
            ]
          },
          "metadata": {
            "operationMetadataId": "c1d1f264-00b5-4d54-87ef-13e470474dc5"
          },
          "type": "InitializeVariable",
          "inputs": {
            "variables": [
              {
                "name": "Bussiness User",
                "type": "string"
              }
            ]
          }
        },
        "Admin_Email_ID": {
          "runAfter": {},
          "metadata": {
            "operationMetadataId": "73a4507e-d5c1-48ec-8926-6f7f15d26510"
          },
          "type": "InitializeVariable",
          "inputs": {
            "variables": [
              {
                "name": "Admin",
                "type": "array"
              }
            ]
          }
        },
        "CC_Email_ID": {
          "runAfter": {
            "Business_user_Email_ID": [
              "Succeeded"
            ]
          },
          "metadata": {
            "operationMetadataId": "f359da4c-2c2d-421d-9d30-64beab286a34"
          },
          "type": "InitializeVariable",
          "inputs": {
            "variables": [
              {
                "name": "CC Email ID",
                "type": "string"
              }
            ]
          }
        },
        "CounterpartyName": {
          "runAfter": {
            "CC_Email_ID": [
              "Succeeded"
            ]
          },
          "metadata": {
            "operationMetadataId": "71a2458f-8c89-46e8-9adb-90b4dee83afa"
          },
          "type": "InitializeVariable",
          "inputs": {
            "variables": [
              {
                "name": "CounterpartyName",
                "type": "string"
              }
            ]
          }
        },
        "ContractType": {
          "runAfter": {
            "CounterpartyName": [
              "Succeeded"
            ]
          },
          "metadata": {
            "operationMetadataId": "1e0c28b4-3c55-4b65-b102-963a014c6f82"
          },
          "type": "InitializeVariable",
          "inputs": {
            "variables": [
              {
                "name": "ContractType",
                "type": "string"
              }
            ]
          }
        },
        "Empty_aray": {
          "runAfter": {
            "Set_variable_2": [
              "Succeeded"
            ]
          },
          "metadata": {
            "operationMetadataId": "7034a08f-7773-48d3-99ec-41ea53fa9f6d"
          },
          "type": "Compose",
          "inputs": []
        },
        "Replace_Columns": {
          "runAfter": {
            "Email_Body": [
              "Succeeded"
            ]
          },
          "metadata": {
            "operationMetadataId": "b5cef35b-3bd9-4a56-b939-b2d9b0455a39"
          },
          "type": "InitializeVariable",
          "inputs": {
            "variables": [
              {
                "name": "ReplaceColumns",
                "type": "string"
              }
            ]
          }
        },
        "EmailSubject": {
          "runAfter": {
            "Replace_Columns": [
              "Succeeded"
            ]
          },
          "metadata": {
            "operationMetadataId": "eb5f0044-8141-4cfb-ad53-d77f966fac9c"
          },
          "type": "InitializeVariable",
          "inputs": {
            "variables": [
              {
                "name": "EmailSubject",
                "type": "string"
              }
            ]
          }
        },
        "ContractOwner": {
          "runAfter": {
            "EmailSubject": [
              "Succeeded"
            ]
          },
          "metadata": {
            "operationMetadataId": "65d58d05-a6ef-4140-a1bb-bf6ca01a9805"
          },
          "type": "InitializeVariable",
          "inputs": {
            "variables": [
              {
                "name": "ContractOwner",
                "type": "string"
              }
            ]
          }
        },
        "ContractownerManager": {
          "runAfter": {
            "ContractOwner": [
              "Succeeded"
            ]
          },
          "metadata": {
            "operationMetadataId": "0fad6686-d771-4dff-a822-57dd63ea1556"
          },
          "type": "InitializeVariable",
          "inputs": {
            "variables": [
              {
                "name": "ContractownerManager",
                "type": "string"
              }
            ]
          }
        },
        "SendTo": {
          "runAfter": {
            "ContractownerManager": [
              "Succeeded"
            ]
          },
          "metadata": {
            "operationMetadataId": "a57d9734-00ec-4b2f-b646-c9af5dc5d486"
          },
          "type": "InitializeVariable",
          "inputs": {
            "variables": [
              {
                "name": "SendTo",
                "type": "string"
              }
            ]
          }
        },
        "Scope_Try": {
          "actions": {
            "Get_items_from_CLM365Contract": {
              "runAfter": {},
              "metadata": {
                "operationMetadataId": "c15d7792-1f7d-441a-be5b-36ffc428afdb"
              },
              "type": "OpenApiConnection",
              "inputs": {
                "host": {
                  "connectionName": "shared_sharepointonline_1",
                  "operationId": "GetItems",
                  "apiId": "/providers/Microsoft.PowerApps/apis/shared_sharepointonline"
                },
                "parameters": {
                  "dataset": "@parameters('SiteAddress(CL365) (hr365_SiteAddressCL365)')",
                  "table": "CLM365Contract"
                },
                "authentication": "@parameters('$authentication')"
              }
            },
            "Get_Email_Template": {
              "runAfter": {
                "Get_items_from_CLM365Contract": [
                  "Succeeded"
                ]
              },
              "metadata": {
                "operationMetadataId": "e8b55c29-b492-444b-9fcd-594762a35595"
              },
              "type": "OpenApiConnection",
              "inputs": {
                "host": {
                  "connectionName": "shared_sharepointonline_1",
                  "operationId": "GetItems",
                  "apiId": "/providers/Microsoft.PowerApps/apis/shared_sharepointonline"
                },
                "parameters": {
                  "dataset": "@parameters('SiteAddress(CL365) (hr365_SiteAddressCL365)')",
                  "table": "CLM365General",
                  "$filter": "Title eq 'GeneralData'"
                },
                "authentication": "@parameters('$authentication')"
              }
            },
            "Filter_array": {
              "runAfter": {
                "Get_Email_Template": [
                  "Succeeded"
                ]
              },
              "metadata": {
                "operationMetadataId": "1c397514-d2d0-4606-bed8-5fb818d4e7a2"
              },
              "type": "Query",
              "inputs": {
                "from": "@json(outputs('Get_Email_Template')?['body/value'][0]['EmailTemplate'])",
                "where": "@equals(item()?['Type'], 'Contracts')"
              }
            },
            "Get_columns_from_CLM365Contract": {
              "runAfter": {
                "Filter_array": [
                  "Succeeded"
                ]
              },
              "metadata": {
                "operationMetadataId": "cfdcb975-af70-424f-acb5-99672e55a207"
              },
              "type": "OpenApiConnection",
              "inputs": {
                "host": {
                  "connectionName": "shared_sharepointonline_1",
                  "operationId": "HttpRequest",
                  "apiId": "/providers/Microsoft.PowerApps/apis/shared_sharepointonline"
                },
                "parameters": {
                  "dataset": "@parameters('SiteAddress(CL365) (hr365_SiteAddressCL365)')",
                  "parameters/method": "GET",
                  "parameters/uri": "_api/web/lists/getbytitle('CLM365Contract')/items?$select=*,Contract_Owner/ID,Contract_Owner/Name,Author/Title,Author/EMail&$expand=Contract_Owner,Author",
                  "parameters/headers": {
                    "Accept": "application/json;odata=verbose",
                    "Content-Type": "application/json"
                  }
                },
                "authentication": "@parameters('$authentication')"
              }
            },
            "Get_fields_from_CLM365Contract": {
              "runAfter": {
                "Get_columns_from_CLM365Contract": [
                  "Succeeded"
                ]
              },
              "metadata": {
                "operationMetadataId": "cfdcb975-af70-424f-acb5-99672e55a207"
              },
              "type": "OpenApiConnection",
              "inputs": {
                "host": {
                  "connectionName": "shared_sharepointonline_1",
                  "operationId": "HttpRequest",
                  "apiId": "/providers/Microsoft.PowerApps/apis/shared_sharepointonline"
                },
                "parameters": {
                  "dataset": "@parameters('SiteAddress(CL365) (hr365_SiteAddressCL365)')",
                  "parameters/method": "GET",
                  "parameters/uri": "/_api/Web/Lists/GetByTitle('CLM365Contract')/Fields",
                  "parameters/headers": {
                    "Accept": "application/json"
                  }
                },
                "authentication": "@parameters('$authentication')"
              }
            },
            "Compose_13": {
              "runAfter": {
                "Get_fields_from_CLM365Contract": [
                  "Succeeded"
                ]
              },
              "metadata": {
                "operationMetadataId": "0800e630-34d7-4a30-9227-4fa33bd161c9"
              },
              "type": "Compose",
              "inputs": "@json(string(body('Get_fields_from_CLM365Contract')))"
            },
            "Get_items_from_CLM365Contract_Type": {
              "runAfter": {
                "Compose_13": [
                  "Succeeded"
                ]
              },
              "metadata": {
                "operationMetadataId": "e4473d13-2e5b-47a8-9b39-0aa77713a77e"
              },
              "type": "OpenApiConnection",
              "inputs": {
                "host": {
                  "connectionName": "shared_sharepointonline_1",
                  "operationId": "GetItems",
                  "apiId": "/providers/Microsoft.PowerApps/apis/shared_sharepointonline"
                },
                "parameters": {
                  "dataset": "@parameters('SiteAddress(CL365) (hr365_SiteAddressCL365)')",
                  "table": "CLM365Contract_Type"
                },
                "authentication": "@parameters('$authentication')"
              }
            }
          },
          "runAfter": {
            "Admin_Emails": [
              "Succeeded"
            ]
          },
          "metadata": {
            "operationMetadataId": "7cacca08-3539-4e37-ba82-522a0dfaa777"
          },
          "type": "Scope"
        },
        "Scope_Catch": {
          "actions": {
            "Send_email_to_Admin": {
              "runAfter": {},
              "metadata": {
                "operationMetadataId": "12cec803-0989-44e0-8edf-789a97b74ec4"
              },
              "type": "OpenApiConnection",
              "inputs": {
                "host": {
                  "connectionName": "shared_office365_2",
                  "operationId": "SendEmailV2",
                  "apiId": "/providers/Microsoft.PowerApps/apis/shared_office365"
                },
                "parameters": {
                  "emailMessage/To": "@join(variables('Admin'), ', ')",
                  "emailMessage/Subject": "Something went wrong",
                  "emailMessage/Body": "<p>An error occurred in HR365 – CLM Contract Expiry</p>",
                  "emailMessage/Importance": "Normal"
                },
                "authentication": "@parameters('$authentication')"
              }
            }
          },
          "runAfter": {
            "Scope_Try": [
              "Failed",
              "Skipped",
              "TimedOut"
            ]
          },
          "metadata": {
            "operationMetadataId": "244e3b1c-6ea5-4003-8ef3-495895e46057"
          },
          "type": "Scope"
        },
        "Get_users": {
          "runAfter": {
            "SendTo": [
              "Succeeded"
            ]
          },
          "metadata": {
            "operationMetadataId": "9cf1cc2d-4029-4d86-be48-bb187ab10bc5"
          },
          "type": "OpenApiConnection",
          "inputs": {
            "host": {
              "connectionName": "shared_sharepointonline_1",
              "operationId": "GetItems",
              "apiId": "/providers/Microsoft.PowerApps/apis/shared_sharepointonline"
            },
            "parameters": {
              "dataset": "@parameters('SiteAddress(CL365) (hr365_SiteAddressCL365)')",
              "table": "CLM365Users",
              "$filter": "Role eq 'Admin' and UserStatus eq 'Active'"
            },
            "authentication": "@parameters('$authentication')"
          }
        },
        "Get_admin_email_id": {
          "foreach": "@outputs('Get_users')?['body/value']",
          "actions": {
            "Append_to_array_variable": {
              "runAfter": {},
              "metadata": {
                "operationMetadataId": "06a96676-c146-4008-9dad-8d18340b3dfa"
              },
              "type": "AppendToArrayVariable",
              "inputs": {
                "name": "Admin",
                "value": "@items('Get_admin_email_id')?['email']"
              }
            }
          },
          "runAfter": {
            "Get_users": [
              "Succeeded"
            ]
          },
          "metadata": {
            "operationMetadataId": "9bcb8d8b-1732-4852-a2a9-da1e0f6609bb"
          },
          "type": "Foreach"
        },
        "Admin_Emails": {
          "runAfter": {
            "Get_admin_email_id": [
              "Succeeded"
            ]
          },
          "metadata": {
            "operationMetadataId": "811401ae-d174-4e38-91de-4a1119073416"
          },
          "type": "Compose",
          "inputs": "@join(variables('Admin'), ';')"
        }
      }
    },
    "templateName": ""
  },
  "schemaVersion": "1.0.0.0"
}