{
  "properties": {
    "connectionReferences": {
      "shared_sharepointonline_2": {
        "runtimeSource": "embedded",
        "connection": {
          "connectionReferenceLogicalName": "hr365_sharedsharepointonline_10231"
        },
        "api": {
          "name": "shared_sharepointonline"
        }
      },
      "shared_sharepointonline_3": {
        "runtimeSource": "embedded",
        "connection": {
          "connectionReferenceLogicalName": "hr365_sharedsharepointonline_10231"
        },
        "api": {
          "name": "shared_sharepointonline"
        }
      }
    },
    "definition": {
      "$schema": "https://schema.management.azure.com/providers/Microsoft.Logic/schemas/2016-06-01/workflowdefinition.json#",
      "contentVersion": "1.0.0.0",
      "parameters": {
        "$connections": {
          "defaultValue": {},
          "type": "Object"
        },
        "$authentication": {
          "defaultValue": {},
          "type": "SecureObject"
        },
        "SiteAddress(CL365) (hr365_SiteAddressCL365)": {
          "defaultValue": "https://xzm41.sharepoint.com/sites/CLM365_03Dec2025",
          "type": "String",
          "metadata": {
            "schemaName": "hr365_SiteAddressCL365"
          }
        }
      },
      "triggers": {
        "Get_list_call": {
          "recurrence": {
            "interval": 1,
            "frequency": "Minute"
          },
          "splitOn": "@triggerOutputs()?['body/value']",
          "metadata": {
            "operationMetadataId": "cb9af1d7-2acd-4d75-b76d-fdd7935e70b7"
          },
          "type": "OpenApiConnection",
          "inputs": {
            "host": {
              "connectionName": "shared_sharepointonline_2",
              "operationId": "GetOnUpdatedItems",
              "apiId": "/providers/Microsoft.PowerApps/apis/shared_sharepointonline"
            },
            "parameters": {
              "dataset": "@parameters('SiteAddress(CL365) (hr365_SiteAddressCL365)')",
              "table": "CLM365Request"
            },
            "authentication": "@parameters('$authentication')"
          }
        }
      },
      "actions": {
        "Site_Address": {
          "runAfter": {
            "Item_Id_": [
              "Succeeded"
            ]
          },
          "metadata": {
            "operationMetadataId": "792fca24-90b2-4044-894d-973cf4689afc"
          },
          "type": "InitializeVariable",
          "inputs": {
            "variables": [
              {
                "name": "SiteAddress",
                "type": "string",
                "value": "@parameters('SiteAddress(CL365) (hr365_SiteAddressCL365)')"
              }
            ]
          }
        },
        "Item_Id_": {
          "runAfter": {},
          "metadata": {
            "operationMetadataId": "63ef874f-d0b0-4e1c-94e1-9bb313f54227"
          },
          "type": "InitializeVariable",
          "inputs": {
            "variables": [
              {
                "name": "ItemID",
                "type": "string",
                "value": "@{triggerOutputs()?['body/ID']}"
              }
            ]
          }
        },
        "Get_Contribute_call": {
          "runAfter": {
            "Contract_Type_Permissions": [
              "Succeeded"
            ]
          },
          "metadata": {
            "operationMetadataId": "6bf0fd9e-8f7d-4f8b-8ef1-ada1832988c5"
          },
          "type": "OpenApiConnection",
          "inputs": {
            "host": {
              "connectionName": "shared_sharepointonline_2",
              "operationId": "HttpRequest",
              "apiId": "/providers/Microsoft.PowerApps/apis/shared_sharepointonline"
            },
            "parameters": {
              "dataset": "@variables('SiteAddress')",
              "parameters/method": "GET",
              "parameters/uri": "/_api/web/roledefinitions/getbyname('Contribute')"
            },
            "authentication": "@parameters('$authentication')"
          }
        },
        "Get_Item_Permission_call": {
          "runAfter": {
            "ContributeID": [
              "Succeeded"
            ]
          },
          "metadata": {
            "operationMetadataId": "e275097f-d809-403f-8086-7c5495bf4a33"
          },
          "type": "OpenApiConnection",
          "inputs": {
            "host": {
              "connectionName": "shared_sharepointonline_2",
              "operationId": "HttpRequest",
              "apiId": "/providers/Microsoft.PowerApps/apis/shared_sharepointonline"
            },
            "parameters": {
              "dataset": "@variables('SiteAddress')",
              "parameters/method": "GET",
              "parameters/uri": "_api/web/lists/getbytitle('CLM365Request')/items?$select=ID,AllTaskApprovers/ID,Legal_User/ID,Share_With_Others/ID&$expand=AllTaskApprovers,Legal_User,Share_With_Others&$filter=ID eq @{triggerOutputs()?['body/ID']}'"
            },
            "authentication": "@parameters('$authentication')"
          }
        },
        "ContributeID": {
          "runAfter": {
            "Get_Contribute_call": [
              "Succeeded"
            ]
          },
          "metadata": {
            "operationMetadataId": "7ad706fc-d7e2-4563-868c-c7f985a57dfa"
          },
          "type": "InitializeVariable",
          "inputs": {
            "variables": [
              {
                "name": "ContributeID",
                "type": "string",
                "value": "@{body('Get_Contribute_call')['d']['Id']}"
              }
            ]
          }
        },
        "Send_an_HTTP_request_to_SharePoint": {
          "runAfter": {
            "Get_Item_Permission_call": [
              "Succeeded"
            ]
          },
          "metadata": {
            "operationMetadataId": "e1466377-b344-4ccf-9a12-b66b65d55577"
          },
          "type": "OpenApiConnection",
          "inputs": {
            "host": {
              "connectionName": "shared_sharepointonline_2",
              "operationId": "HttpRequest",
              "apiId": "/providers/Microsoft.PowerApps/apis/shared_sharepointonline"
            },
            "parameters": {
              "dataset": "@variables('SiteAddress')",
              "parameters/method": "POST",
              "parameters/uri": "_api/lists/getByTitle('CLM365Request')/items(@{triggerOutputs()?['body/ID']})/breakroleinheritance(copyRoleAssignments=false,clearSubscopes=true)"
            },
            "authentication": "@parameters('$authentication')"
          }
        },
        "All_Task_Approvers": {
          "runAfter": {
            "Send_an_HTTP_request_to_SharePoint_6": [
              "Succeeded",
              "Failed"
            ]
          },
          "metadata": {
            "operationMetadataId": "f759a08d-41f7-4b01-893f-32ebfb07b78d"
          },
          "type": "Compose",
          "inputs": "@coalesce(outputs('Get_Item_Permission_call')?['body']?['d']?['results']?[0]?['AllTaskApprovers']?['results'], json('[]'))"
        },
        "Initialize_variable": {
          "runAfter": {
            "Site_Address": [
              "Succeeded"
            ]
          },
          "metadata": {
            "operationMetadataId": "f2e3a98f-e534-4105-9649-931f97df74d9"
          },
          "type": "InitializeVariable",
          "inputs": {
            "variables": [
              {
                "name": "AllTaskApproversArray",
                "type": "array"
              }
            ]
          }
        },
        "Set_variable": {
          "runAfter": {
            "All_Task_Approvers": [
              "Succeeded"
            ]
          },
          "metadata": {
            "operationMetadataId": "0fe67e79-a84f-4800-836d-d27b055a8120"
          },
          "type": "SetVariable",
          "inputs": {
            "name": "AllTaskApproversArray",
            "value": "@coalesce(outputs('Get_Item_Permission_call')?['body']?['d']?['results']?[0]?['AllTaskApprovers']?['results'], json('[]'))"
          }
        },
        "Send_an_HTTP_request_to_SharePoint_2": {
          "runAfter": {
            "Send_an_HTTP_request_to_SharePoint_3": [
              "Succeeded",
              "Failed"
            ]
          },
          "metadata": {
            "operationMetadataId": "e1466377-b344-4ccf-9a12-b66b65d55577"
          },
          "type": "OpenApiConnection",
          "inputs": {
            "host": {
              "connectionName": "shared_sharepointonline_2",
              "operationId": "HttpRequest",
              "apiId": "/providers/Microsoft.PowerApps/apis/shared_sharepointonline"
            },
            "parameters": {
              "dataset": "@variables('SiteAddress')",
              "parameters/method": "POST",
              "parameters/uri": "_api/lists/getByTitle('CLM365RequestDraft')/items(@{body('Send_an_HTTP_request_to_SharePoint_3')?['d']?['ListItemAllFields']?['Id']})/breakroleinheritance(copyRoleAssignments=false,clearSubscopes=true)"
            },
            "authentication": "@parameters('$authentication')"
          }
        },
        "Send_an_HTTP_request_to_SharePoint_3": {
          "runAfter": {
            "Send_an_HTTP_request_to_SharePoint": [
              "Succeeded"
            ]
          },
          "metadata": {
            "operationMetadataId": "aa68937b-abf9-4b2d-9c19-740e0c7ed73b"
          },
          "type": "OpenApiConnection",
          "inputs": {
            "host": {
              "connectionName": "shared_sharepointonline_2",
              "operationId": "HttpRequest",
              "apiId": "/providers/Microsoft.PowerApps/apis/shared_sharepointonline"
            },
            "parameters": {
              "dataset": "@variables('SiteAddress')",
              "parameters/method": "GET",
              "parameters/uri": "_api/web/getFolderByServerRelativeUrl('CLM365RequestDraft')/files('@{triggerOutputs()?['body/File_Name']}')?$expand=ListItemAllFields",
              "parameters/headers": {
                "accept": "application/json;odata=verbose",
                "content-type": "application/json;odata=verbose"
              }
            },
            "authentication": "@parameters('$authentication')"
          }
        },
        "Send_an_HTTP_request_to_SharePoint_4": {
          "runAfter": {
            "Send_an_HTTP_request_to_SharePoint_2": [
              "Succeeded",
              "Failed"
            ]
          },
          "metadata": {
            "operationMetadataId": "22a6be1f-0025-4203-aa54-6b4089da7fc2"
          },
          "type": "OpenApiConnection",
          "inputs": {
            "host": {
              "connectionName": "shared_sharepointonline_2",
              "operationId": "HttpRequest",
              "apiId": "/providers/Microsoft.PowerApps/apis/shared_sharepointonline"
            },
            "parameters": {
              "dataset": "@variables('SiteAddress')",
              "parameters/method": "GET",
              "parameters/uri": "_api/web/getFolderByServerRelativeUrl('CLM365TaskAttachment')/folders('@{triggerOutputs()?['body/Guid_ID']}')?$expand=ListItemAllFields"
            },
            "authentication": "@parameters('$authentication')"
          }
        },
        "Send_an_HTTP_request_to_SharePoint_6": {
          "runAfter": {
            "Send_an_HTTP_request_to_SharePoint_4": [
              "Succeeded",
              "Failed"
            ]
          },
          "metadata": {
            "operationMetadataId": "e1466377-b344-4ccf-9a12-b66b65d55577"
          },
          "type": "OpenApiConnection",
          "inputs": {
            "host": {
              "connectionName": "shared_sharepointonline_2",
              "operationId": "HttpRequest",
              "apiId": "/providers/Microsoft.PowerApps/apis/shared_sharepointonline"
            },
            "parameters": {
              "dataset": "@variables('SiteAddress')",
              "parameters/method": "POST",
              "parameters/uri": "_api/lists/getByTitle('CLM365TaskAttachment')/items(@{body('Send_an_HTTP_request_to_SharePoint_4')?['d']?['ListItemAllFields']?['Id']})/breakroleinheritance(copyRoleAssignments=false,clearSubscopes=true)"
            },
            "authentication": "@parameters('$authentication')"
          }
        },
        "Send_an_HTTP_request_to_SharePoint_12": {
          "runAfter": {
            "Set_variable_2": [
              "Succeeded"
            ]
          },
          "metadata": {
            "operationMetadataId": "afc7b457-260a-4055-8139-f2ca945a0613"
          },
          "type": "OpenApiConnection",
          "inputs": {
            "host": {
              "connectionName": "shared_sharepointonline_2",
              "operationId": "HttpRequest",
              "apiId": "/providers/Microsoft.PowerApps/apis/shared_sharepointonline"
            },
            "parameters": {
              "dataset": "@variables('SiteAddress')",
              "parameters/method": "GET",
              "parameters/uri": "_api/web/siteusers/getByEmail('@{triggerOutputs()?['body']?['Author']?['Email']}')?$select=ID",
              "parameters/headers": {
                "accept": "application/json;odata=verbose",
                "content-type": "application/json;odata=verbose"
              }
            },
            "authentication": "@parameters('$authentication')"
          }
        },
        "Condition": {
          "actions": {
            "Send_an_HTTP_request_to_SharePoint_13": {
              "runAfter": {},
              "metadata": {
                "operationMetadataId": "82401bcd-f264-4d8b-a153-0a029f8b6891"
              },
              "type": "OpenApiConnection",
              "inputs": {
                "host": {
                  "connectionName": "shared_sharepointonline_2",
                  "operationId": "HttpRequest",
                  "apiId": "/providers/Microsoft.PowerApps/apis/shared_sharepointonline"
                },
                "parameters": {
                  "dataset": "@variables('SiteAddress')",
                  "parameters/method": "GET",
                  "parameters/uri": "_api/web/siteusers/getByEmail('@{triggerOutputs()?['body/Editor/Email']}')?$select=Id",
                  "parameters/headers": {
                    "accept": "application/json;odata=verbose",
                    "content-type": "application/json;odata=verbose"
                  }
                },
                "authentication": "@parameters('$authentication')"
              }
            },
            "Append_to_array_variable_2": {
              "runAfter": {
                "Send_an_HTTP_request_to_SharePoint_13": [
                  "Succeeded"
                ]
              },
              "metadata": {
                "operationMetadataId": "d0bab86b-62d5-4bd8-af80-3fea9e896634"
              },
              "type": "AppendToArrayVariable",
              "inputs": {
                "name": "AllTaskApproversArray",
                "value": "@body('Send_an_HTTP_request_to_SharePoint_13')?['d']"
              }
            }
          },
          "runAfter": {
            "Append_to_array_variable": [
              "Succeeded"
            ]
          },
          "expression": {
            "not": {
              "equals": [
                "@triggerOutputs()?['body']?['Author']?['Email']",
                "@triggerOutputs()?['body/Editor/Email']"
              ]
            }
          },
          "metadata": {
            "operationMetadataId": "02c95e72-04ff-462d-8ab5-ba800f16fd24"
          },
          "type": "If"
        },
        "Append_to_array_variable": {
          "runAfter": {
            "Add_Manager_Permission": [
              "Succeeded"
            ]
          },
          "metadata": {
            "operationMetadataId": "20317495-d03a-40a8-8556-6fc14578c731"
          },
          "type": "AppendToArrayVariable",
          "inputs": {
            "name": "AllTaskApproversArray",
            "value": "@body('Send_an_HTTP_request_to_SharePoint_12')?['d']"
          }
        },
        "Initialize_variable_2": {
          "runAfter": {
            "Initialize_variable": [
              "Succeeded"
            ]
          },
          "metadata": {
            "operationMetadataId": "46701e55-d574-4403-ac1d-b97ad453b274"
          },
          "type": "InitializeVariable",
          "inputs": {
            "variables": [
              {
                "name": "ShareWithOthersArray",
                "type": "array"
              }
            ]
          }
        },
        "Set_variable_2": {
          "runAfter": {
            "Set_variable": [
              "Succeeded"
            ]
          },
          "metadata": {
            "operationMetadataId": "0b618d1c-3f2b-42fd-a660-05a4a9a37bbf"
          },
          "type": "SetVariable",
          "inputs": {
            "name": "ShareWithOthersArray",
            "value": "@coalesce(outputs('Get_Item_Permission_call')?['body']?['d']?['results']?[0]?['Share_With_Others']?['results'], json('[]'))"
          }
        },
        "Initialize_variable_4": {
          "runAfter": {
            "Initialize_variable_2": [
              "Succeeded"
            ]
          },
          "metadata": {
            "operationMetadataId": "8d5cd728-4d81-4c8e-a351-2c88b778676f"
          },
          "type": "InitializeVariable",
          "inputs": {
            "variables": [
              {
                "name": "AllShareWithUsers",
                "type": "array"
              }
            ]
          }
        },
        "Send_an_HTTP_request_to_SharePoint_9": {
          "runAfter": {
            "Set_All_user_Permission": [
              "Succeeded"
            ]
          },
          "metadata": {
            "operationMetadataId": "8a7e04cf-14c0-4ea3-9121-ab5aa70197cc"
          },
          "type": "OpenApiConnection",
          "inputs": {
            "host": {
              "connectionName": "shared_sharepointonline_2",
              "operationId": "HttpRequest",
              "apiId": "/providers/Microsoft.PowerApps/apis/shared_sharepointonline"
            },
            "parameters": {
              "dataset": "@variables('SiteAddress')",
              "parameters/method": "GET",
              "parameters/uri": "_api/web/lists/getbytitle('CLM365Request')/items(@{triggerOutputs()?['body/ID']})/RoleAssignments?$expand=Member\n"
            },
            "authentication": "@parameters('$authentication')"
          }
        },
        "Parse_JSON": {
          "runAfter": {
            "Send_an_HTTP_request_to_SharePoint_9": [
              "Succeeded"
            ]
          },
          "metadata": {
            "operationMetadataId": "5e28127a-b638-4ea2-bb4f-81f927595370"
          },
          "type": "ParseJson",
          "inputs": {
            "content": "@body('Send_an_HTTP_request_to_SharePoint_9')",
            "schema": {
              "type": "object",
              "properties": {
                "type": {
                  "type": "string"
                },
                "properties": {
                  "type": "object",
                  "properties": {
                    "d": {
                      "type": "object",
                      "properties": {
                        "type": {
                          "type": "string"
                        },
                        "properties": {
                          "type": "object",
                          "properties": {
                            "results": {
                              "type": "object",
                              "properties": {
                                "type": {
                                  "type": "string"
                                },
                                "items": {
                                  "type": "object",
                                  "properties": {
                                    "type": {
                                      "type": "string"
                                    },
                                    "properties": {
                                      "type": "object",
                                      "properties": {
                                        "Member": {
                                          "type": "object",
                                          "properties": {
                                            "type": {
                                              "type": "string"
                                            },
                                            "properties": {
                                              "type": "object",
                                              "properties": {
                                                "Id": {
                                                  "type": "object",
                                                  "properties": {
                                                    "type": {
                                                      "type": "string"
                                                    }
                                                  }
                                                },
                                                "Title": {
                                                  "type": "object",
                                                  "properties": {
                                                    "type": {
                                                      "type": "string"
                                                    }
                                                  }
                                                },
                                                "PrincipalType": {
                                                  "type": "object",
                                                  "properties": {
                                                    "type": {
                                                      "type": "string"
                                                    }
                                                  }
                                                }
                                              }
                                            }
                                          }
                                        }
                                      }
                                    }
                                  }
                                }
                              }
                            }
                          }
                        }
                      }
                    }
                  }
                }
              }
            }
          }
        },
        "Apply_to_each": {
          "foreach": "@body('Parse_JSON')?['d']?['results']",
          "actions": {
            "Send_an_HTTP_request_to_SharePoint_10": {
              "runAfter": {},
              "metadata": {
                "operationMetadataId": "dd3b2f74-5132-4989-86a8-d1e08c7fa225"
              },
              "type": "OpenApiConnection",
              "inputs": {
                "host": {
                  "connectionName": "shared_sharepointonline_2",
                  "operationId": "HttpRequest",
                  "apiId": "/providers/Microsoft.PowerApps/apis/shared_sharepointonline"
                },
                "parameters": {
                  "dataset": "@variables('SiteAddress')",
                  "parameters/method": "POST",
                  "parameters/uri": "_api/web/lists/getbytitle('CLM365Request')/items(@{triggerOutputs()?['body/ID']})/roleassignments/removeroleassignment(principalid=@{items('Apply_to_each')['Member']['Id']})"
                },
                "authentication": "@parameters('$authentication')"
              }
            }
          },
          "runAfter": {
            "Parse_JSON": [
              "Succeeded"
            ]
          },
          "metadata": {
            "operationMetadataId": "f2594fe5-917e-4787-8c2c-30e1941c30b5"
          },
          "type": "Foreach"
        },
        "Get_App_User": {
          "runAfter": {
            "Send_an_HTTP_request_to_SharePoint_12": [
              "Succeeded"
            ]
          },
          "metadata": {
            "operationMetadataId": "afc7b457-260a-4055-8139-f2ca945a0613"
          },
          "type": "OpenApiConnection",
          "inputs": {
            "host": {
              "connectionName": "shared_sharepointonline_2",
              "operationId": "HttpRequest",
              "apiId": "/providers/Microsoft.PowerApps/apis/shared_sharepointonline"
            },
            "parameters": {
              "dataset": "@variables('SiteAddress')",
              "parameters/method": "GET",
              "parameters/uri": "_api/web/lists/getbytitle('CLM365Users')/items?$select=ID,SPUser/ID,Manager/ID&$expand=SPUser,Manager"
            },
            "authentication": "@parameters('$authentication')"
          }
        },
        "Current_User_Details": {
          "runAfter": {
            "Get_App_User": [
              "Succeeded"
            ]
          },
          "metadata": {
            "operationMetadataId": "cb46e1e5-49a9-402d-b5fc-b4ca9d09846d"
          },
          "type": "Query",
          "inputs": {
            "from": "@body('Get_App_User')?['d']?['results']",
            "where": "@equals(item()?['SPUser']?['ID'], body('Send_an_HTTP_request_to_SharePoint_12')?['d']?['Id'])"
          }
        },
        "Add_Manager_Permission": {
          "actions": {
            "Append_to_array_variable_4": {
              "runAfter": {},
              "metadata": {
                "operationMetadataId": "5b3e5f0a-53d7-4110-8f81-4af4395b2263"
              },
              "type": "AppendToArrayVariable",
              "inputs": {
                "name": "AllTaskApproversArray",
                "value": {
                  "Id": "@body('Current_User_Details')?[0]?['Manager']?['ID']"
                }
              }
            }
          },
          "runAfter": {
            "Current_User_Details": [
              "Succeeded"
            ]
          },
          "expression": {
            "and": [
              {
                "greater": [
                  "@length(body('Current_User_Details'))",
                  0
                ]
              },
              {
                "not": {
                  "equals": [
                    "@body('Current_User_Details')?[0]?['Manager']",
                    null
                  ]
                }
              },
              {
                "not": {
                  "equals": [
                    "@body('Current_User_Details')?[0]?['Manager']",
                    "@null"
                  ]
                }
              },
              {
                "not": {
                  "equals": [
                    "@body('Current_User_Details')?[0]?['Manager']?['ID']",
                    "@null"
                  ]
                }
              }
            ]
          },
          "metadata": {
            "operationMetadataId": "ebfdf3ec-455c-4537-b10f-3e666d025388"
          },
          "type": "If"
        },
        "Permission_users": {
          "runAfter": {
            "Initialize_variable_4": [
              "Succeeded"
            ]
          },
          "metadata": {
            "operationMetadataId": "cadb0397-0997-4605-abc9-309fc6b2f418"
          },
          "type": "InitializeVariable",
          "inputs": {
            "variables": [
              {
                "name": "AllUserForPermission",
                "type": "array"
              }
            ]
          }
        },
        "App_Admin_Permission": {
          "runAfter": {
            "Permission_users": [
              "Succeeded"
            ]
          },
          "metadata": {
            "operationMetadataId": "018c761c-eaec-4a36-82ea-bfbe62da1101"
          },
          "type": "InitializeVariable",
          "inputs": {
            "variables": [
              {
                "name": "AppAdminPermission",
                "type": "array"
              }
            ]
          }
        },
        "Get_App_Users": {
          "runAfter": {
            "User_Groups": [
              "Succeeded"
            ]
          },
          "metadata": {
            "operationMetadataId": "4abb95e9-f497-46a0-9c1f-09d23660ef2a"
          },
          "type": "OpenApiConnection",
          "inputs": {
            "host": {
              "connectionName": "shared_sharepointonline_3",
              "operationId": "HttpRequest",
              "apiId": "/providers/Microsoft.PowerApps/apis/shared_sharepointonline"
            },
            "parameters": {
              "dataset": "@parameters('SiteAddress(CL365) (hr365_SiteAddressCL365)')",
              "parameters/method": "GET",
              "parameters/uri": "_api/web/lists/getbytitle('CLM365Users')/items?$select=*&$filter=UserStatus eq 'Active' and Role eq 'Admin'",
              "parameters/headers": {
                "Accept": "application/json;odata=verbose",
                "Content-Type": "application/json"
              }
            },
            "authentication": "@parameters('$authentication')"
          }
        },
        "Apply_to_each_User": {
          "foreach": "@body('Get_App_Users')['d']['results']",
          "actions": {
            "Append_to_array_variable_6": {
              "runAfter": {},
              "metadata": {
                "operationMetadataId": "785eac8b-6d0c-4aab-9889-3ee5e25cd0e8"
              },
              "type": "AppendToArrayVariable",
              "inputs": {
                "name": "AppAdminPermission",
                "value": {
                  "key": "Admin",
                  "ID": "@items('Apply_to_each_User')?['SPUserId']"
                }
              }
            }
          },
          "runAfter": {
            "Get_App_Users": [
              "Succeeded"
            ]
          },
          "metadata": {
            "operationMetadataId": "496e1ab2-032d-46a0-b072-d9212b3d4999"
          },
          "type": "Foreach"
        },
        "ContractTypeGUID": {
          "runAfter": {
            "Apply_to_each_User": [
              "Succeeded"
            ]
          },
          "metadata": {
            "operationMetadataId": "eaca0103-40b2-42b4-a413-309ea6786d69"
          },
          "type": "Compose",
          "inputs": "@split(coalesce(triggerOutputs()?['body/Contract_Type'], ''), '|')[1]"
        },
        "Get_Contract_Type": {
          "runAfter": {
            "ContractTypeGUID": [
              "Succeeded"
            ]
          },
          "metadata": {
            "operationMetadataId": "4abb95e9-f497-46a0-9c1f-09d23660ef2a"
          },
          "type": "OpenApiConnection",
          "inputs": {
            "host": {
              "connectionName": "shared_sharepointonline_3",
              "operationId": "HttpRequest",
              "apiId": "/providers/Microsoft.PowerApps/apis/shared_sharepointonline"
            },
            "parameters": {
              "dataset": "@variables('SiteAddress')",
              "parameters/method": "GET",
              "parameters/uri": "_api/web/lists/getbytitle('CLM365Contract_Type')/items?$select=ID,Guid_ID,ContractName,UserGroup,BusinessUser/ID,BusinessUser/Title,LegalUser/ID,LegalUser/Title&$expand=BusinessUser,LegalUser&$filter=Guid_ID eq '@{outputs('ContractTypeGUID')}'",
              "parameters/headers": {
                "Accept": "application/json;odata=verbose",
                "Content-Type": "application/json"
              }
            },
            "authentication": "@parameters('$authentication')"
          }
        },
        "BusinessUser": {
          "runAfter": {
            "Get_Contract_Type": [
              "Succeeded"
            ]
          },
          "metadata": {
            "operationMetadataId": "6f51337f-cf7b-4b6a-aa08-d3bee5b98dfc"
          },
          "type": "Compose",
          "inputs": "@coalesce(body('Get_Contract_Type')?['d']?['results'][0]?['BusinessUser']?['results'], json('[]'))"
        },
        "LegalUser": {
          "runAfter": {
            "BusinessUser": [
              "Succeeded"
            ]
          },
          "metadata": {
            "operationMetadataId": "6f3f9b80-6e65-43f9-ba78-ad1f1b81ecff"
          },
          "type": "Compose",
          "inputs": "@coalesce(body('Get_Contract_Type')?['d']?['results'][0]?['LegalUser']?['results'], json('[]'))"
        },
        "UserGroupArray": {
          "runAfter": {
            "LegalUser": [
              "Succeeded"
            ]
          },
          "metadata": {
            "operationMetadataId": "f39a44d5-9a2c-4561-845a-a9bfddc76ad6"
          },
          "type": "Compose",
          "inputs": "@if(\r\n    or(\r\n        equals(body('Get_Contract_Type')?['d']?['results'][0]?['UserGroup'], null),\r\n        equals(body('Get_Contract_Type')?['d']?['results'][0]?['UserGroup'], '')\r\n    ),\r\n    json('[]'),\r\n    json(body('Get_Contract_Type')?['d']?['results'][0]?['UserGroup'])\r\n)\r\n"
        },
        "User_Group": {
          "foreach": "@outputs('UserGroupArray')",
          "actions": {
            "Get_Group_ID": {
              "runAfter": {},
              "metadata": {
                "operationMetadataId": "42bbc7e8-2554-4bd1-966f-af677fcf82b2"
              },
              "type": "OpenApiConnection",
              "inputs": {
                "host": {
                  "connectionName": "shared_sharepointonline_2",
                  "operationId": "HttpRequest",
                  "apiId": "/providers/Microsoft.PowerApps/apis/shared_sharepointonline"
                },
                "parameters": {
                  "dataset": "@variables('SiteAddress')",
                  "parameters/method": "GET",
                  "parameters/uri": "_api/web/sitegroups/getbyname('@{items('User_Group')?['key']}')"
                },
                "authentication": "@parameters('$authentication')"
              }
            },
            "Group_ID_Exist": {
              "actions": {
                "Append_to_user_group": {
                  "runAfter": {},
                  "metadata": {
                    "operationMetadataId": "6c21a5e3-19a6-43ec-aecc-0634d9c402a3"
                  },
                  "type": "AppendToArrayVariable",
                  "inputs": {
                    "name": "UserGroup",
                    "value": {
                      "key": "@body('Get_Group_ID')?['d']?['Title']",
                      "ID": "@body('Get_Group_ID')?['d']?['Id']"
                    }
                  }
                }
              },
              "runAfter": {
                "Get_Group_ID": [
                  "Succeeded"
                ]
              },
              "expression": {
                "not": {
                  "equals": [
                    "@body('Get_Group_ID')?['d']?['Id']",
                    null
                  ]
                }
              },
              "metadata": {
                "operationMetadataId": "0105058e-9fc3-4733-89f1-80a2d75c2ffe"
              },
              "type": "If"
            }
          },
          "runAfter": {
            "UserGroupArray": [
              "Succeeded"
            ]
          },
          "metadata": {
            "operationMetadataId": "e96caca7-3799-48e3-be3d-de1d600fd363"
          },
          "type": "Foreach"
        },
        "Contract_Type_Permissions": {
          "runAfter": {
            "User_Group": [
              "Succeeded"
            ]
          },
          "metadata": {
            "operationMetadataId": "cbe778a2-6653-493a-809b-06f41ab653b3"
          },
          "type": "Compose",
          "inputs": "@union(variables('UserGroup'), outputs('LegalUser'), outputs('BusinessUser'))"
        },
        "User_Groups": {
          "runAfter": {
            "App_Admin_Permission": [
              "Succeeded"
            ]
          },
          "metadata": {
            "operationMetadataId": "378b0dc9-049a-4471-89e0-678c146924a1"
          },
          "type": "InitializeVariable",
          "inputs": {
            "variables": [
              {
                "name": "UserGroup",
                "type": "array",
                "value": []
              }
            ]
          }
        },
        "Set_All_user_Permission": {
          "runAfter": {
            "Condition": [
              "Succeeded"
            ]
          },
          "metadata": {
            "operationMetadataId": "c8502470-dc55-499f-b361-dda44907d8c1"
          },
          "type": "SetVariable",
          "inputs": {
            "name": "AllUserForPermission",
            "value": "@union(variables('AppAdminPermission'), variables('AllTaskApproversArray'), variables('ShareWithOthersArray'),outputs('Contract_Type_Permissions'))"
          }
        },
        "Add_Permission": {
          "foreach": "@variables('AllUserForPermission')",
          "actions": {
            "Add_Permission_to_CLM365Request": {
              "runAfter": {},
              "metadata": {
                "operationMetadataId": "dafacf20-2006-4643-9887-42a879b37d72"
              },
              "type": "OpenApiConnection",
              "inputs": {
                "host": {
                  "connectionName": "shared_sharepointonline_2",
                  "operationId": "HttpRequest",
                  "apiId": "/providers/Microsoft.PowerApps/apis/shared_sharepointonline"
                },
                "parameters": {
                  "dataset": "@parameters('SiteAddress(CL365) (hr365_SiteAddressCL365)')",
                  "parameters/method": "POST",
                  "parameters/uri": "_api/lists/getByTitle('CLM365Request')/items(@{triggerOutputs()?['body/ID']})/roleassignments/addroleassignment(principalid=@{items('Add_Permission')?['Id']},roledefid=1073741827)"
                },
                "authentication": "@parameters('$authentication')"
              }
            },
            "Add_Permission_to_CLM365RequestDraft": {
              "runAfter": {
                "Add_Permission_to_CLM365Request": [
                  "Succeeded"
                ]
              },
              "metadata": {
                "operationMetadataId": "c8f3d74e-ffc1-450b-aa54-704fe49904ba"
              },
              "type": "OpenApiConnection",
              "inputs": {
                "host": {
                  "connectionName": "shared_sharepointonline_2",
                  "operationId": "HttpRequest",
                  "apiId": "/providers/Microsoft.PowerApps/apis/shared_sharepointonline"
                },
                "parameters": {
                  "dataset": "@variables('SiteAddress')",
                  "parameters/method": "POST",
                  "parameters/uri": "_api/lists/getByTitle('CLM365RequestDraft')/items(@{body('Send_an_HTTP_request_to_SharePoint_3')?['d']?['ListItemAllFields']?['Id']})/roleassignments/addroleassignment(principalid=@{items('Add_Permission')?['Id']},roledefid=@{variables('ContributeID')})"
                },
                "authentication": "@parameters('$authentication')"
              }
            },
            "Add_Permission_to_CLM365TaskAttachment": {
              "runAfter": {
                "Add_Permission_to_CLM365RequestDraft": [
                  "Succeeded",
                  "Failed"
                ]
              },
              "metadata": {
                "operationMetadataId": "ac80ae5f-eb2e-422a-8d62-2c5776c1274a"
              },
              "type": "OpenApiConnection",
              "inputs": {
                "host": {
                  "connectionName": "shared_sharepointonline_2",
                  "operationId": "HttpRequest",
                  "apiId": "/providers/Microsoft.PowerApps/apis/shared_sharepointonline"
                },
                "parameters": {
                  "dataset": "@parameters('SiteAddress(CL365) (hr365_SiteAddressCL365)')",
                  "parameters/method": "POST",
                  "parameters/uri": "_api/lists/getByTitle('CLM365TaskAttachment')/items(@{body('Send_an_HTTP_request_to_SharePoint_4')?['d']?['ListItemAllFields']?['Id']})/roleassignments/addroleassignment(principalid=@{items('Add_Permission')?['Id']},roledefid=@{variables('ContributeID')})"
                },
                "authentication": "@parameters('$authentication')"
              }
            }
          },
          "runAfter": {
            "Apply_to_each": [
              "Succeeded"
            ]
          },
          "metadata": {
            "operationMetadataId": "5fbfce3b-91f1-4d38-9cd0-5a89744377ba"
          },
          "type": "Foreach"
        }
      }
    },
    "templateName": "88f144a91cf14b4e8e65da7d26479ffb"
  },
  "schemaVersion": "1.0.0.0"
}