<environmentvariabledefinition schemaname="hrms365_AdminCenterURLHRMS365">
  <defaultvalue>https://zw4fg-admin.sharepoint.com/</defaultvalue>
  <description default="HRMS New Variable for AdminCenter URL(hr365_AdminCenterURL)">
    <label description="HRMS New Variable for AdminCenter URL(hr365_AdminCenterURL)" languagecode="1033" />
  </description>
  <displayname default="AdminCenter URL (HRMS365)">
    <label description="AdminCenter URL (HRMS365)" languagecode="1033" />
  </displayname>
  <introducedversion>25.0825.1347.8</introducedversion>
  <iscustomizable>1</iscustomizable>
  <isrequired>0</isrequired>
  <secretstore>0</secretstore>
  <type>100000000</type>
</environmentvariabledefinition>