<ImportExportXml xmlns:xsi="http://www.w3.org/2001/XMLSchema-instance">
  <Entities></Entities>
  <Roles></Roles>
  <Workflows>
    <Workflow WorkflowId="{66a4f6dd-87e9-ed11-a7c6-000d3a1b9670}" Name="HR365 - AssetAcceptFlow">
      <JsonFileName>/Workflows/HR365-AssetAcceptFlow-66A4F6DD-87E9-ED11-A7C6-000D3A1B9670.json</JsonFileName>
      <Type>1</Type>
      <Subprocess>0</Subprocess>
      <Category>5</Category>
      <Mode>0</Mode>
      <Scope>4</Scope>
      <OnDemand>0</OnDemand>
      <TriggerOnCreate>0</TriggerOnCreate>
      <TriggerOnDelete>0</TriggerOnDelete>
      <AsyncAutodelete>0</AsyncAutodelete>
      <SyncWorkflowLogOnFailure>0</SyncWorkflowLogOnFailure>
      <StateCode>1</StateCode>
      <StatusCode>2</StatusCode>
      <RunAs>1</RunAs>
      <IsTransacted>1</IsTransacted>
      <IntroducedVersion>1.0.0.1</IntroducedVersion>
      <IsCustomizable>1</IsCustomizable>
      <IsCustomProcessingStepAllowedForOtherPublishers>1</IsCustomProcessingStepAllowedForOtherPublishers>
      <PrimaryEntity>none</PrimaryEntity>
      <LocalizedNames>
        <LocalizedName languagecode="1033" description="HR365 - AssetAcceptFlow" />
      </LocalizedNames>
    </Workflow>
    <Workflow WorkflowId="{9c570847-9ce9-ed11-a7c6-000d3a1b9670}" Name="HR365 - Asset booking and maintainence reminder flow">
      <JsonFileName>/Workflows/HR365-Assetbookingandmaintainencereminderflow-9C570847-9CE9-ED11-A7C6-000D3A1B9670.json</JsonFileName>
      <Type>1</Type>
      <Subprocess>0</Subprocess>
      <Category>5</Category>
      <Mode>0</Mode>
      <Scope>4</Scope>
      <OnDemand>0</OnDemand>
      <TriggerOnCreate>0</TriggerOnCreate>
      <TriggerOnDelete>0</TriggerOnDelete>
      <AsyncAutodelete>0</AsyncAutodelete>
      <SyncWorkflowLogOnFailure>0</SyncWorkflowLogOnFailure>
      <StateCode>0</StateCode>
      <StatusCode>1</StatusCode>
      <RunAs>1</RunAs>
      <IsTransacted>1</IsTransacted>
      <IntroducedVersion>1.0.0.1</IntroducedVersion>
      <IsCustomizable>1</IsCustomizable>
      <IsCustomProcessingStepAllowedForOtherPublishers>1</IsCustomProcessingStepAllowedForOtherPublishers>
      <PrimaryEntity>none</PrimaryEntity>
      <LocalizedNames>
        <LocalizedName languagecode="1033" description="HR365 - Asset booking and maintainence reminder flow" />
      </LocalizedNames>
    </Workflow>
    <Workflow WorkflowId="{58f31e94-fd38-ef11-a316-000d3a3e0846}" Name="AM365 Software Expiry Reminder">
      <JsonFileName>/Workflows/AM365SoftwareExpiryReminder-58F31E94-FD38-EF11-A316-000D3A3E0846.json</JsonFileName>
      <Type>1</Type>
      <Subprocess>0</Subprocess>
      <Category>5</Category>
      <Mode>0</Mode>
      <Scope>4</Scope>
      <OnDemand>0</OnDemand>
      <TriggerOnCreate>0</TriggerOnCreate>
      <TriggerOnDelete>0</TriggerOnDelete>
      <AsyncAutodelete>0</AsyncAutodelete>
      <SyncWorkflowLogOnFailure>0</SyncWorkflowLogOnFailure>
      <StateCode>1</StateCode>
      <StatusCode>2</StatusCode>
      <RunAs>1</RunAs>
      <IsTransacted>1</IsTransacted>
      <IntroducedVersion>13.24.0212.2030</IntroducedVersion>
      <IsCustomizable>1</IsCustomizable>
      <BusinessProcessType>0</BusinessProcessType>
      <IsCustomProcessingStepAllowedForOtherPublishers>1</IsCustomProcessingStepAllowedForOtherPublishers>
      <PrimaryEntity>none</PrimaryEntity>
      <LocalizedNames>
        <LocalizedName languagecode="1033" description="AM365 Software Expiry Reminder" />
      </LocalizedNames>
    </Workflow>
    <Workflow WorkflowId="{d62aa1ab-113b-ed11-9db1-000d3af06fb9}" Name="HR365 - AM Return Rerminder">
      <JsonFileName>/Workflows/HR365-AMReturnRerminder-D62AA1AB-113B-ED11-9DB1-000D3AF06FB9.json</JsonFileName>
      <Type>1</Type>
      <Subprocess>0</Subprocess>
      <Category>5</Category>
      <Mode>0</Mode>
      <Scope>4</Scope>
      <OnDemand>0</OnDemand>
      <TriggerOnCreate>0</TriggerOnCreate>
      <TriggerOnDelete>0</TriggerOnDelete>
      <AsyncAutodelete>0</AsyncAutodelete>
      <SyncWorkflowLogOnFailure>0</SyncWorkflowLogOnFailure>
      <StateCode>0</StateCode>
      <StatusCode>1</StatusCode>
      <RunAs>1</RunAs>
      <IsTransacted>1</IsTransacted>
      <IntroducedVersion>1.0.0.0</IntroducedVersion>
      <IsCustomizable>1</IsCustomizable>
      <IsCustomProcessingStepAllowedForOtherPublishers>1</IsCustomProcessingStepAllowedForOtherPublishers>
      <PrimaryEntity>none</PrimaryEntity>
      <LocalizedNames>
        <LocalizedName languagecode="1033" description="HR365 - AM Return Rerminder" />
      </LocalizedNames>
    </Workflow>
    <Workflow WorkflowId="{23e798b3-ae14-ee11-9cbd-002248d5d764}" Name="HR365 - AM ItemLevelPermission">
      <JsonFileName>/Workflows/HR365-AMItemLevelPermission-23E798B3-AE14-EE11-9CBD-002248D5D764.json</JsonFileName>
      <Type>1</Type>
      <Subprocess>0</Subprocess>
      <Category>5</Category>
      <Mode>0</Mode>
      <Scope>4</Scope>
      <OnDemand>0</OnDemand>
      <TriggerOnCreate>0</TriggerOnCreate>
      <TriggerOnDelete>0</TriggerOnDelete>
      <AsyncAutodelete>0</AsyncAutodelete>
      <SyncWorkflowLogOnFailure>0</SyncWorkflowLogOnFailure>
      <StateCode>1</StateCode>
      <StatusCode>2</StatusCode>
      <RunAs>1</RunAs>
      <IsTransacted>1</IsTransacted>
      <IntroducedVersion>27.06.0955</IntroducedVersion>
      <IsCustomizable>1</IsCustomizable>
      <IsCustomProcessingStepAllowedForOtherPublishers>1</IsCustomProcessingStepAllowedForOtherPublishers>
      <PrimaryEntity>none</PrimaryEntity>
      <LocalizedNames>
        <LocalizedName languagecode="1033" description="HR365 - AM ItemLevelPermission" />
      </LocalizedNames>
    </Workflow>
  </Workflows>
  <FieldSecurityProfiles></FieldSecurityProfiles>
  <Templates />
  <EntityMaps />
  <EntityRelationships />
  <OrganizationSettings />
  <optionsets />
  <CustomControls />
  <EntityDataProviders />
  <connectionreferences>
    <connectionreference connectionreferencelogicalname="hr365_sharedoffice365_17029">
      <connectionreferencedisplayname>Office 365 Outlook HR365AssetManagement-17029</connectionreferencedisplayname>
      <connectorid>/providers/Microsoft.PowerApps/apis/shared_office365</connectorid>
      <iscustomizable>1</iscustomizable>
      <statecode>0</statecode>
      <statuscode>1</statuscode>
    </connectionreference>
    <connectionreference connectionreferencelogicalname="hr365_sharedoffice365_1b292">
      <connectionreferencedisplayname>Office 365 Outlook HR365AssetManagement-1b292</connectionreferencedisplayname>
      <connectorid>/providers/Microsoft.PowerApps/apis/shared_office365</connectorid>
      <iscustomizable>1</iscustomizable>
      <statecode>0</statecode>
      <statuscode>1</statuscode>
    </connectionreference>
    <connectionreference connectionreferencelogicalname="hr365_sharedoffice365_2da46">
      <connectionreferencedisplayname>Office 365 Outlook HR365AMMReminder-2da46</connectionreferencedisplayname>
      <connectorid>/providers/Microsoft.PowerApps/apis/shared_office365</connectorid>
      <iscustomizable>1</iscustomizable>
      <statecode>0</statecode>
      <statuscode>1</statuscode>
    </connectionreference>
    <connectionreference connectionreferencelogicalname="hr365_sharedoffice365_54cd6">
      <connectionreferencedisplayname>Office 365 Outlook HR365AMMReminder-54cd6</connectionreferencedisplayname>
      <connectorid>/providers/Microsoft.PowerApps/apis/shared_office365</connectorid>
      <iscustomizable>1</iscustomizable>
      <statecode>0</statecode>
      <statuscode>1</statuscode>
    </connectionreference>
    <connectionreference connectionreferencelogicalname="hr365_sharedoffice365_79008">
      <connectionreferencedisplayname>Office 365 Outlook HR365AMMReminder-79008</connectionreferencedisplayname>
      <connectorid>/providers/Microsoft.PowerApps/apis/shared_office365</connectorid>
      <iscustomizable>1</iscustomizable>
      <statecode>0</statecode>
      <statuscode>1</statuscode>
    </connectionreference>
    <connectionreference connectionreferencelogicalname="hr365_sharedoffice365_aaf00">
      <connectionreferencedisplayname>Office 365 Outlook HR365AMMReminder-aaf00</connectionreferencedisplayname>
      <connectorid>/providers/Microsoft.PowerApps/apis/shared_office365</connectorid>
      <iscustomizable>1</iscustomizable>
      <statecode>0</statecode>
      <statuscode>1</statuscode>
    </connectionreference>
    <connectionreference connectionreferencelogicalname="hr365_sharedoffice365_f6559">
      <connectionreferencedisplayname>Office 365 Outlook HR365AMMReminder-f6559</connectionreferencedisplayname>
      <connectorid>/providers/Microsoft.PowerApps/apis/shared_office365</connectorid>
      <iscustomizable>1</iscustomizable>
      <statecode>0</statecode>
      <statuscode>1</statuscode>
    </connectionreference>
    <connectionreference connectionreferencelogicalname="hr365_sharedoffice365_fcbc8">
      <connectionreferencedisplayname>Office 365 Outlook HR365AMMReminder-fcbc8</connectionreferencedisplayname>
      <connectorid>/providers/Microsoft.PowerApps/apis/shared_office365</connectorid>
      <iscustomizable>1</iscustomizable>
      <statecode>0</statecode>
      <statuscode>1</statuscode>
    </connectionreference>
    <connectionreference connectionreferencelogicalname="hr365_sharedoffice365_fcc08">
      <connectionreferencedisplayname>Office 365 Outlook HR365_HDP-fcc08</connectionreferencedisplayname>
      <connectorid>/providers/Microsoft.PowerApps/apis/shared_office365</connectorid>
      <iscustomizable>1</iscustomizable>
      <statecode>0</statecode>
      <statuscode>1</statuscode>
    </connectionreference>
    <connectionreference connectionreferencelogicalname="hr365_sharedonedriveforbusiness_2c06b">
      <connectionreferencedisplayname>OneDrive for Business HR365AMMReminder-2c06b</connectionreferencedisplayname>
      <connectorid>/providers/Microsoft.PowerApps/apis/shared_onedriveforbusiness</connectorid>
      <iscustomizable>1</iscustomizable>
      <statecode>0</statecode>
      <statuscode>1</statuscode>
    </connectionreference>
    <connectionreference connectionreferencelogicalname="hr365_sharedonedriveforbusiness_490a9">
      <connectionreferencedisplayname>OneDrive for Business HR365OBM_SPFx-490a9</connectionreferencedisplayname>
      <connectorid>/providers/Microsoft.PowerApps/apis/shared_onedriveforbusiness</connectorid>
      <iscustomizable>1</iscustomizable>
      <statecode>0</statecode>
      <statuscode>1</statuscode>
    </connectionreference>
    <connectionreference connectionreferencelogicalname="hr365_sharedonedriveforbusiness_b2859">
      <connectionreferencedisplayname>OneDrive for Business HR365AMMReminder-b2859</connectionreferencedisplayname>
      <connectorid>/providers/Microsoft.PowerApps/apis/shared_onedriveforbusiness</connectorid>
      <iscustomizable>1</iscustomizable>
      <statecode>0</statecode>
      <statuscode>1</statuscode>
    </connectionreference>
    <connectionreference connectionreferencelogicalname="hr365_sharedonedriveforbusiness_d607c">
      <connectionreferencedisplayname>OneDrive for Business HR365AMMReminder-d607c</connectionreferencedisplayname>
      <connectorid>/providers/Microsoft.PowerApps/apis/shared_onedriveforbusiness</connectorid>
      <iscustomizable>1</iscustomizable>
      <statecode>0</statecode>
      <statuscode>1</statuscode>
    </connectionreference>
    <connectionreference connectionreferencelogicalname="hr365_sharedsharepointonline_21459">
      <connectionreferencedisplayname>SharePoint HR365AMMReminder-21459</connectionreferencedisplayname>
      <connectorid>/providers/Microsoft.PowerApps/apis/shared_sharepointonline</connectorid>
      <iscustomizable>1</iscustomizable>
      <statecode>0</statecode>
      <statuscode>1</statuscode>
    </connectionreference>
    <connectionreference connectionreferencelogicalname="hr365_sharedsharepointonline_2d2c0">
      <connectionreferencedisplayname>SharePoint HR365AMMReminder-2d2c0</connectionreferencedisplayname>
      <connectorid>/providers/Microsoft.PowerApps/apis/shared_sharepointonline</connectorid>
      <iscustomizable>1</iscustomizable>
      <statecode>0</statecode>
      <statuscode>1</statuscode>
    </connectionreference>
    <connectionreference connectionreferencelogicalname="hr365_sharedsharepointonline_37452">
      <connectionreferencedisplayname>SharePoint HR365AMMReminder-37452</connectionreferencedisplayname>
      <connectorid>/providers/Microsoft.PowerApps/apis/shared_sharepointonline</connectorid>
      <iscustomizable>1</iscustomizable>
      <statecode>0</statecode>
      <statuscode>1</statuscode>
    </connectionreference>
    <connectionreference connectionreferencelogicalname="hr365_sharedsharepointonline_3c470">
      <connectionreferencedisplayname>SharePoint HR365OBM_SPFx-3c470</connectionreferencedisplayname>
      <connectorid>/providers/Microsoft.PowerApps/apis/shared_sharepointonline</connectorid>
      <iscustomizable>1</iscustomizable>
      <statecode>0</statecode>
      <statuscode>1</statuscode>
    </connectionreference>
    <connectionreference connectionreferencelogicalname="hr365_sharedsharepointonline_5a39d">
      <connectionreferencedisplayname>SharePoint HR365AMMReminder-5a39d</connectionreferencedisplayname>
      <connectorid>/providers/Microsoft.PowerApps/apis/shared_sharepointonline</connectorid>
      <iscustomizable>1</iscustomizable>
      <statecode>0</statecode>
      <statuscode>1</statuscode>
    </connectionreference>
    <connectionreference connectionreferencelogicalname="hr365_sharedsharepointonline_79d78">
      <connectionreferencedisplayname>SharePoint HR365AMMReminder-79d78</connectionreferencedisplayname>
      <connectorid>/providers/Microsoft.PowerApps/apis/shared_sharepointonline</connectorid>
      <iscustomizable>1</iscustomizable>
      <statecode>0</statecode>
      <statuscode>1</statuscode>
    </connectionreference>
    <connectionreference connectionreferencelogicalname="hr365_sharedsharepointonline_7bdbd">
      <connectionreferencedisplayname>SharePoint EPM-7bdbd</connectionreferencedisplayname>
      <connectorid>/providers/Microsoft.PowerApps/apis/shared_sharepointonline</connectorid>
      <iscustomizable>1</iscustomizable>
      <statecode>0</statecode>
      <statuscode>1</statuscode>
    </connectionreference>
    <connectionreference connectionreferencelogicalname="hr365_sharedsharepointonline_92a58">
      <connectionreferencedisplayname>SharePoint HR365PMP-92a58</connectionreferencedisplayname>
      <connectorid>/providers/Microsoft.PowerApps/apis/shared_sharepointonline</connectorid>
      <iscustomizable>1</iscustomizable>
      <statecode>0</statecode>
      <statuscode>1</statuscode>
    </connectionreference>
    <connectionreference connectionreferencelogicalname="hr365_sharedsharepointonline_9bd3b">
      <connectionreferencedisplayname>SharePoint HR365AMMReminder-9bd3b</connectionreferencedisplayname>
      <connectorid>/providers/Microsoft.PowerApps/apis/shared_sharepointonline</connectorid>
      <iscustomizable>1</iscustomizable>
      <statecode>0</statecode>
      <statuscode>1</statuscode>
    </connectionreference>
    <connectionreference connectionreferencelogicalname="hr365_sharedsharepointonline_caae9">
      <connectionreferencedisplayname>SharePoint HR365AMMReminder-caae9</connectionreferencedisplayname>
      <connectorid>/providers/Microsoft.PowerApps/apis/shared_sharepointonline</connectorid>
      <iscustomizable>1</iscustomizable>
      <statecode>0</statecode>
      <statuscode>1</statuscode>
    </connectionreference>
    <connectionreference connectionreferencelogicalname="hr365_sharedsharepointonline_d098a">
      <connectionreferencedisplayname>SharePoint HR365_HDP-d098a</connectionreferencedisplayname>
      <connectorid>/providers/Microsoft.PowerApps/apis/shared_sharepointonline</connectorid>
      <iscustomizable>1</iscustomizable>
      <statecode>0</statecode>
      <statuscode>1</statuscode>
    </connectionreference>
    <connectionreference connectionreferencelogicalname="hr365_sharedsharepointonline_d1126">
      <connectionreferencedisplayname>SharePoint HR365AMMReminder-d1126</connectionreferencedisplayname>
      <connectorid>/providers/Microsoft.PowerApps/apis/shared_sharepointonline</connectorid>
      <iscustomizable>1</iscustomizable>
      <statecode>0</statecode>
      <statuscode>1</statuscode>
    </connectionreference>
    <connectionreference connectionreferencelogicalname="hr365_sharedsharepointonline_e8531">
      <connectionreferencedisplayname>SharePoint HR365AssetManagement-e8531</connectionreferencedisplayname>
      <connectorid>/providers/Microsoft.PowerApps/apis/shared_sharepointonline</connectorid>
      <iscustomizable>1</iscustomizable>
      <statecode>0</statecode>
      <statuscode>1</statuscode>
    </connectionreference>
    <connectionreference connectionreferencelogicalname="new_sharedonedriveforbusiness_2c30f">
      <connectionreferencedisplayname>OneDrive for Business Default-2c30f</connectionreferencedisplayname>
      <connectorid>/providers/Microsoft.PowerApps/apis/shared_onedriveforbusiness</connectorid>
      <iscustomizable>1</iscustomizable>
      <statecode>0</statecode>
      <statuscode>1</statuscode>
    </connectionreference>
    <connectionreference connectionreferencelogicalname="new_sharedonedriveforbusiness_3008d">
      <connectionreferencedisplayname>OneDrive for Business Default-3008d</connectionreferencedisplayname>
      <connectorid>/providers/Microsoft.PowerApps/apis/shared_onedriveforbusiness</connectorid>
      <iscustomizable>1</iscustomizable>
      <statecode>0</statecode>
      <statuscode>1</statuscode>
    </connectionreference>
    <connectionreference connectionreferencelogicalname="new_sharedsharepointonline_8de55">
      <connectionreferencedisplayname>SharePoint Default-8de55</connectionreferencedisplayname>
      <connectorid>/providers/Microsoft.PowerApps/apis/shared_sharepointonline</connectorid>
      <iscustomizable>1</iscustomizable>
      <statecode>0</statecode>
      <statuscode>1</statuscode>
    </connectionreference>
    <connectionreference connectionreferencelogicalname="new_sharedsharepointonline_9e1cb">
      <connectionreferencedisplayname>SharePoint Default-9e1cb</connectionreferencedisplayname>
      <connectorid>/providers/Microsoft.PowerApps/apis/shared_sharepointonline</connectorid>
      <iscustomizable>1</iscustomizable>
      <statecode>0</statecode>
      <statuscode>1</statuscode>
    </connectionreference>
  </connectionreferences>
  <Languages>
    <Language>1033</Language>
  </Languages>
</ImportExportXml>