<environmentvariabledefinition schemaname="hr365_ApplicationURLTS365">
  <defaultvalue>https://megazap.sharepoint.com/sites/25TS2/SitePages/25TS2.aspx</defaultvalue>
  <displayname default="ApplicationURL(TS365)">
    <label description="ApplicationURL(TS365)" languagecode="1033" />
  </displayname>
  <introducedversion>13.24.0215.1249</introducedversion>
  <iscustomizable>1</iscustomizable>
  <isrequired>0</isrequired>
  <secretstore>0</secretstore>
  <type>100000000</type>
</environmentvariabledefinition>