<environmentvariabledefinition schemaname="hrms365_MSFormIdGuestUserHRMS365">
  <defaultvalue>K0aEMIUYjEi_jEvVW_MSTAMAGvPO9g5Oic2q9heY1ylUOThGSlgzQVo3M1g5MTg0RUo2M0czTFFQOS4u</defaultvalue>
  <description default="HRMS New variable for MSFormIdGuestUser(OBM)(hr365_MSFormIdGuestUserOBM)">
    <label description="HRMS New variable for MSFormIdGuestUser(OBM)(hr365_MSFormIdGuestUserOBM)" languagecode="1033" />
  </description>
  <displayname default="MSFormIdGuestUser (HRMS365)">
    <label description="MSFormIdGuestUser (HRMS365)" languagecode="1033" />
  </displayname>
  <introducedversion>25.0825.1347.8</introducedversion>
  <iscustomizable>1</iscustomizable>
  <isrequired>0</isrequired>
  <secretstore>0</secretstore>
  <type>100000000</type>
</environmentvariabledefinition>