<environmentvariabledefinition schemaname="hrms365_isHRMSHRMS365">
  <defaultvalue>yes</defaultvalue>
  <description default="HRMS New Variable for isHRMS(hr365_isHRMS)">
    <label description="HRMS New Variable for isHRMS(hr365_isHRMS)" languagecode="1033" />
  </description>
  <displayname default="isHRMS (HRMS365)">
    <label description="isHRMS (HRMS365)" languagecode="1033" />
  </displayname>
  <introducedversion>25.0825.1347.8</introducedversion>
  <iscustomizable>1</iscustomizable>
  <isrequired>0</isrequired>
  <secretstore>0</secretstore>
  <type>100000002</type>
</environmentvariabledefinition>