<environmentvariabledefinition schemaname="hrms365_SiteAddressHRMS365">
  <defaultvalue>https://zw4fg.sharepoint.com/sites/HRMS001</defaultvalue>
  <description default="HRMS New Variable for SiteAddress(TMM)(hr365_SiteAddressTMM)">
    <label description="HRMS New Variable for SiteAddress(TMM)(hr365_SiteAddressTMM)" languagecode="1033" />
  </description>
  <displayname default="SiteAddress (HRMS365)">
    <label description="SiteAddress (HRMS365)" languagecode="1033" />
  </displayname>
  <introducedversion>25.0825.1347.8</introducedversion>
  <iscustomizable>1</iscustomizable>
  <isrequired>0</isrequired>
  <secretstore>0</secretstore>
  <type>100000000</type>
</environmentvariabledefinition>