<environmentvariabledefinition schemaname="hrms365_UserListNameHRMS365">
  <defaultvalue>HRMS365Users</defaultvalue>
  <description default="HRMS New Variable for UserListName(hr365_UserListName)">
    <label description="HRMS New Variable for UserListName(hr365_UserListName)" languagecode="1033" />
  </description>
  <displayname default="UserListName (HRMS365)">
    <label description="UserListName (HRMS365)" languagecode="1033" />
  </displayname>
  <introducedversion>25.0825.1347.8</introducedversion>
  <iscustomizable>1</iscustomizable>
  <isrequired>0</isrequired>
  <secretstore>0</secretstore>
  <type>100000000</type>
</environmentvariabledefinition>