{
  "properties": {
    "connectionReferences": {
      "shared_sharepointonline": {
        "runtimeSource": "embedded",
        "connection": {
          "connectionReferenceLogicalName": "new_sharedsharepointonline_e9209"
        },
        "api": {
          "name": "shared_sharepointonline"
        }
      },
      "shared_sharepointonline_1": {
        "runtimeSource": "embedded",
        "connection": {
          "connectionReferenceLogicalName": "new_sharedsharepointonline_e9209"
        },
        "api": {
          "name": "shared_sharepointonline"
        }
      }
    },
    "definition": {
      "$schema": "https://schema.management.azure.com/providers/Microsoft.Logic/schemas/2016-06-01/workflowdefinition.json#",
      "contentVersion": "1.0.0.0",
      "parameters": {
        "$connections": {
          "defaultValue": {},
          "type": "Object"
        },
        "$authentication": {
          "defaultValue": {},
          "type": "SecureObject"
        },
        "PageId (hr365wp_PageId)": {
          "defaultValue": "4",
          "type": "String",
          "metadata": {
            "schemaName": "hr365wp_PageId"
          }
        },
        "SettingListName (hr365_SettingListName)": {
          "defaultValue": "HRMS365AdvanceSettings",
          "type": "String",
          "metadata": {
            "schemaName": "hr365_SettingListName"
          }
        },
        "SiteAddress(TMM) (hr365_SiteAddressTMM)": {
          "defaultValue": "https://xzm41.sharepoint.com/sites/HRMSFIXB",
          "type": "String",
          "metadata": {
            "schemaName": "hr365_SiteAddressTMM"
          }
        }
      },
      "triggers": {
        "Recurrence": {
          "recurrence": {
            "frequency": "Hour",
            "interval": 6,
            "timeZone": "India Standard Time",
            "startTime": "2024-03-06T04:30:00Z"
          },
          "metadata": {
            "operationMetadataId": "6b96a3ba-02fe-465f-8860-22dc1b99868f"
          },
          "type": "Recurrence"
        }
      },
      "actions": {
        "Get_items": {
          "runAfter": {
            "Initialize_variable": [
              "Succeeded"
            ]
          },
          "metadata": {
            "operationMetadataId": "9f40544b-eddd-4f0a-9afb-d0c4083df38d"
          },
          "type": "OpenApiConnection",
          "inputs": {
            "host": {
              "connectionName": "shared_sharepointonline",
              "operationId": "GetItems",
              "apiId": "/providers/Microsoft.PowerApps/apis/shared_sharepointonline"
            },
            "parameters": {
              "dataset": "@variables('Site URL')",
              "table": "HR365EDMOrganizationChart",
              "$filter": "PageId eq '@{parameters('PageId (hr365wp_PageId)')}'"
            },
            "authentication": "@parameters('$authentication')"
          }
        },
        "Object_variable": {
          "runAfter": {
            "BirthdayImageUrl": [
              "Succeeded"
            ]
          },
          "metadata": {
            "operationMetadataId": "1367b9fc-cf76-4771-8b04-4eaaa35d2e72"
          },
          "type": "InitializeVariable",
          "inputs": {
            "variables": [
              {
                "name": "varObject",
                "type": "string"
              }
            ]
          }
        },
        "Array_variable": {
          "runAfter": {
            "Object_variable": [
              "Succeeded"
            ]
          },
          "metadata": {
            "operationMetadataId": "e9647299-46b1-461e-bb59-be8ef63a3112"
          },
          "type": "InitializeVariable",
          "inputs": {
            "variables": [
              {
                "name": "varArray",
                "type": "array"
              }
            ]
          }
        },
        "Apply_to_each": {
          "foreach": "@outputs('Get_items')?['body/value']",
          "actions": {
            "Set_variable": {
              "runAfter": {},
              "metadata": {
                "operationMetadataId": "f8b96f34-7cc9-46cc-9519-9fae4e0545ad"
              },
              "type": "SetVariable",
              "inputs": {
                "name": "varObject",
                "value": "@{outputs('Get_items')?['body']?['value'][0]?['Userlist']}"
              }
            },
            "Parse_JSON_2": {
              "runAfter": {
                "Set_variable": [
                  "Succeeded"
                ]
              },
              "metadata": {
                "operationMetadataId": "c48bf7c9-00df-4745-942f-1086b8f92b1c"
              },
              "type": "ParseJson",
              "inputs": {
                "content": "@variables('varObject')",
                "schema": {
                  "type": "array",
                  "items": {
                    "type": "object",
                    "properties": {
                      "Id": {
                        "type": "string"
                      },
                      "Email": {
                        "type": "string"
                      },
                      "name": {
                        "type": "string"
                      },
                      "ofcloc": {
                        "type": "string"
                      },
                      "dept": {
                        "type": "string"
                      },
                      "jtitle": {
                        "type": "string"
                      },
                      "EmploymentType": {
                        "type": "string"
                      },
                      "DOB": {
                        "type": "string"
                      },
                      "DOJ": {
                        "type": "string"
                      },
                      "Gender": {
                        "type": "string"
                      },
                      "img": {
                        "type": "string"
                      }
                    }
                  }
                }
              }
            },
            "Apply_to_each_2": {
              "foreach": "@body('Parse_JSON_2')",
              "actions": {
                "Append_to_array_variable": {
                  "runAfter": {},
                  "metadata": {
                    "operationMetadataId": "317c5738-b42d-4fea-abfa-eb825d1c61d0"
                  },
                  "type": "AppendToArrayVariable",
                  "inputs": {
                    "name": "varArray",
                    "value": "@items('Apply_to_each_2')?['Email']"
                  }
                },
                "Condition_to_check_Birth_Date": {
                  "actions": {
                    "Get_items_from_list": {
                      "runAfter": {
                        "Set_variable_2": [
                          "Succeeded"
                        ]
                      },
                      "metadata": {
                        "operationMetadataId": "6c7acbba-bda6-451b-a770-98e3ebcbfb40"
                      },
                      "type": "OpenApiConnection",
                      "inputs": {
                        "host": {
                          "connectionName": "shared_sharepointonline",
                          "operationId": "GetItems",
                          "apiId": "/providers/Microsoft.PowerApps/apis/shared_sharepointonline"
                        },
                        "parameters": {
                          "dataset": "@variables('Site URL')",
                          "table": "@parameters('SettingListName (hr365_SettingListName)')",
                          "$filter": "PageId eq '@{parameters('PageId (hr365wp_PageId)')}'"
                        },
                        "authentication": "@parameters('$authentication')"
                      }
                    },
                    "Get_Birthday_Template_from_List": {
                      "runAfter": {
                        "Get_items_from_list": [
                          "Succeeded"
                        ]
                      },
                      "metadata": {
                        "operationMetadataId": "2d618185-31dc-4ec2-a17d-9feaf63d5447"
                      },
                      "type": "SetVariable",
                      "inputs": {
                        "name": "Birthday",
                        "value": "@{outputs('Get_items_from_list')?['body']?['value'][0]?['BirthdayBody']}"
                      }
                    },
                    "Replace_DisplayName_Placeholder": {
                      "runAfter": {
                        "Get_Birthday_Template_from_List": [
                          "Succeeded"
                        ]
                      },
                      "metadata": {
                        "operationMetadataId": "0a54b91b-8bb5-41cc-ab6b-2dd96d71431d"
                      },
                      "type": "Compose",
                      "inputs": "@replace(variables('Birthday'),'[DisplayName]',if(empty(items('Apply_to_each_2')?['name']),'',string(items('Apply_to_each_2')?['name'])))"
                    },
                    "Replace_Hire_Date_Placeholder": {
                      "runAfter": {
                        "Replace_DisplayName_Placeholder": [
                          "Succeeded"
                        ]
                      },
                      "metadata": {
                        "operationMetadataId": "dd7f6b35-900a-4a45-9f53-77be4c7b71e0"
                      },
                      "type": "Compose",
                      "inputs": "@replace(outputs('Replace_DisplayName_Placeholder'),'[DOJ]',if(empty(items('Apply_to_each_2')?['DOJ']),'',string(formatDateTime(items('Apply_to_each_2')?['DOJ'], 'MM/dd/yy'))))"
                    },
                    "Replace_Birthday_Placeholder": {
                      "runAfter": {
                        "Replace_Hire_Date_Placeholder": [
                          "Succeeded"
                        ]
                      },
                      "metadata": {
                        "operationMetadataId": "ec227c06-3e7c-485a-900d-8a0ab0db267e"
                      },
                      "type": "Compose",
                      "inputs": "@replace(outputs('Replace_Hire_Date_Placeholder'),'[DOB]',if(empty(items('Apply_to_each_2')?['DOB']),'',string(formatDateTime(items('Apply_to_each_2')?['DOB'], 'MMM dd'))))"
                    },
                    "Replace_Title_Placeholder": {
                      "runAfter": {
                        "Replace_Birthday_Placeholder": [
                          "Succeeded"
                        ]
                      },
                      "metadata": {
                        "operationMetadataId": "b3a2c6f2-d45d-4049-b494-b2727ed8bcbe"
                      },
                      "type": "Compose",
                      "inputs": "@replace(outputs('Replace_Birthday_Placeholder'),'[JobTitle]',if(empty(items('Apply_to_each_2')?['jtitle']),'',string(items('Apply_to_each_2')?['jtitle'])))"
                    },
                    "Replace_LastName_Placeholder": {
                      "runAfter": {
                        "Replace_Title_Placeholder": [
                          "Succeeded"
                        ]
                      },
                      "metadata": {
                        "operationMetadataId": "40ac2d64-6d9a-42a8-a12e-9538b7e63d1e"
                      },
                      "type": "Compose",
                      "inputs": "@replace(outputs('Replace_Title_Placeholder'),'[LastName]',if(empty(items('Apply_to_each_2')?['name']),'',string(items('Apply_to_each_2')?['name'])))"
                    },
                    "Replace_FirstName_Placeholder": {
                      "runAfter": {
                        "Replace_LastName_Placeholder": [
                          "Succeeded"
                        ]
                      },
                      "metadata": {
                        "operationMetadataId": "1fc31ff2-8312-4965-a823-a084846b50e5"
                      },
                      "type": "Compose",
                      "inputs": "@replace(outputs('Replace_LastName_Placeholder'),'[FirstName]',if(empty(items('Apply_to_each_2')?['name']),'',string(items('Apply_to_each_2')?['name'])))"
                    },
                    "Replace_Department_Placeholder": {
                      "runAfter": {
                        "Replace_FirstName_Placeholder": [
                          "Succeeded"
                        ]
                      },
                      "metadata": {
                        "operationMetadataId": "2c89dba0-caf5-45e9-98bc-23fe79d2f44b"
                      },
                      "type": "Compose",
                      "inputs": "@replace(outputs('Replace_FirstName_Placeholder'), '[Department]', if(empty(items('Apply_to_each_2')?['dept']), '', string(items('Apply_to_each_2')?['dept'])))"
                    },
                    "Center_align_Image": {
                      "runAfter": {
                        "Replace_Department_Placeholder": [
                          "Succeeded"
                        ]
                      },
                      "metadata": {
                        "operationMetadataId": "4cccf320-39c4-4c85-80c5-baaf4735da3f"
                      },
                      "type": "Compose",
                      "inputs": "@replace(outputs('Replace_Department_Placeholder'),'class=\"ql-align-center\"','style=\"text-align:center\"')"
                    },
                    "Send_Birthday_Email": {
                      "runAfter": {
                        "Center_align_Image": [
                          "Succeeded"
                        ]
                      },
                      "metadata": {
                        "operationMetadataId": "79d0112a-9053-44e0-b5f4-efed1eabe238"
                      },
                      "type": "OpenApiConnection",
                      "inputs": {
                        "host": {
                          "connectionName": "shared_sharepointonline",
                          "operationId": "HttpRequest",
                          "apiId": "/providers/Microsoft.PowerApps/apis/shared_sharepointonline"
                        },
                        "parameters": {
                          "dataset": "@variables('Site URL')",
                          "parameters/method": "POST",
                          "parameters/uri": "_api/SP.Utilities.Utility.SendEmail",
                          "parameters/headers": {
                            "accept": "application/json;odata=verbose",
                            "content-type": "application/json;odata=verbose"
                          },
                          "parameters/body": "{\n'properties': {\n'From': 'no-reply@sharepointonline.com',\n'To': { 'results': [\"@{items('Apply_to_each_2')?['Email']}\"] },\n'Body': '@{variables('BirthdayImageUrl')}@{outputs('Center_align_Image')}',\n'Subject': 'Birthday Wishes'\n}\n}"
                        },
                        "authentication": "@parameters('$authentication')"
                      }
                    },
                    "Get_file_content_using_path": {
                      "runAfter": {},
                      "metadata": {
                        "operationMetadataId": "6c8ca28e-379e-49d8-93cf-6fc504e80025"
                      },
                      "type": "OpenApiConnection",
                      "inputs": {
                        "host": {
                          "connectionName": "shared_sharepointonline_1",
                          "operationId": "GetFileContentByPath",
                          "apiId": "/providers/Microsoft.PowerApps/apis/shared_sharepointonline"
                        },
                        "parameters": {
                          "dataset": "@variables('Site URL')",
                          "path": "/NotificationLibrary/Birthday.jpg",
                          "inferContentType": true
                        },
                        "authentication": "@parameters('$authentication')"
                      }
                    },
                    "Set_variable_2": {
                      "runAfter": {
                        "Get_file_content_using_path": [
                          "Succeeded"
                        ]
                      },
                      "metadata": {
                        "operationMetadataId": "7f3e770a-7d69-4208-b8d4-23defdd3777e"
                      },
                      "type": "SetVariable",
                      "inputs": {
                        "name": "BirthdayImageUrl",
                        "value": "<div style=\"width:100%;text-align:center\"><img style=\"height:100px\" src=\"data:image/jpeg;base64,@{body('Get_file_content_using_path')['$content']}\" alt=\"My Image\"/></div>"
                      }
                    }
                  },
                  "runAfter": {
                    "Append_to_array_variable": [
                      "Succeeded"
                    ]
                  },
                  "expression": {
                    "and": [
                      {
                        "not": {
                          "equals": [
                            "@items('Apply_to_each_2')?['DOB']",
                            ""
                          ]
                        }
                      },
                      {
                        "equals": [
                          "@formatDateTime(items('Apply_to_each_2')?['DOB'], 'MM-dd')",
                          "@formatDateTime(utcNow(), 'MM-dd')"
                        ]
                      }
                    ]
                  },
                  "metadata": {
                    "operationMetadataId": "fbe25dd1-20c1-4e13-a450-76f9b4d04e9f"
                  },
                  "type": "If"
                },
                "Condition_to_check_Hire_Date": {
                  "actions": {
                    "Get_items_from_list_SP": {
                      "runAfter": {
                        "Set_variable_4": [
                          "Succeeded"
                        ]
                      },
                      "metadata": {
                        "operationMetadataId": "6c7acbba-bda6-451b-a770-98e3ebcbfb40"
                      },
                      "type": "OpenApiConnection",
                      "inputs": {
                        "host": {
                          "connectionName": "shared_sharepointonline",
                          "operationId": "GetItems",
                          "apiId": "/providers/Microsoft.PowerApps/apis/shared_sharepointonline"
                        },
                        "parameters": {
                          "dataset": "@variables('Site URL')",
                          "table": "@parameters('SettingListName (hr365_SettingListName)')",
                          "$filter": "PageId eq '@{parameters('PageId (hr365wp_PageId)')}'"
                        },
                        "authentication": "@parameters('$authentication')"
                      }
                    },
                    "Get_Anniversary_Template_from_List": {
                      "runAfter": {
                        "Get_items_from_list_SP": [
                          "Succeeded"
                        ]
                      },
                      "metadata": {
                        "operationMetadataId": "2d618185-31dc-4ec2-a17d-9feaf63d5447"
                      },
                      "type": "SetVariable",
                      "inputs": {
                        "name": "Anniversary",
                        "value": "@{outputs('Get_items_from_list_SP')?['body']?['value'][0]?['AnniversaryBody']}"
                      }
                    },
                    "Replace_Display_Name_Placeholder": {
                      "runAfter": {
                        "Get_Anniversary_Template_from_List": [
                          "Succeeded"
                        ]
                      },
                      "metadata": {
                        "operationMetadataId": "98bd53e4-9bc5-4c13-ad64-5e13b67199f2"
                      },
                      "type": "Compose",
                      "inputs": "@replace(variables('Anniversary'),'[DisplayName]',if(empty(items('Apply_to_each_2')?['name']),'',string(items('Apply_to_each_2')?['name'])))"
                    },
                    "Replace_DOJ_Placeholder": {
                      "runAfter": {
                        "Replace_Display_Name_Placeholder": [
                          "Succeeded"
                        ]
                      },
                      "metadata": {
                        "operationMetadataId": "0f0f1c8b-8449-4b28-9382-17922939c535"
                      },
                      "type": "Compose",
                      "inputs": "@replace(outputs('Replace_Display_Name_Placeholder'),'[DOJ]',if(empty(items('Apply_to_each_2')?['DOJ']),'',string(formatDateTime(items('Apply_to_each_2')?['DOJ'], 'MM/dd/yy'))))"
                    },
                    "Replace_DOB_Placeholder": {
                      "runAfter": {
                        "Replace_DOJ_Placeholder": [
                          "Succeeded"
                        ]
                      },
                      "metadata": {
                        "operationMetadataId": "2d4bc98e-b3dd-4301-9db9-e95c176137c4"
                      },
                      "type": "Compose",
                      "inputs": "@replace(outputs('Replace_DOJ_Placeholder'),'[DOB]',if(empty(items('Apply_to_each_2')?['DOB']),'',string(formatDateTime(items('Apply_to_each_2')?['DOB'], 'MMM dd'))))"
                    },
                    "Replace_JobTitle_Placeholder": {
                      "runAfter": {
                        "Replace_DOB_Placeholder": [
                          "Succeeded"
                        ]
                      },
                      "metadata": {
                        "operationMetadataId": "bfdb650a-9318-4106-8d05-b940ff0a470c"
                      },
                      "type": "Compose",
                      "inputs": "@replace(outputs('Replace_DOB_Placeholder'),'[JobTitle]',if(empty(items('Apply_to_each_2')?['jtitle']),'',string(items('Apply_to_each_2')?['jtitle'])))"
                    },
                    "Replace_Last_Name_Placeholder": {
                      "runAfter": {
                        "Replace_JobTitle_Placeholder": [
                          "Succeeded"
                        ]
                      },
                      "metadata": {
                        "operationMetadataId": "f13297eb-0a0d-4ec6-9349-1dd7e45baf39"
                      },
                      "type": "Compose",
                      "inputs": "@replace(outputs('Replace_JobTitle_Placeholder'),'[LastName]',if(empty(items('Apply_to_each_2')?['name']),'',string(items('Apply_to_each_2')?['name'])))"
                    },
                    "Replace_First_Name_Placeholder": {
                      "runAfter": {
                        "Replace_Last_Name_Placeholder": [
                          "Succeeded"
                        ]
                      },
                      "metadata": {
                        "operationMetadataId": "9b31e172-6acd-4b55-8ab6-852a1cc821dc"
                      },
                      "type": "Compose",
                      "inputs": "@replace(outputs('Replace_Last_Name_Placeholder'),'[FirstName]',if(empty(items('Apply_to_each_2')?['name']),'',string(items('Apply_to_each_2')?['name'])))"
                    },
                    "Replace_Department_placeholder_for_Anniversary": {
                      "runAfter": {
                        "Replace_First_Name_Placeholder": [
                          "Succeeded"
                        ]
                      },
                      "metadata": {
                        "operationMetadataId": "b623d3e7-3623-415d-86ab-a2f874bf7e83"
                      },
                      "type": "Compose",
                      "inputs": "@replace(outputs('Replace_First_Name_Placeholder'), '[Department]', if(empty(items('Apply_to_each_2')?['dept']), '', string(items('Apply_to_each_2')?['dept'])))"
                    },
                    "Center_Image_for_Anniversary": {
                      "runAfter": {
                        "Replace_Department_placeholder_for_Anniversary": [
                          "Succeeded"
                        ]
                      },
                      "metadata": {
                        "operationMetadataId": "32fae2cb-8da4-4b8a-b59e-b8560ff828ef"
                      },
                      "type": "Compose",
                      "inputs": "@replace(outputs('Replace_Department_placeholder_for_Anniversary'), 'class=\"ql-align-center\"', 'style=\"text-align:center\"')"
                    },
                    "Send_Anniversary_Email": {
                      "runAfter": {
                        "Center_Image_for_Anniversary": [
                          "Succeeded"
                        ]
                      },
                      "metadata": {
                        "operationMetadataId": "475fc548-540e-43f3-a1c7-d625b43f62f3"
                      },
                      "type": "OpenApiConnection",
                      "inputs": {
                        "host": {
                          "connectionName": "shared_sharepointonline",
                          "operationId": "HttpRequest",
                          "apiId": "/providers/Microsoft.PowerApps/apis/shared_sharepointonline"
                        },
                        "parameters": {
                          "dataset": "@variables('Site URL')",
                          "parameters/method": "POST",
                          "parameters/uri": "_api/SP.Utilities.Utility.SendEmail",
                          "parameters/headers": {
                            "accept": "application/json;odata=verbose",
                            "content-type": "application/json;odata=verbose"
                          },
                          "parameters/body": "{\n'properties': {\n'From': 'no-reply@sharepointonline.com',\n'To': { 'results': [\"@{items('Apply_to_each_2')?['Email']}\"] },\n'Body': '@{variables('AnniversaryImageUrl')}@{outputs('Center_Image_for_Anniversary')}',\n'Subject': 'Anniversary Wishes'\n}\n}"
                        },
                        "authentication": "@parameters('$authentication')"
                      }
                    },
                    "Get_file_content_using_path_2": {
                      "runAfter": {},
                      "metadata": {
                        "operationMetadataId": "ad5f2c07-9856-47e0-bd7f-d58509199e9c"
                      },
                      "type": "OpenApiConnection",
                      "inputs": {
                        "host": {
                          "connectionName": "shared_sharepointonline_1",
                          "operationId": "GetFileContentByPath",
                          "apiId": "/providers/Microsoft.PowerApps/apis/shared_sharepointonline"
                        },
                        "parameters": {
                          "dataset": "@variables('Site URL')",
                          "path": "/NotificationLibrary/Anniversary.jpg",
                          "inferContentType": true
                        },
                        "authentication": "@parameters('$authentication')"
                      }
                    },
                    "Set_variable_4": {
                      "runAfter": {
                        "Get_file_content_using_path_2": [
                          "Succeeded"
                        ]
                      },
                      "metadata": {
                        "operationMetadataId": "7f3e770a-7d69-4208-b8d4-23defdd3777e"
                      },
                      "type": "SetVariable",
                      "inputs": {
                        "name": "AnniversaryImageUrl",
                        "value": "<div style=\"width:100%;text-align:center\"><img style=\"height:100px\" src=\"data:image/jpeg;base64,@{body('Get_file_content_using_path_2')['$content']}\" alt=\"My Image\"/></div>"
                      }
                    }
                  },
                  "runAfter": {
                    "Condition_to_check_Birth_Date": [
                      "Succeeded"
                    ]
                  },
                  "expression": {
                    "and": [
                      {
                        "not": {
                          "equals": [
                            "@items('Apply_to_each_2')?['DOJ']",
                            ""
                          ]
                        }
                      },
                      {
                        "equals": [
                          "@formatDateTime(items('Apply_to_each_2')?['DOJ'], 'MM-dd')",
                          "@formatDateTime(utcNow(), 'MM-dd')"
                        ]
                      }
                    ]
                  },
                  "metadata": {
                    "operationMetadataId": "fbe25dd1-20c1-4e13-a450-76f9b4d04e9f"
                  },
                  "type": "If"
                }
              },
              "runAfter": {
                "Parse_JSON_2": [
                  "Succeeded"
                ]
              },
              "metadata": {
                "operationMetadataId": "7d6bf872-99e2-4fab-aca3-7c00cc7cdfb5"
              },
              "type": "Foreach"
            }
          },
          "runAfter": {
            "Get_items": [
              "Succeeded"
            ]
          },
          "metadata": {
            "operationMetadataId": "59b0c109-a0a0-4bd8-a5d2-946692972746"
          },
          "type": "Foreach"
        },
        "Initialize_variable": {
          "runAfter": {
            "Array_variable": [
              "Succeeded"
            ]
          },
          "metadata": {
            "operationMetadataId": "42235d4f-04c2-4370-8b77-72345544453c"
          },
          "type": "InitializeVariable",
          "inputs": {
            "variables": [
              {
                "name": "GetData",
                "type": "object"
              }
            ]
          }
        },
        "Site_URL": {
          "runAfter": {},
          "metadata": {
            "operationMetadataId": "cee0c5a7-6709-4c9c-895d-23d3c66f96c0"
          },
          "type": "InitializeVariable",
          "inputs": {
            "variables": [
              {
                "name": "Site URL",
                "type": "string",
                "value": "@parameters('SiteAddress(TMM) (hr365_SiteAddressTMM)')"
              }
            ]
          }
        },
        "Birthday_Body": {
          "runAfter": {
            "Site_URL": [
              "Succeeded"
            ]
          },
          "metadata": {
            "operationMetadataId": "1143290f-1445-4931-9e0e-69220ca1d933"
          },
          "type": "InitializeVariable",
          "inputs": {
            "variables": [
              {
                "name": "Birthday",
                "type": "string",
                "value": "\"\""
              }
            ]
          }
        },
        "Anniversary_Body": {
          "runAfter": {
            "Birthday_Body": [
              "Succeeded"
            ]
          },
          "metadata": {
            "operationMetadataId": "3a45fc92-efc7-420c-bc76-c45a8e104d11"
          },
          "type": "InitializeVariable",
          "inputs": {
            "variables": [
              {
                "name": "Anniversary",
                "type": "string",
                "value": "\"\""
              }
            ]
          }
        },
        "AnniversaryImageUrl": {
          "runAfter": {
            "Anniversary_Body": [
              "Succeeded"
            ]
          },
          "metadata": {
            "operationMetadataId": "f1a8e0af-a2f8-4bee-a862-50f502e2b52c"
          },
          "type": "InitializeVariable",
          "inputs": {
            "variables": [
              {
                "name": "AnniversaryImageUrl",
                "type": "string",
                "value": "\"\""
              }
            ]
          }
        },
        "BirthdayImageUrl": {
          "runAfter": {
            "AnniversaryImageUrl": [
              "Succeeded"
            ]
          },
          "metadata": {
            "operationMetadataId": "6b3754a7-4f18-403e-99f4-7a194908a36b"
          },
          "type": "InitializeVariable",
          "inputs": {
            "variables": [
              {
                "name": "BirthdayImageUrl",
                "type": "string",
                "value": "\"\""
              }
            ]
          }
        }
      }
    },
    "templateName": ""
  },
  "schemaVersion": "1.0.0.0"
}