{
  "properties": {
    "connectionReferences": {},
    "definition": {
      "$schema": "https://schema.management.azure.com/providers/Microsoft.Logic/schemas/2016-06-01/workflowdefinition.json#",
      "contentVersion": "1.0.0.0",
      "parameters": {
        "$authentication": {
          "defaultValue": {},
          "type": "SecureObject"
        }
      },
      "triggers": {
        "manual": {
          "metadata": {
            "operationMetadataId": "b1138d73-e5db-4abb-a221-cbf1e6506371"
          },
          "type": "Request",
          "kind": "Button",
          "inputs": {
            "schema": {
              "type": "object",
              "properties": {
                "text": {
                  "title": "Array",
                  "type": "string",
                  "x-ms-dynamically-added": true,
                  "description": "An array input",
                  "x-ms-content-hint": "TEXT"
                },
                "text_1": {
                  "title": "Array1",
                  "type": "string",
                  "x-ms-dynamically-added": true,
                  "description": "An array input",
                  "x-ms-content-hint": "TEXT"
                },
                "text_2": {
                  "title": "Body",
                  "type": "string",
                  "x-ms-dynamically-added": true,
                  "description": "Please enter email Body",
                  "x-ms-content-hint": "TEXT"
                },
                "text_3": {
                  "title": "Subject",
                  "type": "string",
                  "x-ms-dynamically-added": true,
                  "description": "Please enter your Subject",
                  "x-ms-content-hint": "TEXT"
                }
              },
              "required": [
                "text",
                "text_1",
                "text_2",
                "text_3"
              ]
            }
          }
        }
      },
      "actions": {
        "Respond_to_a_PowerApp_or_flow": {
          "runAfter": {
            "Apply_to_each": [
              "Succeeded"
            ]
          },
          "metadata": {
            "operationMetadataId": "09ef2f90-852d-43b3-b250-7df88e6e91b1"
          },
          "type": "Response",
          "kind": "PowerApp",
          "inputs": {
            "statusCode": 200,
            "body": {
              "test": "test",
              "array": "@{variables('ExternalManagerEmail')}"
            },
            "schema": {
              "type": "object",
              "properties": {
                "test": {
                  "title": "test",
                  "x-ms-dynamically-added": true,
                  "type": "string"
                },
                "array": {
                  "title": "Array",
                  "x-ms-dynamically-added": true,
                  "type": "string"
                }
              }
            }
          }
        },
        "Initialize_variable": {
          "runAfter": {},
          "metadata": {
            "operationMetadataId": "808a2b85-a05e-40eb-ba45-88e39d62753a"
          },
          "type": "InitializeVariable",
          "inputs": {
            "variables": [
              {
                "name": "ExternalManagerEmail",
                "type": "array"
              }
            ]
          }
        },
        "Initialize_variable_2": {
          "runAfter": {
            "Initialize_variable": [
              "Succeeded"
            ]
          },
          "metadata": {
            "operationMetadataId": "7aa76e30-521c-4601-9fc2-b17c742e6557"
          },
          "type": "InitializeVariable",
          "inputs": {
            "variables": [
              {
                "name": "array",
                "type": "array",
                "value": "@triggerBody()['text']"
              }
            ]
          }
        },
        "Apply_to_each": {
          "foreach": "@variables('array')",
          "actions": {
            "Compose": {
              "runAfter": {},
              "metadata": {
                "operationMetadataId": "2ed41316-407f-404c-9cd9-fd6597e48686"
              },
              "type": "Compose",
              "inputs": "@items('Apply_to_each')"
            },
            "Filter_array": {
              "runAfter": {
                "Compose": [
                  "Succeeded"
                ]
              },
              "metadata": {
                "operationMetadataId": "d24a9b14-1acb-4e75-bef0-b5359645230a"
              },
              "type": "Query",
              "inputs": {
                "from": "@array(triggerBody()['text_1'])",
                "where": "@equals(item()['EmailID'], items('Apply_to_each')['UserMail'])"
              }
            },
            "Filter_array_2": {
              "runAfter": {
                "Filter_array": [
                  "Succeeded"
                ]
              },
              "metadata": {
                "operationMetadataId": "42b67298-04c3-42af-8856-1ab9e421b15f"
              },
              "type": "Query",
              "inputs": {
                "from": "@body('Filter_array')",
                "where": "@not(equals(item()['ExternalManager'], null))"
              }
            },
            "Apply_to_each_2": {
              "foreach": "@array(body('Filter_array_2'))",
              "actions": {
                "Apply_to_each_3": {
                  "foreach": "@JSON(items('Apply_to_each_2')['ExternalManager'])",
                  "actions": {
                    "Append_to_array_variable": {
                      "runAfter": {},
                      "metadata": {
                        "operationMetadataId": "6ddcc95d-fe57-4d6c-9137-7d4b55b01a99"
                      },
                      "type": "AppendToArrayVariable",
                      "inputs": {
                        "name": "ExternalManagerEmail",
                        "value": "@items('Apply_to_each_3')['Email']"
                      }
                    }
                  },
                  "runAfter": {},
                  "metadata": {
                    "operationMetadataId": "c64a24a6-723a-416e-97bd-677ad0cb6b33"
                  },
                  "type": "Foreach"
                }
              },
              "runAfter": {
                "Filter_array_2": [
                  "Succeeded"
                ]
              },
              "metadata": {
                "operationMetadataId": "adf84603-8b13-431c-8fbf-7a6db43690b5"
              },
              "type": "Foreach"
            }
          },
          "runAfter": {
            "Initialize_variable_2": [
              "Succeeded"
            ]
          },
          "metadata": {
            "operationMetadataId": "4ca8dfa6-5461-4a0f-b0be-2346ef81d043"
          },
          "type": "Foreach"
        }
      }
    },
    "templateName": ""
  },
  "schemaVersion": "1.0.0.0"
}