{
  "properties": {
    "connectionReferences": {
      "shared_sharepointonline": {
        "runtimeSource": "embedded",
        "connection": {
          "connectionReferenceLogicalName": "hr365_sharedsharepointonline_64d58"
        },
        "api": {
          "name": "shared_sharepointonline"
        }
      }
    },
    "definition": {
      "$schema": "https://schema.management.azure.com/providers/Microsoft.Logic/schemas/2016-06-01/workflowdefinition.json#",
      "contentVersion": "1.0.0.0",
      "parameters": {
        "$connections": {
          "defaultValue": {},
          "type": "Object"
        },
        "$authentication": {
          "defaultValue": {},
          "type": "SecureObject"
        },
        "SiteAddress(TMM) (hr365_SiteAddressTMM)": {
          "defaultValue": "https://xzm41.sharepoint.com/sites/HRMSFIXB",
          "type": "String",
          "metadata": {
            "schemaName": "hr365_SiteAddressTMM"
          }
        }
      },
      "triggers": {
        "Recurrence": {
          "recurrence": {
            "frequency": "Day",
            "interval": 1,
            "startTime": "2023-12-27T18:30:00Z"
          },
          "metadata": {
            "operationMetadataId": "416a96f9-7146-430e-8a5f-50213deeff8f"
          },
          "type": "Recurrence"
        }
      },
      "actions": {
        "Send_an_HTTP_request_to_SharePoint": {
          "runAfter": {},
          "metadata": {
            "operationMetadataId": "65868fc5-c1ae-48d5-8cc3-b1ac08ea71d8"
          },
          "type": "OpenApiConnection",
          "inputs": {
            "host": {
              "connectionName": "shared_sharepointonline",
              "operationId": "HttpRequest",
              "apiId": "/providers/Microsoft.PowerApps/apis/shared_sharepointonline"
            },
            "parameters": {
              "dataset": "@parameters('SiteAddress(TMM) (hr365_SiteAddressTMM)')",
              "parameters/method": "GET",
              "parameters/uri": "_api/web/lists/getbytitle('HR365TSInvoice')/items"
            },
            "authentication": "@parameters('$authentication')"
          }
        }
      }
    },
    "templateName": ""
  },
  "schemaVersion": "1.0.0.0"
}