{
  "properties": {
    "connectionReferences": {
      "shared_sharepointonline_2": {
        "runtimeSource": "embedded",
        "connection": {
          "connectionReferenceLogicalName": "new_sharedsharepointonline_01804"
        },
        "api": {
          "name": "shared_sharepointonline"
        }
      },
      "shared_sharepointonline_3": {
        "runtimeSource": "embedded",
        "connection": {
          "connectionReferenceLogicalName": "new_sharedsharepointonline_129e5"
        },
        "api": {
          "name": "shared_sharepointonline"
        }
      },
      "shared_sharepointonline_4": {
        "runtimeSource": "embedded",
        "connection": {
          "connectionReferenceLogicalName": "new_sharedsharepointonline_e9cb1"
        },
        "api": {
          "name": "shared_sharepointonline"
        }
      },
      "shared_sharepointonline_5": {
        "runtimeSource": "embedded",
        "connection": {
          "connectionReferenceLogicalName": "new_sharedsharepointonline_ed3f8"
        },
        "api": {
          "name": "shared_sharepointonline"
        }
      },
      "shared_sharepointonline_1": {
        "runtimeSource": "embedded",
        "connection": {
          "connectionReferenceLogicalName": "new_sharedsharepointonline_1b827"
        },
        "api": {
          "name": "shared_sharepointonline"
        }
      }
    },
    "definition": {
      "$schema": "https://schema.management.azure.com/providers/Microsoft.Logic/schemas/2016-06-01/workflowdefinition.json#",
      "contentVersion": "1.0.0.0",
      "parameters": {
        "$connections": {
          "defaultValue": {},
          "type": "Object"
        },
        "$authentication": {
          "defaultValue": {},
          "type": "SecureObject"
        },
        "SiteAddress(TMM) (hr365_SiteAddressTMM)": {
          "defaultValue": "https://megazap.sharepoint.com/sites/April0407TM365/TMSubsite",
          "type": "String",
          "metadata": {
            "schemaName": "hr365_SiteAddressTMM"
          }
        }
      },
      "triggers": {
        "When_an_item_is_created_or_modified": {
          "recurrence": {
            "interval": 5,
            "frequency": "Minute"
          },
          "splitOn": "@triggerOutputs()?['body/value']",
          "metadata": {
            "operationMetadataId": "31cfe25e-1a59-4b0e-9ec4-e3ecd5ee20d1"
          },
          "type": "OpenApiConnection",
          "inputs": {
            "host": {
              "connectionName": "shared_sharepointonline_1",
              "operationId": "GetOnUpdatedItems",
              "apiId": "/providers/Microsoft.PowerApps/apis/shared_sharepointonline"
            },
            "parameters": {
              "dataset": "@parameters('SiteAddress(TMM) (hr365_SiteAddressTMM)')",
              "table": "HR365TMPLeavetracker"
            },
            "authentication": "@parameters('$authentication')"
          }
        }
      },
      "actions": {
        "Item_ID": {
          "runAfter": {},
          "metadata": {
            "operationMetadataId": "7c1d7344-f5e4-490f-99c8-bd0ebdebdd32"
          },
          "type": "InitializeVariable",
          "inputs": {
            "variables": [
              {
                "name": "ItemID",
                "type": "string",
                "value": "@{triggerOutputs()?['body/ID']}"
              }
            ]
          }
        },
        "site_address": {
          "runAfter": {
            "Item_ID": [
              "Succeeded"
            ]
          },
          "metadata": {
            "operationMetadataId": "a002cebe-eb9d-4264-836a-a44f09e32946"
          },
          "type": "InitializeVariable",
          "inputs": {
            "variables": [
              {
                "name": "SiteAddress",
                "type": "string",
                "value": "@parameters('SiteAddress(TMM) (hr365_SiteAddressTMM)')"
              }
            ]
          }
        },
        "Get_a_contribute_call": {
          "runAfter": {
            "site_address": [
              "Succeeded"
            ]
          },
          "metadata": {
            "operationMetadataId": "c36a6ac1-0b59-4d31-8d06-326223b8abe5"
          },
          "type": "OpenApiConnection",
          "inputs": {
            "host": {
              "connectionName": "shared_sharepointonline_2",
              "operationId": "HttpRequest",
              "apiId": "/providers/Microsoft.PowerApps/apis/shared_sharepointonline"
            },
            "parameters": {
              "dataset": "@variables('SiteAddress')",
              "parameters/method": "GET",
              "parameters/uri": "/_api/web/roledefinitions/getbyname('Contribute')"
            },
            "authentication": "@parameters('$authentication')"
          }
        },
        "Contribute_ID": {
          "runAfter": {
            "Get_a_contribute_call": [
              "Succeeded"
            ]
          },
          "metadata": {
            "operationMetadataId": "ac92959a-4d71-4d2f-81f9-4387a0f04ee9"
          },
          "type": "InitializeVariable",
          "inputs": {
            "variables": [
              {
                "name": "ContributeID",
                "type": "string",
                "value": "@{body('Get_a_contribute_call')?['d']?['Id']}"
              }
            ]
          }
        },
        "Get_item_permission_call": {
          "runAfter": {
            "Contribute_ID": [
              "Succeeded"
            ]
          },
          "metadata": {
            "operationMetadataId": "49667214-f644-4c2e-97e5-d9621f456b60"
          },
          "type": "OpenApiConnection",
          "inputs": {
            "host": {
              "connectionName": "shared_sharepointonline_3",
              "operationId": "HttpRequest",
              "apiId": "/providers/Microsoft.PowerApps/apis/shared_sharepointonline"
            },
            "parameters": {
              "dataset": "@variables('SiteAddress')",
              "parameters/method": "GET",
              "parameters/uri": "_api/web/lists/getbytitle('HR365TMPLeavetracker')/items?$select=ID,ItemPermission/ID&$expand=ItemPermission&$filter=ID eq '@{triggerOutputs()?['body/ID']}'"
            },
            "authentication": "@parameters('$authentication')"
          }
        },
        "Send_an_HTTP_request_to_SharePoint": {
          "runAfter": {
            "Get_item_permission_call": [
              "Succeeded"
            ]
          },
          "metadata": {
            "operationMetadataId": "f28b1ab4-28ed-4582-884e-8c6f56a78d60"
          },
          "type": "OpenApiConnection",
          "inputs": {
            "host": {
              "connectionName": "shared_sharepointonline_4",
              "operationId": "HttpRequest",
              "apiId": "/providers/Microsoft.PowerApps/apis/shared_sharepointonline"
            },
            "parameters": {
              "dataset": "@variables('SiteAddress')",
              "parameters/method": "POST",
              "parameters/uri": "_api/lists/getByTitle('HR365TMPLeavetracker')/items(@{triggerOutputs()?['body/ID']})/breakroleinheritance(copyRoleAssignments=false,clearSubscopes=true)"
            },
            "authentication": "@parameters('$authentication')"
          }
        },
        "Compose": {
          "runAfter": {
            "Send_an_HTTP_request_to_SharePoint": [
              "Succeeded"
            ]
          },
          "metadata": {
            "operationMetadataId": "f57528ee-497e-41a7-9438-5a69d572df6b"
          },
          "type": "Compose",
          "inputs": "@outputs('Get_Item_Permission_call')?['body']?['d']?['results']"
        },
        "Post_permissions": {
          "foreach": "@outputs('Compose')",
          "actions": {
            "Apply_to_each": {
              "foreach": "@items('Post_Permissions')?['ItemPermission']?['results']",
              "actions": {
                "Send_an_HTTP_request_to_SharePoint_3": {
                  "runAfter": {},
                  "metadata": {
                    "operationMetadataId": "22dd15c6-ca4b-407e-ad2d-d099b7e55748"
                  },
                  "type": "OpenApiConnection",
                  "inputs": {
                    "host": {
                      "connectionName": "shared_sharepointonline_5",
                      "operationId": "HttpRequest",
                      "apiId": "/providers/Microsoft.PowerApps/apis/shared_sharepointonline"
                    },
                    "parameters": {
                      "dataset": "@variables('SiteAddress')",
                      "parameters/method": "POST",
                      "parameters/uri": "/_api/web/lists/getbytitle('HR365TMPLeavetracker')/items(@{triggerOutputs()?['body/ID']})/roleassignments/addroleassignment(principalid=@{items('Apply_to_each')?['ID']},roledefid=@{variables('ContributeID')})"
                    },
                    "authentication": "@parameters('$authentication')"
                  }
                }
              },
              "runAfter": {},
              "metadata": {
                "operationMetadataId": "3b09a5bd-34e1-4dc9-8c6b-341003959d74"
              },
              "type": "Foreach"
            }
          },
          "runAfter": {
            "Compose": [
              "Succeeded"
            ]
          },
          "metadata": {
            "operationMetadataId": "cdbd6a22-0480-4245-8534-27f45e7fd71a"
          },
          "type": "Foreach"
        }
      }
    },
    "templateName": ""
  },
  "schemaVersion": "1.0.0.0"
}