{
  "properties": {
    "connectionReferences": {},
    "definition": {
      "$schema": "https://schema.management.azure.com/providers/Microsoft.Logic/schemas/2016-06-01/workflowdefinition.json#",
      "contentVersion": "1.0.0.0",
      "parameters": {
        "$authentication": {
          "defaultValue": {},
          "type": "SecureObject"
        }
      },
      "triggers": {
        "manual": {
          "metadata": {
            "operationMetadataId": "f3541267-37b3-4396-b560-5e6e48d42bb4"
          },
          "type": "Request",
          "kind": "Button",
          "inputs": {
            "schema": {
              "type": "object",
              "properties": {
                "text": {
                  "description": "WorkflowData",
                  "title": "WorkflowData",
                  "type": "string",
                  "x-ms-content-hint": "TEXT",
                  "x-ms-dynamically-added": true
                },
                "text_1": {
                  "description": "Users",
                  "title": "Users",
                  "type": "string",
                  "x-ms-content-hint": "TEXT",
                  "x-ms-dynamically-added": true
                },
                "text_2": {
                  "description": "Admins",
                  "title": "Admins",
                  "type": "string",
                  "x-ms-content-hint": "TEXT",
                  "x-ms-dynamically-added": true
                },
                "text_3": {
                  "description": "ProjectAdminGUID",
                  "title": "ProjectAdminGUID",
                  "type": "string",
                  "x-ms-content-hint": "TEXT",
                  "x-ms-dynamically-added": true
                },
                "text_4": {
                  "description": "ProjectGUID",
                  "title": "ProjectGUID",
                  "type": "string",
                  "x-ms-content-hint": "TEXT",
                  "x-ms-dynamically-added": true
                },
                "text_5": {
                  "description": "UserWhoSubmitted",
                  "title": "UserWhoSubmitted",
                  "type": "string",
                  "x-ms-content-hint": "TEXT",
                  "x-ms-dynamically-added": true
                },
                "text_6": {
                  "description": "Level",
                  "title": "Level",
                  "type": "string",
                  "x-ms-content-hint": "TEXT",
                  "x-ms-dynamically-added": true
                }
              },
              "required": [
                "text",
                "text_1",
                "text_2",
                "text_3",
                "text_4",
                "text_5",
                "text_6"
              ]
            }
          }
        }
      },
      "actions": {
        "WorkflowData": {
          "runAfter": {},
          "metadata": {
            "operationMetadataId": "8e48d899-787e-4a49-bc44-1998a23beca4"
          },
          "type": "Compose",
          "inputs": "@json(triggerBody()['text'])"
        },
        "Users": {
          "runAfter": {
            "WorkflowData": [
              "Succeeded"
            ]
          },
          "metadata": {
            "operationMetadataId": "29baabb0-fd25-46d8-a97d-d75143d80352"
          },
          "type": "Compose",
          "inputs": "@json(triggerBody()['text_1'])"
        },
        "Admin_Users": {
          "runAfter": {
            "Users": [
              "Succeeded"
            ]
          },
          "metadata": {
            "operationMetadataId": "1b4baede-e03e-4144-99ee-9bea101bc706"
          },
          "type": "Compose",
          "inputs": "@triggerBody()?['text_2']"
        },
        "Respond_to_a_Power_App_or_flow-_send_email_array": {
          "runAfter": {
            "thisApproversValues": [
              "Succeeded"
            ]
          },
          "metadata": {
            "operationMetadataId": "7ff4c689-9eaf-471a-8efe-46154d91296d"
          },
          "type": "Response",
          "kind": "PowerApp",
          "inputs": {
            "statusCode": 200,
            "body": {
              "thisapproversvalues": "@{variables('ThisApprovers')}"
            },
            "schema": {
              "type": "object",
              "properties": {
                "thisapproversvalues": {
                  "title": "thisApproversValues",
                  "x-ms-dynamically-added": true,
                  "type": "string"
                }
              }
            }
          }
        },
        "Sequential": {
          "actions": {
            "ApprovalListAll": {
              "runAfter": {},
              "metadata": {
                "operationMetadataId": "e9984eb6-cb96-41ae-959f-77cfb279fec1"
              },
              "type": "Compose",
              "inputs": "@outputs('workflowData')?['ApprovalList']"
            },
            "Each_from_approvalList": {
              "foreach": "@outputs('ApprovalListAll')",
              "actions": {
                "IsApprovers": {
                  "actions": {
                    "Approvers": {
                      "runAfter": {},
                      "metadata": {
                        "operationMetadataId": "20205341-477d-4020-bcd7-c225318622a3"
                      },
                      "type": "Compose",
                      "inputs": "@item()?['Approvers']"
                    },
                    "Each_Approvers": {
                      "foreach": "@outputs('Approvers')",
                      "actions": {
                        "find_user_from_user_list": {
                          "runAfter": {
                            "Compose": [
                              "Succeeded"
                            ]
                          },
                          "metadata": {
                            "operationMetadataId": "f603eb23-39c2-495f-9966-76421ef2947c"
                          },
                          "type": "Query",
                          "inputs": {
                            "from": "@json(triggerBody()['text_1'])",
                            "where": "@equals(item()?['GID'],outputs('approver_GUID'))"
                          }
                        },
                        "approver_GUID": {
                          "runAfter": {},
                          "metadata": {
                            "operationMetadataId": "772b69bc-3826-432e-b25b-1aed628eb242"
                          },
                          "type": "Compose",
                          "inputs": "@item()?['key']"
                        },
                        "Compose": {
                          "runAfter": {
                            "approver_GUID": [
                              "Succeeded"
                            ]
                          },
                          "metadata": {
                            "operationMetadataId": "209d3c04-75ca-4155-a552-be54a8cd7f11"
                          },
                          "type": "Compose",
                          "inputs": "@item()?['GID']"
                        },
                        "user_foundd": {
                          "actions": {
                            "check_active": {
                              "runAfter": {},
                              "metadata": {
                                "operationMetadataId": "4fc43b34-503a-469a-a15f-e4b83b8e1032"
                              },
                              "type": "Compose",
                              "inputs": "@outputs('user_found')?[0]?['Status']\r\n"
                            },
                            "Active_user": {
                              "actions": {
                                "Append_to_array_variable": {
                                  "runAfter": {},
                                  "metadata": {
                                    "operationMetadataId": "845a6697-5922-47c2-ba8a-37fca1cc49f8"
                                  },
                                  "type": "AppendToArrayVariable",
                                  "inputs": {
                                    "name": "ThisApprovers",
                                    "value": "@outputs('user_found')?[0]?['User']?['Email']\r\n"
                                  }
                                }
                              },
                              "runAfter": {
                                "check_active": [
                                  "Succeeded"
                                ]
                              },
                              "else": {
                                "actions": {
                                  "to_all_admins": {
                                    "foreach": "@outputs('Admin_Users')",
                                    "actions": {
                                      "Append_to_array_values": {
                                        "runAfter": {},
                                        "metadata": {
                                          "operationMetadataId": "e607dca2-59da-49b0-8e90-6b45cc959cde"
                                        },
                                        "type": "AppendToArrayVariable",
                                        "inputs": {
                                          "name": "ThisApprovers",
                                          "value": "@item()?['User']?['Email']"
                                        }
                                      }
                                    },
                                    "runAfter": {},
                                    "metadata": {
                                      "operationMetadataId": "50bdb911-f9f8-43eb-bfe5-0f950d77498d"
                                    },
                                    "type": "Foreach"
                                  }
                                }
                              },
                              "expression": {
                                "and": [
                                  {
                                    "equals": [
                                      "@outputs('user_found')[0]?['Status']",
                                      "Active"
                                    ]
                                  }
                                ]
                              },
                              "metadata": {
                                "operationMetadataId": "c6918516-9646-4953-af26-34735e34629c"
                              },
                              "type": "If"
                            }
                          },
                          "runAfter": {
                            "user_found": [
                              "Succeeded"
                            ]
                          },
                          "else": {
                            "actions": {
                              "to_all_admins-copy": {
                                "foreach": "@outputs('Admin_Users')",
                                "actions": {
                                  "Append_to_array_values_2": {
                                    "runAfter": {},
                                    "metadata": {
                                      "operationMetadataId": "9d37f25a-14b6-48f3-a189-483f59d57497"
                                    },
                                    "type": "AppendToArrayVariable",
                                    "inputs": {
                                      "name": "ThisApprovers",
                                      "value": "@item()?['User']?['Email']"
                                    }
                                  }
                                },
                                "runAfter": {},
                                "metadata": {
                                  "operationMetadataId": "7a621333-c7fb-4b18-8af9-fb2c792b98ca"
                                },
                                "type": "Foreach"
                              }
                            }
                          },
                          "expression": {
                            "and": [
                              {
                                "not": {
                                  "equals": [
                                    "@length(outputs('find_user_from_user_list')?['body'])",
                                    0
                                  ]
                                }
                              }
                            ]
                          },
                          "metadata": {
                            "operationMetadataId": "346d3a50-26ee-49f8-9ab4-276f04128549"
                          },
                          "type": "If"
                        },
                        "user_found": {
                          "runAfter": {
                            "find_user_from_user_list": [
                              "Succeeded"
                            ]
                          },
                          "metadata": {
                            "operationMetadataId": "0b87d036-1be7-48a2-9653-51877a32e76b"
                          },
                          "type": "Compose",
                          "inputs": "@outputs('find_user_from_user_list')?['body']"
                        }
                      },
                      "runAfter": {
                        "Approvers": [
                          "Succeeded"
                        ]
                      },
                      "metadata": {
                        "operationMetadataId": "fdb25686-678d-4a31-896b-14ae801a1b0d"
                      },
                      "type": "Foreach"
                    }
                  },
                  "runAfter": {
                    "Each_Item": [
                      "Succeeded"
                    ]
                  },
                  "expression": {
                    "and": [
                      {
                        "equals": [
                          "@item()?['IsApprovers']",
                          true
                        ]
                      }
                    ]
                  },
                  "metadata": {
                    "operationMetadataId": "bcbc2a02-6411-4f6f-bb03-195567fff143"
                  },
                  "type": "If"
                },
                "isRole": {
                  "actions": {
                    "SelectRole": {
                      "runAfter": {},
                      "metadata": {
                        "operationMetadataId": "284233ce-d18b-4614-a14b-9903c48abe26"
                      },
                      "type": "Compose",
                      "inputs": "@item()?['SelectRole']"
                    },
                    "for_each_role": {
                      "foreach": "@outputs('SelectRole')",
                      "actions": {
                        "The_role": {
                          "runAfter": {},
                          "metadata": {
                            "operationMetadataId": "affec799-7dc3-4e23-941b-2e931cbe5de7"
                          },
                          "type": "Compose",
                          "inputs": "@item()?['key']"
                        },
                        "ProjectManager": {
                          "actions": {},
                          "runAfter": {
                            "Compose_2": [
                              "Succeeded"
                            ]
                          },
                          "else": {
                            "actions": {
                              "ProjectObserver": {
                                "actions": {},
                                "runAfter": {},
                                "else": {
                                  "actions": {
                                    "ProgramManager": {
                                      "actions": {},
                                      "runAfter": {},
                                      "expression": {
                                        "and": [
                                          {
                                            "equals": [
                                              "@item()?['key']",
                                              "ProgramManager"
                                            ]
                                          }
                                        ]
                                      },
                                      "metadata": {
                                        "operationMetadataId": "f3e7d078-2135-4181-8ea4-e346f1fce266"
                                      },
                                      "type": "If"
                                    }
                                  }
                                },
                                "expression": {
                                  "and": [
                                    {
                                      "equals": [
                                        "@item()?['key']",
                                        "ProjectObserver"
                                      ]
                                    }
                                  ]
                                },
                                "metadata": {
                                  "operationMetadataId": "fe7ef455-9693-49c3-8508-f05d0d24eaf4"
                                },
                                "type": "If"
                              }
                            }
                          },
                          "expression": {
                            "and": [
                              {
                                "equals": [
                                  "@item()?['key']",
                                  "projectManager"
                                ]
                              }
                            ]
                          },
                          "metadata": {
                            "operationMetadataId": "0d797fc1-4c33-44df-a285-b1d98eecd69a"
                          },
                          "type": "If"
                        },
                        "Compose_2": {
                          "runAfter": {
                            "The_role": [
                              "Succeeded"
                            ]
                          },
                          "metadata": {
                            "operationMetadataId": "b1c092d7-6d63-44c7-aa6d-3554129aa0bb"
                          },
                          "type": "Compose",
                          "inputs": "get project data from the project guid, cuz there we get proiject observer, manager, amd whatever\n"
                        }
                      },
                      "runAfter": {
                        "SelectRole": [
                          "Succeeded"
                        ]
                      },
                      "metadata": {
                        "operationMetadataId": "3c168252-abbc-4606-8cc5-d578f3efede8"
                      },
                      "type": "Foreach"
                    }
                  },
                  "runAfter": {
                    "IsApprovers": [
                      "Succeeded"
                    ]
                  },
                  "expression": {
                    "and": [
                      {
                        "equals": [
                          "@item()?['IsRole']",
                          true
                        ]
                      }
                    ]
                  },
                  "metadata": {
                    "operationMetadataId": "336a06ed-a1f4-42c4-aac1-23d25a78e12b"
                  },
                  "type": "If"
                },
                "Manager": {
                  "actions": {
                    "Project_managers": {
                      "runAfter": {},
                      "metadata": {
                        "operationMetadataId": "6f45ed0b-1da2-4ca9-b9f5-5b78c5643e7b"
                      },
                      "type": "Compose",
                      "inputs": "@triggerBody()?['text_3']"
                    },
                    "Project_M_Data": {
                      "runAfter": {
                        "Project_managers": [
                          "Succeeded"
                        ]
                      },
                      "metadata": {
                        "operationMetadataId": "7346d9a5-4103-4bdb-9e44-94d04f82cad3"
                      },
                      "type": "Query",
                      "inputs": {
                        "from": "@outputs('Users')",
                        "where": "@contains(outputs('Project_managers'),item()?['GID'])"
                      }
                    },
                    "print_PM_data": {
                      "runAfter": {
                        "Project_M_Data": [
                          "Succeeded"
                        ]
                      },
                      "metadata": {
                        "operationMetadataId": "18146f61-8a8e-4ee8-9345-78c1787aebf2"
                      },
                      "type": "Compose",
                      "inputs": "@outputs('Project_M_Data')"
                    },
                    "for_Each_active_Pm,_add_in_the_email_array": {
                      "foreach": "@body('Project_M_Data')",
                      "actions": {
                        "active_ones": {
                          "actions": {
                            "Append_to_array_variable_2": {
                              "runAfter": {
                                "Error": [
                                  "Succeeded"
                                ]
                              },
                              "metadata": {
                                "operationMetadataId": "c33fa93b-225f-4d22-8184-fedbe339886c"
                              },
                              "type": "AppendToArrayVariable",
                              "inputs": {
                                "name": "ThisApprovers",
                                "value": "@item()?['User']?['Email']"
                              }
                            },
                            "Error": {
                              "runAfter": {},
                              "metadata": {
                                "operationMetadataId": "bdf5869d-d901-495d-ac55-52447866636c"
                              },
                              "type": "Compose",
                              "inputs": "@item()?['User']?['Email']"
                            }
                          },
                          "runAfter": {},
                          "expression": {
                            "and": [
                              {
                                "equals": [
                                  "@item()?['status']",
                                  "Active"
                                ]
                              }
                            ]
                          },
                          "metadata": {
                            "operationMetadataId": "3555b9ee-2f31-4813-b3b3-e8e8a28f7aab"
                          },
                          "type": "If"
                        }
                      },
                      "runAfter": {
                        "print_PM_data": [
                          "Succeeded"
                        ]
                      },
                      "metadata": {
                        "operationMetadataId": "123019fe-ed4f-4792-b91f-88c3562b32b5"
                      },
                      "type": "Foreach"
                    }
                  },
                  "runAfter": {
                    "isRole": [
                      "Succeeded"
                    ]
                  },
                  "expression": {
                    "and": [
                      {
                        "equals": [
                          "@item()?['Manager']",
                          true
                        ]
                      }
                    ]
                  },
                  "metadata": {
                    "operationMetadataId": "6b7fe691-c2a2-47b8-b778-9cb0ed501d8e"
                  },
                  "type": "If"
                },
                "ManagerManager": {
                  "actions": {
                    "user_submitted_from_the_input": {
                      "runAfter": {},
                      "metadata": {
                        "operationMetadataId": "f0e7bcaa-9fb7-4d54-836f-d7112b2c1b82"
                      },
                      "type": "Compose",
                      "inputs": "@triggerBody()?['text_5']"
                    },
                    "Find_This_user": {
                      "runAfter": {
                        "user_submitted_from_the_input": [
                          "Succeeded"
                        ]
                      },
                      "metadata": {
                        "operationMetadataId": "b4f60757-7492-45b3-b686-0392cd4520b4"
                      },
                      "type": "Query",
                      "inputs": {
                        "from": "@json(triggerBody()['text_1'])",
                        "where": "@equals(item()?['GID'],triggerBody()?['text_5'])"
                      }
                    },
                    "User's_Manager": {
                      "runAfter": {
                        "Find_This_user": [
                          "Succeeded"
                        ]
                      },
                      "metadata": {
                        "operationMetadataId": "359b8732-64c9-4ac6-a3f9-cfd4103fb382"
                      },
                      "type": "Compose",
                      "inputs": "@json(body('Find_This_user')[0]?['Data'])?['Title']"
                    },
                    "Manager's_Manager": {
                      "runAfter": {
                        "User's_Manager": [
                          "Succeeded"
                        ]
                      },
                      "metadata": {
                        "operationMetadataId": "40dfba55-2b30-4b8b-b36b-16094a00565c"
                      },
                      "type": "Query",
                      "inputs": {
                        "from": "@outputs('Users')",
                        "where": "@equals(item()?['User'],outputs('User''s_Manager'))"
                      }
                    },
                    "Active": {
                      "actions": {
                        "Append_to_array_variable_3": {
                          "runAfter": {},
                          "metadata": {
                            "operationMetadataId": "0bc4b32b-a490-4475-ac95-837495d0ba66"
                          },
                          "type": "AppendToArrayVariable",
                          "inputs": {
                            "name": "ThisApprovers",
                            "value": "@body('Manager''s_Manager')['Email']"
                          }
                        }
                      },
                      "runAfter": {
                        "Manager's_Manager": [
                          "Succeeded"
                        ]
                      },
                      "else": {
                        "actions": {
                          "to_all_admins_1": {
                            "foreach": "@outputs('Admin_Users')",
                            "actions": {
                              "Set_AllAdmins_1": {
                                "runAfter": {
                                  "BuildNewApprovers_1": [
                                    "Succeeded"
                                  ]
                                },
                                "metadata": {
                                  "operationMetadataId": "2057b931-24e9-4f94-a424-de2a6566253a"
                                },
                                "type": "SetVariable",
                                "inputs": {
                                  "name": "ThisApprovers",
                                  "value": "@outputs('BuildNewApprovers_1')"
                                }
                              },
                              "BuildNewApprovers_1": {
                                "runAfter": {},
                                "metadata": {
                                  "operationMetadataId": "8f55d309-5af5-4bf5-a522-96c28fbb5e58"
                                },
                                "type": "Compose",
                                "inputs": "@union(variables('ThisApprovers'), createArray(item()?['Email']))"
                              }
                            },
                            "runAfter": {},
                            "metadata": {
                              "operationMetadataId": "a09b8e8b-1cf0-4fb6-8cae-106f396e97ba"
                            },
                            "type": "Foreach"
                          }
                        }
                      },
                      "expression": {
                        "and": [
                          {
                            "equals": [
                              "@outputs('Manager''s_Manager')",
                              "Active"
                            ]
                          }
                        ]
                      },
                      "metadata": {
                        "operationMetadataId": "1e0b449f-57e3-4f6f-a7d7-0e7f5c237394"
                      },
                      "type": "If"
                    }
                  },
                  "runAfter": {
                    "Manager": [
                      "Succeeded"
                    ]
                  },
                  "expression": {
                    "and": [
                      {
                        "equals": [
                          "@item()?['ManagerManager']",
                          true
                        ]
                      }
                    ]
                  },
                  "metadata": {
                    "operationMetadataId": "25328ee8-c674-4873-be87-c772663645ca"
                  },
                  "type": "If"
                },
                "Each_Item": {
                  "runAfter": {},
                  "metadata": {
                    "operationMetadataId": "fb953415-76f1-4c1a-a9c5-c511f757fd1d"
                  },
                  "type": "Compose",
                  "inputs": "@item()"
                }
              },
              "runAfter": {
                "ApprovalList": [
                  "Succeeded"
                ]
              },
              "metadata": {
                "operationMetadataId": "4cf35fd6-68c1-41e5-b235-ec6f2faa9496"
              },
              "type": "Foreach"
            },
            "ApprovalList": {
              "runAfter": {
                "ApprovalListAll": [
                  "Succeeded"
                ]
              },
              "metadata": {
                "operationMetadataId": "e9984eb6-cb96-41ae-959f-77cfb279fec1"
              },
              "type": "Compose",
              "inputs": "@skip(outputs('ApprovalListAll'), coalesce(outputs('nextLevels'), 0))"
            }
          },
          "runAfter": {
            "Initialize_ThisApprovars": [
              "Succeeded"
            ]
          },
          "else": {
            "actions": {
              "Parallel": {
                "actions": {
                  "ApprovalList_p": {
                    "runAfter": {},
                    "metadata": {
                      "operationMetadataId": "e9984eb6-cb96-41ae-959f-77cfb279fec1"
                    },
                    "type": "Compose",
                    "inputs": "@outputs('workflowData')?['ApprovalList']"
                  },
                  "Each_from_approvalList_p": {
                    "foreach": "@outputs('ApprovalList_p')",
                    "actions": {
                      "IsApprovers_p": {
                        "actions": {
                          "Approvers_1": {
                            "runAfter": {},
                            "metadata": {
                              "operationMetadataId": "20205341-477d-4020-bcd7-c225318622a3"
                            },
                            "type": "Compose",
                            "inputs": "@item()?['Approvers']"
                          },
                          "Each_Approvers_1": {
                            "foreach": "@outputs('Approvers_1')",
                            "actions": {
                              "find_user_from_user_list_1": {
                                "runAfter": {
                                  "approver_GUID_1": [
                                    "Succeeded"
                                  ]
                                },
                                "metadata": {
                                  "operationMetadataId": "f603eb23-39c2-495f-9966-76421ef2947c"
                                },
                                "type": "Query",
                                "inputs": {
                                  "from": "@json(triggerBody()['text_1'])",
                                  "where": "@equals(item()?['GID'],outputs('approver_GUID_1'))"
                                }
                              },
                              "approver_GUID_1": {
                                "runAfter": {},
                                "metadata": {
                                  "operationMetadataId": "772b69bc-3826-432e-b25b-1aed628eb242"
                                },
                                "type": "Compose",
                                "inputs": "@item()?['key']"
                              },
                              "user_found_1": {
                                "runAfter": {
                                  "find_user_from_user_list_1": [
                                    "Succeeded"
                                  ]
                                },
                                "metadata": {
                                  "operationMetadataId": "0b87d036-1be7-48a2-9653-51877a32e76b"
                                },
                                "type": "Compose",
                                "inputs": "@outputs('find_user_from_user_list_1')"
                              },
                              "check_active_1": {
                                "runAfter": {
                                  "user_found_1": [
                                    "Succeeded"
                                  ]
                                },
                                "metadata": {
                                  "operationMetadataId": "4fc43b34-503a-469a-a15f-e4b83b8e1032"
                                },
                                "type": "Compose",
                                "inputs": "@body('user_found_1')[0]?['Status']"
                              },
                              "Active_user_1": {
                                "actions": {
                                  "Append_to_array_variable_1": {
                                    "runAfter": {},
                                    "metadata": {
                                      "operationMetadataId": "3c8ecc63-cd21-4f30-bf71-08bdbfceab71"
                                    },
                                    "type": "AppendToArrayVariable",
                                    "inputs": {
                                      "name": "ThisApprovers",
                                      "value": "@body('user_found_1')?[0]?['User']?['Email']\r\n"
                                    }
                                  }
                                },
                                "runAfter": {
                                  "check_active_1": [
                                    "Succeeded"
                                  ]
                                },
                                "else": {
                                  "actions": {
                                    "to_all_admins_2": {
                                      "foreach": "@outputs('Admin_Users')",
                                      "actions": {
                                        "Append_to_array_values_1": {
                                          "runAfter": {},
                                          "metadata": {
                                            "operationMetadataId": "7244950c-304d-4dab-a722-1b23b7525dff"
                                          },
                                          "type": "AppendToArrayVariable",
                                          "inputs": {
                                            "name": "ThisApprovers",
                                            "value": "@item()?['Email']"
                                          }
                                        }
                                      },
                                      "runAfter": {},
                                      "metadata": {
                                        "operationMetadataId": "f67b9744-584a-419e-b709-edee1d8e4368"
                                      },
                                      "type": "Foreach"
                                    }
                                  }
                                },
                                "expression": {
                                  "and": [
                                    {
                                      "equals": [
                                        "@body('user_found_1')[0]?['Status']",
                                        "Active"
                                      ]
                                    }
                                  ]
                                },
                                "metadata": {
                                  "operationMetadataId": "666b6b70-1f3d-4bb6-ad59-0e380b1f94b8"
                                },
                                "type": "If"
                              }
                            },
                            "runAfter": {
                              "Approvers_1": [
                                "Succeeded"
                              ]
                            },
                            "metadata": {
                              "operationMetadataId": "fdb25686-678d-4a31-896b-14ae801a1b0d"
                            },
                            "type": "Foreach"
                          }
                        },
                        "runAfter": {
                          "Each_Item_1": [
                            "Succeeded"
                          ]
                        },
                        "expression": {
                          "and": [
                            {
                              "equals": [
                                "@item()?['IsApprovers']",
                                true
                              ]
                            }
                          ]
                        },
                        "metadata": {
                          "operationMetadataId": "bcbc2a02-6411-4f6f-bb03-195567fff143"
                        },
                        "type": "If"
                      },
                      "isRole_p": {
                        "actions": {
                          "SelectRole_1": {
                            "runAfter": {},
                            "metadata": {
                              "operationMetadataId": "9735acd8-6884-4f18-b86a-ab6ef757d2e8"
                            },
                            "type": "Compose",
                            "inputs": "@item()?['SelectRole']"
                          },
                          "for_each_role_1": {
                            "foreach": "@outputs('SelectRole_1')",
                            "actions": {
                              "The_role_1": {
                                "runAfter": {},
                                "metadata": {
                                  "operationMetadataId": "6cbfea3e-41c5-43ff-a2d2-16b7e159c793"
                                },
                                "type": "Compose",
                                "inputs": "@item()?['key']"
                              },
                              "ProjectManager_1": {
                                "actions": {},
                                "runAfter": {
                                  "The_role_1": [
                                    "Succeeded"
                                  ]
                                },
                                "else": {
                                  "actions": {
                                    "ProjectObserver_1": {
                                      "actions": {},
                                      "runAfter": {},
                                      "else": {
                                        "actions": {
                                          "ProgramManager_1": {
                                            "actions": {},
                                            "runAfter": {},
                                            "expression": {
                                              "and": [
                                                {
                                                  "equals": [
                                                    "@item()?['key']",
                                                    "ProgramManager"
                                                  ]
                                                }
                                              ]
                                            },
                                            "metadata": {
                                              "operationMetadataId": "95174f96-e10c-40a0-8fb7-97c348a9c65f"
                                            },
                                            "type": "If"
                                          }
                                        }
                                      },
                                      "expression": {
                                        "and": [
                                          {
                                            "equals": [
                                              "@item()?['key']",
                                              "ProjectObserver"
                                            ]
                                          }
                                        ]
                                      },
                                      "metadata": {
                                        "operationMetadataId": "30897e58-1c17-44d7-b6b5-8525f002e565"
                                      },
                                      "type": "If"
                                    }
                                  }
                                },
                                "expression": {
                                  "and": [
                                    {
                                      "equals": [
                                        "@item()?['key']",
                                        "projectManager"
                                      ]
                                    }
                                  ]
                                },
                                "metadata": {
                                  "operationMetadataId": "ebbae3f1-6f80-4bc0-8f0f-8ef78f621e07"
                                },
                                "type": "If"
                              }
                            },
                            "runAfter": {
                              "SelectRole_1": [
                                "Succeeded"
                              ]
                            },
                            "metadata": {
                              "operationMetadataId": "6950b70f-8ba8-4109-a59e-801641c4709a"
                            },
                            "type": "Foreach"
                          }
                        },
                        "runAfter": {
                          "IsApprovers_p": [
                            "Succeeded"
                          ]
                        },
                        "expression": {
                          "and": [
                            {
                              "equals": [
                                "@item()?['IsRole']",
                                true
                              ]
                            }
                          ]
                        },
                        "metadata": {
                          "operationMetadataId": "336a06ed-a1f4-42c4-aac1-23d25a78e12b"
                        },
                        "type": "If"
                      },
                      "Manager_p": {
                        "actions": {
                          "Project_managers_1": {
                            "runAfter": {},
                            "metadata": {
                              "operationMetadataId": "3f6af152-c45f-4f9a-8ff2-064440f9ced7"
                            },
                            "type": "Compose",
                            "inputs": "@triggerBody()?['text_3']"
                          },
                          "Project_M_Data_1": {
                            "runAfter": {
                              "Project_managers_1": [
                                "Succeeded"
                              ]
                            },
                            "metadata": {
                              "operationMetadataId": "b9015a4c-95b3-420f-8282-19060019b738"
                            },
                            "type": "Query",
                            "inputs": {
                              "from": "@outputs('Users')",
                              "where": "@contains(outputs('Project_managers_1'),item()?['GID'])"
                            }
                          },
                          "print_PM_data_1": {
                            "runAfter": {
                              "Project_M_Data_1": [
                                "Succeeded"
                              ]
                            },
                            "metadata": {
                              "operationMetadataId": "a0f6f555-d8aa-4128-ab36-12f42cca4e62"
                            },
                            "type": "Compose",
                            "inputs": "@outputs('Project_M_Data_1')"
                          },
                          "for_Each_active_Pm,_add_in_the_email_array_1": {
                            "foreach": "@body('Project_M_Data_1')",
                            "actions": {
                              "active_ones_1": {
                                "actions": {
                                  "Append_to_array_variable_4": {
                                    "runAfter": {
                                      "Error_1": [
                                        "Succeeded"
                                      ]
                                    },
                                    "metadata": {
                                      "operationMetadataId": "d17bf2ee-9c70-413d-bc56-03fececa02d7"
                                    },
                                    "type": "AppendToArrayVariable",
                                    "inputs": {
                                      "name": "ThisApprovers",
                                      "value": "@item()?['User']?['Email']"
                                    }
                                  },
                                  "Error_1": {
                                    "runAfter": {},
                                    "metadata": {
                                      "operationMetadataId": "2faafb4e-23e0-417a-bf20-6f52a2de01f1"
                                    },
                                    "type": "Compose",
                                    "inputs": "@item()?['User']?['Email']"
                                  }
                                },
                                "runAfter": {},
                                "expression": {
                                  "and": [
                                    {
                                      "equals": [
                                        "@item()?['status']",
                                        "Active"
                                      ]
                                    }
                                  ]
                                },
                                "metadata": {
                                  "operationMetadataId": "6b9444d6-e5a7-4aa9-b056-6a0ce3f107ed"
                                },
                                "type": "If"
                              }
                            },
                            "runAfter": {
                              "print_PM_data_1": [
                                "Succeeded"
                              ]
                            },
                            "metadata": {
                              "operationMetadataId": "ebe0caa3-6753-4eda-91e4-0ae805c4e7a9"
                            },
                            "type": "Foreach"
                          }
                        },
                        "runAfter": {
                          "isRole_p": [
                            "Succeeded"
                          ]
                        },
                        "expression": {
                          "and": [
                            {
                              "equals": [
                                "@item()?['Manager']",
                                true
                              ]
                            }
                          ]
                        },
                        "metadata": {
                          "operationMetadataId": "6b7fe691-c2a2-47b8-b778-9cb0ed501d8e"
                        },
                        "type": "If"
                      },
                      "ManagerManager_p": {
                        "actions": {
                          "user_submitted_from_the_input_1": {
                            "runAfter": {},
                            "metadata": {
                              "operationMetadataId": "89d1e843-8ae4-4c18-8f05-9912846e9fc3"
                            },
                            "type": "Compose",
                            "inputs": "@triggerBody()?['text_5']"
                          },
                          "Find_This_user_1": {
                            "runAfter": {
                              "user_submitted_from_the_input_1": [
                                "Succeeded"
                              ]
                            },
                            "metadata": {
                              "operationMetadataId": "4510eee2-0710-4ad8-8edc-b23be54952ee"
                            },
                            "type": "Query",
                            "inputs": {
                              "from": "@json(triggerBody()['text_1'])",
                              "where": "@equals(item()?['GID'],triggerBody()?['text_5'])"
                            }
                          },
                          "User's_Manager_1": {
                            "runAfter": {
                              "Find_This_user_1": [
                                "Succeeded"
                              ]
                            },
                            "metadata": {
                              "operationMetadataId": "b4b56d07-f5ef-4fbe-a9ba-c4ca1db02234"
                            },
                            "type": "Compose",
                            "inputs": "@json(body('Find_This_user_1')[0]?['Data'])?['Title']"
                          },
                          "Manager's_Manager_1": {
                            "runAfter": {
                              "User's_Manager_1": [
                                "Succeeded"
                              ]
                            },
                            "metadata": {
                              "operationMetadataId": "fa084f3a-7c83-4a9c-b643-1b17f5cea732"
                            },
                            "type": "Query",
                            "inputs": {
                              "from": "@outputs('Users')",
                              "where": "@equals(item()?['User'],outputs('User''s_Manager_1'))"
                            }
                          },
                          "Active_1": {
                            "actions": {
                              "Append_to_array_variable_5": {
                                "runAfter": {},
                                "metadata": {
                                  "operationMetadataId": "b5de4054-2b4d-4ab4-ac02-79f88274d69b"
                                },
                                "type": "AppendToArrayVariable",
                                "inputs": {
                                  "name": "ThisApprovers",
                                  "value": "@body('Manager''s_Manager_1')['Email']"
                                }
                              }
                            },
                            "runAfter": {
                              "Manager's_Manager_1": [
                                "Succeeded"
                              ]
                            },
                            "else": {
                              "actions": {
                                "to_all_admins_3": {
                                  "foreach": "@outputs('Admin_Users')",
                                  "actions": {
                                    "Set_AllAdmins_2": {
                                      "runAfter": {
                                        "BuildNewApprovers_2": [
                                          "Succeeded"
                                        ]
                                      },
                                      "metadata": {
                                        "operationMetadataId": "d6fc8f6d-3b3c-40a6-bceb-70bdd3db5dd5"
                                      },
                                      "type": "SetVariable",
                                      "inputs": {
                                        "name": "ThisApprovers",
                                        "value": "@outputs('BuildNewApprovers_2')"
                                      }
                                    },
                                    "BuildNewApprovers_2": {
                                      "runAfter": {},
                                      "metadata": {
                                        "operationMetadataId": "d6dc27f4-ade4-486c-bdc1-2bd8dce1c244"
                                      },
                                      "type": "Compose",
                                      "inputs": "@union(variables('ThisApprovers'), createArray(item()?['Email']))"
                                    }
                                  },
                                  "runAfter": {},
                                  "metadata": {
                                    "operationMetadataId": "e8cf7df6-1956-4fff-89d9-8ef53eb2643c"
                                  },
                                  "type": "Foreach"
                                }
                              }
                            },
                            "expression": {
                              "and": [
                                {
                                  "equals": [
                                    "@outputs('Manager''s_Manager_1')",
                                    "Active"
                                  ]
                                }
                              ]
                            },
                            "metadata": {
                              "operationMetadataId": "1220c845-344b-4b16-86e0-589c662065c9"
                            },
                            "type": "If"
                          }
                        },
                        "runAfter": {
                          "Manager_p": [
                            "Succeeded"
                          ]
                        },
                        "expression": {
                          "and": [
                            {
                              "equals": [
                                "@item()?['ManagerManager']",
                                true
                              ]
                            }
                          ]
                        },
                        "metadata": {
                          "operationMetadataId": "25328ee8-c674-4873-be87-c772663645ca"
                        },
                        "type": "If"
                      },
                      "Each_Item_1": {
                        "runAfter": {},
                        "metadata": {
                          "operationMetadataId": "8bb29dcd-393f-46e2-8f30-22c72d5b3e37"
                        },
                        "type": "Compose",
                        "inputs": "@item()"
                      }
                    },
                    "runAfter": {
                      "ApprovalList_p": [
                        "Succeeded"
                      ]
                    },
                    "metadata": {
                      "operationMetadataId": "4cf35fd6-68c1-41e5-b235-ec6f2faa9496"
                    },
                    "type": "Foreach"
                  }
                },
                "runAfter": {},
                "expression": {
                  "and": [
                    {
                      "equals": [
                        "@outputs('workflowData')?['Type']",
                        "Parallel"
                      ]
                    }
                  ]
                },
                "metadata": {
                  "operationMetadataId": "9c8ecfd3-4eda-48bc-ad8e-295add0b98f5"
                },
                "type": "If"
              }
            }
          },
          "expression": {
            "and": [
              {
                "equals": [
                  "@outputs('workflowData')?['Type']",
                  "Sequential"
                ]
              }
            ]
          },
          "metadata": {
            "operationMetadataId": "c7740a61-98f1-411b-9fd7-0bc15a5c9315"
          },
          "type": "If"
        },
        "Initialize_ThisApprovars": {
          "runAfter": {
            "nextLevels": [
              "Succeeded"
            ]
          },
          "metadata": {
            "operationMetadataId": "adf583cf-b4f8-474f-9079-6b6663ee2538"
          },
          "type": "InitializeVariable",
          "inputs": {
            "variables": [
              {
                "name": "ThisApprovers",
                "type": "array",
                "value": []
              }
            ]
          }
        },
        "nextLevels": {
          "runAfter": {
            "Admin_Users": [
              "Succeeded"
            ]
          },
          "metadata": {
            "operationMetadataId": "1233112e-dcd7-457d-a463-23639c0077c4"
          },
          "type": "Compose",
          "inputs": "@triggerBody()?['text_6']"
        },
        "thisApproversValues": {
          "runAfter": {
            "Sequential": [
              "Succeeded"
            ]
          },
          "metadata": {
            "operationMetadataId": "8dc51131-5271-4ee5-af9c-5ec9578dd175"
          },
          "type": "Compose",
          "inputs": "@variables('ThisApprovers')"
        }
      }
    },
    "templateName": ""
  },
  "schemaVersion": "1.0.0.0"
}