{
  "properties": {
    "connectionReferences": {
      "shared_office365-1": {
        "runtimeSource": "embedded",
        "connection": {
          "connectionReferenceLogicalName": "hr365_sharedoffice365_088b3"
        },
        "api": {
          "name": "shared_office365"
        }
      },
      "shared_sharepointonline": {
        "runtimeSource": "embedded",
        "connection": {
          "connectionReferenceLogicalName": "hr365_sharedsharepointonline_64d58"
        },
        "api": {
          "name": "shared_sharepointonline"
        }
      }
    },
    "definition": {
      "$schema": "https://schema.management.azure.com/providers/Microsoft.Logic/schemas/2016-06-01/workflowdefinition.json#",
      "contentVersion": "1.0.0.0",
      "parameters": {
        "$connections": {
          "defaultValue": {},
          "type": "Object"
        },
        "$authentication": {
          "defaultValue": {},
          "type": "SecureObject"
        },
        "SiteAddress(TMM) (hr365_SiteAddressTMM)": {
          "defaultValue": "https://xzm41.sharepoint.com/sites/HRMSFIXB",
          "type": "String",
          "metadata": {
            "schemaName": "hr365_SiteAddressTMM"
          }
        }
      },
      "triggers": {
        "When_an_item_is_created": {
          "recurrence": {
            "interval": 1,
            "frequency": "Minute"
          },
          "splitOn": "@triggerOutputs()?['body/value']",
          "metadata": {
            "operationMetadataId": "2563b0ce-5484-422d-88dd-3b7a49954cfb"
          },
          "type": "OpenApiConnection",
          "inputs": {
            "host": {
              "connectionName": "shared_sharepointonline",
              "operationId": "GetOnNewItems",
              "apiId": "/providers/Microsoft.PowerApps/apis/shared_sharepointonline"
            },
            "parameters": {
              "dataset": "@parameters('SiteAddress(TMM) (hr365_SiteAddressTMM)')",
              "table": "HR365TSExternalEmail"
            },
            "authentication": "@parameters('$authentication')"
          }
        }
      },
      "actions": {
        "Send_an_email_from_a_shared_mailbox_(V2)": {
          "runAfter": {},
          "metadata": {
            "operationMetadataId": "91582555-ab98-49c9-8e98-58567b654edb"
          },
          "type": "OpenApiConnection",
          "inputs": {
            "host": {
              "connectionName": "shared_office365-1",
              "operationId": "SharedMailboxSendEmailV2",
              "apiId": "/providers/Microsoft.PowerApps/apis/shared_office365"
            },
            "parameters": {
              "emailMessage/MailboxAddress": "adminsupport@megazap.us",
              "emailMessage/To": "@triggerOutputs()?['body/ToAdd']",
              "emailMessage/Subject": "@triggerOutputs()?['body/Subject']",
              "emailMessage/Body": "<p>@{triggerOutputs()?['body/Tempelate']}</p>",
              "emailMessage/Cc": "@triggerOutputs()?['body/CCUsers']",
              "emailMessage/Importance": "Normal"
            },
            "authentication": "@parameters('$authentication')"
          }
        },
        "Delete_item": {
          "runAfter": {
            "Send_an_email_from_a_shared_mailbox_(V2)": [
              "Succeeded"
            ]
          },
          "metadata": {
            "operationMetadataId": "308fc7f0-1e26-4367-8cb6-648fcc63dd64"
          },
          "type": "OpenApiConnection",
          "inputs": {
            "host": {
              "connectionName": "shared_sharepointonline",
              "operationId": "DeleteItem",
              "apiId": "/providers/Microsoft.PowerApps/apis/shared_sharepointonline"
            },
            "parameters": {
              "dataset": "@parameters('SiteAddress(TMM) (hr365_SiteAddressTMM)')",
              "table": "HR365TSExternalEmail",
              "id": "@triggerOutputs()?['body/ID']"
            },
            "authentication": "@parameters('$authentication')"
          }
        }
      }
    },
    "templateName": ""
  },
  "schemaVersion": "1.0.0.0"
}