<environmentvariabledefinition schemaname="hrms365_TenantIdHRMS365">
  <defaultvalue>59b3286b-cc46-472b-8c6b-26deb925a399</defaultvalue>
  <description default="HRMS New Variable for TenantId(hr365_TenantId)">
    <label description="HRMS New Variable for TenantId(hr365_TenantId)" languagecode="1033" />
  </description>
  <displayname default="TenantId (HRMS365)">
    <label description="TenantId (HRMS365)" languagecode="1033" />
  </displayname>
  <introducedversion>25.0825.1347.8</introducedversion>
  <iscustomizable>1</iscustomizable>
  <isrequired>0</isrequired>
  <secretstore>0</secretstore>
  <type>100000000</type>
</environmentvariabledefinition>