<environmentvariabledefinition schemaname="hrms365_EO365AppCatalogueHRMS365">
  <defaultvalue>EO365GuestUsers</defaultvalue>
  <description default="HRMS New Variable for EO365AppCatalogue(hr365_EO365AppCatalogue)">
    <label description="HRMS New Variable for EO365AppCatalogue(hr365_EO365AppCatalogue)" languagecode="1033" />
  </description>
  <displayname default="EO365AppCatalogue (HRMS365)">
    <label description="EO365AppCatalogue (HRMS365)" languagecode="1033" />
  </displayname>
  <introducedversion>25.0825.1347.8</introducedversion>
  <iscustomizable>1</iscustomizable>
  <isrequired>0</isrequired>
  <secretstore>0</secretstore>
  <type>100000000</type>
</environmentvariabledefinition>