<environmentvariabledefinition schemaname="hr365_MSFormIdGuestUserOBM">
  <defaultvalue>K0aEMIUYjEi_jEvVW_MSTAMAGvPO9g5Oic2q9heY1ylUOThGSlgzQVo3M1g5MTg0RUo2M0czTFFQOS4u</defaultvalue>
  <displayname default="MSFormIdGuestUser(OBM)">
    <label description="MSFormIdGuestUser(OBM)" languagecode="1033" />
  </displayname>
  <introducedversion>13.23.0124.1512</introducedversion>
  <iscustomizable>1</iscustomizable>
  <isrequired>0</isrequired>
  <secretstore>0</secretstore>
  <type>100000000</type>
</environmentvariabledefinition>