<environmentvariabledefinition schemaname="hrms365_CompanyHRMS365">
  <defaultvalue>Cubiclogics</defaultvalue>
  <description default="HRMS New Variable for Company(PM365)(hr365_CompanyPM365)">
    <label description="HRMS New Variable for Company(PM365)(hr365_CompanyPM365)" languagecode="1033" />
  </description>
  <displayname default="Company (HRMS365)">
    <label description="Company (HRMS365)" languagecode="1033" />
  </displayname>
  <introducedversion>25.0825.1347.8</introducedversion>
  <iscustomizable>1</iscustomizable>
  <isrequired>0</isrequired>
  <secretstore>0</secretstore>
  <type>100000000</type>
</environmentvariabledefinition>