<environmentvariabledefinition schemaname="hrms365_SharedMailBoxEmailHRMS365">
  <defaultvalue>supporthrms@zw4fg.onmicrosoft.com</defaultvalue>
  <description default="HRMS New Variable for SharedMailBoxEmail(hr365_SharedMailBoxEmail)">
    <label description="HRMS New Variable for SharedMailBoxEmail(hr365_SharedMailBoxEmail)" languagecode="1033" />
  </description>
  <displayname default="SharedMailBoxEmail (HRMS365)">
    <label description="SharedMailBoxEmail (HRMS365)" languagecode="1033" />
  </displayname>
  <introducedversion>25.0825.1347.8</introducedversion>
  <iscustomizable>1</iscustomizable>
  <isrequired>0</isrequired>
  <secretstore>0</secretstore>
  <type>100000000</type>
</environmentvariabledefinition>