<ImportExportXml version="9.2.24041.216" SolutionPackageVersion="9.2" languagecode="1033" generatedBy="CrmLive" xmlns:xsi="http://www.w3.org/2001/XMLSchema-instance">
  <SolutionManifest>
    <UniqueName>EPM</UniqueName>
    <LocalizedNames>
      <LocalizedName description="HR365 Performance Management" languagecode="1033" />
    </LocalizedNames>
    <Descriptions />
    <Version>24.0329.1307</Version>
    <Managed>0</Managed>
    <Publisher>
      <UniqueName>EPM</UniqueName>
      <LocalizedNames>
        <LocalizedName description="HR365EPM" languagecode="1033" />
      </LocalizedNames>
      <Descriptions />
      <EMailAddress xsi:nil="true"></EMailAddress>
      <SupportingWebsiteUrl xsi:nil="true"></SupportingWebsiteUrl>
      <CustomizationPrefix>hr365</CustomizationPrefix>
      <CustomizationOptionValuePrefix>57112</CustomizationOptionValuePrefix>
      <Addresses>
        <Address>
          <AddressNumber>1</AddressNumber>
          <AddressTypeCode>1</AddressTypeCode>
          <City xsi:nil="true"></City>
          <County xsi:nil="true"></County>
          <Country xsi:nil="true"></Country>
          <Fax xsi:nil="true"></Fax>
          <FreightTermsCode xsi:nil="true"></FreightTermsCode>
          <ImportSequenceNumber xsi:nil="true"></ImportSequenceNumber>
          <Latitude xsi:nil="true"></Latitude>
          <Line1 xsi:nil="true"></Line1>
          <Line2 xsi:nil="true"></Line2>
          <Line3 xsi:nil="true"></Line3>
          <Longitude xsi:nil="true"></Longitude>
          <Name xsi:nil="true"></Name>
          <PostalCode xsi:nil="true"></PostalCode>
          <PostOfficeBox xsi:nil="true"></PostOfficeBox>
          <PrimaryContactName xsi:nil="true"></PrimaryContactName>
          <ShippingMethodCode>1</ShippingMethodCode>
          <StateOrProvince xsi:nil="true"></StateOrProvince>
          <Telephone1 xsi:nil="true"></Telephone1>
          <Telephone2 xsi:nil="true"></Telephone2>
          <Telephone3 xsi:nil="true"></Telephone3>
          <TimeZoneRuleVersionNumber xsi:nil="true"></TimeZoneRuleVersionNumber>
          <UPSZone xsi:nil="true"></UPSZone>
          <UTCOffset xsi:nil="true"></UTCOffset>
          <UTCConversionTimeZoneCode xsi:nil="true"></UTCConversionTimeZoneCode>
        </Address>
        <Address>
          <AddressNumber>2</AddressNumber>
          <AddressTypeCode>1</AddressTypeCode>
          <City xsi:nil="true"></City>
          <County xsi:nil="true"></County>
          <Country xsi:nil="true"></Country>
          <Fax xsi:nil="true"></Fax>
          <FreightTermsCode xsi:nil="true"></FreightTermsCode>
          <ImportSequenceNumber xsi:nil="true"></ImportSequenceNumber>
          <Latitude xsi:nil="true"></Latitude>
          <Line1 xsi:nil="true"></Line1>
          <Line2 xsi:nil="true"></Line2>
          <Line3 xsi:nil="true"></Line3>
          <Longitude xsi:nil="true"></Longitude>
          <Name xsi:nil="true"></Name>
          <PostalCode xsi:nil="true"></PostalCode>
          <PostOfficeBox xsi:nil="true"></PostOfficeBox>
          <PrimaryContactName xsi:nil="true"></PrimaryContactName>
          <ShippingMethodCode>1</ShippingMethodCode>
          <StateOrProvince xsi:nil="true"></StateOrProvince>
          <Telephone1 xsi:nil="true"></Telephone1>
          <Telephone2 xsi:nil="true"></Telephone2>
          <Telephone3 xsi:nil="true"></Telephone3>
          <TimeZoneRuleVersionNumber xsi:nil="true"></TimeZoneRuleVersionNumber>
          <UPSZone xsi:nil="true"></UPSZone>
          <UTCOffset xsi:nil="true"></UTCOffset>
          <UTCConversionTimeZoneCode xsi:nil="true"></UTCConversionTimeZoneCode>
        </Address>
      </Addresses>
    </Publisher>
    <RootComponents>
      <RootComponent type="29" id="{03293808-f8d9-ee11-904d-000d3a4eb3ce}" behavior="0" />
      <RootComponent type="29" id="{0b313d98-949d-ee11-a569-002248d5d764}" behavior="0" />
      <RootComponent type="29" id="{2c89d400-754d-ee11-be6f-002248d5d764}" behavior="0" />
      <RootComponent type="29" id="{30788eb0-f0bf-ed11-83ff-002248d5d764}" behavior="0" />
      <RootComponent type="29" id="{58384b60-c28d-ee11-8178-000d3a4eb3ce}" behavior="0" />
      <RootComponent type="29" id="{83da42dc-79be-ed11-83ff-002248d5d764}" behavior="0" />
      <RootComponent type="29" id="{87031f1d-e4d9-ee11-904d-000d3a4eb3ce}" behavior="0" />
      <RootComponent type="29" id="{c52a62c6-5a49-ed11-bba2-000d3af06818}" behavior="0" />
      <RootComponent type="29" id="{c781bd4c-f5ad-ed11-83fe-002248d5d764}" behavior="0" />
      <RootComponent type="29" id="{d44da503-c99c-ed11-aad1-002248d5d764}" behavior="0" />
      <RootComponent type="29" id="{f8230776-cba2-ed11-aad1-002248d5d764}" behavior="0" />
      <RootComponent type="29" id="{fcde1bf6-9970-ed11-81ac-002248d5d764}" behavior="0" />
    </RootComponents>
    <MissingDependencies />
  </SolutionManifest>
</ImportExportXml>