<environmentvariabledefinition schemaname="hrms365_PageIdHRMS365">
  <defaultvalue>3</defaultvalue>
  <description default="HRMS New Variable for PageId(hr365wp_PageId)">
    <label description="HRMS New Variable for PageId(hr365wp_PageId)" languagecode="1033" />
  </description>
  <displayname default="PageId (HRMS365)">
    <label description="PageId (HRMS365)" languagecode="1033" />
  </displayname>
  <introducedversion>25.0825.1347.8</introducedversion>
  <iscustomizable>1</iscustomizable>
  <isrequired>0</isrequired>
  <secretstore>0</secretstore>
  <type>100000000</type>
</environmentvariabledefinition>