<environmentvariabledefinition schemaname="hrms365_ApplicationURL">
  <defaultvalue>https://xzm41.sharepoint.com/sites/HCM_Testing/SitePages/HRMS.aspx</defaultvalue>
  <displayname default="ApplicationURL">
    <label description="ApplicationURL" languagecode="1033" />
  </displayname>
  <introducedversion>25.0718.1415.4</introducedversion>
  <iscustomizable>1</iscustomizable>
  <isrequired>0</isrequired>
  <secretstore>0</secretstore>
  <type>100000000</type>
</environmentvariabledefinition>